,name,address,maps_phone,url,rating,reviews_count,language,comment,business_status,types,zip_code,phone_1,phone_2,e-mail_1,e-mail_2,message
0,🥇 Agencia inmobiliaria Mallorca ,"Carrer del Ter, 12, 2º Piso, 3º Puerta, Levante, 07009 Palma, Illes Balears, España",637792762,http://www.rhrealestatemallorca.com/,4.9,55.0,es,Google reviews: 4.9* / 55,OPERATIONAL,"('real_estate_agency', 'point_of_interest', 'establishment')",7009.0,637792762,,,,success
1,Inmobiliaria Inmogestión Balear,"57, Carretera de Valldemossa, Nord, 07010 Palma, Illes Balears, España",971666527,https://www.inmogestionbalear.com/,4.8,318.0,es,Google reviews: 4.8* / 318,OPERATIONAL,"('real_estate_agency', 'point_of_interest', 'establishment')",7010.0,971666527,689010406,,,success
2,Amelia Inmobiliaria,"Career Nuredduna, 10, 3° D, Llevant, 07006 Palma, Illes Balears, España",871591864,https://ameliainmobiliaria.com/,4.9,123.0,es,Google reviews: 4.9* / 123,OPERATIONAL,"('real_estate_agency', 'point_of_interest', 'establishment')",7006.0,602255172,871591864,,,success
3,Mamá Inmobiliaria,"Carrer de Bartomeu Sureda i Miserol, 7, Local 9, Poniente, 07013 Sa Vileta-Son Rapinya, Illes Balears, España",871857564,http://www.mamainmobiliaria.com/,4.9,160.0,es,Google reviews: 4.9* / 160,OPERATIONAL,"('real_estate_agency', 'point_of_interest', 'establishment')",7013.0,871857564,,,,success
4,Atrio inmobiliaria Mallorca,"Plaça de Sant Antoni, 11, Centre, 07002 Palma, Illes Balears, España",618922047,http://www.atrioinmobiliaria.com/,5.0,36.0,es,Google reviews: 5* / 36,OPERATIONAL,"('real_estate_agency', 'consultant', 'point_of_interest', 'establishment')",7002.0,947232309,971724681,maria@atrioinmobiliaria.com,maria@atrioinmobiliaria.com,success
5,Palmacasa Inmobiliaria,"Carrer d'En Vilanova, 4, Centre, 07002 Palma, Illes Balears, España",971714788,http://www.palmacasa.es/,4.9,343.0,es,Google reviews: 4.9* / 343,OPERATIONAL,"('real_estate_agency', 'point_of_interest', 'establishment')",7002.0,971714788,,,,success
6,Talaiot Asesores Inmobiliarios,"Passatge Particular de Santa Catalina de Sena, nº 1, Centre, 07002 Palma, Illes Balears, España",971754878,http://inmobiliariatalaiot.es/,4.9,492.0,es,Google reviews: 4.9* / 492,OPERATIONAL,"('real_estate_agency', 'point_of_interest', 'establishment')",7002.0,,,,,error:no contact info found
7,Sky Solutions Group Mallorca,"Pg. del Born, 15, 2 B-C, Distrito Centro, 07012 Palma, Illes Balears, España",971150322,https://skysolutionsgroup.es/mallorca/,4.7,47.0,es,Google reviews: 4.7* / 47,OPERATIONAL,"('real_estate_agency', 'finance', 'lawyer', 'consultant', 'point_of_interest', 'establishment')",7012.0,684467905,,,,success
8,Inmobiliaria RED Premium Real Estate  ( 07012 ),"Carrer de la Protectora, 10, LOCAL 11, Distrito Centro, 07012 Palma, Illes Balears, España",971888018,http://www.redpremium.es/,4.4,200.0,es,Google reviews: 4.4* / 200,OPERATIONAL,"('real_estate_agency', 'point_of_interest', 'establishment')",7012.0,9710880018,,,,success
9,Smârthöme Mallorca ,"Carrer de Can Puigdorfila, 14, Centre, 07001 Palma, Illes Balears, España",971092897,http://www.smarthomemallorca.com/,5.0,19.0,es,Google reviews: 5* / 19,OPERATIONAL,"('real_estate_agency', 'point_of_interest', 'establishment')",7001.0,971092897,,,,success
10,Inmobiliaria en Palma de Mallorca ,"Calle Isla de Malta, 13, Platja de Palma, 07007 Palma, Illes Balears, España",657472783,http://www.regainternational.com/,5.0,42.0,es,Google reviews: 5* / 42,OPERATIONAL,"('real_estate_agency', 'consultant', 'point_of_interest', 'establishment')",7007.0,,,,,error:no contact info found
11,RE/MAX Immocorner ,"Pg. de Mallorca, 14, Centre, 07012 Palma, Illes Balears, España",971122991,http://www.immo-corner.com/,5.0,31.0,es,Google reviews: 5* / 31,OPERATIONAL,"('real_estate_agency', 'apartment_building', 'finance', 'point_of_interest', 'establishment')",7012.0,971122991,,,,success
12,InMallorca Inmobiliaria ( 07002 ),"Carrer de Josep Anselm Clavé, 2, Centre, 07002 Palma, Illes Balears, España",682800907,https://www.inmallorcainmobiliaria.com/,5.0,9.0,es,Google reviews: 5* / 9,OPERATIONAL,"('real_estate_agency', 'point_of_interest', 'establishment')",7002.0,682800907,,,,success
13,InmoBienvenue,"Plaça de Santa Eulàlia, 7, Planta 2 Despacho nº 3, Centre, 07001 Palma, Illes Balears, España",666003665,https://www.inmo-bienvenue.com/,4.5,15.0,es,Google reviews: 4.5* / 15,OPERATIONAL,"('real_estate_agency', 'finance', 'consultant', 'point_of_interest', 'establishment')",7001.0,,,,,error:no contact info found
14,Inmobiliaria Inmovisa en Palma,"Carrer del Baró de Pinopar, 14, bajos, Centre, 07012 Palma, Illes Balears, España",971725969,https://inmovisa.com/,4.7,119.0,en,Google reviews: 4.7* / 119,OPERATIONAL,"('real_estate_agency', 'finance', 'consultant', 'point_of_interest', 'establishment')",7012.0,971725969,605673090,,,success
15,Inmobiliaria en Palma · Balear Living Real Estate,"Gran Via Asima, 2, Nord, 07009 Palma, Illes Balears, España",971128459,https://realestatebalear.com/,5.0,63.0,es,Google reviews: 5* / 63,OPERATIONAL,"('real_estate_agency', 'consultant', 'point_of_interest', 'establishment')",7009.0,971128459,,,,success
16,Estate Agency Balearic Properties ,"Carrer d'Alcúdia, 3, 07460 Pollença, Illes Balears, España",971532984,http://www.balearic-properties.com/,4.3,59.0,es,Google reviews: 4.3* / 59,OPERATIONAL,"('real_estate_agency', 'point_of_interest', 'establishment')",7460.0,971532984,638475726,,,success
17,BAUZÁ INMOBILIARIA,"Carrer de la Palma, 5B, Centre, 07003 Palma, Illes Balears, España",627047217,https://bauzainmobiliaria.com/,5.0,109.0,es,Google reviews: 5* / 109,OPERATIONAL,"('real_estate_agency', 'point_of_interest', 'establishment')",7003.0,627047217,,,,success
18,Mallorca Select,"Carrer dels Paraires, 26, I, Centre, 07002 Palma, Illes Balears, España",634303779,http://mallorca-select.com/,5.0,43.0,en,Google reviews: 5* / 43,OPERATIONAL,"('real_estate_agency', 'point_of_interest', 'establishment')",7002.0,634303779,,,,success
19,John Taylor Palma de Mallorca,"Carrer Constitució, 8, Centre, 07001 Palma, Illes Balears, España",971598800,https://www.john-taylor.es/,4.6,13.0,es,Google reviews: 4.6* / 13,OPERATIONAL,"('real_estate_agency', 'point_of_interest', 'establishment')",7001.0,,,,,error:no contact info found
20,NOUDOS Inmobiliaria,"Carrer Gral. Ricardo Ortega, 6, Llevant, 07006 Palma, Illes Balears, España",971635691,http://noudos.com/,4.8,30.0,es,Google reviews: 4.8* / 30,OPERATIONAL,"('real_estate_agency', 'point_of_interest', 'establishment')",7006.0,699876061,,,,success
21,Engel & Völkers Palma Centro,"Carrer Constitució, 7, Centre, 07001 Palma, Illes Balears, España",971214140,https://www.engelvoelkers.com/es/en/shops/palma-centre,4.2,41.0,es,Google reviews: 4.2* / 41,OPERATIONAL,"('real_estate_agency', 'point_of_interest', 'establishment')",7001.0,900747281,,,,success
22,Fincas Fiol,"Carrer de Francesc Suau, 20, Bajos, Nord, 07010 Palma, Illes Balears, España",971755220,http://www.fincasfiol.com/,4.7,380.0,es,Google reviews: 4.7* / 380,OPERATIONAL,"('real_estate_agency', 'point_of_interest', 'establishment')",7010.0,971755220,,,,success
23,Inmovelia,,611085207,https://inmovelia.com/,4.9,57.0,es,Google reviews: 4.9* / 57,OPERATIONAL,"('real_estate_agency', 'establishment')",,684742533,,,,success
24,Palma Realtor,"Carrer de Sant Martí, 1, Centre, 07012 Palma, Illes Balears, España",681154515,http://www.palmarealtor.com/,5.0,51.0,es,Google reviews: 5* / 51,OPERATIONAL,"('real_estate_agency', 'point_of_interest', 'establishment')",7012.0,681154515,,,,success
25,Baleares Immobiliaria,,620708895,http://www.baleares.immo/,5.0,15.0,es,Google reviews: 5* / 15,OPERATIONAL,"('real_estate_agency', 'establishment')",,620708895,,,,success
26,Spain Sotheby's International Realty  ( 07001 ),"Carrer de Can Puigdorfila, 2, Bajo pt 02, Distrito Centro, 07001 Palma, Illes Balears, España",871180048,https://www.spain-sothebysrealty.com/,5.0,16.0,en,Google reviews: 5* / 16,OPERATIONAL,"('real_estate_agency', 'finance', 'consultant', 'point_of_interest', 'establishment')",7001.0,919041929,,,,success
27,Palmer inmobiliaria - Palma,"Carrer del Baró de Santa Maria del Sepulcre, 6, Centre, 07012 Palma, Illes Balears, España",971246540,http://www.palmerinmobiliaria.com/,4.9,61.0,es,Google reviews: 4.9* / 61,OPERATIONAL,"('real_estate_agency', 'point_of_interest', 'establishment')",7012.0,971240121,,,,success
28,RE/MAX Esmeralda ,"Av. d'Antoni Maura, 18, Centre, 07012 Palma, Illes Balears, España",605833450,http://www.esmeralda.remax.es/,4.8,24.0,es,Google reviews: 4.8* / 24,OPERATIONAL,"('real_estate_agency', 'point_of_interest', 'establishment')",7012.0,,,,,error:no contact info found
29,Inmobiliaria Oliver,"Carrer de la Cerdanya, 5, Entresuelo 1, Distrito Centro, 07012 Palma, Illes Balears, España",971195062,https://www.inmobiliariaoliver.com/,4.6,10.0,es,Google reviews: 4.6* / 10,OPERATIONAL,"('real_estate_agency', 'finance', 'point_of_interest', 'establishment')",7012.0,971195062,,,,success
30,Fincas Piña Massip,"Passatge Particular de Santa Catalina de Sena, 4 -2, Entresuelo D, Distrito Centro, 07002 Palma, Illes Balears, España",971720005,http://fincaspiñamassip.com/,4.4,103.0,es,Google reviews: 4.4* / 103,OPERATIONAL,"('real_estate_agency', 'consultant', 'point_of_interest', 'establishment')",7002.0,971720005,,,,success
31,Balearhouse,"Pg. de Mallorca, 22, Centre, 07012 Palma, Illes Balears, España",971129292,https://www.balearhouse.com/?utm_source=gmb&utm_medium=organic&utm_campaign=link-web,4.6,28.0,es,Google reviews: 4.6* / 28,OPERATIONAL,"('real_estate_agency', 'point_of_interest', 'establishment')",7012.0,971129292,606326495,,,success
32,GestPropiedad Avenidas,"Avinguda de Gabriel Alomar, 35, Llevant, 07006 Palma, Illes Balears, España",689852703,https://www.gestpropiedad.com/avenidas,5.0,192.0,es,Google reviews: 5* / 192,OPERATIONAL,"('real_estate_agency', 'point_of_interest', 'establishment')",7006.0,600886384,,,,success
33,REMAX Vinci Group Inmobiliaria Mallorca,"Avinguda de Gabriel Alomar, 3, Bajo Izquierda, Llevant, 07006 Palma, Illes Balears, España",971208419,https://www.vincigroup.remax.es/,4.6,29.0,es,Google reviews: 4.6* / 29,OPERATIONAL,"('real_estate_agency', 'point_of_interest', 'establishment')",7006.0,,,,,error:no contact info found
34,Invest Mallorca,"Carrer del Baró de Santa Maria del Sepulcre, 6, Centre, 07012 Palma, Illes Balears, España",971726029,https://investmallorca.com/contacto/,4.3,29.0,es,Google reviews: 4.3* / 29,OPERATIONAL,"('real_estate_agency', 'finance', 'consultant', 'point_of_interest', 'establishment')",7012.0,971726029,606989732,,,success
35,Soul Estate Agency,"Carrer de Mateu Enric Lladó, 5, 3ºA, Distrito Centro, 07002 Palma, Illes Balears, España",633104636,https://www.soulestateagency.com/,5.0,7.0,es,Google reviews: 5* / 7,OPERATIONAL,"('real_estate_agency', 'point_of_interest', 'establishment')",7002.0,,,,,error:no contact info found
36,HOMA Inmobiliaria Mallorca,"Carrer Manuel Guasp, 17, local A, Llevant, 07006 Palma, Illes Balears, España",644429259,https://www.homainmobiliaria.com/,4.6,19.0,es,Google reviews: 4.6* / 19,OPERATIONAL,"('real_estate_agency', 'point_of_interest', 'establishment')",7006.0,,,,,error:no contact info found
37,Mallorca House,"Carrer Manuel Guasp, 10, Bajos, Llevant, 07006 Palma, Illes Balears, España",971463200,http://www.mallorcahouse.com/,4.4,8.0,es,Google reviews: 4.4* / 8,OPERATIONAL,"('real_estate_agency', 'point_of_interest', 'establishment')",7006.0,971463100,971463200,,,success
38,Inmobiliaria Estarellas Broker,"Carrer d'Enric Alzamora, 1, Centre, 07002 Palma, Illes Balears, España",971722737,http://www.estarellasbroker.com/,4.7,49.0,es,Google reviews: 4.7* / 49,OPERATIONAL,"('real_estate_agency', 'point_of_interest', 'establishment')",7002.0,971722737,,,,success
39,Living Blue Mallorca - Palma,"C. del Conquistador, 4, Centre, 07001 Palma, Illes Balears, España",971625375,https://www.livingblue-mallorca.com/,5.0,21.0,es,Google reviews: 5* / 21,OPERATIONAL,"('real_estate_agency', 'consultant', 'point_of_interest', 'establishment')",7001.0,,,,,error:no contact info found
40,AVS Inmobiliaria,"Plaça de l'Esglesia, 11, 07350 Binissalem, Illes Balears, España",696792091,https://www.avs.immo/,4.2,71.0,es,Google reviews: 4.2* / 71,OPERATIONAL,"('real_estate_agency', 'point_of_interest', 'establishment')",7350.0,633839925,,,,success
41,REMAX EXPERIENCE Inmobiliaria especializada en obra nueva,"Carrer de Gilabert de Centelles, 8, Esc. derecha, Llevant, 07005 Palma, Illes Balears, España",871853053,https://www.remaxexperience.es/,4.6,71.0,es,Google reviews: 4.6* / 71,OPERATIONAL,"('real_estate_agency', 'consultant', 'point_of_interest', 'establishment')",7005.0,,,,,error:no contact info found
42,Balear Invest - Real Estate,"Avinguda de l'Argentina, 21, Ponent, 07013 Palma, Illes Balears, España",,http://www.balearinvest.com/,3.8,104.0,es,Google reviews: 3.8* / 104,OPERATIONAL,"('real_estate_agency', 'consultant', 'point_of_interest', 'establishment')",7013.0,971719191,,,,success
43,Inmo 83,"Carrer d'Eusebi Estada, 29, Nord, 07004 Palma, Illes Balears, España",971071081,https://www.inmo83.com/,4.8,461.0,es,Google reviews: 4.8* / 461,OPERATIONAL,"('real_estate_agency', 'point_of_interest', 'establishment')",7004.0,971071081,,,,success
44,PALMA ORIGEN BY INMOIB,"Carrer de Pere Dezcallar i Net, 11, local 9, Distrito Centro, 07003 Palma, Illes Balears, España",644353626,http://www.inmoib.com/,4.9,37.0,es,Google reviews: 4.9* / 37,OPERATIONAL,"('real_estate_agency', 'point_of_interest', 'establishment')",7003.0,644353626,,,,success
45,Agencia Inmobiliaria BPH,"Carrer de la Reina Maria Cristina, 4, 1º1ª, Norte, 07003 Palma, Illes Balears, España",871902705,https://inmobiliariabph.com/,4.5,39.0,es,Google reviews: 4.5* / 39,OPERATIONAL,"('real_estate_agency', 'consultant', 'point_of_interest', 'establishment')",7003.0,,,,,error:no contact info found
46,🗝️ Cool Homes Mallorca ,"Av. del Gran i General Consell, 6, 2 Planta, Nord, 07004 Palma, Illes Balears, España",699404183,https://coolhomesmallorca.com/?utm_source=google&utm_medium=organic&utm_campaign=my_business,4.5,23.0,es,Google reviews: 4.5* / 23,OPERATIONAL,"('real_estate_agency', 'point_of_interest', 'establishment')",7004.0,699404183,639570996,,,success
47,Palmer Inmobiliaria - Portixol,"Carrer de Llucmajor, nº 61, Platja de Palma, 07006 Palma, Illes Balears, España",971240121,https://palmerinmobiliaria.com/,4.7,307.0,es,Google reviews: 4.7* / 307,OPERATIONAL,"('real_estate_agency', 'point_of_interest', 'establishment')",7006.0,971240121,,,,success
48,Forcadell Palma,"Carrer de Bartomeu Ferrà, 2, Centre, 07002 Palma, Illes Balears, España",971718852,https://www.forcadell.com/inmobiliaria-palma/,4.0,100.0,es,Google reviews: 4* / 100,OPERATIONAL,"('real_estate_agency', 'consultant', 'point_of_interest', 'finance', 'establishment')",7002.0,934965400,931549692,info@forcadellsantgervasi.com,info@forcadellsantgervasi.com,"error:too many offices, not giving contacts to avoid misunderstanding"
49,LaBoutiqueInmobiliaria,"C/ Francesc Sancho, 2, Nord, 07004 Palma, Illes Balears, España",618063061,http://laboutiqueinmobiliaria.com/,4.8,32.0,es,Google reviews: 4.8* / 32,OPERATIONAL,"('real_estate_agency', 'point_of_interest', 'establishment')",7004.0,871809938,,,,success
50,AFRIPAY INMOBILIARIA,"Carrer del 31 de Desembre, 11, Nord, 07003 Palma, Illes Balears, España",,https://www.afripayinmobiliaria.com/,4.4,121.0,es,Google reviews: 4.4* / 121,OPERATIONAL,"('real_estate_agency', 'consultant', 'point_of_interest', 'establishment')",7003.0,971465706,,,,success
51,RBK Prime,,680885136,http://www.rbkprime.com/,5.0,12.0,es,Google reviews: 5* / 12,OPERATIONAL,"('real_estate_agency', 'establishment')",,,,,,error:no contact info found
52,Housing Properties,"Av. del Comte de Sallent, 10, Planta 4, Oficina 4, Norte, 07003 Palma, Illes Balears, España",600582990,http://housingp.com/,5.0,22.0,es,Google reviews: 5* / 22,OPERATIONAL,"('real_estate_agency', 'point_of_interest', 'establishment')",7003.0,,,,,error:no contact info found
53,Stüde & Blas : Servicios inmobiliarios,"Passatge Particular Joan XXIII, 2, 4C, Centre, 07002 Palma, Illes Balears, España",871960507,http://www.studeblas.com/,5.0,8.0,ca,Google reviews: 5* / 8,OPERATIONAL,"('real_estate_agency', 'point_of_interest', 'establishment')",7002.0,627450709,871960507,,,success
54,Privatgest Mallorca S.L.,"Carrer de Josep Anselm Clavé, 3, Centre, 07002 Palma, Illes Balears, España",971495169,http://www.pgmallorca.com/,4.0,6.0,es,Google reviews: 4* / 6,OPERATIONAL,"('real_estate_agency', 'point_of_interest', 'establishment')",7002.0,971914570,601311461,,,success
55,Agencia Mallorca ( 07002 ),"Plaça de la Mercè, Centre, 07002 Palma, Illes Balears, España",625668194,https://www.agenciamallorca.com/sobre-nosotros/,3.7,6.0,es,Google reviews: 3.7* / 6,OPERATIONAL,"('real_estate_agency', 'point_of_interest', 'establishment')",7002.0,971724580,971723324,,,success
56,Mía Inmobiliaria Mallorca,"Avinguda d'Antoni Maura, 6, 07141 Marratxí, Illes Balears, España",657824759,http://www.mia-inmobiliaria.com/,5.0,25.0,es,Google reviews: 5* / 25,OPERATIONAL,"('real_estate_agency', 'point_of_interest', 'establishment')",7141.0,657824759,,,,success
57,Inmobiliaria Fincas Mallorca ,"Carrer de Joaquim Togores, 7, local 2, Norte, 07010 Palma, Illes Balears, España",971750165,http://inmobiliariapalma.com/,4.7,104.0,es,Google reviews: 4.7* / 104,OPERATIONAL,"('real_estate_agency', 'point_of_interest', 'establishment')",7010.0,971750165,,fincasmallorca.palma@gmail.com,fincasmallorca.palma@gmail.com,success
58,DJ Real Estate Solutions,"Carrer de Velázquez, 7, Centre, 07002 Palma, Illes Balears, España",971625025,https://www.djsolucionesinmobiliarias.com/,5.0,9.0,es,Google reviews: 5* / 9,OPERATIONAL,"('real_estate_agency', 'consultant', 'point_of_interest', 'establishment')",7002.0,971625025,,,,success
59,Rústica Mallorca,"c, La Rambla, 11, Distrito Centro, 07003 Palma, Illes Balears, España",971106706,http://www.rusticamallorca.com/,4.4,17.0,es,Google reviews: 4.4* / 17,OPERATIONAL,"('real_estate_agency', 'point_of_interest', 'establishment')",7003.0,,,,,error:no contact info found
60,Linkey Consultora Inmobiliaria,"Carrer de Velázquez, 10, Centre, 07002 Palma, Illes Balears, España",647557574,http://www.linkey.es/,5.0,8.0,en,Google reviews: 5* / 8,OPERATIONAL,"('real_estate_agency', 'point_of_interest', 'establishment')",7002.0,647557574,610170891,,,success
61,Coco Inmobiliaria,"Carrer de Ticià, 47, Nord, 07003 Palma, Illes Balears, España",871534961,http://cocoinmobiliaria.com/,5.0,197.0,es,Google reviews: 5* / 197,OPERATIONAL,"('real_estate_agency', 'point_of_interest', 'establishment')",7003.0,871534961,633868330,,,success
62,Molina Homes Inmobiliaria,"Carrer de Joan Lluís Estelrich, 18, Centre, 07003 Palma, Illes Balears, España",871037032,http://molinahomes.es/,5.0,218.0,es,Google reviews: 5* / 218,OPERATIONAL,"('real_estate_agency', 'point_of_interest', 'establishment')",7003.0,,,,,error:no contact info found
63,Inmobiliaria en Mallorca ,"Avinguda de l'Argentina, 32, 07011 Palma, Illes Balears, España",971910801,https://www.mundopisos.com/?utm_source=googlemybusiness&utm_medium=organic&utm_campaign=organicmap,4.8,257.0,es,Google reviews: 4.8* / 257,OPERATIONAL,"('real_estate_agency', 'point_of_interest', 'establishment')",7011.0,971910801,686121248,,,success
64,Inmuebles CBPisos,"C/ del General Riera, 12, Nord, 07003 Palma, Illes Balears, España",971711216,http://www.cbpisos.com/,4.9,84.0,es,Google reviews: 4.9* / 84,OPERATIONAL,"('real_estate_agency', 'point_of_interest', 'establishment')",7003.0,971711216,,,,success
65,Inmobiliaria Living Palma,"Carrer de Josep d'Oleza, 4, Nord, 07010 Palma, Illes Balears, España",971418800,https://living-palma.com/es,4.9,168.0,es,Google reviews: 4.9* / 168,OPERATIONAL,"('real_estate_agency', 'point_of_interest', 'establishment')",7010.0,971418800,626706165,,,success
66,Grup Direct Real Estate,"Calle Santiago Rusiñol 11 esquina con, Carrer de Joaquim Botia, 5, Centre, 07012 Palma, Illes Balears, España",971722722,http://www.grupdirect.com/,4.6,123.0,es,Google reviews: 4.6* / 123,OPERATIONAL,"('real_estate_agency', 'point_of_interest', 'establishment')",7012.0,971722722,667762676,infosanfernando@grupdirect.com,infosanfernando@grupdirect.com,success
67,UFFELMANN Properties,"Carrer d'Ausiàs March, 36, Nord, 07003 Palma, Illes Balears, España",871045529,http://www.uffelmann.es/,5.0,16.0,es,Google reviews: 5* / 16,OPERATIONAL,"('real_estate_agency', 'point_of_interest', 'establishment')",7003.0,,,,,error:no contact info found
68,Mundo Pisos Plaza París,"Plaça de París, 3, Nord, 07010 Palma, Illes Balears, España",971902011,https://www.mundopisos.com/es,4.6,62.0,es,Google reviews: 4.6* / 62,OPERATIONAL,"('real_estate_agency', 'point_of_interest', 'establishment')",7010.0,971910801,686121248,,,success
69,Futura Propiedades Mallorca,"Carrer de Femenies, 9, 07013 Palma, Illes Balears, España",971105523,https://www.futurapropiedadesmallorca.com/,4.8,92.0,es,Google reviews: 4.8* / 92,OPERATIONAL,"('real_estate_agency', 'point_of_interest', 'establishment')",7013.0,661349530,,,,success
70,Aina Rabassa Propiedades,,681910692,http://www.ainarabassa.com/,5.0,24.0,es,Google reviews: 5* / 24,OPERATIONAL,"('real_estate_agency', 'establishment')",,681910692,,,,success
71,INTIAA ,"C/ del General Riera, 56, Nord, 07010 Palma, Illes Balears, España",871903477,http://www.intiaa.com/,4.8,113.0,es,Google reviews: 4.8* / 113,OPERATIONAL,"('real_estate_agency', 'consultant', 'point_of_interest', 'establishment')",7010.0,871903477,,,,success
72,Nicolás Iriarte ,"Carrer Joan Maria Thomàs, 2, 1°, Poniente, 07014 Palma, Illes Balears, España",659280879,https://nicolasiriarte.com/,5.0,33.0,es,Google reviews: 5* / 33,OPERATIONAL,"('real_estate_agency', 'lodging', 'general_contractor', 'point_of_interest', 'establishment')",7014.0,659280879,,,,success
73,Zaino's Capital | Inmobiliaria,,871264131,https://www.zainoscapital.com/,5.0,11.0,es,Google reviews: 5* / 11,OPERATIONAL,"('real_estate_agency', 'establishment')",,871264131,971965737,,,success
74,DarderInmo,"Carrer del Pare Bartomeu Pou, 36, Nord, 07003 Palma, Illes Balears, España",639935926,http://darderinmo.com/,4.9,14.0,es,Google reviews: 4.9* / 14,OPERATIONAL,"('real_estate_agency', 'point_of_interest', 'establishment')",7003.0,671904540,639935926,,,success
75,Vidamar Consultors Immobiliaris,"C/ de Miquel dels Sants Oliver, 21A, Ponent, 07011 Palma, Illes Balears, España",871515303,http://www.vidamar.net/,4.6,230.0,es,Google reviews: 4.6* / 230,OPERATIONAL,"('real_estate_agency', 'point_of_interest', 'establishment')",7011.0,871515303,645332255,,,success
76,JD Residences,"Pg. de Mallorca, 16, Centre, 07012 Palma, Illes Balears, España",606824162,http://www.jd-residences.com/,5.0,26.0,es,Google reviews: 5* / 26,OPERATIONAL,"('real_estate_agency', 'point_of_interest', 'establishment')",7012.0,606824162,,,,success
77,Grupo Inmobiliario TJR,"Carrer de Francesc Martí i Móra, 3A, Ponent, 07011 Palma, Illes Balears, España",971094502,https://www.idealista.com/pro/grupo-inmobiliario-tjr/venta-viviendas/,4.8,21.0,es,Google reviews: 4.8* / 21,OPERATIONAL,"('real_estate_agency', 'point_of_interest', 'establishment')",7011.0,,,,,error:no contact info found
78,Inmobiliaria S'escorxador,"Carrer de Joan Fuster i Ortells, 2, Nord, 07010 Palma, Illes Balears, España",971917507,http://www.sescorxador.com/,4.4,45.0,es,Google reviews: 4.4* / 45,OPERATIONAL,"('real_estate_agency', 'point_of_interest', 'establishment')",7010.0,971917507,,,,success
79,Algot Properties,"Carrer del Bisbe Rafael Josep Verger, 2, Nord, 07010 Palma, Illes Balears, España",629574538,http://www.algotproperties.es/,4.9,21.0,es,Google reviews: 4.9* / 21,OPERATIONAL,"('real_estate_agency', 'point_of_interest', 'establishment')",7010.0,629574538,,,,success
80,Aragon gestión,"C/ Aragó, 81, bajos. Llevant, Llevant, 07005 Palma, Illes Balears, España",971243569,http://www.aragongestion.com/,4.3,47.0,es,Google reviews: 4.3* / 47,OPERATIONAL,"('real_estate_agency', 'point_of_interest', 'establishment')",7005.0,971243569,,,,success
81,LEXLEY INMOBILIARIA,"Carrer del Bisbe Rafael Josep Verger, 2, Nord, 07010 Palma, Illes Balears, España",633371001,https://www.idealista.com/pro/lexley/?fbclid=PAY2xjawJZxQNleHRuA2FlbQIxMQABppuJlhHM7qbZ8TA5hmYt-HleCg_mt1FiHM2cX_7e6EQl8XD-Bq2RYYLmXw_aem_XSp1stszixJTclFvlEF0Ow,5.0,26.0,es,Google reviews: 5* / 26,OPERATIONAL,"('real_estate_agency', 'point_of_interest', 'establishment')",7010.0,,,,,error:no contact info found
82,Inmobiliaria MUT,"C/ del Marquès de la Fontsanta, 53, Llevant, 07005 Palma, Illes Balears, España",971900006,https://inmobiliariamutbymarian.es/,4.5,72.0,es,Google reviews: 4.5* / 72,OPERATIONAL,"('real_estate_agency', 'insurance_agency', 'point_of_interest', 'establishment')",7005.0,,,,,error:no contact info found
83,INMOBILIARIA GRUPO ROMA,"Carrer de la Indústria, 46, 07013 Palma, Illes Balears, España",971717800,http://www.grupo-roma.com/,4.4,103.0,es,Google reviews: 4.4* / 103,OPERATIONAL,"('real_estate_agency', 'point_of_interest', 'establishment')",7013.0,971717800,,,,success
84,P&p Inmobiliaria Cb,"Carrer d'Eusebi Estada, 91, Nord, 07004 Palma, Illes Balears, España",678444212,https://www.pypinmobiliaria.es/,4.4,28.0,es,Google reviews: 4.4* / 28,OPERATIONAL,"('real_estate_agency', 'point_of_interest', 'establishment')",7004.0,,,,,error:no contact info found
85,Asymas Inmobiliaria,"C/ Aragó, 40, Entresuelo, Oficina 5, Levante, 07005 Palma, Illes Balears, España",605247374,https://www.asymasinmobiliaria.com/,5.0,13.0,es,Google reviews: 5* / 13,OPERATIONAL,"('real_estate_agency', 'point_of_interest', 'establishment')",7005.0,605247374,,,,success
86,ILF ADMINISTRACIONES,"Carrer d'Eusebi Estada, 38, Nord, 07004 Palma, Illes Balears, España",971667270,http://ilfinmobiliaria.com/,4.3,162.0,es,Google reviews: 4.3* / 162,OPERATIONAL,"('real_estate_agency', 'point_of_interest', 'establishment')",7004.0,,,,,error:no contact info found
87,BECKER & BECKER IMMOBILIEN MALLORCA,"Carrer Arxiduc Lluís Salvador, 7, Nord, 07004 Palma, Illes Balears, España",971440660,http://bbi-mallorca.immo/,4.9,14.0,es,Google reviews: 4.9* / 14,OPERATIONAL,"('real_estate_agency', 'point_of_interest', 'establishment')",7004.0,971440660,,,,success
88,INMOURBAN ,"Levante, 07005 Palma, Illes Balears, España",971075502,http://www.inmourban.com/,4.7,28.0,es,Google reviews: 4.7* / 28,OPERATIONAL,"('real_estate_agency', 'point_of_interest', 'establishment')",7005.0,971075502,632659429,,,success
89,Illes House Real State SL,"Plaça Pere Garau, s/n, Puesto 52, Llevant, 07007 Palma, Illes Balears, España",603187735,https://www.illeshouse.com/,4.8,21.0,es,Google reviews: 4.8* / 21,OPERATIONAL,"('real_estate_agency', 'point_of_interest', 'establishment')",7007.0,,,,,error:no contact info found
90,Nappo Real Estate I Inmobiliaria en Mallorca y Madrid I Oficina Palma  ( 07015 ),"Avinguda de Joan Miró, 286, Ponent, 07015 Palma, Illes Balears, España",971370846,http://www.napporealestate.com/,4.7,112.0,es,Google reviews: 4.7* / 112,OPERATIONAL,"('real_estate_agency', 'point_of_interest', 'establishment')",7015.0,971370846,642894387,,,success
91,Inmobiliaria Huading,"Carrer Faust Morell, 28, local esquina, Llevant, 07005 Palma, Illes Balears, España",971447640,http://hdinmo.com/,4.1,37.0,es,Google reviews: 4.1* / 37,OPERATIONAL,"('real_estate_agency', 'point_of_interest', 'establishment')",7005.0,971447640,,,,success
92,Fincas Ribó & Asociados,"C. de Manacor, 14, Llevant, 07006 Palma, Illes Balears, España",971774680,https://www.fincasribo.com/,4.3,33.0,es,Google reviews: 4.3* / 33,OPERATIONAL,"('real_estate_agency', 'point_of_interest', 'establishment')",7006.0,971774680,,,,success
93,Inmobiliaria Can Pastilla,"Calle Ovidio, 9, bajos, Platja de Palma, 07610 Can Pastilla, Illes Balears, España",670911272,http://www.inmocanpastilla.com/,4.6,14.0,es,Google reviews: 4.6* / 14,OPERATIONAL,"('real_estate_agency', 'point_of_interest', 'establishment')",7610.0,670911272,971262702,,,success
94,Mallorca Decorhome,"C. dels Foners, 24, Llevant, 07006 Palma, Illes Balears, España",695487942,https://mallorcadh.com/,4.6,9.0,es,Google reviews: 4.6* / 9,OPERATIONAL,"('real_estate_agency', 'point_of_interest', 'establishment')",7006.0,613917195,695487942,,,success
95,DinsMallorca,"Carrer Joan Maragall, 48, Platja de Palma, 07006 Palma, Illes Balears, España",871700001,http://www.dinsmallorca.com/,5.0,20.0,es,Google reviews: 5* / 20,OPERATIONAL,"('real_estate_agency', 'point_of_interest', 'establishment')",7006.0,,,,,error:no contact info found
96,Grupo JD Real Estate & Construction,"Carrer de Llucmajor, 44, Platja de Palma, 07006 Palma, Illes Balears, España",667580693,https://grupojuandelgado.com/,4.8,14.0,es,Google reviews: 4.8* / 14,OPERATIONAL,"('real_estate_agency', 'home_goods_store', 'general_contractor', 'point_of_interest', 'store', 'establishment')",7006.0,667580693,667580693,,,success
97,Mallorca Mietbörse S.L. ,"Carrer del Vicari Joaquim Fuster, 105, Platja de Palma, 07006 Palma, Illes Balears, España",971796082,https://www.mallorca-mietboerse.com/,4.8,69.0,es,Google reviews: 4.8* / 69,OPERATIONAL,"('real_estate_agency', 'point_of_interest', 'establishment')",7006.0,,,,,error:no contact info found
98,VillaInvest,"C/ de Lluís Martí, 11, Llevant, 07006 Palma, Illes Balears, España",971598674,http://www.villainvest.es/,4.3,12.0,es,Google reviews: 4.3* / 12,OPERATIONAL,"('real_estate_agency', 'consultant', 'point_of_interest', 'establishment')",7006.0,971598674,,,,success
99,Mallorca Gestión Inmobiliaria,"Avinguda d'Antoni Maura, 16, 07141 Marratxí, Illes Balears, España",696906733,https://www.mallorcagestion.com/,4.5,49.0,es,Google reviews: 4.5* / 49,OPERATIONAL,"('real_estate_agency', 'finance', 'point_of_interest', 'establishment')",7141.0,971902500,,,,success
100,donpiso,"Career Nuredduna, 6, Llevant, 07006 Palma, Illes Balears, España",656790393,https://www.donpiso.com/,5.0,29.0,es,Google reviews: 5* / 29,OPERATIONAL,"('real_estate_agency', 'point_of_interest', 'establishment')",7006.0,,,,,error:no contact info found
101,GestPropiedad Ciudad Jardín,"Carrer del Cardenal Rossell, 26, Platja de Palma, 07007 Palma, Illes Balears, España",971778759,http://www.gestpropiedad.com/,4.6,398.0,es,Google reviews: 4.6* / 398,OPERATIONAL,"('real_estate_agency', 'point_of_interest', 'establishment')",7007.0,600886384,,,,success
102,Berkshire Hathaway HomeServices Nova Mallorca ( 07012 ),"Pg. de Mallorca, 14, A, Distrito Centro, 07012 Palma, Illes Balears, España",670615955,https://www.bhhsmallorca.com/,4.4,25.0,es,Google reviews: 4.4* / 25,OPERATIONAL,"('real_estate_agency', 'point_of_interest', 'establishment')",7012.0,912771071,910228442,info.moraleja@bhhsmadrid.com,info.moraleja@bhhsmadrid.com,success
103,Palmer Inmobiliaria,"Carrer del Vicari Joaquim Fuster, 251a, Platja de Palma, 07007 Palma, Illes Balears, España",971919712,https://palmerinmobiliaria.com/,4.9,37.0,es,Google reviews: 4.9* / 37,OPERATIONAL,"('real_estate_agency', 'point_of_interest', 'establishment')",7007.0,971240121,,,,success
104,Eigentum Mallorca Immobilien,"Avinguda de ses Palmeres, 81, 07560 Sa Coma, Illes Balears, España",971810261,https://eigentum-mallorca.com/?utm_source=googlemybusiness&utm_medium=organic&utm_campaign=organicmap,4.3,24.0,es,Google reviews: 4.3* / 24,OPERATIONAL,"('real_estate_agency', 'point_of_interest', 'establishment')",7560.0,,,,,error:no contact info found
105,INMOBILIARIA EN MALLORCA,,637020200,http://www.inmobiliariaenmallorca.com/,4.6,39.0,es,Google reviews: 4.6* / 39,OPERATIONAL,"('real_estate_agency', 'establishment')",,637020200,,,,success
106,Casa Nova Properties S.L.,"Avinguda del Rei Jaume I, 109, 07180 Santa Ponça, Illes Balears, España",971698076,https://www.mallorcaimmobilien.com/,4.8,36.0,en,Google reviews: 4.8* / 36,OPERATIONAL,"('real_estate_agency', 'consultant', 'point_of_interest', 'establishment')",7180.0,971698076,679594328,,,success
107,First Mallorca,"Pg. de Mallorca, 10, Centre, 07012 Palma, Illes Balears, España",871005800,https://www.firstmallorca.com/,4.2,44.0,es,Google reviews: 4.2* / 44,OPERATIONAL,"('real_estate_agency', 'consultant', 'point_of_interest', 'establishment')",7012.0,971007007,,,,success
108,DAHLER Mallorca Palma / Son Vida,"Pg. de Mallorca, 12, Centre, 07012 Palma, Illes Balears, España",636844265,https://www.dahlercompany.com/de/mallorca/immobilienmakler/palma,4.7,12.0,de,Google reviews: 4.7* / 12,OPERATIONAL,"('real_estate_agency', 'consultant', 'point_of_interest', 'establishment')",7012.0,636844265,,,,success
109,PRIVILEGE-PROPERTY,,637861618,http://www.privilege-property.com/,4.6,9.0,es,Google reviews: 4.6* / 9,OPERATIONAL,"('real_estate_agency', 'establishment')",,,,,,error:no contact info found
110,First Mallorca Costa d'en Blanes,"Av. Tomàs Blanes Tolosa, 41, 07181 Costa d'en Blanes, Illes Balears, España",971007007,https://www.firstmallorca.com/en/sales/costa-den-blanes-properties,4.0,51.0,es,Google reviews: 4* / 51,OPERATIONAL,"('real_estate_agency', 'consultant', 'point_of_interest', 'establishment')",7181.0,971007007,,,,success
111,DAHLER Mallorca Santanyí,"Plaça de sa Canal, 19, 07650 Santanyí, Illes Balears, España",649505127,http://www.dahler.com/santanyi,4.9,16.0,de,Google reviews: 4.9* / 16,OPERATIONAL,"('real_estate_agency', 'point_of_interest', 'establishment')",7650.0,871252196,871890006,,,success
112,Coll aguilar. Inmobiliaria & galeria de arte,"Carrer del Call, 4, Centre, 07001 Palma, Illes Balears, España",655283894,http://www.collaguilar.com/,3.9,9.0,es,Google reviews: 3.9* / 9,OPERATIONAL,"('real_estate_agency', 'point_of_interest', 'establishment')",7001.0,971712948,655283894,,,success
113,Inmopropiedad ,"Carrer de la Blatera, 32A, Llevant, 07198 Palma, Illes Balears, España",971773479,http://www.inmopropiedad.com/,4.9,31.0,es,Google reviews: 4.9* / 31,OPERATIONAL,"('real_estate_agency', 'finance', 'lawyer', 'consultant', 'point_of_interest', 'establishment')",7198.0,971773479,605370537,,,success
114,Evamar Real Home ,"Carrer del Fluvià, 1, Llevant, 07009 Palma, Illes Balears, España",871185293,http://www.evamar-rh.com/,5.0,38.0,es,Google reviews: 5* / 38,OPERATIONAL,"('real_estate_agency', 'point_of_interest', 'establishment')",7009.0,871185293,,,,success
115,Mendopiso,"Carrer del Cardenal Rossell, 24, Platja de Palma, 07007 Palma, Illes Balears, España",971902400,http://www.mendopiso.es/,4.3,45.0,es,Google reviews: 4.3* / 45,OPERATIONAL,"('real_estate_agency', 'point_of_interest', 'establishment')",7007.0,971902400,,,,success
116,LAB Properties,"Carrer de la Blatera, 23A, Llevant, 07198 Palma, Illes Balears, España",644166761,https://www.labproperties.es/,5.0,46.0,es,Google reviews: 5* / 46,OPERATIONAL,"('real_estate_agency', 'point_of_interest', 'establishment')",7198.0,644166761,,,,success
117,Finques RBJ,"Carrer del Cardenal Rossell, 60, Platja de Palma, 07007 Palma, Illes Balears, España",971745470,http://www.finquesrbj.com/,4.9,98.0,es,Google reviews: 4.9* / 98,OPERATIONAL,"('real_estate_agency', 'point_of_interest', 'establishment')",7007.0,971745470,,,,success
118,Cervantes Inmobiliaria,"Carrer de Bilbao, 14A, Platja de Palma, 07006 Palma, Illes Balears, España",652454663,http://www.cervantesinmobiliaria.com/,4.4,10.0,es,Google reviews: 4.4* / 10,OPERATIONAL,"('real_estate_agency', 'point_of_interest', 'establishment')",7006.0,652454663,,,,success
119,DE PRADA & MOYA Abogados ( 07007 ),"C. del Cardenal Rossell, 15, A, Playa de Palma, 07007 Palma, Illes Balears, España",617672105,http://www.depradamoya-realestate.com/,4.9,227.0,es,Google reviews: 4.9* / 227,OPERATIONAL,"('real_estate_agency', 'consultant', 'point_of_interest', 'establishment')",7007.0,971623516,638307085,,,success
120,Habitam Palma,,611518949,http://www.habitampalma.es/,5.0,39.0,es,Google reviews: 5* / 39,OPERATIONAL,"('real_estate_agency', 'establishment')",,,,,,error:no contact info found
121,+34 MALLORCA REAL ESTATE,"Carrer de l'Alga, 9, Platja de Palma, 07006 Palma, Illes Balears, España",673670909,http://34mallorca.com/,4.5,26.0,es,Google reviews: 4.5* / 26,OPERATIONAL,"('real_estate_agency', 'point_of_interest', 'general_contractor', 'establishment')",7006.0,971946902,673670909,,,success
122,ENHABITAT PROPIEDADES,"Carrer del Ter, 27, 2º Planta, oficina 10, Levante, 07009 Palma, Illes Balears, España",971570697,https://www.enhabitat.com/,5.0,8.0,es,Google reviews: 5* / 8,OPERATIONAL,"('real_estate_agency', 'point_of_interest', 'establishment')",7009.0,971570697,,,,success
123,Inmobiliaria Marianela Mateos,"Carrer del Fluvià, 1, Llevant, 07009 Palma, Illes Balears, España",639742551,http://www.marianelamateos.com/,4.7,15.0,es,Google reviews: 4.7* / 15,OPERATIONAL,"('real_estate_agency', 'point_of_interest', 'establishment')",7009.0,639742551,,,,success
124,Viviendas Jose Gómez,"Carrer de Pere Ripoll i Palou, 26, Llevant, 07008 Palma, Illes Balears, España",651982785,http://www.viviendasjosegomez.es/,4.4,59.0,en,Google reviews: 4.4* / 59,OPERATIONAL,"('real_estate_agency', 'finance', 'point_of_interest', 'establishment')",7008.0,871946363,,,,success
125,Studio 3 Properties,"C/ Aragó, 372, local C, Levante, 07008 Palma, Illes Balears, España",645865657,http://www.studiotres2021.com/,4.6,37.0,es,Google reviews: 4.6* / 37,OPERATIONAL,"('real_estate_agency', 'point_of_interest', 'establishment')",7008.0,645865657,,,,success
126,Espacio y Vida,"Carrer del Fluvià, 1, Mallorca Office - Planta Baja, Despacho 44, Llevant, 07009 Palma, Illes Balears, España",659555333,http://espacioyvida.com/,4.6,18.0,es,Google reviews: 4.6* / 18,OPERATIONAL,"('real_estate_agency', 'consultant', 'point_of_interest', 'establishment')",7009.0,659555333,,,,success
127,Unión confianza consultora ( UCC S.L.),"Carrer de Biniali, 5, Llevant, 07008 Palma, Illes Balears, España",971904141,http://www.uccsl.com/contacto/,4.6,127.0,es,Google reviews: 4.6* / 127,OPERATIONAL,"('real_estate_agency', 'point_of_interest', 'establishment')",7008.0,,,,,error:no contact info found
128,AMG INMOBILIARIA,"AMG INMOBILIARIA, Camí de Sant Llatzet, 3, 07141 Es Pont d'Inca, Illes Balears, España",971601199,https://www.amginmobiliaria.com/,4.1,164.0,es,Google reviews: 4.1* / 164,OPERATIONAL,"('real_estate_agency', 'point_of_interest', 'establishment')",7141.0,630815306,971601199,,,success
129,Via Blava,"Carrer del Ter, 27, planta 2, oficina 7, Llevant, 07009 Palma, Illes Balears, España",871776688,http://www.viablava.com/,4.2,30.0,ca,Google reviews: 4.2* / 30,OPERATIONAL,"('real_estate_agency', 'point_of_interest', 'establishment')",7009.0,871776688,615663782,,,success
130,INMOBILIARIA PROINMOS,"Carrer del Fluvià, 1, Llevant, 07009 Palma, Illes Balears, España",665253621,https://www.proinmos.com/,3.7,13.0,es,Google reviews: 3.7* / 13,OPERATIONAL,"('real_estate_agency', 'point_of_interest', 'establishment')",7009.0,,,,,error:no contact info found
131,NEXEIMMO,"Career Nuredduna, 10, 2B, Llevant, 07006 Palma, Illes Balears, España",971963640,http://www.nexeimmo.com/,4.7,14.0,es,Google reviews: 4.7* / 14,OPERATIONAL,"('real_estate_agency', 'point_of_interest', 'establishment')",7006.0,683156221,971963640,,,success
132,NEW HOME MALLORCA REAL ESTATE SL,,618391342,https://www.newhomemallorca.com/,5.0,9.0,es,Google reviews: 5* / 9,OPERATIONAL,"('real_estate_agency', 'establishment')",,0034618391342,,,,success
133,SIM Inmobiliaria,"Plaça de la Sitja, 5, Nord, 07010 Palma, Illes Balears, España",656560198,http://www.siminmobiliaria.es/,4.8,21.0,es,Google reviews: 4.8* / 21,OPERATIONAL,"('real_estate_agency', 'point_of_interest', 'establishment')",7010.0,656560198,,,,success
134,La Real Inmobiliaria,"Avinguda del Císter, 13, Local, Nord, 07010 Es Secar de la Real, Illes Balears, España",971234676,https://www.larealinmobiliaria.es/,3.6,12.0,es,Google reviews: 3.6* / 12,OPERATIONAL,"('real_estate_agency', 'point_of_interest', 'establishment')",7010.0,971234676,620951284,,,success
135,Agencia Inmobiliaria Mir ( 07013 ),"Camí de Son Rapinya, 45A, Ponent, 07013 Sa Vileta-Son Rapinya, Illes Balears, España",971606489,https://inmobiliariamir.es/,4.6,50.0,es,Google reviews: 4.6* / 50,OPERATIONAL,"('real_estate_agency', 'point_of_interest', 'establishment')",7013.0,971441396,,,,success
136,Casas de Mallorca,"Camí de Can Guillot, 35, Nord, 07010 Palma, Illes Balears, España",616667070,https://casasdemallorca.es/,4.4,17.0,es,Google reviews: 4.4* / 17,OPERATIONAL,"('real_estate_agency', 'point_of_interest', 'establishment')",7010.0,650118765,623537826,,,success
137,Easy Homes Grupo Inmobiliario,"Carrer de Pascual Ribot, 1, 07011 Palma, Illes Balears, España",971079163,http://www.easyhomes.es/,4.1,54.0,es,Google reviews: 4.1* / 54,OPERATIONAL,"('real_estate_agency', 'point_of_interest', 'establishment')",7011.0,971079163,,,,success
138,Inmobiliaria La Vileta,"Camí dels Reis, 187, BJ, Ponent, 07013 Sa Vileta-Son Rapinya, Illes Balears, España",971793535,https://www.inmobiliarialavileta.com/,3.9,87.0,es,Google reviews: 3.9* / 87,OPERATIONAL,"('real_estate_agency', 'point_of_interest', 'establishment')",7013.0,971793535,,,,success
139,Chic Mallorca Real Estate,"Carrer de Joan Crespí, 14, Ponent, 07014 Palma, Illes Balears, España",685989198,http://www.chicmallorca.com/,4.7,130.0,es,Google reviews: 4.7* / 130,OPERATIONAL,"('real_estate_agency', 'consultant', 'point_of_interest', 'establishment')",7014.0,685989198,,,,success
140,Neptunus International,"Pg. de Mallorca, 14, Centre, 07011 Palma, Illes Balears, España",971227626,http://www.neptunus-international.com/,4.7,42.0,es,Google reviews: 4.7* / 42,OPERATIONAL,"('real_estate_agency', 'point_of_interest', 'establishment')",7011.0,,,,,
141,SkandiaMäklarna Mallorca,"Carrer Comte de Barcelona, 29 PB, Ponent, 07013 Palma, Illes Balears, España",+46735083737,https://www.skandiamaklarna.com/sv/hitta-maklare/mallorca/,4.9,17.0,sv,Google reviews: 4.9* / 17,OPERATIONAL,"('real_estate_agency', 'point_of_interest', 'establishment')",7013.0,,,,,
142,Ocean Seven Real Estate,"Carrer de Can Sales, 1, Centre, 07012 Palma, Illes Balears, España",634305876,http://www.ocean-seven.com/,4.9,20.0,es,Google reviews: 4.9* / 20,OPERATIONAL,"('real_estate_agency', 'point_of_interest', 'establishment')",7012.0,,,,,
143,Gesteam Properties,"Pg. de Mallorca, 8, Entresuelo 1 B, Distrito Centro, 07012 Palma, Illes Balears, España",871045671,http://www.gesteamproperties.com/,4.9,10.0,es,Google reviews: 4.9* / 10,OPERATIONAL,"('real_estate_agency', 'point_of_interest', 'establishment')",7012.0,,,,,
144,Grupo FERRAN Mallorca ,"Pl. del Rei Joan Carles I, 3, 1º izq, Centre, 07012 Palma, Illes Balears, España",971712054,https://www.ferran.es/,4.5,15.0,es,Google reviews: 4.5* / 15,OPERATIONAL,"('real_estate_agency', 'finance', 'general_contractor', 'lawyer', 'consultant', 'point_of_interest', 'establishment')",7012.0,,,,,
145,Pisos Mallorca,"Pg. de Mallorca, 18, entresuelo 2ºA, Distrito Centro, 07012 Palma, Illes Balears, España",971222022,http://www.pisosmallorca.com/,4.3,24.0,es,Google reviews: 4.3* / 24,OPERATIONAL,"('real_estate_agency', 'point_of_interest', 'establishment')",7012.0,,,,,
146,Kingsber Property Mallorca,"Calle Berenguer de Sant Joan 3bjs, Distrito Centro, 07012 Palma, Illes Balears, España",659737330,http://www.kingsberproperty.com/,4.7,27.0,es,Google reviews: 4.7* / 27,OPERATIONAL,"('real_estate_agency', 'point_of_interest', 'establishment')",7012.0,,,,,
147,S.A.E Real Estate,"Plaça de la Porta de Santa Catalina, 20, Centre, 07012 Palma, Illes Balears, España",604114919,http://www.sae-mallorca.com/,4.7,33.0,es,Google reviews: 4.7* / 33,OPERATIONAL,"('real_estate_agency', 'point_of_interest', 'establishment')",7012.0,,,,,
148,Casa Mia Real Estate SL,"Pg. de Mallorca, 18E, Centre, 07012 Palma, Illes Balears, España",971128392,http://casamia-mallorca.com/,5.0,30.0,es,Google reviews: 5* / 30,OPERATIONAL,"('real_estate_agency', 'lawyer', 'consultant', 'point_of_interest', 'establishment')",7012.0,,,,,
149,5 ISLAS,"Carrer d'Avinyó, 2, Ponent, 07014 Palma, Illes Balears, España",871571015,http://www.5islas.es/,4.7,53.0,es,Google reviews: 4.7* / 53,OPERATIONAL,"('real_estate_agency', 'point_of_interest', 'establishment')",7014.0,,,,,
150,Fincas Cala Major,"Avinguda de Joan Miró, 275, Ponent, 07015 Palma, Illes Balears, España",971404077,http://fincascalamajor.com/,5.0,49.0,es,Google reviews: 5* / 49,OPERATIONAL,"('real_estate_agency', 'point_of_interest', 'establishment')",7015.0,,,,,
151,Inmobiliaria Film Houses,"Av. de Gabriel Roca, 35, 07014 Palma, Illes Balears, España",971222787,https://www.filmhouses.com/,4.9,48.0,es,Google reviews: 4.9* / 48,OPERATIONAL,"('real_estate_agency', 'point_of_interest', 'establishment')",7014.0,,,,,
152,Inmoluxy Real Estate Mallorca,"Avinguda de Sant Ferran, 41, 07013 Palma, Illes Balears, España",658701353,http://www.inmoluxy.com/,5.0,15.0,es,Google reviews: 5* / 15,OPERATIONAL,"('real_estate_agency', 'point_of_interest', 'establishment')",7013.0,,,,,
153,INMO-LIVE HOMES,"Camí de Son Rapinya, 55, Ponent, 07013 Palma, Illes Balears, España",633076738,http://inmolivehomes.com/,5.0,54.0,es,Google reviews: 5* / 54,OPERATIONAL,"('real_estate_agency', 'point_of_interest', 'establishment')",7013.0,,,,,
154,DURENDESA,"Av. de Gabriel Roca, 16, Ponent, 07014 Palma, Illes Balears, España",971906068,http://www.durendesa.com/,4.8,25.0,es,Google reviews: 4.8* / 25,OPERATIONAL,"('real_estate_agency', 'point_of_interest', 'establishment')",7014.0,,,,,
155,Inmobiliaria Daynes,"Avinguda de Joan Miró, 354, Ponent, 07015 Palma, Illes Balears, España",971401900,http://www.inmobiliariadaynes.com/,4.3,6.0,es,Google reviews: 4.3* / 6,OPERATIONAL,"('real_estate_agency', 'consultant', 'point_of_interest', 'establishment')",7015.0,,,,,
156,MARCEL REMUS REAL ESTATE,"Camí de Gènova, 4, loc 4, Poniente, 07014 Palma, Illes Balears, España",971450019,http://www.marcelremus.com/,4.4,56.0,es,Google reviews: 4.4* / 56,OPERATIONAL,"('real_estate_agency', 'point_of_interest', 'establishment')",7014.0,,,,,
157,RE/MAX ROYAL,"Carrer d'Andrea Doria, 48, Bajos, Poniente, 07014 Palma, Illes Balears, España",634534888,http://www.remaxroyal.es/,5.0,42.0,es,Google reviews: 5* / 42,OPERATIONAL,"('real_estate_agency', 'point_of_interest', 'establishment')",7014.0,,,,,
158,Sageco,,650623856,http://www.sageco.es/,4.6,30.0,es,Google reviews: 4.6* / 30,OPERATIONAL,"('real_estate_agency', 'establishment')",,,,,,
159,Richmallorca real estate,"Passeig Illetes, 16, 07181 ses Illetes, Illes Balears, España",685294911,https://richmallorca.com/,4.9,36.0,es,Google reviews: 4.9* / 36,OPERATIONAL,"('real_estate_agency', 'point_of_interest', 'establishment')",7181.0,,,,,
160,LJ Balearic Properties,,669672301,http://www.ljproperties.es/,4.8,11.0,es,Google reviews: 4.8* / 11,OPERATIONAL,"('real_estate_agency', 'establishment')",,,,,,
161,El Terreno Immo,"Avinguda de Joan Miró, 82, Ponent, 07015 Palma, Illes Balears, España",971284026,http://www.el-terreno-immo.com/,4.1,23.0,en,Google reviews: 4.1* / 23,OPERATIONAL,"('real_estate_agency', 'point_of_interest', 'establishment')",7015.0,,,,,
162,KSA ESTATE MALLORCA,"Avinguda de Joan Miró, 348, Ponent, 07015 Palma, Illes Balears, España",971227810,http://www.ksa-estates.com/,4.3,6.0,es,Google reviews: 4.3* / 6,OPERATIONAL,"('real_estate_agency', 'point_of_interest', 'establishment')",7015.0,,,,,
163,Molier Estates,"Av. Joan Miró, 297, local 7, Poniente, 07015 Palma, Illes Balears, España",692068320,http://www.molierestates.com/,4.7,27.0,nl,Google reviews: 4.7* / 27,OPERATIONAL,"('real_estate_agency', 'point_of_interest', 'establishment')",7015.0,,,,,
164,MI LIVING PROPERTIES,"C/ de Saridakis, 3, Ponent, 07015 Palma, Illes Balears, España",695684948,https://www.milivingproperties.com/,5.0,7.0,en,Google reviews: 5* / 7,OPERATIONAL,"('real_estate_agency', 'point_of_interest', 'establishment')",7015.0,,,,,
165,Checkpoint Inmobiliaria,"Passeig Illetes, 85, 07181 ses Illetes, Illes Balears, España",627219958,https://www.checkpointinmo.com/,3.8,67.0,es,Google reviews: 3.8* / 67,OPERATIONAL,"('real_estate_agency', 'point_of_interest', 'establishment')",7181.0,,,,,
166,Oliver Mateu ( 07014 ),"Av. de Gabriel Roca, 3, planta baja, Ponent, 07014 Palma, Illes Balears, España",971222444,http://www.olivermateu.com/,3.9,46.0,es,Google reviews: 3.9* / 46,OPERATIONAL,"('real_estate_agency', 'point_of_interest', 'establishment')",7014.0,,,,,
167,Iconic Properties Mallorca,"Carrer de Son Armadans, Ponent, 07014 Palma, Illes Balears, España",685475120,https://www.iconicpropertiesmallorca.com/,5.0,9.0,es,Google reviews: 5* / 9,OPERATIONAL,"('real_estate_agency', 'point_of_interest', 'establishment')",7014.0,,,,,
168,ImmoConceptBalear,"Passeig Illetes, 4, 07181 ses Illetes, Illes Balears, España",693739566,http://www.immoconceptbalear.com/,5.0,7.0,de,Google reviews: 5* / 7,OPERATIONAL,"('real_estate_agency', 'consultant', 'point_of_interest', 'establishment')",7181.0,,,,,
169,Lucas Froese Real Estate,"Carrer de ses Eres, 4, 07200 Felanitx, Illes Balears, España",971092634,https://www.lucasfroeserealestate.com/,4.9,79.0,es,Google reviews: 4.9* / 79,OPERATIONAL,"('real_estate_agency', 'consultant', 'point_of_interest', 'establishment')",7200.0,,,,,
170,Mallorca Site,"Polígon Son Bugadelles, Carrer de les Illes Balears, 14, 07180 Santa Ponça, Illes Balears, España",971712165,http://www.mallorcasite.com/es,4.9,34.0,es,Google reviews: 4.9* / 34,OPERATIONAL,"('real_estate_agency', 'consultant', 'point_of_interest', 'establishment')",7180.0,,,,,
171,Inmobiliaria Mallorca ( 07180 ),"Carrer de Ramon de Montcada, 23, 07180 Santa Ponça, Illes Balears, España",971692763,https://www.inmobiliariamallorca-api.com/,3.3,13.0,es,Google reviews: 3.3* / 13,OPERATIONAL,"('real_estate_agency', 'point_of_interest', 'establishment')",7180.0,,,,,
172,YES MALLORCA PROPERTY,"Avinguda del Rei Jaume I, 109, 07180 Santa Ponça, Illes Balears, España",971695828,https://yes-mallorca-immobilien.de/,4.8,35.0,en,Google reviews: 4.8* / 35,OPERATIONAL,"('real_estate_agency', 'point_of_interest', 'establishment')",7180.0,,,,,
173,INMOBILIARIA TOÑI RUIZ,"Carrer, Via Mallorca, nº 9, 07590 Cala Rajada, Illes Balears, España",971566654,http://www.toniruiz.com/,4.6,47.0,en,Google reviews: 4.6* / 47,OPERATIONAL,"('real_estate_agency', 'point_of_interest', 'establishment')",7590.0,,,,,
174,First Mallorca Andratx,"Av. Mateo Bosch, 5, 07157 Port d'Andratx, Illes Balears, España",971698888,https://www.firstmallorca.com/en/sales/andratx-properties,3.7,13.0,es,Google reviews: 3.7* / 13,OPERATIONAL,"('real_estate_agency', 'consultant', 'point_of_interest', 'establishment')",7157.0,,,,,
175,FIRST Inmobiliaria,"Edif. Sa Carroca Park, Carretera de Ibiza a San José, Km 0.9, 07817 San Jordi, Illes Balears, España",971197830,http://www.real-estate-ibiza.com/,4.7,10.0,es,Google reviews: 4.7* / 10,OPERATIONAL,"('real_estate_agency', 'point_of_interest', 'establishment')",7817.0,,,,,
176,Home Menorca ,"Carrer de l'Àngel, 25, 07703 Maó, Illes Balears, España",971357070,http://www.homemenorca.com/,4.7,58.0,es,Google reviews: 4.7* / 58,OPERATIONAL,"('real_estate_agency', 'point_of_interest', 'establishment')",7703.0,,,,,
177,Sandberg Estates,"Carrer Garcilaso de la Vega, 1, Local 5, 07181 Portals Nous, Illes Balears, España",871853907,https://sandberg-estates.com/,4.9,52.0,es,Google reviews: 4.9* / 52,OPERATIONAL,"('real_estate_agency', 'consultant', 'general_contractor', 'point_of_interest', 'establishment')",7181.0,,,,,
178,LLH Solucions Immobiliàries,"Carrer de la Pursiana, 24, Ponent, 07013 Palma, Illes Balears, España",667561359,http://llhsolucionsimmobiliaries.com/,4.8,14.0,es,Google reviews: 4.8* / 14,OPERATIONAL,"('real_estate_agency', 'point_of_interest', 'establishment')",7013.0,,,,,
179,ELEVENHOMES,"Av. de Gabriel Roca, 14, local B, 07014 Palma, Illes Balears, España",667648413,http://elevenhomes.com/,4.8,25.0,es,Google reviews: 4.8* / 25,OPERATIONAL,"('real_estate_agency', 'point_of_interest', 'establishment')",7014.0,,,,,
180,Casas Mallorca,"Carrer de sa Lluna, 41, 07100 Sóller, Illes Balears, España",971638011,http://www.casasmallorca.com/,4.2,14.0,es,Google reviews: 4.2* / 14,OPERATIONAL,"('real_estate_agency', 'point_of_interest', 'establishment')",7100.0,,,,,
181,Buy a Home Mallorca ( 07006 ),"Carrer de Joan Nicolau i Barceló, 23, Platja de Palma, 07006 Palma, Illes Balears, España",971247276,http://www.buyahomemallorca.com/,4.7,22.0,sv,Google reviews: 4.7* / 22,OPERATIONAL,"('real_estate_agency', 'point_of_interest', 'establishment')",7006.0,,,,,
182,Servicasa Baleares,"Gremi des Fusters, 33, Local 2, Nord, 07009 Palma, Illes Balears, España",871244659,http://www.servicasabaleares.com/,5.0,26.0,es,Google reviews: 5* / 26,OPERATIONAL,"('real_estate_agency', 'consultant', 'point_of_interest', 'establishment')",7009.0,,,,,
183,Tresidence Servicios Inmobiliarios,"Camí de la Cabana, 24, 07141 Marratxí, Illes Balears, España",656307517,https://tresidence.es/,5.0,19.0,es,Google reviews: 5* / 19,OPERATIONAL,"('real_estate_agency', 'point_of_interest', 'establishment')",7141.0,,,,,
184,Minkner & Bonitz Mallorca Immobilien,"Avinguda del Rei Jaume I, 109, 07180 Santa Ponça, Illes Balears, España",971695255,https://www.minkner.com/,4.5,31.0,es,Google reviews: 4.5* / 31,OPERATIONAL,"('real_estate_agency', 'consultant', 'point_of_interest', 'establishment')",7180.0,,,,,
185,+QPISOS,,668570480,https://www.qpisos.com/,5.0,13.0,es,Google reviews: 5* / 13,OPERATIONAL,"('real_estate_agency', 'establishment')",,,,,,
186,House in Mallorca,,659555670,https://www.houseinmallorca.com/,4.8,6.0,es,Google reviews: 4.8* / 6,OPERATIONAL,"('real_estate_agency', 'establishment')",,,,,,
187,Grup Rebassa,"Carrer de General Weyler, 49, 07141 Pla de na Tesa, Illes Balears, España",971794959,http://www.gruprebassa.com/,4.8,43.0,es,Google reviews: 4.8* / 43,OPERATIONAL,"('real_estate_agency', 'electrician', 'general_contractor', 'consultant', 'point_of_interest', 'establishment')",7141.0,,,,,
188,Arenal Invest CB,"Carrer Bartomeu Oliver de Can Tunis, 24, Llevant, 07198 Son Ferriol, Illes Balears, España",680492738,https://www.arenal-invest.com/,4.9,13.0,es,Google reviews: 4.9* / 13,OPERATIONAL,"('real_estate_agency', 'point_of_interest', 'establishment')",7198.0,,,,,
189,Ecoquantic Grup Inmobiliaria,"Carrer Can Mas, 4, 07141 Pla de na Tesa, Illes Balears, España",971416916,http://www.ecoquanticgrup.com/,4.7,37.0,es,Google reviews: 4.7* / 37,OPERATIONAL,"('real_estate_agency', 'point_of_interest', 'establishment')",7141.0,,,,,
190,GestPropiedad Sant Jordi,"Carrer Neira, 23, Llevant, 07199 Palma, Illes Balears, España",971742908,https://gestpropiedad.com/santjordi,4.8,58.0,es,Google reviews: 4.8* / 58,OPERATIONAL,"('real_estate_agency', 'point_of_interest', 'establishment')",7199.0,,,,,
191,Grupo Milana,"Camí de Muntanya, 10, 07141 Poligono Industrial de Marratxi, Illes Balears, España",971725782,http://www.grupomilana.com/,5.0,9.0,es,Google reviews: 5* / 9,OPERATIONAL,"('real_estate_agency', 'point_of_interest', 'establishment')",7141.0,,,,,
192,INMOBILIARIA SOLIDARIA,"Carrer Licorers, pol 2 b, 07141 Es Pont d'Inca, Illes Balears, España",678412913,https://www.facebook.com/inmobiliariasolidariasl,4.6,17.0,es,Google reviews: 4.6* / 17,OPERATIONAL,"('real_estate_agency', 'point_of_interest', 'establishment')",7141.0,,,,,
193,Fincas Molina,"Carrer de les Illes Pitiüses, 11, Platja de Palma, 07007 Palma, Illes Balears, España",971909565,https://www.fincasmolina.com/,3.4,15.0,es,Google reviews: 3.4* / 15,OPERATIONAL,"('real_estate_agency', 'point_of_interest', 'establishment')",7007.0,,,,,
194,Gestión Inmobiliaria JMA (Baleares),,633518792,http://www.gestioninmobiliariajma.com/,4.9,38.0,es,Google reviews: 4.9* / 38,OPERATIONAL,"('real_estate_agency', 'establishment')",,,,,,
195,Isla Bonita Mallorca Gestión Inmobiliaria,,611165241,http://www.islabonitamallorca.com/,5.0,7.0,es,Google reviews: 5* / 7,OPERATIONAL,"('real_estate_agency', 'establishment')",,,,,,
196,Living Blue Mallorca  ( 07320 ),"Plaça Hostals, 8, 07320 Santa Maria del Camí, Illes Balears, España",971510609,https://www.livingblue-mallorca.com/,5.0,174.0,es,Google reviews: 5* / 174,OPERATIONAL,"('real_estate_agency', 'consultant', 'point_of_interest', 'establishment')",7320.0,,,,,
197,Engel & Völkers Palma Beach,"Carrer de Marbella, 71, Platja de Palma, 07610 Palma, Illes Balears, España",971412925,https://www.engelvoelkers.com/es/en/shops/palma-beach,4.9,53.0,en,Google reviews: 4.9* / 53,OPERATIONAL,"('real_estate_agency', 'point_of_interest', 'establishment')",7610.0,,,,,
198,Agencia Inmobiliaria Mir ( 07600 ),"Plaça Reina Maria Cristina, 12, 07600 El Arenal, Illes Balears, España",971441396,http://www.inmobiliariamir.com/,4.1,34.0,es,Google reviews: 4.1* / 34,OPERATIONAL,"('real_estate_agency', 'point_of_interest', 'establishment')",7600.0,,,,,
199,Engel & Völkers Santa Maria del Camí,"Carrer Marquès de la Fontsanta, 45, 07320 Santa Maria del Camí, Illes Balears, España",971621629,https://www.engelvoelkers.com/es/en/shops/santa-maria,4.8,82.0,en,Google reviews: 4.8* / 82,OPERATIONAL,"('real_estate_agency', 'finance', 'consultant', 'point_of_interest', 'establishment')",7320.0,,,,,
200,Premium Balear Real Estate,"Carrer de Marbella, 22, Platja de Palma, 07610 Palma, Illes Balears, España",971090514,http://www.premium-balear.com/,4.0,18.0,de,Google reviews: 4* / 18,OPERATIONAL,"('real_estate_agency', 'point_of_interest', 'establishment')",7610.0,,,,,
201,Inmocasa Arenal,"Carrer Balears, 19, 07600 El Arenal, Illes Balears, España",971443342,http://inmocasaarenal.es/,3.8,17.0,en,Google reviews: 3.8* / 17,OPERATIONAL,"('real_estate_agency', 'store', 'point_of_interest', 'establishment')",7600.0,,,,,
202,Homeing Mallorca · Inmobiliaria · Real Estate,"Carrer del Bisbe Roig, 87, bajos, 07620 Llucmajor, Illes Balears, España",971125277,https://www.homeingmallorca.com/,4.9,84.0,es,Google reviews: 4.9* / 84,OPERATIONAL,"('real_estate_agency', 'consultant', 'point_of_interest', 'establishment')",7620.0,,,,,
203,Schanz & Kohne Immobilien Mallorca,"Carrer de l'Ametler, 1, 07609 Llucmajor, Illes Balears, España",628120681,http://www.schanzundkohne.de/,4.4,64.0,es,Google reviews: 4.4* / 64,OPERATIONAL,"('real_estate_agency', 'point_of_interest', 'establishment')",7609.0,,,,,
204,Fincas Sant Lluís ,"Carrer del Comte de Lannion, 95, 07710 Sant Lluís, Illes Balears, España",971151812,https://www.fincassantlluis.com/,4.9,56.0,es,Google reviews: 4.9* / 56,OPERATIONAL,"('real_estate_agency', 'point_of_interest', 'establishment')",7710.0,,,,,
205,Inmobiliaria Menorca ,"Carrer de Biniarroca, 12, 07710 Sant Lluís, Illes Balears, España",971351530,https://www.sesmoreres.com/,4.8,38.0,es,Google reviews: 4.8* / 38,OPERATIONAL,"('real_estate_agency', 'point_of_interest', 'establishment')",7710.0,,,,,
206,Comas Inmobiliaria Menorca,"Carrer de Sant Lluís, 69, 07710 Sant Lluís, Illes Balears, España",971722236,http://menorcainmobiliaria.com/,5.0,14.0,es,Google reviews: 5* / 14,OPERATIONAL,"('real_estate_agency', 'point_of_interest', 'establishment')",7710.0,,,,,
207,KENSINGTON Finest Properties International  ( 07570 ),"C. de Ciutat, 22, 07570 Artà, Illes Balears, España",670275663,https://kensington-international.com/de/es/mallorca/arta,4.9,69.0,de,Google reviews: 4.9* / 69,OPERATIONAL,"('real_estate_agency', 'consultant', 'point_of_interest', 'establishment')",7570.0,,,,,
208,Palma Pisos,"Carrer de Lope de Vega, 5, 07013 Palma, Illes Balears, España",971220055,http://www.palmapisos.net/,3.2,66.0,es,Google reviews: 3.2* / 66,OPERATIONAL,"('real_estate_agency', 'point_of_interest', 'establishment')",7013.0,,,,,
209,Kensington Finest Properties International,"Calle Conquistador N°8 bajo, Distrito Centro, 07001 Palma, Illes Balears, España",971674306,https://www.kensington-international.com/de/mallorca/,3.5,29.0,es,Google reviews: 3.5* / 29,OPERATIONAL,"('real_estate_agency', 'point_of_interest', 'establishment')",7001.0,,,,,
210,KENSINGTON Finest Properties International  ( 07460 ),"Carrer de Philip Newman, 17, 07460 Pollença, Illes Balears, España",971533323,https://kensington-international.com/de/es/mallorca/pollensa,4.9,39.0,es,Google reviews: 4.9* / 39,OPERATIONAL,"('real_estate_agency', 'consultant', 'point_of_interest', 'establishment')",7460.0,,,,,
211,Inmobiliaria Nova Ávila,"Av. Ramon de Sant Martí, 1, local 1, 07620 Llucmajor, Illes Balears, España",692803144,http://inmobiliariaavilagestiones.com/,4.9,84.0,es,Google reviews: 4.9* / 84,OPERATIONAL,"('real_estate_agency', 'point_of_interest', 'establishment')",7620.0,,,,,
212,Imperial Properties Inmobiliaria CB,"Avinguda del Rei Jaume I, 111, Local 5, 07180 Santa Ponça, Illes Balears, España",971692434,http://www.imperial-properties.com/,4.7,77.0,es,Google reviews: 4.7* / 77,OPERATIONAL,"('real_estate_agency', 'point_of_interest', 'establishment')",7180.0,,,,,
213,GestPropiedad Maioris,"Carrer Imperial, 2, 07609 Llucmajor, Illes Balears, España",971237812,https://www.gestpropiedad.com/maioris,4.9,86.0,ru,Google reviews: 4.9* / 86,OPERATIONAL,"('real_estate_agency', 'finance', 'lawyer', 'consultant', 'point_of_interest', 'establishment')",7609.0,,,,,
214,Xarxa Homes  ( 07181 ),"Carrer Miguel de Cervantes, 23, Local 3, 07181 Costa d'en Blanes, Illes Balears, España",971684108,https://www.xarxahomes.com/,5.0,8.0,es,Google reviews: 5* / 8,OPERATIONAL,"('real_estate_agency', 'consultant', 'general_contractor', 'point_of_interest', 'establishment')",7181.0,,,,,
215,Inmobiliaria Sud Mallorca,"Carrer Gabriel Roca, 33, 07638 Colònia de Sant Jordi, Illes Balears, España",680343820,http://www.sudmallorca.com/,4.6,19.0,es,Google reviews: 4.6* / 19,OPERATIONAL,"('real_estate_agency', 'point_of_interest', 'establishment')",7638.0,,,,,
216,BB IMMOBILIEN MALLORCA,"Carrer D'es Convent, 23, 07620 Llucmajor, Illes Balears, España",+491633462522,https://www.bb-mallorca.com/,4.9,31.0,es,Google reviews: 4.9* / 31,OPERATIONAL,"('real_estate_agency', 'consultant', 'point_of_interest', 'establishment')",7620.0,,,,,
217,Fincas Faro Menorca inmobiliaria,"Avinguda de Josep A. Clavé, 38, 07702 Maó, Illes Balears, España",660043053,http://www.fincasfaro.net/,4.7,140.0,es,Google reviews: 4.7* / 140,OPERATIONAL,"('real_estate_agency', 'point_of_interest', 'establishment')",7702.0,,,,,
218,Casas en Menorca,"Pl. Reial, 4, 07702 Maó, Illes Balears, España",971363300,http://www.casasenmenorca.com/,4.6,157.0,es,Google reviews: 4.6* / 157,OPERATIONAL,"('real_estate_agency', 'point_of_interest', 'establishment')",7702.0,,,,,
219,Inmobiliaria Fincas Bonnin Sanso Mahon,"Carrer Nou, 14, 07701 Maó, Illes Balears, España",971350405,https://www.bonninsanso.com/,4.4,127.0,es,Google reviews: 4.4* / 127,OPERATIONAL,"('real_estate_agency', 'consultant', 'point_of_interest', 'establishment')",7701.0,,,,,
220,ATIPIKA Lifestyle Properties Inmobiliaria en Menorca,"Avinguda de Fort de l'Eau, 64, 07701 Maó, Illes Balears, España",971576961,http://www.atipika.com/,4.8,32.0,es,Google reviews: 4.8* / 32,OPERATIONAL,"('real_estate_agency', 'jewelry_store', 'store', 'point_of_interest', 'establishment')",7701.0,,,,,
221,Autèntic Menorca ,,613550874,https://www.autenticmenorca.com/,5.0,12.0,es,Google reviews: 5* / 12,OPERATIONAL,"('real_estate_agency', 'finance', 'consultant', 'establishment')",,,,,,
222,Micol Homes & Property,"Carrer de Sant Lluís Gonçaga, 5B, 07702 Maó, Illes Balears, España",693019509,http://www.micolhomesproperty.com/,5.0,8.0,es,Google reviews: 5* / 8,OPERATIONAL,"('real_estate_agency', 'point_of_interest', 'establishment')",7702.0,,,,,
223,FINCAS VENALIS ,"Carrer d'Alaior, 17, 07703 Maó, Illes Balears, España",971355757,http://www.venalismenorca.com/,4.7,11.0,es,Google reviews: 4.7* / 11,OPERATIONAL,"('real_estate_agency', 'point_of_interest', 'establishment')",7703.0,,,,,
224,Fincas Mantolán ,"Carrer Nou, 3, 07701 Maó, Illes Balears, España",971352896,https://www.fincasmantolan.com/,4.8,80.0,es,Google reviews: 4.8* / 80,OPERATIONAL,"('real_estate_agency', 'point_of_interest', 'establishment')",7701.0,,,,,
225,Menorcasa,"Plaça del Príncep, 4, 07701 Maó, Illes Balears, España",971355789,http://www.menorcasa.com/,5.0,39.0,es,Google reviews: 5* / 39,OPERATIONAL,"('real_estate_agency', 'consultant', 'point_of_interest', 'general_contractor', 'finance', 'establishment')",7701.0,,,,,
226,Engel & Völkers Real Estate Inmobiliaria Mahón,"Carrer de ses Moreres, 34, 07703 Maó, Illes Balears, España",,http://www.engelvoelkers.com/menorca,4.3,40.0,en,Google reviews: 4.3* / 40,OPERATIONAL,"('real_estate_agency', 'consultant', 'point_of_interest', 'establishment')",7703.0,,,,,
227,Grupo Inmobiliario Tutzo,"Carrer de ses Moreres, 54, 07703 Maó, Illes Balears, España",971350818,http://www.tutzoinmobiliaria.com/,3.1,42.0,es,Google reviews: 3.1* / 42,OPERATIONAL,"('real_estate_agency', 'point_of_interest', 'establishment')",7703.0,,,,,
228,We build Menorca,"Carrer de Sant Sebastià, 91, 07701 Maó, Illes Balears, España",617412478,http://www.webuildmenorca.com/,5.0,17.0,es,Google reviews: 5* / 17,OPERATIONAL,"('real_estate_agency', 'consultant', 'point_of_interest', 'finance', 'establishment')",7701.0,,,,,
229,Inmobiliaria Riera & Taylor,"Rambla del Rei en Jaume, 5, 07500 Manacor, Illes Balears, España",680915499,https://www.rierataylor.com/,4.3,231.0,en,Google reviews: 4.3* / 231,OPERATIONAL,"('real_estate_agency', 'point_of_interest', 'establishment')",7500.0,,,,,
230,"Fincas Armengol Mahón, Menorca","Avinguda de Fort de l'Eau, 123, 07701 Maó, Illes Balears, España",971362622,https://fincasarmengol.com/,4.4,24.0,es,Google reviews: 4.4* / 24,OPERATIONAL,"('real_estate_agency', 'consultant', 'point_of_interest', 'establishment')",7701.0,,,,,
231,Fincas Moncloa,"Avinguda de Fort de l'Eau, 153, 07701 Maó, Illes Balears, España",680680680,http://www.fincasmoncloa.com/,3.8,12.0,es,Google reviews: 3.8* / 12,OPERATIONAL,"('real_estate_agency', 'point_of_interest', 'establishment')",7701.0,,,,,
232,J'achète en Espagne - Minorque,,650648642,https://jacheteenespagne.com/immobilier-minorque/,5.0,56.0,fr,Google reviews: 5* / 56,OPERATIONAL,"('real_estate_agency', 'finance', 'general_contractor', 'consultant', 'establishment')",,,,,,
233,MyM Inmobiliarias de Menorca ,"Carrer de Sant Joan Bosco, 33, 07760 Ciutadella de Menorca, Illes Balears, España",656368330,http://www.inmomenorca.net/%20%20%20%7C%20https://reformasamjmenorca.com/,4.4,8.0,es,Google reviews: 4.4* / 8,OPERATIONAL,"('real_estate_agency', 'point_of_interest', 'establishment')",7760.0,,,,,
234,Fincas Sunshine ,"Via de Ronda de S'estancia, 10, 07740 Es Mercadal, Illes Balears, España",971154417,http://www.fincas-sunshine.com/,4.7,59.0,es,Google reviews: 4.7* / 59,OPERATIONAL,"('real_estate_agency', 'point_of_interest', 'establishment')",7740.0,,,,,
235,Inmo Menorca Centro,"Avinguda de Jaume I el Conqueridor, 13, 07760 Ciutadella de Menorca, Illes Balears, España",675413075,http://inmomenorcacentro.com/,4.9,180.0,es,Google reviews: 4.9* / 180,OPERATIONAL,"('real_estate_agency', 'point_of_interest', 'establishment')",7760.0,,,,,
236,Inmosoller,"Camí des Murterar, S/N, 07100, Illes Balears, España",646368526,https://www.inmosoller.com/,5.0,40.0,es,Google reviews: 5* / 40,OPERATIONAL,"('real_estate_agency', 'lodging', 'finance', 'consultant', 'point_of_interest', 'establishment')",7100.0,,,,,
237,Inmobiliària Hàbitat Sóller,"Plaça d'Espanya, 12, 07100 Sóller, Illes Balears, España",679355811,http://www.habitatsoller.es/,4.9,28.0,es,Google reviews: 4.9* / 28,OPERATIONAL,"('real_estate_agency', 'point_of_interest', 'establishment')",7100.0,,,,,
238,Mallorca Dream Homes,"Ctra. de Desviament, 62, 07100 Sóller, Illes Balears, España",971634918,http://www.mallorca-dreamhomes.com/,4.4,67.0,es,Google reviews: 4.4* / 67,OPERATIONAL,"('real_estate_agency', 'point_of_interest', 'establishment')",7100.0,,,,,
239,Xisca Coll Immobiliària,"Carrer de la Rectoria, 13, 07100 Sóller, Illes Balears, España",971633901,http://www.xiscacoll.com/,4.9,14.0,es,Google reviews: 4.9* / 14,OPERATIONAL,"('real_estate_agency', 'point_of_interest', 'establishment')",7100.0,,,,,
240,Living Blue Mallorca  ( 07108 ),"Passeig Es Traves, 25, 07108 Port de Sóller, Illes Balears, España",871000500,https://www.livingblue-mallorca.com/,5.0,86.0,es,Google reviews: 5* / 86,OPERATIONAL,"('real_estate_agency', 'consultant', 'point_of_interest', 'establishment')",7108.0,,,,,
241,Enseñat immobiliària,"Carrer de Bauçà, 5A, 07100 Sóller, Illes Balears, España",971630398,https://ensenatinmobiliaria.com/,5.0,11.0,es,Google reviews: 5* / 11,OPERATIONAL,"('real_estate_agency', 'point_of_interest', 'establishment')",7100.0,,,,,
242,Esther Guesdon Inmobiliaria,"Carrer de Sant Joan, 4A, 07100 Sóller, Illes Balears, España",680434887,http://www.guesdoninmobiliaria.com/,5.0,11.0,es,Google reviews: 5* / 11,OPERATIONAL,"('real_estate_agency', 'point_of_interest', 'establishment')",7100.0,,,,,
243,Sóller Studio Real Estate,"Carrer de la Rectoria, 3, 07100 Sóller, Illes Balears, España",871872105,http://www.sollerstudio.com/,4.8,36.0,es,Google reviews: 4.8* / 36,OPERATIONAL,"('real_estate_agency', 'point_of_interest', 'establishment')",7100.0,,,,,
244,IMMOBILIÀRIA SÓLLER HOMES,"18 de noviembre, 2005, 01, 07100 Sóller, Illes Balears, España",616807592,http://www.sollerhomes.com/,4.2,13.0,es,Google reviews: 4.2* / 13,OPERATIONAL,"('real_estate_agency', 'point_of_interest', 'establishment')",7100.0,,,,,
245,Engel & Völkers Sóller,"Carrer de Bauçà, 4, 07100 Sóller, Illes Balears, España",971633063,https://www.engelvoelkers.com/majorca/soller/,4.8,17.0,es,Google reviews: 4.8* / 17,OPERATIONAL,"('real_estate_agency', 'consultant', 'point_of_interest', 'finance', 'establishment')",7100.0,,,,,
246,Charles Marlow,"Carrer Arxiduc Luís Salvador, 2A, 07179 Deià, Illes Balears, España",971636427,https://www.charlesmarlow.com/,4.9,74.0,en,Google reviews: 4.9* / 74,OPERATIONAL,"('real_estate_agency', 'point_of_interest', 'establishment')",7179.0,,,,,
247,Morey Inmobiliaria,"Carrer de la Venerable Sor Aina, 8, 07170 Valldemossa, Illes Balears, España",639493031,http://www.moreyinmobiliaria.com/,4.8,38.0,es,Google reviews: 4.8* / 38,OPERATIONAL,"('real_estate_agency', 'point_of_interest', 'establishment')",7170.0,,,,,
248,Marandvillas Holiday Homes,"Plaça de sa Constitució, 3, 1º A, 07100 Sóller, Illes Balears, España",616159155,http://www.marandvillas.com/,3.8,10.0,es,Google reviews: 3.8* / 10,OPERATIONAL,"('real_estate_agency', 'point_of_interest', 'establishment')",7100.0,,,,,
249,KENSINGTON Finest Properties International  ( 07180 ),"Avinguda del Rei Jaume I, 109, local 2, 07180 Santa Ponça, Illes Balears, España",971690421,https://kensington-santaponsa.com/,3.9,26.0,es,Google reviews: 3.9* / 26,OPERATIONAL,"('real_estate_agency', 'point_of_interest', 'establishment')",7180.0,,,,,
250,Marietta Homes,,660184273,http://www.mariettahomes.es/,5.0,15.0,es,Google reviews: 5* / 15,OPERATIONAL,"('real_estate_agency', 'establishment')",,,,,,
251,Inmobiliaria Inca ,"Av. Jaume I, 37, A, 07300 Inca, Illes Balears, España",871919192,http://www.a8inmobiliaria.com/,4.6,325.0,es,Google reviews: 4.6* / 325,OPERATIONAL,"('real_estate_agency', 'lawyer', 'consultant', 'point_of_interest', 'establishment')",7300.0,,,,,
252,Villas y Fincas Mallorca,"Carrer Joan March, 2, 07640 Ses Salines, Illes Balears, España",971641758,http://www.villasyfincasmallorca.com/,3.5,24.0,es,Google reviews: 3.5* / 24,OPERATIONAL,"('real_estate_agency', 'point_of_interest', 'establishment')",7640.0,,,,,
253,Mallorca Dream ,"Ronda Oeste, 40, 07680 Porto Cristo, Illes Balears, España",606347074,http://www.mallorca-dream.eu/,4.0,27.0,de,Google reviews: 4* / 27,OPERATIONAL,"('real_estate_agency', 'point_of_interest', 'establishment')",7680.0,,,,,
254,Prialtum Real Estate,"07110 Buñola, Illes Balears, España",644761702,http://www.prialtum.com/,5.0,56.0,es,Google reviews: 5* / 56,OPERATIONAL,"('real_estate_agency', 'point_of_interest', 'establishment')",7110.0,,,,,
255,Inmobiliaria Fernando Dameto,"Costa de s'Estació, 2, 07110 Bunyola, Illes Balears, España",971615424,https://www.fernandodameto.com/,3.3,12.0,es,Google reviews: 3.3* / 12,OPERATIONAL,"('real_estate_agency', 'point_of_interest', 'establishment')",7110.0,,,,,
256,INMOBILIARIA LLABRÉS,"Carrer de Costa i Llobera, 07300 Inca, Illes Balears, España",971509999,http://www.inmollabres.com/,4.4,29.0,es,Google reviews: 4.4* / 29,OPERATIONAL,"('real_estate_agency', 'consultant', 'point_of_interest', 'establishment')",7300.0,,,,,
257,REMAX Better Life ,"Carrer de, Carrer Joan d'Austria, 34, 07300 Inca, Illes Balears, España",871042110,http://betterliferemax.es/,4.7,63.0,ca,Google reviews: 4.7* / 63,OPERATIONAL,"('real_estate_agency', 'point_of_interest', 'establishment')",7300.0,,,,,
258,Dray and Partners Mallorca,"Camí de Pedaç, 55, 07350 Binissalem, Illes Balears, España",658931705,https://draypartners.com/?utm_source=gmb&utm_medium=lien&utm_campaign=fichegmb,4.5,63.0,es,Google reviews: 4.5* / 63,OPERATIONAL,"('real_estate_agency', 'consultant', 'point_of_interest', 'establishment')",7350.0,,,,,
259,Inmobiliaria King,"Camí Coma, 18, 07350 Binissalem, Illes Balears, España",971520022,http://inmobiliariaking.com/,4.5,34.0,es,Google reviews: 4.5* / 34,OPERATIONAL,"('real_estate_agency', 'point_of_interest', 'establishment')",7350.0,,,,,
260,Abi 4 Consultors,"Carrer de ses Germanies, 16, 07350 Binissalem, Illes Balears, España",971512322,https://www.abi4.net/es/,4.7,34.0,es,Google reviews: 4.7* / 34,OPERATIONAL,"('real_estate_agency', 'point_of_interest', 'establishment')",7350.0,,,,,
261,Nou espai Inmobiliaria,"C/ de Sant Miquel, 2, 07300 Inca, Illes Balears, España",659764274,http://www.nouespaiinmobiliaria.com/,3.5,14.0,es,Google reviews: 3.5* / 14,OPERATIONAL,"('real_estate_agency', 'consultant', 'point_of_interest', 'establishment')",7300.0,,,,,
262,GestPropiedad Inca,"Calle del Gral. Luque, 442, Local 1, 07300 Inca, Illes Balears, España",600886384,https://gestpropiedad.com/,4.8,66.0,es,Google reviews: 4.8* / 66,OPERATIONAL,"('real_estate_agency', 'point_of_interest', 'establishment')",7300.0,,,,,
263,Berendsen,"Carrer de sa Quartera, Plaça, nº 1, 07350 Binissalem, Illes Balears, España",871858724,http://www.berendsen-realestate.com/,4.3,8.0,es,Google reviews: 4.3* / 8,OPERATIONAL,"('real_estate_agency', 'point_of_interest', 'establishment')",7350.0,,,,,
264,GabyLoyam Inmobiliaria,"Carrer Joan d'Austria, 39, 07300 Inca, Illes Balears, España",971507299,http://www.gabyloyam.com/,3.2,14.0,es,Google reviews: 3.2* / 14,OPERATIONAL,"('real_estate_agency', 'point_of_interest', 'establishment')",7300.0,,,,,
265,Charming House Booking S.L,"Carrer de sa Portallada, núm 16, Bajos, 07144 Costitx, Illes Balears, España",971891826,http://www.charminghousemallorca.es/,4.2,59.0,es,Google reviews: 4.2* / 59,OPERATIONAL,"('real_estate_agency', 'insurance_agency', 'lodging', 'finance', 'point_of_interest', 'establishment')",7144.0,,,,,
266,Cas Julians - The Old Cottage,"Carrer Ruberts, 07511 Ruberts, Illes Balears, España",643369058,https://www.fincasgloria.com/cas-julians,4.2,11.0,es,Google reviews: 4.2* / 11,OPERATIONAL,"('real_estate_agency', 'lodging', 'point_of_interest', 'establishment')",7511.0,,,,,
267,Nappo Real Estate I Inmobiliaria en Mallorca y Madrid I Oficina Marratxí,"Camí de la Cabana, 40, 07141 Marratxinet, Illes Balears, España",971370846,https://www.napporealestate.com/,4.6,9.0,es,Google reviews: 4.6* / 9,OPERATIONAL,"('real_estate_agency', 'point_of_interest', 'establishment')",7141.0,,,,,
268,RE/MAX DEL MAR Centro de Negocios Inmobiliarios,"Camí de la Cabana, 67, Local 1, 07141 Marratxí, Illes Balears, España",674851648,https://www.delmar.remax.es/,5.0,29.0,es,Google reviews: 5* / 29,OPERATIONAL,"('real_estate_agency', 'point_of_interest', 'establishment')",7141.0,,,,,
269,RE/MAX Calm Inmobiliaria Mallorca,"Carrer d'Alcúdia, 2, 07460 Pollença, Illes Balears, España",971536335,https://remax-calm.es/,4.9,65.0,ca,Google reviews: 4.9* / 65,OPERATIONAL,"('real_estate_agency', 'point_of_interest', 'establishment')",7460.0,,,,,
270,REMAX Aura inmobiliaria Mallorca,"Carrer d'Antoni Blanes Joan, 17, 07570 Artà, Illes Balears, España",636826461,http://aura.remax.es/,4.9,29.0,es,Google reviews: 4.9* / 29,OPERATIONAL,"('real_estate_agency', 'point_of_interest', 'establishment')",7570.0,,,,,
271,RE/MAX Island,"Carrer Menorca, 20, 07011 Palma, Illes Balears, España",871591863,http://www.remaxisland.es/,4.6,50.0,en,Google reviews: 4.6* / 50,OPERATIONAL,"('real_estate_agency', 'point_of_interest', 'establishment')",7011.0,,,,,
272,KUNZE & PARTNER Immobilien auf ganz Mallorca,"Av. de Jaume III, 8, 2, Centre, 07012 Palma, Illes Balears, España",871003809,https://www.kunze-partner.com/,5.0,9.0,es,Google reviews: 5* / 9,OPERATIONAL,"('real_estate_agency', 'point_of_interest', 'establishment')",7012.0,,,,,
273,Martin & Huhn Mallorca Real Estate,"Carrer son Esteva, 5, Local 1, 07150 Andratx, Illes Balears, España",971337941,http://www.martinhuhn.com/,4.8,86.0,es,Google reviews: 4.8* / 86,OPERATIONAL,"('real_estate_agency', 'point_of_interest', 'establishment')",7150.0,,,,,
274,F. Alemany,"Plaça España, 1, local 1, 07150 Andratx, Illes Balears, España",971672106,http://www.inmobiliaria-alemany.es/,4.5,16.0,es,Google reviews: 4.5* / 16,OPERATIONAL,"('real_estate_agency', 'point_of_interest', 'establishment')",7150.0,,,,,
275,My Blue Mallorca ,"Coworking Offices, Carrer Brismar, 6, 07157 Port d'Andratx, Illes Balears, España",639520896,https://mybluemallorca.com/,4.9,18.0,es,Google reviews: 4.9* / 18,OPERATIONAL,"('real_estate_agency', 'point_of_interest', 'establishment')",7157.0,,,,,
276,Lietz Immobilien SL,"Carrer de Isaac Peral, 50, 07157 Port d'Andratx, Illes Balears, España",971671342,https://www.lietzmallorca.com/,4.7,53.0,es,Google reviews: 4.7* / 53,OPERATIONAL,"('real_estate_agency', 'point_of_interest', 'establishment')",7157.0,,,,,
277,PHOENIX MALLORCA,"Avinguda de Sa Platja, 2, Local 3, 07160 Es Camp de Mar, Illes Balears, España",628771184,http://www.phoenixmallorca.com/,5.0,18.0,es,Google reviews: 5* / 18,OPERATIONAL,"('real_estate_agency', 'point_of_interest', 'establishment')",7160.0,,,,,
278,INMOBILIARIA ANDREU FELIPE,"Carrer de sa Fábrica, 12, 07157 Port d'Andratx, Illes Balears, España",971671592,http://www.andreufelipe.com/,4.4,31.0,es,Google reviews: 4.4* / 31,OPERATIONAL,"('real_estate_agency', 'point_of_interest', 'establishment')",7157.0,,,,,
279,APART BALEAR ,"Cami des Comellar, 07157 Port d'Andratx, Illes Balears, España",617636426,http://www.apartbalear.com/,4.9,12.0,de,Google reviews: 4.9* / 12,OPERATIONAL,"('real_estate_agency', 'point_of_interest', 'establishment')",7157.0,,,,,
280,Inmobiliaria Ericsus & Falk,"Carrer de la Talaia, 1, 07160 Peguera, Illes Balears, España",971686617,http://www.ericsusandfalk.com/,4.4,31.0,es,Google reviews: 4.4* / 31,OPERATIONAL,"('real_estate_agency', 'point_of_interest', 'finance', 'establishment')",7160.0,,,,,
281,DAHLER Mallorca Puerto de Andratx,"Av. Mateo Bosch, 16, 07157 Port d'Andratx, Illes Balears, España",971672020,https://www.dahlercompany.com/de/mallorca/immobilienmakler/andratx,4.3,26.0,de,Google reviews: 4.3* / 26,OPERATIONAL,"('real_estate_agency', 'consultant', 'point_of_interest', 'establishment')",7157.0,,,,,
282,Living Feeling Mallorca,"Pl. dels Patrons Cristino, 8A, 07157 Port d'Andratx, Illes Balears, España",634331006,http://www.lfmallorca.com/,5.0,10.0,de,Google reviews: 5* / 10,OPERATIONAL,"('real_estate_agency', 'point_of_interest', 'establishment')",7157.0,,,,,
283,Ziob Immobilien & Versicherungen,"Carrer des Peix, 2, 07157 Port d'Andratx, Illes Balears, España",651861336,http://www.ziob-immobilien.com/,4.9,46.0,es,Google reviews: 4.9* / 46,OPERATIONAL,"('real_estate_agency', 'insurance_agency', 'point_of_interest', 'establishment')",7157.0,,,,,
284,Porta Mallorquina Real Estate Puerto Andratx,"Carrer de Isaac Peral, 49, local 3, 07157 Port d'Andratx, Illes Balears, España",971698242,https://www.porta-mallorquina.de/,5.0,8.0,en,Google reviews: 5* / 8,OPERATIONAL,"('real_estate_agency', 'point_of_interest', 'establishment')",7157.0,,,,,
285,Fara Homes SL,"Carrer Cristófol Colom, 1, 07157 Port d'Andratx, Illes Balears, España",971672455,http://www.fara-homes.com/,5.0,13.0,de,Google reviews: 5* / 13,OPERATIONAL,"('real_estate_agency', 'point_of_interest', 'establishment')",7157.0,,,,,
286,Engel & Völkers Port Andratx,"Carrer de Isaac Peral, 50, 07157 Port d'Andratx, Illes Balears, España",971674780,https://www.engelvoelkers.com/es/en/shops/puerto-andratx,4.7,31.0,de,Google reviews: 4.7* / 31,OPERATIONAL,"('real_estate_agency', 'point_of_interest', 'establishment')",7157.0,,,,,
287,Luxury Estates Mallorca ®  ( 07157 ),"Ctra. des Port, 118, Local 3, 07157 Port d'Andratx, Illes Balears, España",871520283,https://www.luxury-estates-mallorca.com/,4.5,16.0,de,Google reviews: 4.5* / 16,OPERATIONAL,"('real_estate_agency', 'consultant', 'point_of_interest', 'establishment')",7157.0,,,,,
288,BOHLENS IMMOBILIEN ,"Bulevar de Peguera, 16A, 07160 Peguera, Illes Balears, España",971689541,https://www.bohlens-immobilien.com/,4.4,15.0,es,Google reviews: 4.4* / 15,OPERATIONAL,"('real_estate_agency', 'point_of_interest', 'establishment')",7160.0,,,,,
289,EXKLUSIV KONZEPT ,"Carrer de Isaac Peral, 33, 07157 Port d'Andratx, Illes Balears, España",690881130,https://www.exklusiv-konzept.com/,4.6,9.0,es,Google reviews: 4.6* / 9,OPERATIONAL,"('real_estate_agency', 'consultant', 'point_of_interest', 'establishment')",7157.0,,,,,
290,Inmobiliaria Homely Mallorca,"Carrer D’es, Carrer de's Centre, 1, 07183 Costa de la Calma, Illes Balears, España",649299250,http://www.homelymallorca.com/,4.8,9.0,es,Google reviews: 4.8* / 9,OPERATIONAL,"('real_estate_agency', 'point_of_interest', 'establishment')",7183.0,,,,,
291,Claudia Kuhrau Immobilien,"Carrer Putxet, 29, 07160 Peguera, Illes Balears, España",639035585,https://claudiakuhrau-immobilien.com/,4.8,24.0,de,Google reviews: 4.8* / 24,OPERATIONAL,"('real_estate_agency', 'point_of_interest', 'establishment')",7160.0,,,,,
292,International Mallorca,"Carrer Major, 173, 07620 Llucmajor, Illes Balears, España",971121009,http://www.international-mallorca.com/,5.0,34.0,es,Google reviews: 5* / 34,OPERATIONAL,"('real_estate_agency', 'consultant', 'point_of_interest', 'general_contractor', 'establishment')",7620.0,,,,,
293,Inmobiliaria Cala Gaviota,"Carrer Estanys, 24, 07638 Colònia de Sant Jordi, Illes Balears, España",971655722,http://www.calagaviota.com/,4.1,30.0,es,Google reviews: 4.1* / 30,OPERATIONAL,"('real_estate_agency', 'point_of_interest', 'establishment')",7638.0,,,,,
294,Inmobiliaria Llucmajor,"Ronda Carlos V, 56, 07620 Llucmajor, Illes Balears, España",971662402,http://www.inmollucmajor.com/,4.3,32.0,es,Google reviews: 4.3* / 32,OPERATIONAL,"('real_estate_agency', 'point_of_interest', 'establishment')",7620.0,,,,,
295,INMOBILIARIA ES TRENC,"Plaça Espanya, 49, 07620 Llucmajor, Illes Balears, España",971664213,http://www.inmobiliariaestrenc.es/,3.1,9.0,es,Google reviews: 3.1* / 9,OPERATIONAL,"('real_estate_agency', 'point_of_interest', 'establishment')",7620.0,,,,,
296,Surmallorca,"Av. de Miramar, 44, 07639 Sa Ràpita, Illes Balears, España",971641494,http://www.surmallorca.com/,4.4,12.0,es,Google reviews: 4.4* / 12,OPERATIONAL,"('real_estate_agency', 'point_of_interest', 'establishment')",7639.0,,,,,
297,inmobiliaria Ca Na Neus,"Carrer d'es Born, 5, 07620 Llucmajor, Illes Balears, España",971660577,http://inmobiliariacananeus.es/,4.3,11.0,es,Google reviews: 4.3* / 11,OPERATIONAL,"('real_estate_agency', 'point_of_interest', 'establishment')",7620.0,,,,,
298,PALSmallorca Real Estate Agency,"Passeig de Jaume III, 1, A PLANTA BAJA, 07620 Llucmajor, Illes Balears, España",971596128,http://www.palsmallorca.com/,4.5,31.0,es,Google reviews: 4.5* / 31,OPERATIONAL,"('real_estate_agency', 'point_of_interest', 'establishment')",7620.0,,,,,
299,Finest Properties Mallorca S.L.,"Carretera Palma a Andratx, km 18, 07183 Costa de la Calma, Islas Baleares, Illes Balears, España",971698149,http://www.finestpropertiesmallorca.com/,4.7,23.0,es,Google reviews: 4.7* / 23,OPERATIONAL,"('real_estate_agency', 'point_of_interest', 'establishment')",7183.0,,,,,
300,Mallorca Prime Homes,"Avinguda del Rei Jaume I, 116, Local 3, 07180 Santa Ponça, Illes Balears, España",971692121,https://www.mallorcaprimehomes.com/,4.0,70.0,es,Google reviews: 4* / 70,OPERATIONAL,"('real_estate_agency', 'point_of_interest', 'establishment')",7180.0,,,,,
301,Immobilienmallorca.com,"Avinguda del Rei Jaume I, 111, 07180 Santa Ponça, Illes Balears, España",+4915153543136,https://www.immobilienmallorca.com/,5.0,39.0,de,Google reviews: 5* / 39,OPERATIONAL,"('real_estate_agency', 'point_of_interest', 'establishment')",7180.0,,,,,
302,Lenssen & Partner Inmobiliaria,"Carrer Huguet des Far, 16, 07183 Santa Ponça, Illes Balears, España",971670440,http://www.lenssenpartner.com/,4.0,17.0,de,Google reviews: 4* / 17,OPERATIONAL,"('real_estate_agency', 'point_of_interest', 'establishment')",7183.0,,,,,
303,Engel & Völkers Santa Ponsa,"Gran Via Puig des Castellet, 1, Bloque 1, Local, 2-A, 07180 Santa Ponça, Illes Balears, España",971699063,https://www.engelvoelkers.com/es/en/shops/santa-ponsa,4.6,34.0,es,Google reviews: 4.6* / 34,OPERATIONAL,"('real_estate_agency', 'consultant', 'point_of_interest', 'establishment')",7180.0,,,,,
304,LOVIAN PROPERTIES S.L.,"Avinguda del Rei Jaume I, 109, D5, 07180 Santa Ponsa, Illes Balears, España",971694055,https://www.lovianproperties.com/,4.9,10.0,es,Google reviews: 4.9* / 10,OPERATIONAL,"('real_estate_agency', 'general_contractor', 'point_of_interest', 'establishment')",7180.0,,,,,
305,Mallorca10.com,"Carrer de Joan Riutort, 24, 07190 Esporles, Illes Balears, España",661129606,http://www.mallorca10.com/,5.0,29.0,es,Google reviews: 5* / 29,OPERATIONAL,"('real_estate_agency', 'point_of_interest', 'establishment')",7190.0,,,,,
306,Engel & Völkers Deià ,"Carrer de l'Arxiduc Lluís Salvador, 1, 07179 Deià, Illes Balears, España",971636363,https://www.engelvoelkers.com/es/en/propertysearch?businessArea[]=residential&currency=EUR&hasSessionBounds=true&measurementSystem=metric&page=1&placeId=ChIJt0bW_7LvlxIRJsznFWai-PY&placeName=Dei%C3%A0%2C%20Balearic%20Islands%2C%20Spain&propertyMarketingType[]=sale&searchRadius=0&sortingOptions[]=SALES_PRICE_DESC,4.6,10.0,es,Google reviews: 4.6* / 10,OPERATIONAL,"('real_estate_agency', 'finance', 'consultant', 'point_of_interest', 'establishment')",7179.0,,,,,
307,Auniquemallorca S.L.,"Carrer Gran Via, 43, 07180 El Toro, Illes Balears, España",971699329,http://www.uniquemallorca.com/,4.4,66.0,es,Google reviews: 4.4* / 66,OPERATIONAL,"('real_estate_agency', 'point_of_interest', 'establishment')",7180.0,,,,,
308,Private Property Mallorca ,"Gran Via Puig des Castellet, 1, Bloque 6, Local 1, 07180 Santa Ponça, Illes Balears, España",871967967,https://www.privatepropertymallorca.com/,5.0,28.0,es,Google reviews: 5* / 28,OPERATIONAL,"('real_estate_agency', 'consultant', 'point_of_interest', 'establishment')",7180.0,,,,,
309,Hola Reality,"Carrer de Diego Salvà Lezaún, 2, 07181 Calvià, Illes Balears, España",640816932,https://www.holareality.com/,5.0,13.0,es,Google reviews: 5* / 13,OPERATIONAL,"('real_estate_agency', 'point_of_interest', 'establishment')",7181.0,,,,,
310,Porta Mallorquina Real Estate Santa Ponsa,"Carrer de Son Thomàs, 2, 07183 Calvià, Illes Balears, España",971711228,https://www.porta-mallorquina.de/suedwest-santa-ponsa/,4.5,8.0,de,Google reviews: 4.5* / 8,OPERATIONAL,"('real_estate_agency', 'point_of_interest', 'establishment')",7183.0,,,,,
311,Calvià Properties,"Carrer Saragossa, 1, 07181 Calvià, Illes Balears, España",971097875,http://calviaproperties.com/,4.8,22.0,en,Google reviews: 4.8* / 22,OPERATIONAL,"('real_estate_agency', 'point_of_interest', 'establishment')",7181.0,,,,,
312,Mallorca Service Center,"Poligono son Bugadelles, Mar Mediterraneo 59 local 8, 07180 Santa Ponsa, Illes Balears, España",971686836,http://www.mallorca-servicecenter.com/,5.0,7.0,es,Google reviews: 5* / 7,OPERATIONAL,"('real_estate_agency', 'sports_activity_location', 'point_of_interest', 'establishment')",7180.0,,,,,
313,Montfair Estates,"Gran Via Puig des Castellet, 1, 07180 Santa Ponça, Illes Balears, España",871046271,https://www.montfairestates.com/,5.0,13.0,en,Google reviews: 5* / 13,OPERATIONAL,"('real_estate_agency', 'point_of_interest', 'establishment')",7180.0,,,,,
314,First Balear Luxury Real Estate By Toni Da Silva,"Avinguda del Rei Jaume I, 65, 07180 Santa Ponça, Illes Balears, España",,http://www.tonidasilva-mallorcaimmobilien.com/,3.1,17.0,es,Google reviews: 3.1* / 17,OPERATIONAL,"('real_estate_agency', 'finance', 'consultant', 'point_of_interest', 'establishment')",7180.0,,,,,
315,Steffek und Partner,"Av. son Pillo, 2, 6, 07180 Santa Ponça, Illes Balears, España",639872689,https://www.sp-mallorca.com/,4.7,13.0,de,Google reviews: 4.7* / 13,OPERATIONAL,"('real_estate_agency', 'consultant', 'point_of_interest', 'establishment')",7180.0,,,,,
316,Just Belavent,"Av. Blai Bonet, 8, 07180 Santa Ponça, Illes Balears, España",664886046,http://www.justbelavent.com/,5.0,15.0,en,Google reviews: 5* / 15,OPERATIONAL,"('real_estate_agency', 'consultant', 'point_of_interest', 'establishment')",7180.0,,,,,
317,Mallorca Sol Properties,"Carrer de les Sirenes, 30, 07181 Cala Vinyes, Illes Balears, España",639204171,http://www.mallorcasolproperties.com/,5.0,22.0,es,Google reviews: 5* / 22,OPERATIONAL,"('real_estate_agency', 'point_of_interest', 'establishment')",7181.0,,,,,
318,Berkshire Hathaway HomeServices Nova Mallorca ( 07181 ),"Carrer Benito Jerónimo Feijóo, 13, Local 9, 07181 Calviá, Illes Balears, España",605944852,https://www.bhhsmallorca.com/,4.8,24.0,es,Google reviews: 4.8* / 24,OPERATIONAL,"('real_estate_agency', 'point_of_interest', 'establishment')",7181.0,,,,,
319,Gestpropiedad-Cas Català,"Ctra. Andratx, 2, local 5, 07181 Cas Català, Illes Balears, España",871620777,https://www.gestpropiedad.com/cascatala,4.8,43.0,ca,Google reviews: 4.8* / 43,OPERATIONAL,"('real_estate_agency', 'point_of_interest', 'establishment')",7181.0,,,,,
320,Coastal Properties Mallorca,"Av. de la Platja, 5, 07181 Palmanova, Illes Balears, España",971681930,https://www.coastalpropertiesmallorca.com/,4.0,15.0,es,Google reviews: 4* / 15,OPERATIONAL,"('real_estate_agency', 'point_of_interest', 'establishment')",7181.0,,,,,
321,Homeseeker Mallorca,"Ctra. Andratx, 2, 07181 Cas Català, Illes Balears, España",971937262,http://www.homeseekermallorca.com/,4.2,67.0,en,Google reviews: 4.2* / 67,OPERATIONAL,"('real_estate_agency', 'point_of_interest', 'establishment')",7181.0,,,,,
322,The Mallorca Deal,"Plaça de Portals, 3, local 4, 07181 Portals Nous, Illes Balears, España",693516446,http://www.themallorcadeal.com/,4.1,14.0,es,Google reviews: 4.1* / 14,OPERATIONAL,"('real_estate_agency', 'point_of_interest', 'establishment')",7181.0,,,,,
323,Engel & Völkers Portals,"Carrer Benito Jerónimo Feijóo, 10, 07181 Portals Nous, Illes Balears, España",971676836,https://www.engelvoelkers.com/es/en/shops/portals,4.5,43.0,es,Google reviews: 4.5* / 43,OPERATIONAL,"('real_estate_agency', 'point_of_interest', 'establishment')",7181.0,,,,,
324,First Mallorca Puerto Portals,"Puerto Portals, Local 82, 83, 07181 Portals Nous, Illes Balears, España",871006500,http://www.firstmallorca.com/,5.0,24.0,es,Google reviews: 5* / 24,OPERATIONAL,"('real_estate_agency', 'point_of_interest', 'establishment')",7181.0,,,,,
325,KENSINGTON Finest Properties International  ( 07181 ),"Ma-1, 32, Local 2, 07181 Portals Nous, Illes Balears, España",971680476,https://kensington-portals.com/,5.0,13.0,de,Google reviews: 5* / 13,OPERATIONAL,"('real_estate_agency', 'point_of_interest', 'establishment')",7181.0,,,,,
326,Heritage Homes Mallorca,"Ma-1, 32, Local 5, 07181 Portals Nous, Illes Balears, España",686121959,https://www.heritagehomesmallorca.com/,5.0,6.0,en,Google reviews: 5* / 6,OPERATIONAL,"('real_estate_agency', 'point_of_interest', 'establishment')",7181.0,,,,,
327,Imperial Properties Portals Nous,"Ctra. Andratx, 35, 07181 Portals Nous, Illes Balears, España",871153548,http://www.imperial-properties.com/,5.0,6.0,en,Google reviews: 5* / 6,OPERATIONAL,"('real_estate_agency', 'point_of_interest', 'establishment')",7181.0,,,,,
328,Lifestyle Properties ,"Carrer d'en Blanes, 1, 07181 Portals Nous, Illes Balears, España",971675035,https://lifestyle-propertiesmallorca.com/,3.9,9.0,es,Google reviews: 3.9* / 9,OPERATIONAL,"('real_estate_agency', 'point_of_interest', 'establishment')",7181.0,,,,,
329,Bconnected ,"Plaça Espanya, 3, 07181 Portals Nous, Illes Balears, España",971221066,https://bconnectedmallorca.com/es/,4.2,39.0,en,Google reviews: 4.2* / 39,OPERATIONAL,"('real_estate_agency', 'consultant', 'general_contractor', 'point_of_interest', 'establishment')",7181.0,,,,,
330,Nash Homes Mallorca,"by taxis, first floor, Plaça de Portals, 3, local 7, 07181 Portals Nous, Illes Balears, España",971675969,https://www.nashhomesmallorca.com/,3.5,8.0,es,Google reviews: 3.5* / 8,OPERATIONAL,"('real_estate_agency', 'point_of_interest', 'establishment')",7181.0,,,,,
331,Administraciones Calvia S.L.,"Carrer Voranova, 10, Local 6, 07181 Palmanova, Illes Balears, España",971681101,http://www.admincalvia.com/,3.8,20.0,es,Google reviews: 3.8* / 20,OPERATIONAL,"('real_estate_agency', 'point_of_interest', 'establishment')",7181.0,,,,,
332,Mallorca Agent ,"Passeig Illetes, 4, local 6, 07181 Illetes, Illes Balears, España",634334277,http://www.mallorcaagent.com/,5.0,18.0,de,Google reviews: 5* / 18,OPERATIONAL,"('real_estate_agency', 'point_of_interest', 'establishment')",7181.0,,,,,
333,AVANTI! IMMOBILIEN,"Carrer Mireia, 20 E, 07183 Costa de la Calma, Illes Balears, España",971694279,http://immoavanti.com/,4.3,6.0,es,Google reviews: 4.3* / 6,OPERATIONAL,"('real_estate_agency', 'point_of_interest', 'establishment')",7183.0,,,,,
334,NOVOFORMA Construcciones,"Carrer de la Mar Mediterrània, 8, 07180 Calvià, Illes Balears, España",971691380,http://novoforma.net/,4.1,20.0,es,Google reviews: 4.1* / 20,OPERATIONAL,"('real_estate_agency', 'point_of_interest', 'general_contractor', 'establishment')",7180.0,,,,,
335,Mallorca Urban Group Real Estate,"Avinguda Príncep d'Espanya, 4A, 07400 Alcúdia, Illes Balears, España",699227286,https://www.mallorcaurbangroup.com/%20https://www.mallorcaurban.group/,4.3,29.0,es,Google reviews: 4.3* / 29,OPERATIONAL,"('real_estate_agency', 'point_of_interest', 'establishment')",7400.0,,,,,
336,GestPropiedad Blanquerna,"C. de Blanquerna, 57, Nord, 07003 Palma, Illes Balears, España",600886384,https://www.gestpropiedad.com/,4.8,26.0,es,Google reviews: 4.8* / 26,OPERATIONAL,"('real_estate_agency', 'point_of_interest', 'establishment')",7003.0,,,,,
337,Inmo-working Bonafinca,"Pg. de Mallorca, 36, Centre, 07012 Palma, Illes Balears, España",971100080,https://bonafinca.com/,4.7,15.0,es,Google reviews: 4.7* / 15,OPERATIONAL,"('real_estate_agency', 'point_of_interest', 'establishment')",7012.0,,,,,
338,Queen Mallorca Real Estate,"Carrer de Pascual Ribot, 15, 07011 Palma, Illes Balears, España",682526247,http://www.queenmallorca.es/,5.0,10.0,es,Google reviews: 5* / 10,OPERATIONAL,"('real_estate_agency', 'point_of_interest', 'establishment')",7011.0,,,,,
339,Nova Gestio Inmobiliaria,"Rambla del Rei en Jaume, 11, bajos, 07500 Manacor, Illes Balears, España",607820315,https://www.novagestioinmobiliaria.com/,4.8,150.0,en,Google reviews: 4.8* / 150,OPERATIONAL,"('real_estate_agency', 'point_of_interest', 'establishment')",7500.0,,,,,
340,BlauMallorca,"Plaça del Rector Rubí, 6, 07500 Manacor, Illes Balears, España",659075326,http://blaumallorca.com/,4.2,56.0,es,Google reviews: 4.2* / 56,OPERATIONAL,"('real_estate_agency', 'point_of_interest', 'establishment')",7500.0,,,,,
341,Global AnKat Inmobiliaria ,"Plaça de Pax, 5, bajo izquierdo, local, 07200 Felanitx, Illes Balears, España",645212353,http://www.global-ankat.com/,5.0,104.0,es,Google reviews: 5* / 104,OPERATIONAL,"('real_estate_agency', 'consultant', 'point_of_interest', 'establishment')",7200.0,,,,,
342,AP INVEST REAL ESTATE,"Passeig de la República Argentina, 31, 07200 Felanitx, Illes Balears, España",660554913,https://www.apinvestinmobiliaria.com/,4.5,17.0,es,Google reviews: 4.5* / 17,OPERATIONAL,"('real_estate_agency', 'point_of_interest', 'establishment')",7200.0,,,,,
343,Viola Ranglack,"Plaça d'Espanya, 5, 07200 Felanitx, Illes Balears, España",663722063,http://www.viola-ranglack.com/,4.0,56.0,es,Google reviews: 4* / 56,OPERATIONAL,"('real_estate_agency', 'point_of_interest', 'establishment')",7200.0,,,,,
344,Anderson West ,"Plaça de Pax, 24, 07200 Felanitx, Illes Balears, España",646595535,https://andersonwestrealestate.com/,5.0,10.0,en,Google reviews: 5* / 10,OPERATIONAL,"('real_estate_agency', 'point_of_interest', 'establishment')",7200.0,,,,,
345,Reformas y Mantenimientos Xavi Seco S.L. JS LUXE HOMES & JS LUXE CARS,"Carrer de Zavellà, 73, 07200 Felanitx, Illes Balears, España",680727659,https://luxe-mallorca-voyage.lovable.app/?fbclid=PAZnRzaANL-zdleHRuA2FlbQIxMQABpyL2TGndwHTGlh7mgJouMgo3ddOThnkQVY32t65PCDROtyEOUsacscfCy1_W_aem_-iv5p81TI0c6qlsBIl3tlA,5.0,10.0,es,Google reviews: 5* / 10,OPERATIONAL,"('real_estate_agency', 'general_contractor', 'point_of_interest', 'establishment')",7200.0,,,,,
346,Inmobiliaria Cala d'Or,"Plaça Eivissa, 30, 07660 Cala D'or, Illes Balears, España",971659200,http://www.calador.es/,4.5,31.0,es,Google reviews: 4.5* / 31,OPERATIONAL,"('real_estate_agency', 'point_of_interest', 'establishment')",7660.0,,,,,
347,GestPropiedad Porreres,"Av. del Bisbe Campins, 14, 07260 Porreres, Illes Balears, España",600886384,https://www.gestpropiedad.com/,4.9,136.0,es,Google reviews: 4.9* / 136,OPERATIONAL,"('real_estate_agency', 'point_of_interest', 'establishment')",7260.0,,,,,
348,"Salvador Pastor, Constructora","Carrer de Santueri, 68, 07200 Felanitx, Illes Balears, España",971583068,http://www.salvador-pastor.org/,5.0,10.0,es,Google reviews: 5* / 10,OPERATIONAL,"('real_estate_agency', 'general_contractor', 'point_of_interest', 'establishment')",7200.0,,,,,
349,Angela's Home,"C. Cala Llonga, 1, 07669 Calonge, Illes Balears, España",622365630,http://www.angelashome.es/,4.9,27.0,es,Google reviews: 4.9* / 27,OPERATIONAL,"('real_estate_agency', 'point_of_interest', 'establishment')",7669.0,,,,,
350,PORTO PETRO LIVING,"Carrer Passeig d'es Port, 52, 07691 Portopetro, Illes Balears, España",971863602,http://www.portopetro-living.es/,5.0,39.0,es,Google reviews: 5* / 39,OPERATIONAL,"('real_estate_agency', 'store', 'point_of_interest', 'establishment')",7691.0,,,,,
351,360 Mallorca Property,"Carrer de Cristòfor Colom, 37, bajos, 07691 Portopetro, Illes Balears, España",620243090,http://www.360mallorcaproperty.com/,4.8,6.0,es,Google reviews: 4.8* / 6,OPERATIONAL,"('real_estate_agency', 'point_of_interest', 'establishment')",7691.0,,,,,
352,ULI & LISA ,"Camí de Son Mendívil, 12, 07620 Llucmajor, Illes Balears, España",604182999,https://www.uli-lisa.com/,5.0,10.0,en,Google reviews: 5* / 10,OPERATIONAL,"('real_estate_agency', 'finance', 'consultant', 'point_of_interest', 'establishment')",7620.0,,,,,
353,AS Home Real Estate,,661745490,https://ashomerealestate.com/,5.0,8.0,es,Google reviews: 5* / 8,OPERATIONAL,"('real_estate_agency', 'establishment')",,,,,,
354,GestPropiedad Llucmajor,"Ronda de Migjorn, 113, local 3, 07620 Llucmajor, Illes Balears, España",971660302,https://gestpropiedad.com/llucmajor,4.8,32.0,es,Google reviews: 4.8* / 32,OPERATIONAL,"('real_estate_agency', 'point_of_interest', 'establishment')",7620.0,,,,,
355,EuroMarketing Mallorca SL,,971662250,https://www.immobilien-angebote-mallorca.com/de-de/immobilien,4.6,24.0,es,Google reviews: 4.6* / 24,OPERATIONAL,"('real_estate_agency', 'establishment')",,,,,,
356,OSA Inmobiliaria,"Ronda Carlos V, 32, BAJOS, 07620 Llucmajor, Illes Balears, España",971969563,http://www.inmobiliariaosa.com/,3.6,26.0,en,Google reviews: 3.6* / 26,OPERATIONAL,"('real_estate_agency', 'point_of_interest', 'establishment')",7620.0,,,,,
357,Engel & Völkers Llucmajor,"Ronda de Migjorn, 147, 07620 Llucmajor, Illes Balears, España",871570000,https://www.engelvoelkers.com/es/en/shops/llucmajor,4.9,75.0,de,Google reviews: 4.9* / 75,OPERATIONAL,"('real_estate_agency', 'consultant', 'point_of_interest', 'establishment')",7620.0,,,,,
358,¡TODO! Mallorca Immobilien,"Ronda de Migjorn, 145B, 07620 Llucmajor, Illes Balears, España",971628850,https://immobilien.todo-mallorca.es/,4.8,37.0,de,Google reviews: 4.8* / 37,OPERATIONAL,"('real_estate_agency', 'consultant', 'point_of_interest', 'establishment')",7620.0,,,,,
359,Bekkers Estates ,"Ronda de Migjorn, 64, 07620 Llucmajor, Illes Balears, España",663430066,http://www.bekkers.es/,5.0,8.0,es,Google reviews: 5* / 8,OPERATIONAL,"('real_estate_agency', 'point_of_interest', 'establishment')",7620.0,,,,,
360,First Mallorca Llucmajor,"Plaça Espanya, 14, 07620 Llucmajor, Illes Balears, España",971007007,https://www.firstmallorca.com/,5.0,7.0,en,Google reviews: 5* / 7,OPERATIONAL,"('real_estate_agency', 'point_of_interest', 'establishment')",7620.0,,,,,
361,Immobilien Sineu ,"Carrer Concòrdia, 35, 07510 Sineu, Illes Balears, España",971521116,https://immobilien-sineu.com/,4.6,10.0,de,Google reviews: 4.6* / 10,OPERATIONAL,"('real_estate_agency', 'point_of_interest', 'establishment')",7510.0,,,,,
362,G&Partner,"Carrer Des Sol, 45, 07520 Petra, Illes Balears, España",609619544,http://www.gandpartner.com/,4.3,8.0,es,Google reviews: 4.3* / 8,OPERATIONAL,"('real_estate_agency', 'point_of_interest', 'establishment')",7520.0,,,,,
363,Inmogestión Balear Campos Curro López,"Plaça Major, 3, 07630 Campos, Illes Balears, España",650880798,https://www.inmogestionbalear.com/,5.0,90.0,es,Google reviews: 5* / 90,OPERATIONAL,"('real_estate_agency', 'point_of_interest', 'establishment')",7630.0,,,,,
364,inmobiliaria Preciosa Homes,"Carrer de sa Creu, 2, 07630 Campos, Illes Balears, España",601150591,http://www.preciosahomes.com/,4.9,20.0,es,Google reviews: 4.9* / 20,OPERATIONAL,"('real_estate_agency', 'point_of_interest', 'establishment')",7630.0,,,,,
365,Hernán Nogués Real Estate ,"Carrer de Costa i Llobera, 39, 07630 Campos, Illes Balears, España",625910057,https://hernan-nogues.com/,5.0,14.0,es,Google reviews: 5* / 14,OPERATIONAL,"('real_estate_agency', 'point_of_interest', 'establishment')",7630.0,,,,,
366,GestPropiedad Manacor,"Carrer d'En Joan Lliteras, 41, 07500 Manacor, Illes Balears, España",971778759,https://gestpropiedad.com/,5.0,127.0,es,Google reviews: 5* / 127,OPERATIONAL,"('real_estate_agency', 'point_of_interest', 'establishment')",7500.0,,,,,
367,Living Blue Mallorca - Campos,"Carrer de Plaça, 30, 07630 Campos, Illes Balears, España",871200804,https://www.livingblue-mallorca.com/,5.0,53.0,es,Google reviews: 5* / 53,OPERATIONAL,"('real_estate_agency', 'consultant', 'point_of_interest', 'establishment')",7630.0,,,,,
368,Inmogest Mallorca Real Estate,"Carrer des Hostals, 60, 07300 Inca, Illes Balears, España",656819350,http://www.inmogestmallorca.com/,4.9,115.0,es,Google reviews: 4.9* / 115,OPERATIONAL,"('real_estate_agency', 'point_of_interest', 'establishment')",7300.0,,,,,
369,Inmobiliaria Lliteras,"Carrer des Hostals, 39, 07300 Inca, Illes Balears, España",971880376,http://www.gestlliteras.com/,4.8,26.0,es,Google reviews: 4.8* / 26,OPERATIONAL,"('real_estate_agency', 'accounting', 'lawyer', 'consultant', 'point_of_interest', 'finance', 'establishment')",7300.0,,,,,
370,ROYAL HAUS -Inmobiliaria Inca,"Carrer de Can Vidal, 5, 07300 Inca, Illes Balears, España",689391564,http://www.royalhaus.es/,4.8,70.0,es,Google reviews: 4.8* / 70,OPERATIONAL,"('real_estate_agency', 'lawyer', 'consultant', 'point_of_interest', 'general_contractor', 'finance', 'establishment')",7300.0,,,,,
371,NICOLAS MESSIAS Real Estate,"Mallorca, Carrer de Can Dureta, 28-30, 07300 Inca, Illes Balears, España",636260109,http://www.nicolasmessias.com/,4.7,67.0,es,Google reviews: 4.7* / 67,OPERATIONAL,"('real_estate_agency', 'point_of_interest', 'establishment')",7300.0,,,,,
372,INMOVYP Gestiones y promociones inmobiliarias ( 07300 ),"Avinguda del General Luque, 94, 07300 Inca, Illes Balears, España",971329735,http://www.inmovyp.es/,4.6,159.0,es,Google reviews: 4.6* / 159,OPERATIONAL,"('real_estate_agency', 'point_of_interest', 'establishment')",7300.0,,,,,
373,Engel & Völkers Inca,"Avinguda del General Luque, 7, 07300 Inca, Illes Balears, España",971507720,https://www.engelvoelkers.com/es/en/shops/inca,5.0,61.0,de,Google reviews: 5* / 61,OPERATIONAL,"('real_estate_agency', 'consultant', 'point_of_interest', 'finance', 'establishment')",7300.0,,,,,
374,Bulldog Properties,,600507166,https://www.bulldogproperties.es/,5.0,9.0,es,Google reviews: 5* / 9,OPERATIONAL,"('real_estate_agency', 'establishment')",,,,,,
375,Villafinca,"Avinguda d'Alcúdia, 25, 07300 Inca, Illes Balears, España",871520025,https://www.villafinca.com/es,4.2,13.0,es,Google reviews: 4.2* / 13,OPERATIONAL,"('real_estate_agency', 'point_of_interest', 'establishment')",7300.0,,,,,
376,Sebas Bisbal ,"Carrer sa Carretera, 40, 07310 Campanet, Illes Balears, España",610616798,http://www.sociesifills.es/,4.6,12.0,es,Google reviews: 4.6* / 12,OPERATIONAL,"('real_estate_agency', 'general_contractor', 'point_of_interest', 'establishment')",7310.0,,,,,
377,Moscari Finca Service S.L.,"Carrer des Pou, 1, A, 07316 Moscari, Illes Balears, España",648185146,http://www.moscari-finca-service.es/,4.8,34.0,de,Google reviews: 4.8* / 34,OPERATIONAL,"('real_estate_agency', 'point_of_interest', 'establishment')",7316.0,,,,,
378,INMOGAP,"Ctra. de Lluc, 9, 07313 Selva, Illes Balears, España",971515333,https://www.inmogap.es/,4.7,6.0,es,Google reviews: 4.7* / 6,OPERATIONAL,"('real_estate_agency', 'point_of_interest', 'establishment')",7313.0,,,,,
379,IBhabitat inmobiliaria ,"Carrer Gran, 77, 07420 Sa Pobla, Illes Balears, España",615989551,http://www.ibhabitat.es/,4.4,156.0,es,Google reviews: 4.4* / 156,OPERATIONAL,"('real_estate_agency', 'point_of_interest', 'establishment')",7420.0,,,,,
380,Immobles Crespí,"Carrer Marquès de la Romana, 39, 07420 Sa Pobla, Illes Balears, España",722457788,https://www.immoblescrespi.com/,5.0,19.0,es,Google reviews: 5* / 19,OPERATIONAL,"('real_estate_agency', 'point_of_interest', 'establishment')",7420.0,,,,,
381,Domus54,"Rda. Albufera, 54, local 3, 07420 Sa Pobla, Illes Balears, España",971862575,http://www.domus54.com/,4.7,123.0,es,Google reviews: 4.7* / 123,OPERATIONAL,"('real_estate_agency', 'point_of_interest', 'establishment')",7420.0,,,,,
382,Ca Teva Properties,"Plaça Major, 11a, 07420 Sa Pobla, Illes Balears, España",697560836,http://www.cateva-properties.com/,5.0,9.0,es,Google reviews: 5* / 9,OPERATIONAL,"('real_estate_agency', 'point_of_interest', 'establishment')",7420.0,,,,,
383,REMAX Land Inmobiliaria Mallorca,"Plaça Major, 4 - 1, 07420 Sa Pobla, Illes Balears, España",692472621,https://remaxland.es/,5.0,6.0,es,Google reviews: 5* / 6,OPERATIONAL,"('real_estate_agency', 'point_of_interest', 'establishment')",7420.0,,,,,
384,ImmoPoint Mallorca,"Plaça Major, 5, 07313 Selva, Illes Balears, España",616763428,http://immopoint-mallorca.com/,5.0,16.0,en,Google reviews: 5* / 16,OPERATIONAL,"('real_estate_agency', 'point_of_interest', 'establishment')",7313.0,,,,,
385,Living Blue Mallorca - Alaró,"Plaça de la Vila, 13, 07340 Alaró, Illes Balears, España",971510881,http://www.livingblue-mallorca.com/,4.8,101.0,de,Google reviews: 4.8* / 101,OPERATIONAL,"('real_estate_agency', 'consultant', 'point_of_interest', 'establishment')",7340.0,,,,,
386,Engel & Völkers Alaró ,"Carrer Petit, 2, 07340 Alaró, Illes Balears, España",971502363,https://www.engelvoelkers.com/es/en/shops/alaro,5.0,39.0,es,Google reviews: 5* / 39,OPERATIONAL,"('real_estate_agency', 'consultant', 'point_of_interest', 'establishment')",7340.0,,,,,
387,SAMPOL INMOBILIARIA,"Carrer de Sant Bartomeu, 43, LOCAL, 07330 Consell, Illes Balears, España",663880721,http://www.sampolinmobiliaria.com/,4.7,54.0,es,Google reviews: 4.7* / 54,OPERATIONAL,"('real_estate_agency', 'point_of_interest', 'establishment')",7330.0,,,,,
388,Villas Planet inmobiliaria ,"Villas Planet real estate, Carrer Mar i Estany, 1, local A, 07400 Puerto de Alcudia, Illes Balears, España",971545411,https://www.villasplanet.com/,4.9,25.0,es,Google reviews: 4.9* / 25,OPERATIONAL,"('real_estate_agency', 'point_of_interest', 'establishment')",7400.0,,,,,
389,Engel & Völkers Real Estate Inmobiliaria Puerto Alcudia,"Carrer dels Pins, 23, 07400 Port d'Alcúdia, Illes Balears, España",971897700,http://www.engelvoelkers.com/mallorca/north,4.9,40.0,en,Google reviews: 4.9* / 40,OPERATIONAL,"('real_estate_agency', 'consultant', 'point_of_interest', 'establishment')",7400.0,,,,,
390,Inmobiliaria Alcudia.,"Avinguda Príncep d'Espanya, 1, 07400 Alcúdia, Illes Balears, España",971549066,http://www.inmobiliariaalcudia.com/,4.3,8.0,es,Google reviews: 4.3* / 8,OPERATIONAL,"('real_estate_agency', 'consultant', 'point_of_interest', 'establishment')",7400.0,,,,,
391,Fincas Roque Inmobiliaria,"Carrer del Marisc, 5, 07400 Alcúdia, Illes Balears, España",971548482,https://www.fincasroque.es/,4.7,18.0,es,Google reviews: 4.7* / 18,OPERATIONAL,"('real_estate_agency', 'consultant', 'point_of_interest', 'general_contractor', 'finance', 'establishment')",7400.0,,,,,
392,Inmobiliaria Alcúdia 2000,"pou de, na figola, 1, 07400 Alcúdia, Illes Balears, España",699216403,http://www.alcudia2000.com/,4.3,14.0,es,Google reviews: 4.3* / 14,OPERATIONAL,"('real_estate_agency', 'point_of_interest', 'establishment')",7400.0,,,,,
393,Ready to Live,"Carrer de Teodor Canet, 12, local 2, 07400 Puerto de Alcudia, Illes Balears, España",871717987,http://www.readytolive.eu/,5.0,21.0,es,Google reviews: 5* / 21,OPERATIONAL,"('real_estate_agency', 'point_of_interest', 'establishment')",7400.0,,,,,
394,Comfort Properties,"Carrer de Teodor Canet, 37, bajos derecha, 07400 Alcúdia, Illes Balears, España",971548445,http://www.comfortproperties.es/,4.7,23.0,es,Google reviews: 4.7* / 23,OPERATIONAL,"('real_estate_agency', 'point_of_interest', 'establishment')",7400.0,,,,,
395,DAHLER Mallorca Alcúdia,"Carrer del Progrés, 14, 07400 Alcúdia, Illes Balears, España",+491636392225,https://www.dahlercompany.com/de/mallorca/immobilienmakler/alcudia,4.8,26.0,de,Google reviews: 4.8* / 26,OPERATIONAL,"('real_estate_agency', 'consultant', 'point_of_interest', 'establishment')",7400.0,,,,,
396,Costa Nord Alcúdia S L,"Passeig Marítim, 32, 07400 Port d'Alcúdia, Illes Balears, España",971546579,http://www.inmobiliariacostanord.com/,5.0,12.0,es,Google reviews: 5* / 12,OPERATIONAL,"('real_estate_agency', 'point_of_interest', 'establishment')",7400.0,,,,,
397,Alcúdia Property,"Carrer dels Pins, 6, 07400 Alcúdia, Illes Balears, España",971547453,http://www.alcudiaproperty.com/,3.3,7.0,es,Google reviews: 3.3* / 7,OPERATIONAL,"('real_estate_agency', 'point_of_interest', 'establishment')",7400.0,,,,,
398,Mallorca Holiday Properties,"Carrer de Pollèntia, 9a, 07400 Alcúdia, Illes Balears, España",871042915,http://www.mallorcaholidayproperties.com/,4.4,46.0,es,Google reviews: 4.4* / 46,OPERATIONAL,"('real_estate_agency', 'point_of_interest', 'establishment')",7400.0,,,,,
399,Mairata Properties ,"Carrer Gabriel Roca, 19, 07400 Port d'Alcúdia, Illes Balears, España",971539156,http://www.mairataproperties.com/,4.7,17.0,es,Google reviews: 4.7* / 17,OPERATIONAL,"('real_estate_agency', 'consultant', 'point_of_interest', 'general_contractor', 'establishment')",7400.0,,,,,
400,Serra & Partner,"Av. Pere Mas i Reus, 25 Entrando hacia Hotel Siesta 2, 07400 Alcúdia, Illes Balears, España",659874866,https://www.serrapartner.es/,3.8,18.0,es,Google reviews: 3.8* / 18,OPERATIONAL,"('real_estate_agency', 'point_of_interest', 'establishment')",7400.0,,,,,
401,Emerald Stay Mallorca,"Carrer de Xara, 23, 07400 Alcúdia, Illes Balears, España",932208589,https://emeraldstay.com/mallorca/rental-accommodation,4.6,36.0,es,Google reviews: 4.6* / 36,OPERATIONAL,"('real_estate_agency', 'point_of_interest', 'establishment')",7400.0,,,,,
402,Binimarina Real Estate,,971718338,https://www.binimarina.com/,3.5,16.0,es,Google reviews: 3.5* / 16,OPERATIONAL,"('real_estate_agency', 'establishment')",,,,,,
403,Paloma Hernández Rubio,"Carrer de Caraques, 8, 07400 Platja D'Alcudia, Illes Balears, España",971893311,http://www.palomarealestate.es/,3.3,7.0,es,Google reviews: 3.3* / 7,OPERATIONAL,"('real_estate_agency', 'point_of_interest', 'establishment')",7400.0,,,,,
404,INMOVYP Gestiones y promociones inmobiliarias ( 07460 ),"Carrer de Cecili Metel, 28, 07460 Pollença, Illes Balears, España",627468515,https://www.inmovyp.es/,4.9,26.0,es,Google reviews: 4.9* / 26,OPERATIONAL,"('real_estate_agency', 'point_of_interest', 'establishment')",7460.0,,,,,
405,C&M FINE HOMES ,"Plaça de Ca les Monnares, 1, 07460 Pollença, Illes Balears, España",647094099,http://www.cymfinehomes.com/,5.0,6.0,es,Google reviews: 5* / 6,OPERATIONAL,"('real_estate_agency', 'gift_shop', 'point_of_interest', 'store', 'establishment')",7460.0,,,,,
406,Mallorca Realtors Exclusive Properties,"Poligono, 10, Parcela 237, 07510 Sineu, Illes Balears, España",639759532,http://www.mallorcarealtors.com/,4.9,9.0,es,Google reviews: 4.9* / 9,OPERATIONAL,"('real_estate_agency', 'point_of_interest', 'establishment')",7510.0,,,,,
407,RED DE GESTION PATRIMONIAL SL,,678317188,https://www.redpatrimonial.com/,5.0,131.0,es,Google reviews: 5* / 131,OPERATIONAL,"('real_estate_agency', 'consultant', 'establishment')",,,,,,
408,Inmobiliaria Can Picafort Casas Mallorquinas,"Passeig Colón, 32, 07458 Can Picafort, Illes Balears, España",601995711,https://www.casasmallorquinas.com/,5.0,8.0,es,Google reviews: 5* / 8,OPERATIONAL,"('real_estate_agency', 'point_of_interest', 'establishment')",7458.0,,,,,
409,Mallorhouse Inmobiliaria Mallorca,"Av. Diagonal, 7, 07458 Can Picafort, Illes Balears, España",971851903,http://mallorhouse.com/,5.0,40.0,es,Google reviews: 5* / 40,OPERATIONAL,"('real_estate_agency', 'insurance_agency', 'consultant', 'point_of_interest', 'establishment')",7458.0,,,,,
410,CFEMENÍA: Inmobiliaria,"Via França, 3, 07458 Can Picafort, Illes Balears, España",656986208,http://www.cfemenia.com/,4.5,48.0,es,Google reviews: 4.5* / 48,OPERATIONAL,"('real_estate_agency', 'home_goods_store', 'consultant', 'point_of_interest', 'general_contractor', 'store', 'establishment')",7458.0,,,,,
411,Inmobiliaria Colònia Sant Pere,"Carrer Major de la Colònia, 4, 07579 Colonia de Sant Pere, Illes Balears, España",971589512,http://www.mallorcacolonia.com/,4.9,105.0,ca,Google reviews: 4.9* / 105,OPERATIONAL,"('real_estate_agency', 'point_of_interest', 'general_contractor', 'establishment')",7579.0,,,,,
412,ITS Mallorca Inmobiliaria Colonia de San Pedro,"Carrer de la Verge Maria, 51, 07579 Colonia de Sant Pere, Illes Balears, España",971589375,http://www.itsmallorca.com/,4.1,14.0,es,Google reviews: 4.1* / 14,OPERATIONAL,"('real_estate_agency', 'point_of_interest', 'establishment')",7579.0,,,,,
413,Pollentia Properties Mallorca ,"Carrer d'Alcúdia, 14, 07460 Pollença, Illes Balears, España",971534585,https://www.pollentiaproperties.com/,4.8,53.0,es,Google reviews: 4.8* / 53,OPERATIONAL,"('real_estate_agency', 'point_of_interest', 'establishment')",7460.0,,,,,
414,SolMallorca inmobiliaria Puerto de Pollensa,"Passeig Saralegui, 48, 07470 Port de Pollença, Illes Balears, España",971865767,http://www.solmallorca.com/,5.0,16.0,es,Google reviews: 5* / 16,OPERATIONAL,"('real_estate_agency', 'finance', 'consultant', 'point_of_interest', 'establishment')",7470.0,,,,,
415,First Mallorca Pollensa,"Carrer d'Alcúdia, 14, 07460 Pollença, Illes Balears, España",871599983,http://www.firstmallorca.com/,4.8,19.0,en,Google reviews: 4.8* / 19,OPERATIONAL,"('real_estate_agency', 'consultant', 'point_of_interest', 'establishment')",7460.0,,,,,
416,Prestige Villas,"Carrer del Roser Vell, 38, 07460 Pollença, Illes Balears, España",971535076,http://www.prestigevillas.com/,4.8,9.0,es,Google reviews: 4.8* / 9,OPERATIONAL,"('real_estate_agency', 'point_of_interest', 'establishment')",7460.0,,,,,
417,Engel & Völkers Real Estate Inmobiliaria Puerto Pollensa,"Carrer de Joan XXIII, 11, 07470 Port de Pollença, Illes Balears, España",971868400,http://www.mallorca-north.com/,4.9,36.0,en,Google reviews: 4.9* / 36,OPERATIONAL,"('real_estate_agency', 'point_of_interest', 'establishment')",7470.0,,,,,
418,Sol Mallorca,"Via Pollentia, 17, 07460 Pollença, Illes Balears, España",971535045,http://www.pollencaproperties-sol.co.uk/,4.6,14.0,es,Google reviews: 4.6* / 14,OPERATIONAL,"('real_estate_agency', 'point_of_interest', 'establishment')",7460.0,,,,,
419,SunVillasMallorca,"Via Argentina, 7, 07460 Pollença, Illes Balears, España",971535473,http://www.sunvillasmallorca.com/en/,4.5,21.0,es,Google reviews: 4.5* / 21,OPERATIONAL,"('real_estate_agency', 'point_of_interest', 'establishment')",7460.0,,,,,
420,IB Properties SL,"Carrer de Vicenç Buades, 68, 07470 Port de Pollença, Illes Balears, España",871180615,http://ibproperties.com/,4.8,14.0,en,Google reviews: 4.8* / 14,OPERATIONAL,"('real_estate_agency', 'point_of_interest', 'establishment')",7470.0,,,,,
421,Inmobiliaria Port,"Carrer de Joan XXIII, 5, Bajo, 07470 Port de Pollença, Illes Balears, España",971865851,https://linktr.ee/inmobiliariaport,4.2,25.0,es,Google reviews: 4.2* / 25,OPERATIONAL,"('real_estate_agency', 'point_of_interest', 'establishment')",7470.0,,,,,
422,JS Villas ,"Carrer de Joan XXIII, 1, 07470 Port de Pollença, Illes Balears, España",971866235,https://www.jsvillas.com/,4.6,28.0,es,Google reviews: 4.6* / 28,OPERATIONAL,"('real_estate_agency', 'finance', 'point_of_interest', 'establishment')",7470.0,,,,,
423,Riusech Estate Agents,"Carrer de Formentor, 89, Bloque C, 07470 Port de Pollença, Illes Balears, España",971864801,https://www.riusech.com/,4.9,22.0,es,Google reviews: 4.9* / 22,OPERATIONAL,"('real_estate_agency', 'point_of_interest', 'establishment')",7470.0,,,,,
424,Bellresguard ,"URBANIZACION BELLRESGUARD, Carrer de Formentor, 89, BLOQUE C, 07470 Port de Pollença, Illes Balears, España",971864801,http://www.riusech.com/,4.7,18.0,es,Google reviews: 4.7* / 18,OPERATIONAL,"('real_estate_agency', 'point_of_interest', 'general_contractor', 'establishment')",7470.0,,,,,
425,Dickinson Villas,"Carrer de Joan XXIII, 45, 07470 Port de Pollença, Illes Balears, España",971867451,http://www.dickinsonvillas.com/,4.3,165.0,es,Google reviews: 4.3* / 165,OPERATIONAL,"('real_estate_agency', 'point_of_interest', 'establishment')",7470.0,,,,,
426,Miguel Aguilo ,"Carrer del Llaüt, 4, 1º E, 07470 Port de Pollença, Illes Balears, España",+18663483924,https://www.iadespana.es/agente-inmobiliario/miguel.aguilo,5.0,47.0,es,Google reviews: 5* / 47,OPERATIONAL,"('real_estate_agency', 'consultant', 'point_of_interest', 'establishment')",7470.0,,,,,
427,Living Pollença - Real estate,"Via Pollentia, 19, bajos izq, 07460 Pollença, Illes Balears, España",651149122,http://www.living-pollensa.com/,3.7,6.0,es,Google reviews: 3.7* / 6,OPERATIONAL,"('real_estate_agency', 'point_of_interest', 'establishment')",7460.0,,,,,
428,Portvil S.L.,"Carrer del Temporal, 19, 07469 Cala Sant Vicenç, Illes Balears, España",971532209,http://www.portvil.com/,4.4,23.0,es,Google reviews: 4.4* / 23,OPERATIONAL,"('real_estate_agency', 'point_of_interest', 'establishment')",7469.0,,,,,
429,Gesmorent,"La Rambla, 8, Centre, 07003 Palma, Illes Balears, España",971758594,http://www.gesmorent.com/,4.0,44.0,es,Google reviews: 4* / 44,OPERATIONAL,"('real_estate_agency', 'point_of_interest', 'establishment')",7003.0,,,,,
430,MARFRAN Real Estate Agency,"Carrer de Formentor, 42, 07470 Port de Pollença, Illes Balears, España",971867197,http://www.marfran.net/,3.9,7.0,es,Google reviews: 3.9* / 7,OPERATIONAL,"('real_estate_agency', 'consultant', 'point_of_interest', 'establishment')",7470.0,,,,,
431,McCallum Homes,"Carrer del Migjorn, 3, bajos, 07470 Port de Pollença, Illes Balears, España",629540895,http://www.mccallumhomes.es/,4.2,6.0,es,Google reviews: 4.2* / 6,OPERATIONAL,"('real_estate_agency', 'point_of_interest', 'establishment')",7470.0,,,,,
432,Inmobiliaria Casal Mallorquí,"Carrer de Lleó XIII, 11, 07500 Manacor, Illes Balears, España",667626823,https://casalmallorqui.com/,4.8,31.0,es,Google reviews: 4.8* / 31,OPERATIONAL,"('real_estate_agency', 'general_contractor', 'point_of_interest', 'establishment')",7500.0,,,,,
433,Mallorca Open,"Carrer de ses Parres, 1, 07500 Manacor, Illes Balears, España",971094549,https://www.mallorcaopen.es/,4.2,34.0,es,Google reviews: 4.2* / 34,OPERATIONAL,"('real_estate_agency', 'point_of_interest', 'establishment')",7500.0,,,,,
434,Remax Grup Direct II Manacor,"Plaça sa Bassa, 10, 07500 Manacor, Illes Balears, España",660872695,http://www.grupdirectremax.es/,4.5,50.0,es,Google reviews: 4.5* / 50,OPERATIONAL,"('real_estate_agency', 'point_of_interest', 'establishment')",7500.0,,,,,
435,Fincaria,"Avinguda d'Es Tren, 74, 07500 Manacor, Illes Balears, España",871988501,http://www.fincaria.com/,3.5,58.0,es,Google reviews: 3.5* / 58,OPERATIONAL,"('real_estate_agency', 'consultant', 'point_of_interest', 'establishment')",7500.0,,,,,
436,VG Inmobiliaria,"Carrer de l'Amargura, 7, 07500 Manacor, Illes Balears, España",971592479,https://vginmobiliaria.com/,5.0,7.0,es,Google reviews: 5* / 7,OPERATIONAL,"('real_estate_agency', 'point_of_interest', 'establishment')",7500.0,,,,,
437,Inversiones Grup,"Carrer des Pou Fondo, 1, 07500 Manacor, Illes Balears, España",871610587,http://www.inversionesgrup.com/,5.0,20.0,en,Google reviews: 5* / 20,OPERATIONAL,"('real_estate_agency', 'point_of_interest', 'establishment')",7500.0,,,,,
438,Ca Vostra,"Carrer des Creuers, 12, 07500 Manacor, Illes Balears, España",602241000,https://www.cavostra.com/,4.2,6.0,es,Google reviews: 4.2* / 6,OPERATIONAL,"('real_estate_agency', 'point_of_interest', 'establishment')",7500.0,,,,,
439,Pontet,"Passeig d'Antoni Maura, 42, 07500 Manacor, Illes Balears, España",698924405,http://www.pontet.casa/,3.9,7.0,es,Google reviews: 3.9* / 7,OPERATIONAL,"('real_estate_agency', 'point_of_interest', 'establishment')",7500.0,,,,,
440,Fair Mallorca Inmobiliaria,"Carrer d'En Jaume Domenge, 4, 07500 Manacor, Illes Balears, España",688959191,http://fair-mallorca.com/,3.8,10.0,es,Google reviews: 3.8* / 10,OPERATIONAL,"('real_estate_agency', 'point_of_interest', 'establishment')",7500.0,,,,,
441,Hamptonwell Estates,"Carrer de l'Amargura, 1, 07500 Manacor, Illes Balears, España",684459711,http://hamptonwell-estates.com/,4.9,11.0,en,Google reviews: 4.9* / 11,OPERATIONAL,"('real_estate_agency', 'point_of_interest', 'establishment')",7500.0,,,,,
442,Finca Holiday Mallorca,,,http://www.fincaholidaymallorca.com/,4.9,73.0,es,Google reviews: 4.9* / 73,OPERATIONAL,"('real_estate_agency', 'establishment')",,,,,,
443,AZ Property Hunter Mallorca,"Baix de cox, 07500 Manacor, Illes Balears, España",635825652,https://www.azpropertyhuntermallorca.com/,5.0,6.0,fr,Google reviews: 5* / 6,OPERATIONAL,"('real_estate_agency', 'point_of_interest', 'establishment')",7500.0,,,,,
444,GNGRUP,"Carrer d'Es Rebumbori, 2, 07500 Manacor, Illes Balears, España",971843308,http://gngrup.com/,4.9,10.0,es,Google reviews: 4.9* / 10,OPERATIONAL,"('real_estate_agency', 'consultant', 'point_of_interest', 'establishment')",7500.0,,,,,
445,Loperon and Company,"Av. Parc, 62, 2c, 07500 Manacor, Illes Balears, España",675765960,https://loperonandcompany.es/,5.0,8.0,es,Google reviews: 5* / 8,OPERATIONAL,"('real_estate_agency', 'point_of_interest', 'establishment')",7500.0,,,,,
446,BELMAR-Real Estate,"Carrer Sant Llorenç, 1, 07530 Sant Llorenç des Cardassar, Illes Balears, España",606407986,https://www.belmar-realestate.com/,5.0,15.0,de,Google reviews: 5* / 15,OPERATIONAL,"('real_estate_agency', 'point_of_interest', 'establishment')",7530.0,,,,,
447,Coworking Minds,"Carrer Vial E, Carrer Ferrers, 1, 07510 Sineu, Illes Balears, España",624075693,https://coworkingminds.com/,5.0,11.0,de,Google reviews: 5* / 11,OPERATIONAL,"('real_estate_agency', 'point_of_interest', 'establishment')",7510.0,,,,,
448,Inmobiliaria Sa Coma,"Avinguda de les Savines, 41, 07560 Sa Coma, Illes Balears, España",971811758,http://www.sacoma.es/,4.8,104.0,es,Google reviews: 4.8* / 104,OPERATIONAL,"('real_estate_agency', 'insurance_agency', 'finance', 'consultant', 'point_of_interest', 'establishment')",7560.0,,,,,
449,Cotesa Inmobiliaria,"Av. Bella Vista, 2, 07560 Cala Millor, Illes Balears, España",971587520,https://www.cotesa-mallorca.com/,4.5,8.0,es,Google reviews: 4.5* / 8,OPERATIONAL,"('real_estate_agency', 'point_of_interest', 'establishment')",7560.0,,,,,
450,Serverina Agencia Inmobiliaria,"Plaça de Sant Joan, 9, 07550 Son Servera, Illes Balears, España",658358547,https://www.serverina.es/,5.0,13.0,es,Google reviews: 5* / 13,OPERATIONAL,"('real_estate_agency', 'point_of_interest', 'establishment')",7550.0,,,,,
451,Sieron Real Estate,"Carrer de Montuïri, 07560 Cala Millor, Illes Balears, España",+491755997611,https://www.sieronrealestate.com/,5.0,13.0,de,Google reviews: 5* / 13,OPERATIONAL,"('real_estate_agency', 'point_of_interest', 'establishment')",7560.0,,,,,
452,ARTAIMMOBILIEN GESTIONS ESMETRO SL,"C. de Ciutat, 44, local 2, 07570 Artà, Illes Balears, España",971829731,http://www.artaimmobilien.com/,4.8,32.0,es,Google reviews: 4.8* / 32,OPERATIONAL,"('real_estate_agency', 'general_contractor', 'point_of_interest', 'establishment')",7570.0,,,,,
453,Massa Properties,"Carrer de s'Abeurador, 1, bajos, 07570 Artá, Illes Balears, España",656726626,http://www.massaproperties.com/,4.7,24.0,es,Google reviews: 4.7* / 24,OPERATIONAL,"('real_estate_agency', 'point_of_interest', 'establishment')",7570.0,,,,,
454,Inmobiliaria Q Mallorca,"Inmobiliaria Qmallorca, Av. del Bon Temps, 8, 07560 Cala Millor, Illes Balears, España",663373791,https://qmallorca.com/,4.9,23.0,es,Google reviews: 4.9* / 23,OPERATIONAL,"('real_estate_agency', 'point_of_interest', 'establishment')",7560.0,,,,,
455,Your Mallorca ,"Calle Comellar d'es Tarongers 93, 07559 Son Servera, Illes Balears, España",871238177,http://www.yourmallorca.com/,4.7,15.0,es,Google reviews: 4.7* / 15,OPERATIONAL,"('real_estate_agency', 'point_of_interest', 'establishment')",7559.0,,,,,
456,Ultra Aspire,"Pula Golf Resort Reception, 07550 Son Servera, Illes Balears, España",711046049,http://www.ultraaspire.com/,4.7,12.0,en,Google reviews: 4.7* / 12,OPERATIONAL,"('real_estate_agency', 'consultant', 'point_of_interest', 'establishment')",7550.0,,,,,
457,Schober & Partner,"07550, Av. del Bon Temps, 30, 07560 Son Servera, Illes Balears, España",971586031,http://www.schober-mallorca-immobilien.com/,4.3,24.0,es,Google reviews: 4.3* / 24,OPERATIONAL,"('real_estate_agency', 'point_of_interest', 'establishment')",7550.0,,,,,
458,Sa Torre de Port Verd Inmobiliaria S.L.,"Avenida Juan Servera Camps, 93, Urb. Port Verd, Carrer Comellar Tro, 93, 07559 Son Servera, Illes Balears, España",971816581,https://www.yourmallorca.com/,4.8,6.0,de,Google reviews: 4.8* / 6,OPERATIONAL,"('real_estate_agency', 'point_of_interest', 'establishment')",7559.0,,,,,
459,Perera & Partner INMOBILIARIA,"Carrer Castellet, 52, 07590 Cala Rajada, Illes Balears, España",971566256,https://perera-partner.com/,4.9,120.0,es,Google reviews: 4.9* / 120,OPERATIONAL,"('real_estate_agency', 'point_of_interest', 'establishment')",7590.0,,,,,
460,Immobilienagentur Fincas Bonnin Sanso ,"Av. del Bon Temps, 4, 07560 Cala Millor, Illes Balears, España",971587597,http://www.bonninsanso.com/,4.7,25.0,es,Google reviews: 4.7* / 25,OPERATIONAL,"('real_estate_agency', 'point_of_interest', 'establishment')",7560.0,,,,,
461,FINQUES ILLES,"Calle J, Av. Joan Servera Camps, 37, 07560 Cala Millor, Illes Balears, España",661575048,http://finquesilles.es/,4.0,15.0,es,Google reviews: 4* / 15,OPERATIONAL,"('real_estate_agency', 'point_of_interest', 'establishment')",7560.0,,,,,
462,Costa Los Pinos real estate,"Av. del Pinar, 26, 07559 Son Servera, Illes Balears, España",679556484,http://coast-co.com/,4.5,11.0,es,Google reviews: 4.5* / 11,OPERATIONAL,"('real_estate_agency', 'point_of_interest', 'establishment')",7559.0,,,,,
463,Divine House Mallorca,"Carrer de s'Auba, 14, 07580 Capdepera, Illes Balears, España",,https://divinehousemallorca.com/,5.0,9.0,es,Google reviews: 5* / 9,OPERATIONAL,"('real_estate_agency', 'point_of_interest', 'establishment')",7580.0,,,,,
464,Blaumallorca Cala Millor,"Carrer des Prat, 1, 07560 Cala Millor, Illes Balears, España",625952042,http://www.blaumallorca.com/,4.7,13.0,es,Google reviews: 4.7* / 13,OPERATIONAL,"('real_estate_agency', 'point_of_interest', 'establishment')",7560.0,,,,,
465,Mallorca Dream Immobilien,"Av des, Av. del Bon Temps, 5, 07560 Cala Millor, Illes Balears, España",629531644,https://www.mallorca-dream.eu/es/index_0__1_sp1_1.html,4.4,13.0,en,Google reviews: 4.4* / 13,OPERATIONAL,"('real_estate_agency', 'point_of_interest', 'establishment')",7560.0,,,,,
466,Vivancos Gestión Inmobiliaria,"Carrer de Vicenç Joan i Rosselló, 44, Ponent, 07013 Palma, Illes Balears, España",971919194,http://www.inmobiliariavivancos.com/,4.1,18.0,es,Google reviews: 4.1* / 18,OPERATIONAL,"('real_estate_agency', 'point_of_interest', 'establishment')",7013.0,,,,,
467,Immo search Mallorca,"C. de Ciutat, 36, 07570 Artà, Illes Balears, España",637373210,http://www.immo-search-mallorca.de/,4.3,6.0,en,Google reviews: 4.3* / 6,OPERATIONAL,"('real_estate_agency', 'point_of_interest', 'establishment')",7570.0,,,,,
468,de Haas & Partner,"C. de Ciutat, 21, 07570 Artà, Illes Balears, España",971836972,http://www.dehaas-immobilien.com/,5.0,22.0,de,Google reviews: 5* / 22,OPERATIONAL,"('real_estate_agency', 'consultant', 'point_of_interest', 'establishment')",7570.0,,,,,
469,Pascual Associats,"Avinguda de Costa i Llobera, 18, 07570 Artá, Illes Balears, España",971852238,http://www.immopascual.com/,3.6,7.0,ca,Google reviews: 3.6* / 7,OPERATIONAL,"('real_estate_agency', 'point_of_interest', 'establishment')",7570.0,,,,,
470,INMOBILIARIA DOSAGUI,"Carrer de Juan Sebastián Elcano, &, Carrer Castellet, 15, 07590 Cala Rajada, Illes Balears, España",971563999,http://www.dosagui.com/,3.6,94.0,es,Google reviews: 3.6* / 94,OPERATIONAL,"('real_estate_agency', 'point_of_interest', 'establishment')",7590.0,,,,,
471,IMMOSUR,"Calle Leonor Servera, numero 9, local 2, c.p:, 07590 Cala Rajada, Illes Balears, España",635825207,http://immosur.es/,4.4,11.0,es,Google reviews: 4.4* / 11,OPERATIONAL,"('real_estate_agency', 'point_of_interest', 'establishment')",7590.0,,,,,
472,Novar Properties,"Carrer des Port, 9, 07580 Capdepera, Illes Balears, España",617849041,http://www.trinumdomos.com/,4.3,10.0,es,Google reviews: 4.3* / 10,OPERATIONAL,"('real_estate_agency', 'general_contractor', 'point_of_interest', 'establishment')",7580.0,,,,,
473,Inmosenna ,"C/ de la Llibertat, 35, Ponent, 07013 Palma, Illes Balears, España",971911919,http://inmosenna.com/,3.9,135.0,es,Google reviews: 3.9* / 135,OPERATIONAL,"('real_estate_agency', 'point_of_interest', 'finance', 'establishment')",7013.0,,,,,
474,Porta Mallorquina Real Estate,"Ronda de Migjorn, 115, 07620 Llucmajor, Illes Balears, España",971698242,https://www.porta-mallorquina.de/,3.9,13.0,de,Google reviews: 3.9* / 13,OPERATIONAL,"('real_estate_agency', 'point_of_interest', 'establishment')",7620.0,,,,,
475,Freedays Mallorca,,647803580,https://www.freedaysmallorca.com/,5.0,10.0,es,Google reviews: 5* / 10,OPERATIONAL,"('real_estate_agency', 'establishment')",,,,,,
476,Ch Gestió C.B,"Carrer de Jaume I, 55, 07630 Campos, Illes Balears, España",971651415,https://www.chgestio.com/,4.6,64.0,es,Google reviews: 4.6* / 64,OPERATIONAL,"('real_estate_agency', 'point_of_interest', 'establishment')",7630.0,,,,,
477,MD Immobilien Projekte,"Carrer de ses Sitges, 1, 07630 Campos, Illes Balears, España",971160429,http://www.md-immoprojekte.com/,5.0,9.0,de,Google reviews: 5* / 9,OPERATIONAL,"('real_estate_agency', 'point_of_interest', 'establishment')",7630.0,,,,,
478,Messerschmidt Homes,"Carrer de Plaça, 18, 07630 Campos, Illes Balears, España",601909753,http://www.messerschmidthomes.com/,5.0,8.0,ca,Google reviews: 5* / 8,OPERATIONAL,"('real_estate_agency', 'point_of_interest', 'establishment')",7630.0,,,,,
479,Inmobiliaria Bellacasa Mallorca,"Plaça Sant Bartomeu, 16, 07640 Ses Salines, Illes Balears, España",662644104,http://www.bella-casa.com/,5.0,8.0,es,Google reviews: 5* / 8,OPERATIONAL,"('real_estate_agency', 'point_of_interest', 'establishment')",7640.0,,,,,
480,Inmobiliaria Cala Gaviota ,"Carrer Batle Andreu Burguera Mut, 8, 07640 Ses Salines, Illes Balears, España",971649094,http://www.calagaviota.com/,5.0,9.0,es,Google reviews: 5* / 9,OPERATIONAL,"('real_estate_agency', 'point_of_interest', 'establishment')",7640.0,,,,,
481,Azur Mallorca Immobilien,"Av. de Miramar, 68, 07639 Sa Ràpita, Illes Balears, España",971641505,https://www.azur-mallorca.com/,4.4,21.0,de,Google reviews: 4.4* / 21,OPERATIONAL,"('real_estate_agency', 'consultant', 'point_of_interest', 'establishment')",7639.0,,,,,
482,Trauminsel ferien,,630593219,https://www.trauminselferien.com/,5.0,28.0,es,Google reviews: 5* / 28,OPERATIONAL,"('real_estate_agency', 'establishment')",,,,,,
483,Jerome Ledin Inmobiliaria S.L.,"Carrer del Bisbe Verger, 5, 07650 Santanyí, Illes Balears, España",651100182,https://www.jl-immobilien.de/,4.7,16.0,es,Google reviews: 4.7* / 16,OPERATIONAL,"('real_estate_agency', 'consultant', 'general_contractor', 'point_of_interest', 'establishment')",7650.0,,,,,
484,Mallorca Immobilien Guide,"Carrer de F. Juníper Serra, 6, 07690 Es Llombards, Illes Balears, España",971649413,https://www.mallorca-immobilien-guide.de/,5.0,7.0,en,Google reviews: 5* / 7,OPERATIONAL,"('real_estate_agency', 'point_of_interest', 'establishment')",7690.0,,,,,
485,LINDACASAS Mallorca Langzeitmiete,"Carrer de ses Escoles, 11, 07690 Mallorca, Illes Balears, España",971163173,https://www.lindacasas.net/,4.2,51.0,en,Google reviews: 4.2* / 51,OPERATIONAL,"('real_estate_agency', 'point_of_interest', 'establishment')",7690.0,,,,,
486,MCR Mallorca Immobilien,"Islas, Carrer de la Mar, 22, 07650 Santanyí, Illes Balears, España",971163293,http://www.mcr-mallorca.com/,4.8,65.0,es,Google reviews: 4.8* / 65,OPERATIONAL,"('real_estate_agency', 'point_of_interest', 'establishment')",7650.0,,,,,
487,First Mallorca Santanyi,"Plaça de la Constitució, 15, 07650 Santanyí, Illes Balears, España",871599980,https://www.firstmallorca.com/,4.6,9.0,en,Google reviews: 4.6* / 9,OPERATIONAL,"('real_estate_agency', 'point_of_interest', 'establishment')",7650.0,,,,,
488,Inmobiliaria ivent S.L.,"Carrer des Rafalet, 3, 07650 Santanyí, Illes Balears, España",971642003,https://www.ivent.es/,4.9,8.0,de,Google reviews: 4.9* / 8,OPERATIONAL,"('real_estate_agency', 'point_of_interest', 'establishment')",7650.0,,,,,
489,REMAX Drac Mallorca,"Plaça Major, 11, 07650 Santanyí, Illes Balears, España",971654300,http://www.remaxdrac.es/,4.5,10.0,es,Google reviews: 4.5* / 10,OPERATIONAL,"('real_estate_agency', 'point_of_interest', 'establishment')",7650.0,,,,,
490,MONTEMAR FERIENIMMOBILIEN,"Carrer de Felanitx, 46, 07650 Santanyí, Illes Balears, España",971772197,https://www.montemar-immobilien.de/,4.7,25.0,de,Google reviews: 4.7* / 25,OPERATIONAL,"('real_estate_agency', 'point_of_interest', 'establishment')",7650.0,,,,,
491,Engel & Völkers Santanyí,"Plaza Mayor, 18, 07650 Santanyí, Illes Balears, España",971642101,https://www.engelvoelkers.com/es/en/mallorca/regions/mallorca-south-east-where-authentic-living-meets-lasting-value,4.8,39.0,de,Google reviews: 4.8* / 39,OPERATIONAL,"('real_estate_agency', 'finance', 'consultant', 'point_of_interest', 'establishment')",7650.0,,,,,
492,Petra Pekna Real Estate S.L.,"Carrer Verge del Carme, 52, 07659 Cala Figuera, Illes Balears, España",871532007,https://www.petrapekna.com/,5.0,8.0,es,Google reviews: 5* / 8,OPERATIONAL,"('real_estate_agency', 'point_of_interest', 'establishment')",7659.0,,,,,
493,Inmobiliaria Best d'Or Estates,"Carrer d'Ariel, 19, 07660 Cala D'or, Illes Balears, España",971643776,http://www.bestdorestates.com/,5.0,55.0,es,Google reviews: 5* / 55,OPERATIONAL,"('real_estate_agency', 'point_of_interest', 'establishment')",7660.0,,,,,
494,Baes Inmobiliaria y Inversiones,"Av. d'en Fernando Tarragó, 29, Bajos, 07660 Cala D'or, Illes Balears, España",603768947,https://www.baesrealestate.com/,5.0,11.0,es,Google reviews: 5* / 11,OPERATIONAL,"('real_estate_agency', 'point_of_interest', 'establishment')",7660.0,,,,,
495,Baxson S.L.,"Avinguda de Cala Llonga, 323, 07660 Cala D'or, Illes Balears, España",670248542,http://www.baxson.com/,4.8,46.0,en,Google reviews: 4.8* / 46,OPERATIONAL,"('real_estate_agency', 'point_of_interest', 'establishment')",7660.0,,,,,
496,Inmobiliaria Domus,"Carrer d'Ariel, 34, 07660 Cala D'or, Illes Balears, España",639287680,http://www.domuscalador.com/,4.4,25.0,es,Google reviews: 4.4* / 25,OPERATIONAL,"('real_estate_agency', 'point_of_interest', 'establishment')",7660.0,,,,,
497,Pegels & Partner,"Carrer d'Ariel, 36, 07660 Santanyí, Illes Balears, España",971861806,https://www.pegels-partner.com/?utm_source=GMBlisting&utm_medium=organic,4.8,66.0,es,Google reviews: 4.8* / 66,OPERATIONAL,"('real_estate_agency', 'point_of_interest', 'establishment')",7660.0,,,,,
498,Open d'Or Properties,"Mallorca Avinguda d´es Benviguts, Esquina con, Carrer d'Ariel, 21, Local 1, 07660 Cala D'or, Illes Balears, España",971657254,https://www.opendorproperties.com/,4.4,14.0,es,Google reviews: 4.4* / 14,OPERATIONAL,"('real_estate_agency', 'insurance_agency', 'lodging', 'point_of_interest', 'establishment')",7660.0,,,,,
499,beHOME Mallorca,"Carrer d'EnTogores, 2, 07670 Portocolom, Illes Balears, España",971064989,https://www.behome-mallorca.com/,4.0,8.0,es,Google reviews: 4* / 8,OPERATIONAL,"('real_estate_agency', 'point_of_interest', 'establishment')",7670.0,,,,,
500,Tony Martinez Inmobiliaria Portocolom,"Carrer d'En Cristòfor Colom, 1, 07670 Portocolom, Illes Balears, España",971825918,http://www.immobilien-portocolom.com/,4.9,24.0,es,Google reviews: 4.9* / 24,OPERATIONAL,"('real_estate_agency', 'point_of_interest', 'establishment')",7670.0,,,,,
501,"Fincas A. Juan, S.L.","Carrer de l'Assumpció, 4, 07670 Portocolom, Illes Balears, España",626251647,http://fincasajuan.com/,4.2,24.0,es,Google reviews: 4.2* / 24,OPERATIONAL,"('real_estate_agency', 'point_of_interest', 'establishment')",7670.0,,,,,
502,Lighthouse Living Immobilien Portocolom,"Carrer de la Santa Maria, 48, Local 4, 07670 Portocolom, Illes Balears, España",971824384,http://lighthouse-living.com/,4.6,8.0,es,Google reviews: 4.6* / 8,OPERATIONAL,"('real_estate_agency', 'point_of_interest', 'establishment')",7670.0,,,,,
503,Immobilien Porto Colom SBM Schaak,"Carrer d'es Pescador, 15, 07670 Portocolom, Illes Balears, España",971826064,https://www.immobilienportocolom.de/,4.8,45.0,es,Google reviews: 4.8* / 45,OPERATIONAL,"('real_estate_agency', 'point_of_interest', 'establishment')",7670.0,,,,,
504,Brigitte Herrmann Inmobiliaria,"Carrer de Lepanto, 5, 07670 Portocolom, Illes Balears, España",696467568,http://www.brigitteherrmann.com/,4.6,10.0,de,Google reviews: 4.6* / 10,OPERATIONAL,"('real_estate_agency', 'consultant', 'point_of_interest', 'establishment')",7670.0,,,,,
505,Island and Home,"Carrer de Xaloc, 6, 07730 Cala en Porter, Illes Balears, España",669646027,http://www.islandandhome.com/,4.7,66.0,en,Google reviews: 4.7* / 66,OPERATIONAL,"('real_estate_agency', 'point_of_interest', 'establishment')",7730.0,,,,,
506,Engel & Völkers Menorca Real Estate ,"Avinguda de Jaume I el Conqueridor, 58, 07760 Ciutadella de Menorca, Illes Balears, España",971179700,http://www.engelvoelkers.com/menorca,4.6,29.0,es,Google reviews: 4.6* / 29,OPERATIONAL,"('real_estate_agency', 'consultant', 'point_of_interest', 'establishment')",7760.0,,,,,
507,ImmoStyle Menorca. Agencia inmobiliaria en Menorca. Real Estate Menorca,"Camí de Binifamís, S/N, 07730 Alaior, Illes Balears, España",689493757,https://www.immostyle-menorca.com/,4.9,8.0,es,Google reviews: 4.9* / 8,OPERATIONAL,"('real_estate_agency', 'point_of_interest', 'establishment')",7730.0,,,,,
508,Fincas Gomila – Agencia Inmobiliaria en Menorca,"Carrer des Ramal, 6, A, 07730 Alaior, Illes Balears, España",675091805,http://fincasgomila.com/,4.8,16.0,es,Google reviews: 4.8* / 16,OPERATIONAL,"('real_estate_agency', 'point_of_interest', 'establishment')",7730.0,,,,,
509,FINCAS NOVA,"Carrer des Ramal, 27, 07730 Alaior, Illes Balears, España",659941643,http://www.fincasnova.com/,4.9,16.0,es,Google reviews: 4.9* / 16,OPERATIONAL,"('real_estate_agency', 'point_of_interest', 'establishment')",7730.0,,,,,
510,FINCAS CARDONA,"Plaça des Ramal, 25, 07730 Alaior, Illes Balears, España",971378888,https://www.fincascardona.com/,4.3,27.0,es,Google reviews: 4.3* / 27,OPERATIONAL,"('real_estate_agency', 'consultant', 'general_contractor', 'point_of_interest', 'establishment')",7730.0,,,,,
511,Casas en Menorca - Alaior,"Carrer des Ramal, 77, 07730 Alaior, Illes Balears, España",971363300,https://www.casasenmenorca.com/es/,4.9,8.0,es,Google reviews: 4.9* / 8,OPERATIONAL,"('real_estate_agency', 'point_of_interest', 'establishment')",7730.0,,,,,
512,Inmobiliaria Vidal Menorca,"Av. de la Mar, 28A, 07749 Es Migjorn Gran, Illes Balears, España",971370202,https://www.vidalmenorca.com/,4.7,15.0,es,Google reviews: 4.7* / 15,OPERATIONAL,"('real_estate_agency', 'point_of_interest', 'establishment')",7749.0,,,,,
513,INMOBILIARIA MENORCA DJ SANTOS,"Calle Romaní, 3B, 07740 Arenal d'en Castell, Illes Balears, España",,https://www.djsantos.es/,5.0,15.0,es,Google reviews: 5* / 15,OPERATIONAL,"('real_estate_agency', 'point_of_interest', 'establishment')",7740.0,,,,,
514,Menorca Holiday Home,"Playa Son Bou, Local X-38, 07730 Son Bou, Illes Balears, España",608941340,http://menorcaholidayhome.com/,4.8,6.0,es,Google reviews: 4.8* / 6,OPERATIONAL,"('real_estate_agency', 'point_of_interest', 'establishment')",7730.0,,,,,
515,Binilau Menorca,"Carrer de Bellamirada, 8, 07730 San Jaime Mediterráneo, Illes Balears, España",682540654,http://www.binilau.com/,4.9,17.0,es,Google reviews: 4.9* / 17,OPERATIONAL,"('real_estate_agency', 'lodging', 'point_of_interest', 'establishment')",7730.0,,,,,
516,Inmobiliaria Fincas Bonnin Sansó ,"Av. Vía Ronda de Ses Costes, 4, 07740 Es Mercadal, Illes Balears, España",971154168,http://www.bonninsanso.com/,3.7,9.0,en,Google reviews: 3.7* / 9,OPERATIONAL,"('real_estate_agency', 'point_of_interest', 'establishment')",7740.0,,,,,
517,Coves Noves - Menorca,"Carrer des Baladres, 22, 07740 Es Mercadal, Illes Balears, España",934122872,https://www.coves-noves.com/,4.5,23.0,es,Google reviews: 4.5* / 23,OPERATIONAL,"('real_estate_agency', 'point_of_interest', 'establishment')",7740.0,,,,,
518,Sa Caseta Servicios Inmobiliarios,"Carrer E, 07748 Platges de Fornells, Illes Balears, España",971376561,http://www.sacasetademenorca.es/,4.1,11.0,ca,Google reviews: 4.1* / 11,OPERATIONAL,"('real_estate_agency', 'point_of_interest', 'establishment')",7748.0,,,,,
519,Menorca Maravilla properties s.l,"Carrer Villa Pepa, 23, 07750 Ferreries, Illes Balears, España",611683278,http://www.menorcamaravilla.com/,5.0,6.0,es,Google reviews: 5* / 6,OPERATIONAL,"('real_estate_agency', 'point_of_interest', 'establishment')",7750.0,,,,,
520,Hommed,"Carrer D, 5, 07748 Platges de Fornells, Illes Balears, España",662961804,https://hommmed.com/,5.0,8.0,es,Google reviews: 5* / 8,OPERATIONAL,"('real_estate_agency', 'consultant', 'point_of_interest', 'establishment')",7748.0,,,,,
521,Inmobiliaria Pons Morales,"Carrer Major des Born, 7 Bis, 07760 Ciutadella de Menorca, Illes Balears, España",971384225,http://www.ponsmorales.com/,4.7,84.0,es,Google reviews: 4.7* / 84,OPERATIONAL,"('real_estate_agency', 'finance', 'point_of_interest', 'establishment')",7760.0,,,,,
522,MENORCA IN PERSON ,"Passeig de Sant Nicolau, 61, 07760 Ciutadella de Menorca, Illes Balears, España",971382848,https://www.menorcainperson.com/,5.0,112.0,es,Google reviews: 5* / 112,OPERATIONAL,"('real_estate_agency', 'consultant', 'point_of_interest', 'establishment')",7760.0,,,,,
523,FINCAS LLONGA'S ,"Avinguda de Jaume I el Conqueridor, 89, 07760 Ciutadella de Menorca, Illes Balears, España",971385202,http://www.fincasllongas.com/,4.1,33.0,es,Google reviews: 4.1* / 33,OPERATIONAL,"('real_estate_agency', 'consultant', 'point_of_interest', 'establishment')",7760.0,,,,,
524,Inmobiliaria Artrutx,"Avinguda de la Constitució, 7, 07760 Ciudadela de Menorca, Illes Balears, España",971380971,http://www.inmobiliariaartrutx.com/,4.6,115.0,es,Google reviews: 4.6* / 115,OPERATIONAL,"('real_estate_agency', 'point_of_interest', 'establishment')",7760.0,,,,,
525,Inmobiliaria Fincas Bonnin Sansó Ciutadella,"Avinguda de Jaume I el Conqueridor, 72, 07760 Ciutadella de Menorca, Illes Balears, España",971482200,https://www.bonninsanso.com/,4.2,54.0,es,Google reviews: 4.2* / 54,OPERATIONAL,"('real_estate_agency', 'point_of_interest', 'establishment')",7760.0,,,,,
526,Finques Torres Inmobiliaria,"Carrer de Sant Isidre, 40, 07760 Ciutadella de Menorca, Illes Balears, España",653106624,https://www.finquestorres.net/,4.8,15.0,es,Google reviews: 4.8* / 15,OPERATIONAL,"('real_estate_agency', 'point_of_interest', 'establishment')",7760.0,,,,,
527,Top Menorca,,649939674,http://www.topmenorca.es/,4.9,18.0,es,Google reviews: 4.9* / 18,OPERATIONAL,"('real_estate_agency', 'establishment')",,,,,,
528,Fincas Ciutadella,"Avinguda de Jaume I el Conqueridor, 101, Bajos, 07760 Ciudadela de Menorca, Illes Balears, España",871026948,http://www.fincasciutadella.com/,4.2,30.0,es,Google reviews: 4.2* / 30,OPERATIONAL,"('real_estate_agency', 'point_of_interest', 'establishment')",7760.0,,,,,
529,Fincas Seminari,"Plaça Nova, 3, 07760 Ciutadella de Menorca, Illes Balears, España",971484629,http://www.fincasseminari.com/,4.3,24.0,es,Google reviews: 4.3* / 24,OPERATIONAL,"('real_estate_agency', 'point_of_interest', 'establishment')",7760.0,,,,,
530,Inmobiliaria Camps Bosch,"Plaça d'Artrutx, 11, 07760 Ciutadella de Menorca, Illes Balears, España",971383115,https://inmocampsbosch.com/,4.6,28.0,es,Google reviews: 4.6* / 28,OPERATIONAL,"('real_estate_agency', 'lawyer', 'consultant', 'point_of_interest', 'establishment')",7760.0,,,,,
531,Lucas Fox — A Dils company,"Carrer del Roser, 13, Bajos, 07760 Ciudadela de Menorca, Illes Balears, España",971484121,https://www.lucasfox.com/property/spain/menorca.html?utm_medium=organic&utm_source=google&utm_campaign=mybusiness_menorca,4.6,27.0,es,Google reviews: 4.6* / 27,OPERATIONAL,"('real_estate_agency', 'finance', 'consultant', 'point_of_interest', 'establishment')",7760.0,,,,,
532,EPL En Primera Linea,"Avinguda del Capità Negrete, 8, 07760 Ciutadella de Menorca, Illes Balears, España",680159897,https://www.enprimeralinea.immo/,4.7,12.0,es,Google reviews: 4.7* / 12,OPERATIONAL,"('real_estate_agency', 'point_of_interest', 'establishment')",7760.0,,,,,
533,HSH Luxury Real Estate ,"Carrer de Sant Sebastià, n° 16, 07760 Ciutadella de Menorca, Illes Balears, España",658689702,https://www.highstandinghouse.com/propiedades,5.0,6.0,es,Google reviews: 5* / 6,OPERATIONAL,"('real_estate_agency', 'point_of_interest', 'establishment')",7760.0,,,,,
534,Es Pou de Torn,"Cam. de Maó, 190, local 5, 07760 Ciudadela de Menorca, Illes Balears, España",971382446,https://www.espoudetorn.com/,4.1,13.0,es,Google reviews: 4.1* / 13,OPERATIONAL,"('real_estate_agency', 'point_of_interest', 'establishment')",7760.0,,,,,
535,Menorca Home,,650955192,https://menorcacom.online/,4.9,179.0,es,Google reviews: 4.9* / 179,OPERATIONAL,"('real_estate_agency', 'establishment')",,,,,,
536,Menorca MPC,"Carrer Migjorn, 1104, 07769 Cap d'Artrutx, Illes Balears, España",687530584,https://www.menorcampc.com/,4.7,24.0,es,Google reviews: 4.7* / 24,OPERATIONAL,"('real_estate_agency', 'point_of_interest', 'establishment')",7769.0,,,,,
537,Mondialité Ibiza,"Via Romana, 52, 07800 Eivissa, Illes Balears, España",673481112,https://www.mondialiteibiza.com/,4.9,149.0,es,Google reviews: 4.9* / 149,OPERATIONAL,"('real_estate_agency', 'consultant', 'point_of_interest', 'establishment')",7800.0,,,,,
538,Prestige Properties Ibiza,"Av. de Bartomeu de Roselló, 1, 07800 Eivissa, Illes Balears, España",971190455,https://www.ibizaprestige.com/,4.9,100.0,es,Google reviews: 4.9* / 100,OPERATIONAL,"('real_estate_agency', 'point_of_interest', 'establishment')",7800.0,,,,,
539,Ibiza Services,"Av. 8 d'Agost, 29, Bajo III, 07800 Eivissa, Illes Balears, España",971599111,https://ibiza-services.com/,4.9,314.0,es,Google reviews: 4.9* / 314,OPERATIONAL,"('real_estate_agency', 'consultant', 'point_of_interest', 'establishment')",7800.0,,,,,
540,Summum Ibiza,"Carrer de Sant Cristòfol, 13, 07800 Eivissa, Illes Balears, España",666900980,https://www.summumibiza.com/,5.0,76.0,es,Google reviews: 5* / 76,OPERATIONAL,"('real_estate_agency', 'point_of_interest', 'establishment')",7800.0,,,,,
541,Ibizavende,"Carrer de Pere de Portugal, 5, 07800 Eivissa, Illes Balears, España",971934988,http://www.ibizavende.com/,4.7,157.0,es,Google reviews: 4.7* / 157,OPERATIONAL,"('real_estate_agency', 'point_of_interest', 'establishment')",7800.0,,,,,
542,Engel & Völkers Ibiza,"Avinguda de Santa Eulària des Riu, 17, 07800 Eivissa, Illes Balears, España",971311336,http://www.ev-ibiza.com/,4.6,82.0,es,Google reviews: 4.6* / 82,OPERATIONAL,"('real_estate_agency', 'finance', 'general_contractor', 'consultant', 'point_of_interest', 'establishment')",7800.0,,,,,
543,Agencia Inmobiliaria Ibiza ,"Via Romana, 17, bajos, 07800 Eivissa, Illes Balears, España",629684443,https://www.solanaibiza.com/es/,4.8,19.0,es,Google reviews: 4.8* / 19,OPERATIONAL,"('real_estate_agency', 'consultant', 'point_of_interest', 'establishment')",7800.0,,,,,
544,The Best Ibiza ,"Carrer de Pere Francès, 9, 3ª planta, puerta 308, 07800 Eivissa, Illes Balears, España",607408540,https://www.thebestibiza.com/es/,5.0,25.0,es,Google reviews: 5* / 25,OPERATIONAL,"('real_estate_agency', 'consultant', 'point_of_interest', 'establishment')",7800.0,,,,,
545,PONENT,"Carrer de Vicent Serra i Orvay, 21, 07800 Eivissa, Illes Balears, España",971194057,http://www.inmobiliaria-ponent.com/,4.7,82.0,es,Google reviews: 4.7* / 82,OPERATIONAL,"('real_estate_agency', 'point_of_interest', 'establishment')",7800.0,,,,,
546,VIS Inmobiliaria,"Passeig de Vara de Rey, 3, 07800 Eivissa, Illes Balears, España",971300912,http://www.vis-ibiza.com/,4.7,36.0,es,Google reviews: 4.7* / 36,OPERATIONAL,"('real_estate_agency', 'point_of_interest', 'establishment')",7800.0,,,,,
547,Inmobiliaria Ibiza,"C/ d'Aragó, 23, 07800 Eivissa, Illes Balears, España",665566644,https://inmobiliaria-ibiza.com/,5.0,9.0,es,Google reviews: 5* / 9,OPERATIONAL,"('real_estate_agency', 'point_of_interest', 'establishment')",7800.0,,,,,
548,Barcoland Agencia Inmobiliaria,"Carrer de Fray Luis de Leon, 12, 07800 Eivissa, Illes Balears, España",686922362,https://inmobarcoland.com/,5.0,28.0,es,Google reviews: 5* / 28,OPERATIONAL,"('real_estate_agency', 'point_of_interest', 'establishment')",7800.0,,,,,
549,Lucas Fox,"Av. Sant Josep de sa Talaia, 66, 07800 Eivissa, Illes Balears, España",971590630,https://www.lucasfox.com/property/spain/ibiza.html?utm_medium=organic&utm_source=google&utm_campaign=mybusiness_ibiza,5.0,51.0,en,Google reviews: 5* / 51,OPERATIONAL,"('real_estate_agency', 'finance', 'consultant', 'point_of_interest', 'establishment')",7800.0,,,,,
550,Ibiza Genius Real Estate,"Carrer de Vicent Serra i Orvay, 14, Local 2, 07800 Ibiza, Illes Balears, España",634710339,http://www.ibizagenius.com/,4.1,69.0,es,Google reviews: 4.1* / 69,OPERATIONAL,"('real_estate_agency', 'point_of_interest', 'establishment')",7800.0,,,,,
551,Las Villas Ibiza Agence immobiliere,"Carrer de Vicente Cuervo, 10, Bajo, 07800 Ibiza, Illes Balears, España",661353765,http://lasvillasibiza.com/,4.6,11.0,es,Google reviews: 4.6* / 11,OPERATIONAL,"('real_estate_agency', 'point_of_interest', 'establishment')",7800.0,,,,,
552,Ibiza Royal Agency,"Carrer d'Agapit Llobet, 1, 3º-3ª, 07800 Eivissa, Illes Balears, España",871718850,https://www.ibizaroyalagency.com/,4.5,23.0,es,Google reviews: 4.5* / 23,OPERATIONAL,"('real_estate_agency', 'general_contractor', 'consultant', 'point_of_interest', 'establishment')",7800.0,,,,,
553,LOVE TO LIVE IBIZA,"Carrer de sa Llavanera, 10, Edf. Brisol, esc. 2, loc. 2, 07800 Eivissa, Illes Balears, España",971508569,https://www.lovetoliveibiza.com/es/,5.0,62.0,es,Google reviews: 5* / 62,OPERATIONAL,"('real_estate_agency', 'point_of_interest', 'establishment')",7800.0,,,,,
554,Casanovas | Real Estate Ibiza,"Cas Serres, Av. de Sant Jordi, 56, 07800 Eivissa, Illes Balears, España",680161414,https://www.casanovasrealestate.com/,5.0,12.0,es,Google reviews: 5* / 12,OPERATIONAL,"('real_estate_agency', 'point_of_interest', 'establishment')",7800.0,,,,,
555,John Taylor Ibiza,"Passeig Joan Carles I, 39, 07800 Eivissa, Illes Balears, España",682152228,https://www.john-taylor.es/agencia-inmobiliaria-lujo/ibiza/,4.7,12.0,es,Google reviews: 4.7* / 12,OPERATIONAL,"('real_estate_agency', 'point_of_interest', 'establishment')",7800.0,,,,,
556,CENTURY 21 Nova Vila ,"Passatge de Balàfia, 1, Local 6, 07800 Eivissa, Illes Balears, España",971963989,https://www.century21.es/agencias/novavila/,4.1,20.0,es,Google reviews: 4.1* / 20,OPERATIONAL,"('real_estate_agency', 'consultant', 'point_of_interest', 'establishment')",7800.0,,,,,
557,Tierras de ibiza,"Av. d'Espanya, 18, 07800 Eivissa, Illes Balears, España",633408981,https://www.tierrasdeibiza.com/,3.8,65.0,es,Google reviews: 3.8* / 65,OPERATIONAL,"('real_estate_agency', 'point_of_interest', 'establishment')",7800.0,,,,,
558,Singular Ibiza Real Estate,"Patio Blanco, C. de sa Corbeta, 1, 5-5-1, 07800 Eivissa, Illes Balears, España",636755324,https://www.singularvillasibiza.com/,5.0,13.0,es,Google reviews: 5* / 13,OPERATIONAL,"('real_estate_agency', 'point_of_interest', 'establishment')",7800.0,,,,,
559,EXPRESS NETWORK,"Carrer Gregal, 9, 07800 Eivissa, Illes Balears, España",649210232,https://www.exnw.eu/,5.0,12.0,es,Google reviews: 5* / 12,OPERATIONAL,"('real_estate_agency', 'point_of_interest', 'establishment')",7800.0,,,,,
560,CASAVIVA Inmobiliaria Ibiza,"Carrer de Bartomeu Vicent Ramon, 24, 07800 Eivissa, Illes Balears, España",971317650,http://www.casavivaibiza.com/,4.4,7.0,es,Google reviews: 4.4* / 7,OPERATIONAL,"('real_estate_agency', 'point_of_interest', 'establishment')",7800.0,,,,,
561,Ibiza Domo,"Av. d'Isidor Macabich, 58, 07800 Eivissa, Illes Balears, España",971312527,http://ibizadomo.com/,4.5,30.0,es,Google reviews: 4.5* / 30,OPERATIONAL,"('real_estate_agency', 'point_of_interest', 'establishment')",7800.0,,,,,
562,Vive Ibiza Inmobiliaria,"Avenida 8 de agosto 11 (edificio Brisol) esc 10, 07800 Ibiza, Illes Balears, España",971590204,https://www.vive-ibiza.es/,3.8,10.0,es,Google reviews: 3.8* / 10,OPERATIONAL,"('real_estate_agency', 'point_of_interest', 'establishment')",7800.0,,,,,
563,Ibiza Secrets Real Estate SL,"C/ del Bisbe González Abarca, 2, 07800 Eivissa, Illes Balears, España",646404806,http://www.ibiza-secrets.com/,4.5,41.0,en,Google reviews: 4.5* / 41,OPERATIONAL,"('real_estate_agency', 'point_of_interest', 'establishment')",7800.0,,,,,
564,Botafoch Real Estate,"Paseo Juan Carlos I, 39, Local 6, 07800 Ibiza, Illes Balears, España",971316206,http://www.botafoch-realestate.com/,4.5,24.0,es,Google reviews: 4.5* / 24,OPERATIONAL,"('real_estate_agency', 'point_of_interest', 'establishment')",7800.0,,,,,
565,VIDALES HOUSE & BOAT ,"Carrer de les Campanetes, 52-54, 07817 Sant Jordi de ses Salines, Illes Balears, España",633510795,https://www.vidaleshouseboat.com/,5.0,31.0,es,Google reviews: 5* / 31,OPERATIONAL,"('real_estate_agency', 'point_of_interest', 'establishment')",7817.0,,,,,
566,myibiza estate,"C. de Joan d'Àustria, 5, 07800 Eivissa, Illes Balears, España",602646670,http://www.myibiza.estate/,5.0,18.0,es,Google reviews: 5* / 18,OPERATIONAL,"('real_estate_agency', 'point_of_interest', 'establishment')",7800.0,,,,,
567,Inmobiliaria Cecilio,"Avinguda d'Ignasi Wallis, 40, 07800 Eivissa, Illes Balears, España",971315910,http://www.cecilio.com/,4.0,24.0,es,Google reviews: 4* / 24,OPERATIONAL,"('real_estate_agency', 'point_of_interest', 'establishment')",7800.0,,,,,
568,Luxury Villas Ibiza,"Carrer Riu Támesis, 35, 07800 Eivissa, Illes Balears, España",604101816,http://www.luxuryvillasibiza.net/,4.8,20.0,es,Google reviews: 4.8* / 20,OPERATIONAL,"('real_estate_agency', 'point_of_interest', 'establishment')",7800.0,,,,,
569,Prime Lux Ibiza,"Av. 8 d'Agost, 7, esc 7, 07800 Eivissa, Illes Balears, España",655018121,https://www.primeluxibiza.com/,5.0,7.0,es,Google reviews: 5* / 7,OPERATIONAL,"('real_estate_agency', 'point_of_interest', 'establishment')",7800.0,,,,,
570,Best Experience Real Estate,"Passeig de Vara de Rey, 18, 07800 Eivissa, Illes Balears, España",657181035,https://bestexperiencerealestate.com/en/,5.0,9.0,es,Google reviews: 5* / 9,OPERATIONAL,"('real_estate_agency', 'consultant', 'point_of_interest', 'establishment')",7800.0,,,,,
571,Landed In Ibiza Real Estate,"Carrer de Canàries, 41, Bajo 6, 07800 Ibiza, Illes Balears, España",971877984,http://www.landedinibiza.com/,4.8,22.0,es,Google reviews: 4.8* / 22,OPERATIONAL,"('real_estate_agency', 'point_of_interest', 'establishment')",7800.0,,,,,
572,Neverland Properties Ibiza,"C. d'Astúries, 24, 07800 Eivissa, Illes Balears, España",971393577,https://www.neverlandproperties.com/,4.8,22.0,es,Google reviews: 4.8* / 22,OPERATIONAL,"('real_estate_agency', 'point_of_interest', 'establishment')",7800.0,,,,,
573,La Casa Agency | Ibiza,"C/ Alcalde Antonio Guasch, 3, bajos, 07800 Ibiza, Illes Balears, España",689047593,http://www.lacasa.net/,4.7,6.0,es,Google reviews: 4.7* / 6,OPERATIONAL,"('real_estate_agency', 'point_of_interest', 'establishment')",7800.0,,,,,
574,LYNDO Real Estate & Property Manager ,"Carrer de sa Llavanera, 9, 07800 Eivissa, Illes Balears, España",658468886,http://www.lyndo.es/,5.0,21.0,es,Google reviews: 5* / 21,OPERATIONAL,"('real_estate_agency', 'point_of_interest', 'establishment')",7800.0,,,,,
575,Ibiza Breeze,"Sa torre blanca, 4. Edificio portamar 1 bl b 1b, 07800 Ibiza, Illes Balears, España",981623053,http://www.ibizaluxuryvillas.net/,4.6,7.0,es,Google reviews: 4.6* / 7,OPERATIONAL,"('real_estate_agency', 'point_of_interest', 'establishment')",7800.0,,,,,
576,Inmolocal Ibiza,"C. des Fusters, 34, Pol. Montecristo Industrial, 94-95-96, 07816 Monte Cristo, Illes Balears, España",610681422,http://www.inmolocalibiza.com/,4.3,25.0,es,Google reviews: 4.3* / 25,OPERATIONAL,"('real_estate_agency', 'point_of_interest', 'establishment')",7816.0,,,,,
577,CARDONA ESTATE,"Carrer de Sant Cristòfol, 26, 07800 Eivissa, Illes Balears, España",871051794,http://cardonaestate.com/,3.8,30.0,es,Google reviews: 3.8* / 30,OPERATIONAL,"('real_estate_agency', 'consultant', 'point_of_interest', 'establishment')",7800.0,,,,,
578,Royal Estates,"Av. d'Espanya, 122, bajo izquierda, 07800 Ibiza, Illes Balears, España",661752198,https://royalestates.com/,5.0,12.0,nl,Google reviews: 5* / 12,OPERATIONAL,"('real_estate_agency', 'point_of_interest', 'establishment')",7800.0,,,,,
579,Atzaró Ibiza Villas,"Carrer de la Vénda des Poble, 6, 07814 Santa Gertrudis de Fruitera, Illes Balears, España",971594488,http://www.atzaroibizavillas.com/,4.9,11.0,es,Google reviews: 4.9* / 11,OPERATIONAL,"('real_estate_agency', 'point_of_interest', 'establishment')",7814.0,,,,,
580,Can Ibiza,"Paseo de Santa Gertrudis, 7, 07814 Santa Gertrudis de Fruitera, Illes Balears, España",654975906,http://www.canibiza.com/,5.0,9.0,es,Google reviews: 5* / 9,OPERATIONAL,"('real_estate_agency', 'point_of_interest', 'establishment')",7814.0,,,,,
581,ZAN ibiza real estate,"Calle Paseo de Santa Gertrudis, 7, 07814 Santa Gertrudis de Fruitera, Illes Balears, España",638711355,http://www.zanibiza.com/,4.7,12.0,en,Google reviews: 4.7* / 12,OPERATIONAL,"('real_estate_agency', 'point_of_interest', 'establishment')",7814.0,,,,,
582,Ibiza Local,"Av. 8 d'Agost, 23, 07800 Eivissa, Illes Balears, España",633202694,https://www.ibizalocal.es/,5.0,16.0,it,Google reviews: 5* / 16,OPERATIONAL,"('real_estate_agency', 'point_of_interest', 'establishment')",7800.0,,,,,
583,Ibiza Global Services,"Av. 8 d'Agost, 32, 07800 Eivissa, Illes Balears, España",971199620,http://ibizaglobalservices.es/,4.0,9.0,es,Google reviews: 4* / 9,OPERATIONAL,"('real_estate_agency', 'point_of_interest', 'establishment')",7800.0,,,,,
584,Spain Sotheby's International Realty  ( 07800 ),"Passeig Joan Carles I, 9, local 9 (Edificio Sarana, 07800 Eivissa, Illes Balears, España",871183129,https://www.spain-sothebysrealty.com/,4.4,7.0,en,Google reviews: 4.4* / 7,OPERATIONAL,"('real_estate_agency', 'finance', 'consultant', 'point_of_interest', 'establishment')",7800.0,,,,,
585,Unik Ibiza Real Estate,"Av. 8 d'Agost, 32, 07800 Eivissa, Illes Balears, España",971508050,http://www.unikibiza.com/,5.0,15.0,en,Google reviews: 5* / 15,OPERATIONAL,"('real_estate_agency', 'point_of_interest', 'establishment')",7800.0,,,,,
586,Ibiza Key,"Carrer del Pedrer, 07814, Illes Balears, España",616544637,http://www.ibizakey.com/,4.9,43.0,es,Google reviews: 4.9* / 43,OPERATIONAL,"('real_estate_agency', 'point_of_interest', 'establishment')",7814.0,,,,,
587,VAMOS IBIZA,"Carr. Sta. Eulària, 293, 07819 Ca Na Negreta, Illes Balears, España",610535915,http://www.vamos-ibiza.com/,5.0,26.0,es,Google reviews: 5* / 26,OPERATIONAL,"('real_estate_agency', 'point_of_interest', 'establishment')",7819.0,,,,,
588,Terrenalia Real Estate ,"Passeig de la Pau 4, 3-1 Edif Guash, Escalera C, Passeig de la Pau, 4, Local 1, 07840 Santa Eulària des Riu, Illes Balears, España",971306784,http://terrenalia.com/,4.4,28.0,es,Google reviews: 4.4* / 28,OPERATIONAL,"('real_estate_agency', 'point_of_interest', 'establishment')",7840.0,,,,,
589,Alfa Ibiza Isla,"C/ de Molins de Rei, 8, 07840 Santa Eulària des Riu, Illes Balears, España",682451441,http://www.alfaibizaisla.com/,4.7,89.0,es,Google reviews: 4.7* / 89,OPERATIONAL,"('real_estate_agency', 'point_of_interest', 'establishment')",7840.0,,,,,
590,Paradise Inmo Real Estate,"Carrer de Sant Josep, 42, 07840 Santa Eulària des Riu, Illes Balears, España",871537895,http://www.paradiseinmo.es/,4.5,39.0,es,Google reviews: 4.5* / 39,OPERATIONAL,"('real_estate_agency', 'consultant', 'point_of_interest', 'establishment')",7840.0,,,,,
591,Rivas Real Estate Ibiza,"Carrer José Guasch Vich, 17, 07840 Santa Eulària des Riu, Illes Balears, España",680973923,https://www.rivasibiza.com/,5.0,6.0,es,Google reviews: 5* / 6,OPERATIONAL,"('real_estate_agency', 'point_of_interest', 'establishment')",7840.0,,,,,
592,Grupo Ambar Inmobiliaria y promotora en Ibiza,"Carrer Isidor Macabich, 12, 07840 Santa Eulalia del Río, Illes Balears, España",971338229,https://www.ambaribiza.com/,4.0,10.0,es,Google reviews: 4* / 10,OPERATIONAL,"('real_estate_agency', 'finance', 'general_contractor', 'consultant', 'point_of_interest', 'establishment')",7840.0,,,,,
593,Villa Contact Ibiza ,"Passeig de s'Alamera, 14, 07840 Santa Eulària des Riu, Illes Balears, España",971330374,http://www.villacontact.com/,5.0,22.0,es,Google reviews: 5* / 22,OPERATIONAL,"('real_estate_agency', 'point_of_interest', 'establishment')",7840.0,,,,,
594,GZ Ibiza Properties,,602423394,https://www.gzibizaproperties.com/,5.0,15.0,es,Google reviews: 5* / 15,OPERATIONAL,"('real_estate_agency', 'establishment')",,,,,,
595,Villas Ibiza Spain,,633934968,https://www.villasibizaspain.com/,5.0,10.0,es,Google reviews: 5* / 10,OPERATIONAL,"('real_estate_agency', 'establishment')",,,,,,
596,Homeclub Ibiza,"Carretera Ibiza, 7P, 07817 Ibiza, Illes Balears, España",911438350,https://www.homeclub.com/,4.8,32.0,es,Google reviews: 4.8* / 32,OPERATIONAL,"('real_estate_agency', 'lodging', 'point_of_interest', 'establishment')",7817.0,,,,,
597,LET US IBIZA Find a second home that is a safe investment,"Carrer de la Tórtora, 1, bajo 2, 07817 Sant Josep de sa Talaia, Illes Balears, España",653378193,http://letusibiza.com/,5.0,37.0,nl,Google reviews: 5* / 37,OPERATIONAL,"('real_estate_agency', 'finance', 'consultant', 'point_of_interest', 'establishment')",7817.0,,,,,
598,Romina Ibiza Villas & Co.,"Carretera Ibiza - San José km3, 07817 San Jorge de ses Salines, Illes Balears, España",971308016,https://www.rominaibizavillas.com/,5.0,8.0,en,Google reviews: 5* / 8,OPERATIONAL,"('real_estate_agency', 'point_of_interest', 'establishment')",7817.0,,,,,
599,Ibiza TRT Gestión Inmobiliaria,"Carrer de Sant Antoni, 36, Bajo 6, 07820 San Antonio Abad, Illes Balears, España",971034105,http://www.ibizatrt.com/,5.0,39.0,es,Google reviews: 5* / 39,OPERATIONAL,"('real_estate_agency', 'point_of_interest', 'establishment')",7820.0,,,,,
600,Windsor & Meyers Ibiza,"Carrer dels Polls, 21, 07817 Sant Josep de sa Talaia, Illes Balears, España",971303479,https://www.windsorandmeyers.es/,4.3,18.0,es,Google reviews: 4.3* / 18,OPERATIONAL,"('real_estate_agency', 'point_of_interest', 'establishment')",7817.0,,,,,
601,Ibiza My Property,"LOCAL 3, Av. Pere Matutes Noguera, 109, 07800 Ibiza, Illes Balears, España",971199178,http://www.ibizamyproperty.com/,4.5,68.0,it,Google reviews: 4.5* / 68,OPERATIONAL,"('real_estate_agency', 'point_of_interest', 'establishment')",7800.0,,,,,
602,IBIZA HOME MANAGERS,"Carrer del Timbal, 22, 07817 Sant Jordi de ses Salines, Illes Balears, España",619737585,http://www.ibizahomemanagers.net/,4.6,25.0,es,Google reviews: 4.6* / 25,OPERATIONAL,"('real_estate_agency', 'point_of_interest', 'establishment')",7817.0,,,,,
603,Real Estate Ibiza,"Av. Pere Matutes Noguera, 115-117, 07800 Eivissa, Illes Balears, España",685859862,http://realestateibiza.net/,5.0,14.0,en,Google reviews: 5* / 14,OPERATIONAL,"('real_estate_agency', 'point_of_interest', 'establishment')",7800.0,,,,,
604,IBIZA-Casa Inmobiliaria de Baleares S.l.u.,"Av. Cubells, 7, 07830 Sant Josep de sa Talaia, Illes Balears, España",971800367,http://www.ibiza-casa.com/,4.8,17.0,es,Google reviews: 4.8* / 17,OPERATIONAL,"('real_estate_agency', 'point_of_interest', 'establishment')",7830.0,,,,,
605,Immobilien Lindstedt Management GmbH & Co.KG,"Carrer del Montsec, 6, 07817 Sant Josep de sa Talaia, Illes Balears, España",911980779,https://immobilien-lindstedt.de/,5.0,20.0,en,Google reviews: 5* / 20,OPERATIONAL,"('real_estate_agency', 'point_of_interest', 'establishment')",7817.0,,,,,
606,Ibiza My Villa ,"Av. Pere Matutes Noguera, Local 109, 07800 Eivissa, Illes Balears, España",971199178,http://www.ibizamyvilla.com/,5.0,20.0,es,Google reviews: 5* / 20,OPERATIONAL,"('real_estate_agency', 'point_of_interest', 'establishment')",7800.0,,,,,
607,Ibizalia Inmobiliaria ,"Av. d'Isidor Macabich, 65, 07800 Eivissa, Illes Balears, España",971306030,http://ibizalia.com/,3.8,10.0,en,Google reviews: 3.8* / 10,OPERATIONAL,"('real_estate_agency', 'point_of_interest', 'establishment')",7800.0,,,,,
608,Inmobiliaria ALOVIDA en Ibiza,"Carrer des Cap Martinet, 22, 07819 Nuestra Señora de Jesús, Illes Balears, España",646077248,https://www.alovida.es/,5.0,25.0,es,Google reviews: 5* / 25,OPERATIONAL,"('real_estate_agency', 'point_of_interest', 'establishment')",7819.0,,,,,
609,inmobiliaria Las Anclas Ibiza,"Avenida Cap Martinet s/n, Edif. Balcon de Jesús II, 07819 Nuestra Señora de Jesús, Illes Balears, España",971193413,https://lasanclas-ibiza.com/,4.8,55.0,en,Google reviews: 4.8* / 55,OPERATIONAL,"('real_estate_agency', 'consultant', 'point_of_interest', 'establishment')",7819.0,,,,,
610,Ibiza Hills Homes,"C/ de Milán, 1, Urb, 07819 Roca Llisa, Illes Balears, España",971159035,https://www.ibiza-hills-homes.com/,5.0,11.0,en,Google reviews: 5* / 11,OPERATIONAL,"('real_estate_agency', 'point_of_interest', 'establishment')",7819.0,,,,,
611,PURE Real Estate Ibiza,"Carrer des Cap Martinet, 22, 07819 Nuestra Señora de Jesús, Illes Balears, España",971193231,https://www.pureibiza.com/,5.0,7.0,en,Google reviews: 5* / 7,OPERATIONAL,"('real_estate_agency', 'point_of_interest', 'establishment')",7819.0,,,,,
612,C & W Immobilien,"Carretera de Jesus, 101, Edif Centro, Planta Baja, Local 5, 07819 Ibiza, Illes Balears, España",692807756,https://www.luxuryvillasibiza.net/,4.9,33.0,es,Google reviews: 4.9* / 33,OPERATIONAL,"('real_estate_agency', 'point_of_interest', 'general_contractor', 'establishment')",7819.0,,,,,
613,Roxire Real Estate,"Carrer de la Mar, 13b, 07820 Sant Antoni de Portmany, Illes Balears, España",871510572,http://www.roxire.com/,4.8,316.0,es,Google reviews: 4.8* / 316,OPERATIONAL,"('real_estate_agency', 'consultant', 'point_of_interest', 'establishment')",7820.0,,,,,
614,Sa Pedrera Inmobiliaria,"Carrer de la Mar, 29, local 7, 07820 Sant Antoni de Portmany, Illes Balears, España",671200791,http://www.sapedrerainmobiliaria.es/,4.9,40.0,es,Google reviews: 4.9* / 40,OPERATIONAL,"('real_estate_agency', 'point_of_interest', 'establishment')",7820.0,,,,,
615,Reesman ,"Avinguda del Doctor Fleming, 47, bajo, 07820 Sant Antoni de Portmany, Illes Balears, España",971347752,https://www.reesman.es/,4.8,44.0,es,Google reviews: 4.8* / 44,OPERATIONAL,"('real_estate_agency', 'point_of_interest', 'establishment')",7820.0,,,,,
616,BLAU Properties Ibiza Real Estate,"C. del Far, 6, Local 2, 07820 San Antonio Abad, Illes Balears, España",620086628,http://www.blaupropertiesibiza.com/,4.8,22.0,es,Google reviews: 4.8* / 22,OPERATIONAL,"('real_estate_agency', 'point_of_interest', 'establishment')",7820.0,,,,,
617,Agencia Inmobiliaria iHouseIbiza,"Carrer del General Balanzat, 14, 07820 Sant Antoni de Portmany, Illes Balears, España",622377356,https://www.ventas.ihouseibiza.com/,4.3,36.0,es,Google reviews: 4.3* / 36,OPERATIONAL,"('real_estate_agency', 'point_of_interest', 'establishment')",7820.0,,,,,
618,Inmobiliaria Multihogar,"C/ Madrid nº4 Esquina, C. del Far, 07820 San Antonio Abad, Illes Balears, España",971346979,http://www.multihogar.es/,3.1,30.0,es,Google reviews: 3.1* / 30,OPERATIONAL,"('real_estate_agency', 'point_of_interest', 'establishment')",7820.0,,,,,
619,Inmobiliaria Costa Ibiza,"ED. TANIT, Calle FARO, 2 F, 07820 San Antonio Abad, Illes Balears, España",971341058,http://www.costa-ibiza.com/,4.4,14.0,es,Google reviews: 4.4* / 14,OPERATIONAL,"('real_estate_agency', 'point_of_interest', 'establishment')",7820.0,,,,,
620,""" IBISUNSET "" Island Homes Ibiza & Mallorca",,871252831,https://ibisunset.com/,4.7,26.0,es,Google reviews: 4.7* / 26,OPERATIONAL,"('real_estate_agency', 'establishment')",,,,,,
621,VBD Real Estate Ibiza,,711042821,https://www.vbdrealestate.com/,5.0,14.0,es,Google reviews: 5* / 14,OPERATIONAL,"('real_estate_agency', 'consultant', 'establishment')",,,,,,
622,"TUR Y SERRA CONSULTORIA, SL","Tr.ª De La Mar, 1, 07820 San Antonio Abad, Illes Balears, España",971341411,http://www.turyserra.com/,4.0,102.0,es,Google reviews: 4* / 102,OPERATIONAL,"('real_estate_agency', 'finance', 'consultant', 'point_of_interest', 'establishment')",7820.0,,,,,
623,Kum Ibiza Agency ( 07829 ),"Carrer de Burgos, Carrer de Cala de Bou, 16, 07829 San José, Illes Balears, España",971072673,http://kumibizaagency.com/contacto/,4.1,13.0,es,Google reviews: 4.1* / 13,OPERATIONAL,"('real_estate_agency', 'point_of_interest', 'establishment')",7829.0,,,,,
624,BBS Consulting,"Edificio S'Atalaya, Av. Cubells, 5, 07830 Es Cubells, Illes Balears, España",971408671,http://www.bbs-ibiza.net/,4.8,6.0,es,Google reviews: 4.8* / 6,OPERATIONAL,"('real_estate_agency', 'point_of_interest', 'establishment')",7830.0,,,,,
625,C&M LUXURY REAL ESTATE GROUP,"Carrer València, 4, Bajo 1 Local 2, 07829 Port des Torrent )San Josep de Sa Talía, Illes Balears, España",871907507,http://www.cmluxuryrealestategroup.es/,4.5,29.0,es,Google reviews: 4.5* / 29,OPERATIONAL,"('real_estate_agency', 'point_of_interest', 'establishment')",7829.0,,,,,
626,immo-ibiza,"Ctra, Edif, Carrer Can Bernat Toni, 07830 Es Cubells, Illes Balears, España",683184621,https://www.immo-ibiza.com/,5.0,15.0,de,Google reviews: 5* / 15,OPERATIONAL,"('real_estate_agency', 'consultant', 'point_of_interest', 'establishment')",7830.0,,,,,
627,Remax,"Carrer de Sant Vicent, 19, Local derecha, 07840 Santa Eulària des Riu, Illes Balears, España",871515015,https://www.remax-islablanca.es/,4.8,156.0,ca,Google reviews: 4.8* / 156,OPERATIONAL,"('real_estate_agency', 'point_of_interest', 'establishment')",7840.0,,,,,
628,Inmovita,"C/ de la Llibertat, 29C, Ponent, 07013 Palma, Illes Balears, España",649557495,https://www.inmovita.es/inicio,5.0,13.0,es,Google reviews: 5* / 13,OPERATIONAL,"('real_estate_agency', 'point_of_interest', 'establishment')",7013.0,,,,,
629,Engel & Völkers Santa Eulalia,"Carrer de Sant Jaume, 37, 07840 Santa Eulària des Riu, Illes Balears, España",971807180,http://www.ev-ibiza.com/,4.8,48.0,de,Google reviews: 4.8* / 48,OPERATIONAL,"('real_estate_agency', 'consultant', 'point_of_interest', 'establishment')",7840.0,,,,,
630,Mukasa Ibiza,"Passeig de s'Alamera, 12, 822, 07840 Santa Eulària des Riu, Illes Balears, España",871242999,http://www.mukasa.es/,5.0,10.0,nl,Google reviews: 5* / 10,OPERATIONAL,"('real_estate_agency', 'point_of_interest', 'establishment')",7840.0,,,,,
631,Invenio Homes,"C/ de Molins de Rei, 12, 07840 Santa Eulària des Riu, Illes Balears, España",660919532,http://www.inveniohomes.com/,4.4,21.0,en,Google reviews: 4.4* / 21,OPERATIONAL,"('real_estate_agency', 'consultant', 'point_of_interest', 'establishment')",7840.0,,,,,
632,GHL Gould Heinz & Lang property consultants Ibiza,"Passeig de s'Alamera, 15, 07840 Santa Eulària des Riu, Illes Balears, España",971339305,https://ghl-ibiza.com/,4.1,17.0,en,Google reviews: 4.1* / 17,OPERATIONAL,"('real_estate_agency', 'point_of_interest', 'establishment')",7840.0,,,,,
633,Lush Ibiza,"Carrer Pou d'en Porxu, 07849 es Canar, Illes Balears, España",666121099,https://lushibiza.eu/,5.0,14.0,en,Google reviews: 5* / 14,OPERATIONAL,"('real_estate_agency', 'point_of_interest', 'establishment')",7849.0,,,,,
634,Immobiliaria Sa Punta,"Carrer de Guillem de Montgrí, 51, 07871 Sant Ferran de Ses Roques, Illes Balears, España",971321819,http://formenterasapunta.com/,3.8,40.0,es,Google reviews: 3.8* / 40,OPERATIONAL,"('real_estate_agency', 'point_of_interest', 'establishment')",7871.0,,,,,
635,Formentera Mi Amor,"Carrer des Fonoll Marí, 45, 07871 Es Pujols, Illes Balears, España",+393478476998,http://www.formenteramiamor.com/,4.8,10.0,es,Google reviews: 4.8* / 10,OPERATIONAL,"('real_estate_agency', 'point_of_interest', 'establishment')",7871.0,,,,,
636,OCEANLIVING Immobiliare Formentera,"Carrer de Sant Joan, 53, 07860 Sant Francesc de Formentera, Illes Balears, España",639550695,http://www.formenteraliving.com/,4.9,18.0,de,Google reviews: 4.9* / 18,OPERATIONAL,"('real_estate_agency', 'point_of_interest', 'establishment')",7860.0,,,,,
637,Laffittacase Formentera ( 07871 ),"Carrer de s'Espalmador, 33, 07871 Es Pujols, Illes Balears, España",971321949,https://laffittacase.com/,5.0,22.0,es,Google reviews: 5* / 22,OPERATIONAL,"('real_estate_agency', 'point_of_interest', 'establishment')",7871.0,,,,,
638,Your Formentera,"Carrer Pla del rey, 2, 07860 Sant Francesc de Formentera, Illes Balears, España",692671011,http://yourformentera.es/,4.6,10.0,it,Google reviews: 4.6* / 10,OPERATIONAL,"('real_estate_agency', 'point_of_interest', 'establishment')",7860.0,,,,,
