name,address,international_phone_number,url,rating,reviews_count
"Inmobiliaria Hogares en Leganés, La Fortuna","C. de San Felipe, 5, 28917 Leganés, Madrid, España",+34 648 49 86 06,https://www.hogaresgroup.es/localidad-compra/leganes/,5.0,12.0
INMOFOR,"C. de Fátima, 12, 28917 Leganés, Madrid, España",+34 916 10 74 20,http://www.inmofor.com/,4.5,29.0
Tecnocasa agencia inmobiliaria,"C. de Santo Domingo, 20, local, 28917 Leganés, Madrid, España",+34 910 40 63 86,https://leganes10.tecnocasa.es/,4.8,259.0
Hogar Ideal Inmobiliaria,"C. de Butarque, 5, 28911 Leganés, Madrid, España",+34 919 32 52 49,http://www.hogarideal.es/,4.7,92.0
Inmobiliaria Helena de Troya,,+34 623 02 87 15,https://www.inmohelenadetroya.com/,5.0,18.0
"N13 Inmobiliaria en Leganes | Esfuerzo, Calidad y Confianza","Av. de Fuenlabrada, 5, 28912 Leganés, Madrid, España",+34 916 94 21 02,https://www.n13inmobiliaria.es/,4.7,178.0
Inmobiliaria San Nicasio Redpiso,"C. Rio Duero, 16, 28913 Leganés, Madrid, España",+34 913 61 76 24,https://www.redpiso.es/oficina/inmobiliaria-leganes-san-nicasio/venta,4.8,112.0
Hogares Solagua,"Av. Juan XXIII, 6, 28918 Leganés, Madrid, España",+34 911 48 07 95,https://www.solagua.hogaresgroup.es/,4.9,48.0
Hogares Inmobiliaria - San Nicasio,"C. Río Urbión, 2, 28913 Leganés, Madrid, España",+34 608 58 19 68,https://www.sannicasio.hogaresgroup.es/,4.3,153.0
Inmobiliaria Leganés - Bancasa,"C. de la Fuente, 2, 28911 Leganés, Madrid, España",+34 915 06 29 26,http://www.bancasa.es/,4.6,147.0
Tecnocasa agencia inmobiliaria,"C. Rio Duero, 15, 28913 Leganés, Madrid, España",+34 916 80 80 91,https://leganes2.tecnocasa.es/,4.8,288.0
ASESORIA LEGAL INMOBILIARIA,"C. de San José, 28917 La Fortuna, Madrid, España",,,,
SIC Inmobiliaria de Leganés,"C. de Madrid, 17, 28912 Leganés, Madrid, España",+34 916 80 91 78,http://www.sicinmuebles.com/,5.0,33.0
UNIPISO,"C. de la Fuente, 1, 28911 Leganés, Madrid, España",+34 914 98 72 26,http://unipiso.es/,4.4,102.0
W FERRERO SL,"C. Río Manzanares, 23, 28913 Leganés, Madrid, España",+34 916 94 00 05,http://www.wferrero.com/,4.4,58.0
"Inmobiliaria Hogares en Leganés, Monegros","C. de los Monegros, 11, 28915 Leganés, Madrid, España",+34 648 49 86 06,https://www.leganesmonegros.hogaresgroup.es/,4.0,131.0
Viviendas 365 S.R.L.,"Avenida de, Av. Rey Juan Carlos I, 57, 28916 Leganés, Madrid, España",+34 910 32 75 66,http://www.viviendas365.com/,4.4,139.0
Agencia Inmobiliaria Casa Central,,+34 640 98 25 18,https://casacentral.es/,4.7,12.0
Agil Inmobiliaria,"C. Palomares, 1, 28911 Leganés, Madrid, España",+34 622 52 43 68,http://www.inmobiliariaagil.es/,4.5,57.0
Carmen 20 C.P.,"C. del Carmen, 20, 28917 La Fortuna, Madrid, España",+34 914 95 04 51,,3.0,1.0
"SOLUIN, Solución Integral Inmobiliaria",,+34 620 92 88 34,http://www.soluin.es/,4.7,11.0
INMOBILIARIA VENTA Y COMPRA DE CASAS EN LOS PUEBLOS DE ESPAÑA TU CASA EN EL PUEBLO,,+34 689 34 45 44,https://tucasaenelpueblo.com/,5.0,11.0
inmoversion Inmobiliaria Madrid,,+34 600 99 65 50,http://www.inmoversion.es/,4.8,103.0
Inmobiliaria La Casa Agency en Madrid - Vista Alegre,"C. de Matilde Hernández, 98, Carabanchel, 28025 Madrid, España",+34 910 60 81 87,https://www.lacasa.net/inmobiliarias/102-inmored-vista-alegre-s-l,4.9,317.0
Virginia Vaquerizas Veintidós inmobiliaria,,+34 638 92 89 10,https://veintidosinmobiliaria.es/,5.0,1.0
Futurhome,"C. de el Sol, 12, 28912 Leganés, Madrid, España",+34 916 94 10 94,http://www.futurhome.es/,3.6,48.0
"La Casa Agency | Vistabonita Real Estate, S.L.","Av. de Ntra. Sra. de Fátima, 13, Carabanchel, 28047 Madrid, España",+34 910 60 97 76,https://www.lacasa.net/inmobiliarias/127-vistabonita-real-estate-s-l,5.0,573.0
Tecnocasa agencia inmobiliaria,"Av. Rey Juan Carlos I, 114, l9-10, 28916 Leganés, Madrid, España",+34 912 95 68 88,https://leganes5.tecnocasa.es/,4.7,191.0
"Agencia Inmobiliaria en La Latina, Madrid | La Casa Agency","C. de Toledo, 101, Centro, 28005 Madrid, España",+34 910 22 07 99,https://www.lacasa.net/inmobiliarias/21-inmored-continental-s-l,4.9,1151.0
Agencia Inmobiliaria - NOVAHOME - Embajadores La Latina,"C. de Embajadores, 2, Centro, 28012 Madrid, España",+34 917 95 98 61,http://www.novahomesl.com/,4.7,229.0
Inmobiliaria Look & Find Pacífico,"C. del Dr. Esquerdo, 172, Retiro, 28007 Madrid, España",+34 912 21 41 00,https://www.lookandfind.es/pacifico,4.8,212.0
"Agencia Inmobiliaria en Antón Martín-Huertas-Cortes, Madrid | La Casa Agency","C. de Atocha, 53, Centro, 28012 Madrid, España",+34 602 22 00 33,https://www.lacasa.net/inmobiliarias/120-inmored-las-cortes-s-l,4.9,619.0
Mentor,"C. de Braganza, 4, 28917 Leganés, Madrid, España",+34 886 34 84 22,http://mentoronline.es/,3.0,1.0
C.R. HOMES INMOBILIARIA GETAFE,"Av. España, 13, 28903 Getafe, Madrid, España",+34 910 32 91 37,http://www.crhomes.es/,4.2,120.0
Inmobiliaria Vivienda Madrid - Oficina de Getafe - Juan de la Cierva.,"Av. España, 47, 28903 Getafe, Madrid, España",+34 910 00 61 08,https://www.viviendamadrid.com/oficina/getafe-juan-de-la-cierva,4.9,87.0
LF Getafe Inmobiliaria.,"C. Madrid, 96, 28902 Getafe, Madrid, España",+34 916 81 34 98,,4.7,200.0
Soluziona Inmobiliaria en Getafe,"C. de la Magdalena, 30, 28901 Getafe, Madrid, España",+34 917 37 70 03,https://www.soluzionainmobiliaria.es/,5.0,228.0
Phyo Agencia Inmobiliaria,"Av. de los Ángeles, 10, 28903 Getafe, Madrid, España",+34 912 81 78 26,http://www.phyoai.com/,4.9,75.0
Oh!key Getafe Servicios Inmobiliarios,"Av. General Palacio, 5, 28901 Getafe, Madrid, España",+34 916 81 56 23,http://www.ohkeypropiedad.es/,4.9,178.0
Luna Inmobiliaria,"C. Luna, 4, 28901 Getafe, Madrid, España",+34 916 82 60 00,http://www.lunainmo.es/,4.7,227.0
InHouse Servicios Inmobiliarios,"Av. General Palacio, 14, 28902 Getafe, Madrid, España",+34 911 27 96 24,http://www.inhousemadrid.es/,4.9,156.0
GREY HOME SERVICIOS INMOBILIARIOS,"Calle Felipe Estevez, 16, 28901 Getafe, Madrid, España",+34 640 32 23 61,http://www.greyhomeserviciosinmobiliarios.es/,5.0,276.0
Iberpisos Inmobiliaria Getafe,"C. Madrid, 97, 28902 Getafe, Madrid, España",+34 919 40 50 08,http://www.iberpisos.net/,4.5,40.0
Inmobiliaria Getafe - Juan de la Cierva Redpiso,"Av. Juan de la Cierva, 35, 28901 Getafe, Madrid, España",+34 916 82 90 93,http://www.redpiso.es/oficina/estudio_getafe,4.8,143.0
HERGON Consulting Inmobiliario,"C. Gálvez, Nº 2, 28902 Getafe, Madrid, España",+34 910 27 24 30,http://www.hergongetafe.com/,5.0,295.0
Inmobiliaria Joyca,"C. Ricardo de la Vega, 8, 28901 Getafe, Madrid, España",+34 600 57 14 94,https://inmobiliariajoyca.es/,4.9,55.0
DB Servicios Inmobiliarios Getafe,"C. Madrid, 76, 28902 Getafe, Madrid, España",+34 605 71 95 56,https://www.dbserviciosinmobiliarios.es/,4.8,47.0
Inmobiliaria en Getafe | Tizona Grupo Inmobiliario,"C. San José de Calasanz, 43, Local, 28902 Getafe, Madrid, España",+34 910 27 43 77,https://grupotizona.es/?utm_source=google&utm_medium=maps&utm_campaign=seolocal&utm_content=callesanjosedecalasanzgetafe,4.1,107.0
Yourhabitat,"Av. Mariano Moreno el Musico, 6, 28907 Getafe, Madrid, España",+34 910 74 13 41,http://www.yourhabitat.es/,4.8,110.0
Cien por cien Home Red Inmobiliaria Getafe,"Av. Juan de la Cierva, 30, 28902 Getafe, Madrid, España",+34 916 96 79 59,http://www.cienporcienhome.com/,4.2,55.0
Tecnocasa agencia inmobiliaria,"C. Valencia, 14, 28903 Getafe, Madrid, España",+34 916 83 04 34,https://getafe1.tecnocasa.es/,4.9,424.0
Inmobiliaria Getafe Centro Redpiso,"C. Madrid, 115, 28902 Getafe, Madrid, España",+34 910 14 48 33,https://www.redpiso.es/oficina/inmobiliaria-getafe-centro/venta,4.2,77.0
Casanova Home Getafe,"C. Terradas, 1, 28904 Getafe, Madrid, España",+34 690 78 56 55,https://www.casanovahome.es/,4.9,39.0
Adaix Getafe,"Av. Juan de la Cierva, 55, 28902 Getafe, Madrid, España",+34 601 45 68 26,https://getafe.adaix.com/,5.0,30.0
Inmobiliaria Getafe Norte Los Molinos Redpiso,"Av. del Ingenioso HiIdalgo, 3, 28906 Getafe, Madrid, España",+34 910 44 10 48,https://www.redpiso.es/oficina/inmobiliaria-getafe-norte-los-molinos/venta,4.8,333.0
J. MARTIN SERVICIOS INMOBILIARIOS Y FINANCIEROS,"C. Polvoranca, 9-B, 28901 Getafe, Madrid, España",+34 910 26 87 31,http://www.inmobiliariajmartin.com/,4.8,51.0
Vgm Asesores Inmobiliarios S.L.,"C. Madrid, 52, 28901 Getafe, Madrid, España",+34 916 95 06 28,http://www.vgminmobiliaria.es/,4.9,89.0
Inmobiliaria Getafe El Bercial y Kelvinator Redpiso,"Av. La Paz, (Esq, C. Alcalde Jesús Prieto, 28907 Getafe, Madrid, España",+34 910 27 14 90,https://www.redpiso.es/oficina/inmobiliaria-getafe-el-bercial-y-kelvinator/venta,4.8,54.0
Omega Homes Real Estate,"C. Madrid, 65, 2º CENTRO, 28902 Getafe, Madrid, España",+34 620 82 74 72,https://www.omegahomesrealestate.es/,4.8,77.0
Inmobiliaria Getafe Alhóndiga Redpiso,"C. Faisan, 1, 28904 Getafe, Madrid, España",+34 919 91 05 09,https://www.redpiso.es/oficina/inmobiliaria-getafe/venta,4.8,70.0
CENTURY 21 Now IV - Getafe,"Pl. de las Carretas, 4, 28901 Getafe, Madrid, España",+34 911 08 11 52,https://www.century21.es/agencias/now4/,4.8,162.0
Toledo21 - SomosTuInmobiliaria - Getafe,"C. Toledo, 21, 28901 Getafe, Madrid, España",+34 916 95 84 22,,4.1,83.0
Inmobiliaria Getafe San Isidro Redpiso,"C. Toledo, 9, 28901 Getafe, Madrid, España",+34 919 20 76 44,https://www.redpiso.es/oficina/inmobiliaria-getafe-san-isidro/venta,4.7,67.0
COMO VENDER MI PISO INMOBILIARIA SL,"C. Pilar Soler, 11, Local 4, 28907 Getafe, Madrid, España",+34 910 84 81 15,https://www.mipisoinmobiliaria.es/,4.7,45.0
Inmo Madrid González,"C. Valencia, 28903 Getafe, Madrid, España",+34 641 45 29 61,https://inmomadridgonzalez.wordpress.com/,5.0,7.0
TECNOCASA GETAFE NORTE,"Av. Rigoberta Menchú, 13, 28903 Getafe, Madrid, España",+34 911 52 96 40,https://getafe3.tecnocasa.es/,4.4,89.0
Tecnocasa agencia inmobiliaria,"Av. Aragón, 25, 28903 Getafe, Madrid, España",+34 914 56 82 74,https://getafe7.tecnocasa.es/,4.8,159.0
Inmobiliaria Manzano,"C. San Eugenio, 7, 28901 Getafe, Madrid, España",+34 916 81 49 37,http://pisos.com/,4.7,12.0
Pluralis Inmobiliaria,"C. Escuelas Pias, 1, 28901 Getafe, Madrid, España",+34 685 93 86 09,https://www.pluralisinmobiliaria.es/,2.8,13.0
Grupo Casa 10,"Av. de las Ciudades, 52, 28903 Getafe, Madrid, España",+34 625 36 85 20,http://www.grupocasa10.es/,4.9,18.0
Tecnocasa agencia inmobiliaria,"C. Madrid, 113, 28902 Getafe, Madrid, España",+34 916 83 81 46,https://getafe9.tecnocasa.es/,4.8,108.0
Tecnocasa agencia inmobiliaria,"Av. de las Ciudades, 16, 28903 Getafe, Madrid, España",+34 916 01 69 12,https://getafe2.tecnocasa.es/,4.1,62.0
Habiges,"C. Valencia, 8, 28903 Getafe, Madrid, España",+34 916 83 37 38,,3.5,8.0
Solvia Inmobiliaria,"Av. Juan de la Cierva, 27, 28901 Getafe, Madrid, España",+34 919 22 56 68,http://www.solvia.es/,3.6,95.0
Inmobiliaria Getafe Sector 3 Redpiso,"Av. Juan Carlos I, 1, Local 37, 28905 Getafe, Madrid, España",+34 910 29 39 82,https://www.redpiso.es/oficina/inmobiliaria-getafe-sector-3/venta,4.3,81.0
SAMBAL INMOBILIARIA,"C. Barco, 4, 28906 Getafe, Madrid, España",+34 669 73 33 03,http://sambalinmobiliaria.com/,4.8,23.0
Tecnocasa agencia inmobiliaria,"C. Venezuela, 2, local 3, 28907 Getafe, Madrid, España",+34 910 44 29 20,https://getafe11.tecnocasa.es/,5.0,95.0
Tecnocasa agencia inmobiliaria,"C. Jardines, 13, local bajo, 28901 Getafe, Madrid, España",+34 916 81 34 63,https://getafe8.tecnocasa.es/,4.4,85.0
Tecnocasa agencia inmobiliaria,"C. Toledo, 36, local b-4, 28901 Getafe, Madrid, España",+34 912 12 35 95,https://getafe10.tecnocasa.es/,4.2,49.0
Diorohome Intermediación Inmobiliaria,"C. Polvoranca, 28901 Getafe, Madrid, España",+34 623 12 24 46,,4.0,4.0
Inmobiliaria MGI,"Av. de los Ángeles, 57, 28903 Getafe, Madrid, España",+34 604 88 65 35,,1.0,1.0
zaragozaymero,"C. Castellón de la Plana, 21, 28903 Getafe, Madrid, España",+34 652 89 22 02,,,
Europromocion De Viviendas,"C. Maruja Torres, 5, 28903 Getafe, Madrid, España",+34 916 83 77 70,,5.0,1.0
Patricia Garrido Ropero,"Av. de los Ángeles, 6, 28903 Getafe, Madrid, España",+34 912 95 38 21,,1.0,2.0
"Tecnitasa Madrid, Toledo, Ávila, Segovia y Guadalajara","C. Madrid, 92, 28902 Getafe, Madrid, España",+34 916 83 45 33,https://www.tecnitasa.es/delegacion/madrid-1/,4.9,59.0
A3a Grupo Inmobiliario,"Av. de los Ángeles, 22, 28903 Getafe, Madrid, España",+34 683 53 47 24,,,
MARGARITA GARCÍA MADRID IAD España Asesor inmobiliario Madrid,,+34 611 40 42 28,https://www.iadinmobiliariamargaritagarcia.es/,5.0,42.0
Nautalia Viajes Getafe,"C. Madrid, 95, 28902 Getafe, Madrid, España",+34 910 02 43 76,https://agencias.nautaliaviajes.com/getafe-618/,4.0,150.0
Real Home Madrid,,+34 600 40 74 67,https://www.rhmadrid.es/,5.0,359.0
Sign Your House - Inmobiliaria Rivas Vaciamadrid,,+34 910 94 88 22,http://www.signyourhouse.es/,4.9,48.0
Sell House Rivas,,+34 648 97 54 28,http://www.sellhouserivas.com/,4.8,73.0
Inmorivas,,+34 917 72 99 07,http://www.inmorivas2014.com/,4.7,26.0
BON LAR Cambiando vidas desde 1997,"Calle Aloe 14 Centro Comercial Santa Mónica, Locales 14, 15 y 16, C. Aloe, 14, 28522 Rivas-Vaciamadrid, Madrid, España",+34 916 66 11 00,http://www.bonlar.com/,4.8,450.0
Vilsa Grupo Inmobiliario S.L.,"Av. Pablo Iglesias, 81, 28521 Rivas-Vaciamadrid, Madrid, España",+34 916 21 45 45,http://www.vilsa.es/,4.5,179.0
RE/MAX Alma,"Plaza de Blas de Otero, 3, 28523 Rivas-Vaciamadrid, Madrid, España",+34 914 99 47 47,http://www.alquilerycompra.es/,4.7,383.0
REMAX MOON inmobiliaria,"Av. Pablo Iglesias, 79, 28523 Rivas-Vaciamadrid, Madrid, España",+34 918 48 12 72,http://www.inmobiliariaenrivas.com/,4.7,101.0
Inmobiliaria Rivas Vaciamadrid TEGEISA,"Pl. José Celestino Mutis, 24, 28522 Rivas-Vaciamadrid, Madrid, España",+34 916 66 76 03,https://tegeisa.com/,4.3,104.0
Rdi Asesores Inmobiliarios,"P.º de la Chopera, 9, 28523 Rivas-Vaciamadrid, Madrid, España",+34 915 94 69 05,,5.0,36.0
Idealcasa Madrid,"C. Marie Curie, 25, 28521 Rivas-Vaciamadrid, Madrid, España",+34 910 26 26 65,https://www.idealcasamadrid.com/,5.0,35.0
exesrivas,"P.º de las Provincias, 3, planta primera local 11, 28523 Rivas-Vaciamadrid, Madrid, España",+34 911 31 63 57,https://www.facebook.com/exesrivass,4.6,40.0
AticoC Inmobiliaria,,+34 619 53 64 42,https://aticocinmobiliaria.com/,4.9,39.0
Inmobiliaria VOhome Rivas Vaciamadrid,"Av. de la Técnica S/N CC PARQUE&nbsp, área, 2, Local 18, 28522 Rivas-Vaciamadrid, Madrid, España",+34 910 32 71 42,https://www.vohome.es/,4.8,90.0
Inmobiliaria Rivas Vaciamadrid Homax,"Plaza de Pau Casals, 6, local 3b, 28523 Rivas-Vaciamadrid, Madrid, España",+34 675 28 04 84,https://homax.es/,5.0,5.0
Inmobiliaria Rivas Vaciamadrid Redpiso,"Av. Aurelio Álvarez, 7, 28521 Madrid, España",+34 916 66 68 19,https://www.redpiso.es/oficina/inmobiliaria-rivas-vaciamadrid/venta,4.8,335.0
NOOW | STORE DISTRITO,"C. César Manrique, 2A - Local 15, 28522 Rivas-Vaciamadrid, Madrid, España",+34 912 40 08 80,http://www.noow.es/,4.7,93.0
Inmobiliaria Rivas Vaciamadrid-Covibar Redpiso,"Pl. de Extremadura, 5, 28521 Rivas-Vaciamadrid, Madrid, España",+34 911 96 69 94,https://www.redpiso.es/oficina/inmobiliaria-rivas-vaciamadrid-covibar/venta,4.6,114.0
La Petite Maison Rivas,"C. de San Marcos, 6, 28521 Rivas-Vaciamadrid, Madrid, España",+34 615 75 77 29,https://lapetitemaisonriva.wixsite.com/misitio-1,4.9,60.0
Shopping inmobiliaria,"C. Marie Curie, 7, edificio beta ático 4, 28521 Rivas-Vaciamadrid, Madrid, España",+34 636 08 80 11,http://www.shoppinginmobiliaria.com/,4.8,54.0
Jarama Desarrollos Inmobiliarios S.L.,"Paseo de las Provincias, 3 Local 4, Centro Comercial Covibar 2, 28523 Rivas-Vaciamadrid, Madrid, España",+34 916 70 24 93,http://www.jarama.es/,3.3,43.0
Tecnocasa agencia inmobiliaria,"C. María Zambrano, 3, Local 28, 28522 Rivas-Vaciamadrid, Madrid, España",+34 608 26 88 02,https://rivas-vaciamadrid2.tecnocasa.es/,4.9,90.0
PROMOTASA,"C. Cincel, 6, 28522 Rivas-Vaciamadrid, Madrid, España",+34 912 19 39 89,http://www.promotasa.net/,4.3,24.0
ALFARIVAS CASAMEDIDA,"Calle Lago Garda, 1, 1º Oficina 2, 28521 Rivas-Vaciamadrid, Madrid, España",+34 911 54 13 08,http://www.casamedida.com/,4.7,109.0
Mr.Homes Servicios Inmobiliarios,,+34 622 45 84 84,https://www.mrhomes.es/,5.0,49.0
Tecnocasa agencia inmobiliaria,"Pl. Leon Felipe, 7, local 3, 28523 Rivas-Vaciamadrid, Madrid, España",+34 911 05 06 64,https://rivas-vaciamadrid1.tecnocasa.es/,4.2,144.0
Trujillo Servicios Inmobiliarios S.L.,"Pl. de Violeta Parra, 4, L3, 28523 Rivas-Vaciamadrid, Madrid, España",+34 917 28 79 72,http://trujilloinmobiliariasl.com/,4.2,5.0
Inmobiliarias Encuentro,"C. Silvia Munt, 4, 28521 Rivas-Vaciamadrid, Madrid, España",+34 919 48 47 30,https://iencuentro.es/nosotros/red-de-agencias/,4.7,99.0
Asesoria Inmobiliaria PARRAS de MADRID,"PLAZA DE GALICIA, 10, 28523 Rivas-Vaciamadrid, Madrid, España",+34 696 73 39 44,,4.0,1.0
King Kong Inmobiliaria & Servicios,"C. Mariano Barbacid, 5, 1ª Planta, Puerta 8, 28521 Rivas-Vaciamadrid, Madrid, España",+34 624 26 77 34,https://www.kingkongspain.com/,4.8,20.0
Rainhouse,"C. Marie Curie, 7, Edificio Beta Planta 7 Oficina, 28521 Santa Bárbara, Madrid, España",+34 637 58 45 35,https://rainhousees.wixsite.com/rainhouse,4.9,46.0
Vitamina Homes,,+34 614 11 03 91,https://www.vitaminahomes.com/,5.0,2.0
Tecnocasa agencia inmobiliaria,"Av. Pablo Iglesias, 81, local 5, 28521 Rivas-Vaciamadrid, Madrid, España",+34 910 14 87 18,https://rivas-vaciamadrid3.tecnocasa.es/,4.4,34.0
"CERES, Servicios Inmobiliarios","Paseo de la Chopera Nº 9 Primera Planta Local 24, 28523 Rivas-Vaciamadrid, Madrid, España",+34 629 15 82 35,http://inmoceres.com/,,
Inmobiliaria Clonic,,+34 693 81 43 30,,2.6,10.0
inmoprotec® Madrid,,+34 687 03 20 41,https://inmoprotec.com/,5.0,1.0
Altior Inversiones,"Rda. Gijón, 170, 28523 Rivas-Vaciamadrid, Madrid, España",+34 916 66 22 67,,5.0,1.0
My PS Home,,+34 667 73 08 10,http://mypshome.com/,4.6,18.0
J y E Asesor inmobiliario en ventas de viviendas,,+34 694 22 04 49,https://www.instagram.com/juliodiarte_/?hl=es,4.9,130.0
GESAMISA,"C. Juana Doña, 1, PORTAL 9 4º B, 28522 Rivas-Vaciamadrid, Madrid, España",+34 616 89 67 11,,,
Pisos Ocupados Madrid,,,https://www.pisosocupadosmadrid.com/,,
Mirador Inmobiliaria,,+34 601 43 83 86,http://www.miradorinmobiliaria.com/,4.4,5.0
Inmobiliaria de las Peñas,,+34 661 98 66 91,https://inmodelas.jimdosite.com/,3.7,3.0
Ofinhouse - Inmobiliaria en Madrid,,+34 650 32 67 26,https://ofinhouse.es/,,
Arrentia,"C. Madres de la Pl. de Mayo, 6, 28523 Rivas-Vaciamadrid, Madrid, España",+34 911 47 13 19,http://arrentia.es/,,
QUALITY KEYS INMOBILIARIOS Valdebebas,"Avenida Juan Antonio Samaranch, C. de Jordi Solé Tura, esquina, Hortaleza, 28055 Madrid, España",+34 911 64 41 82,https://qualitykeys.es/,4.9,48.0
Grupo Inmobiliario IFRALA,,+34 669 39 32 64,https://www.ifrala.com/,4.6,42.0
VALDEBEBAS housing,"Av. de Francisco Javier Sáenz de Oiza, 158, Hortaleza, 28055 Madrid, España",+34 618 55 81 31,http://www.valdebebashousing.com/,5.0,11.0
Opción Inmobiliaria,"C. de San Enrique de Ossó, 231, Hortaleza, 28055 Madrid, España",+34 659 62 83 77,http://www.opcioninmobiliaria.es/,5.0,30.0
Vende tu casa en Valdebebas,"Av. de Francisco Javier Sáenz de Oiza, Hortaleza, 28055 Madrid, España",+34 654 61 81 15,https://www.vendetucasaenvaldebebas.com/,,
Sky Solutions Group Madrid,"Av. de Manuel Fraga Iribarne, 38, 1ª Planta, Oficina 3, Hortaleza, 28055 Madrid, España",+34 913 60 60 06,https://skysolutionsgroup.es/,4.8,75.0
GeniuS servicios inmobiliarios SL,,+34 917 02 44 63,http://www.geniusserviciosinmobiliarios.es/,4.6,71.0
El Encinar de Los Reyes,"C. Julio Caro Baroja, 142, Hortaleza, 28055 Madrid, España",,,4.4,37.0
Homes by Gestilar,"C. de José Antonio Fernández Ordóñez, 46, Edificio 4, Oficina 9, Hortaleza, 28055 Madrid, España",+34 900 107 061,https://homesbygestilar.com/,4.8,120.0
Vender mi Casa en Valdebebas,"C. de Sor Ángela de la Cruz, 30, Tetuán, 28020 Madrid, España",+34 654 61 81 15,http://www.vendermicasaenvaldebebas.com/,4.8,11.0
Sky Real Estate Inmobiliaria Madrid,"Av. de Manuel Fraga Iribarne, 38, 1ºPlanta, Oficina 3, Hortaleza, 28055 Madrid, España",+34 913 60 60 06,https://skyrealestate.es/,1.8,5.0
Brumma Servicios Inmobiliarios y Reformas,"C. José Antonio Fernández Ordóñez, 40, C. de Gustavo Pérez Puig, 69, Hortaleza, 28055 Madrid, España",+34 915 67 17 70,https://inmohappy.com/madridnorte;%20https://facilreformas.es/,4.5,16.0
Power Piso - Inmobiliaria en Madrid,,+34 623 95 95 94,https://www.powerpiso.es/,5.0,3.0
Florence Maertens Real Estate,"C. de San Enrique de Ossó, Hortaleza, 28055 Madrid, España",+34 647 02 46 87,,5.0,1.0
Maeva Boutique Inmobiliaria,,,http://www.maevahome.com/,5.0,5.0
Locales Inmoglaciar,"Hortaleza, 28055 Madrid, España",+34 914 31 16 16,http://www.inmoglaciar.com/,4.0,1.0
GILMAR Consulting Inmobiliario - Inmobiliaria Conde de Orgaz (Madrid),"Av. de Machupichu, 35, Hortaleza, 28043 Madrid, España",+34 917 71 77 11,https://www.gilmar.es/oficinas/agencia-inmobiliaria-conde-orgaz/?utm_source=gmb&utm_medium=cta&utm_campaign=inmobiliaria_conde_orgaz,4.4,71.0
Trima Negocios Inmobiliarios S L,"C. de San Enrique de Ossó, 36, Hortaleza, 28055 Madrid, España",+34 916 50 11 69,,5.0,1.0
Lextar,"Avenida Manuel Fraga Iribarne, n.º 35, Hortaleza, 28055 Madrid, España",+34 913 50 09 25,,4.0,2.0
Mr Lujo Urbano Gestiones Inmobiliarias S.L,"C. de San Enrique de Ossó, 20, Hortaleza, 28055 Madrid, España",+34 916 25 51 42,http://www.mrlujourbano.com/,,
Volpini Real Estate. Inmobiliaria. Compra y venta de inmuebles.,"C. de Fernando Gabriel, 18, Cdad. Lineal, 28017 Madrid, España",+34 692 12 92 62,http://www.volpinirealestate.com/,4.8,160.0
Tecnocasa agencia inmobiliaria,"C. de Mota del Cuervo, 34, Hortaleza, 28043 Madrid, España",+34 914 21 70 47,https://madrid102.tecnocasa.es/,4.6,310.0
GILMAR Consulting Inmobiliario - Inmobiliaria La Moraleja,"Pl. de la Moraleja, 3, 28109 Alcobendas, Madrid, España",+34 916 50 30 11,https://www.gilmar.es/oficinas/agencia-inmobiliaria-la-moraleja/?utm_source=gmb&utm_medium=cta&utm_campaign=Moraleja,4.7,92.0
Engel & Völkers Conde de Orgaz - Agencia Inmobiliaria en Madrid,"C. de Tampico, 40, San Blas-Canillejas, 28027 Madrid, España",+34 910 47 16 92,https://www.engelvoelkers.com/es/es/shops/madrid-conde-de-orgaz?utm_source=google&utm_medium=social&utm_campaign=mmc_madrid_GMB_traffic2024&utm_term=googlemybusiness&ga4id=G-5Y91X3208H,4.4,37.0
REA Inmobiliaria,"Cl. de la Azalea, 1, Edificio F - 1ª Planta, 28109 Alcobendas, Madrid, España",+34 916 50 89 37,http://www.reainmobiliaria.com/,4.6,30.0
"Servicios inmobiliarios SGV House,...","Av. de Francisco Javier Sáenz de Oiza, 152, Hortaleza, 28055 Madrid, España",,,,
International Realty | Agencia Inmobiliaria Madrid - JAIME VALCARCE,"C. Peguerinos, 24, Moncloa - Aravaca, 28035 Madrid, España",+34 911 29 90 91,https://jaimevalcarce.es/,4.9,23.0
DE LA MANO Servicios Inmobiliarios | López de Hoyos | Inmobiliaria Madrid,"C. de López de Hoyos, 42, Planta 2ª, Chamartín, 28006 Madrid, España",+34 910 23 41 54,https://www.delamanoinmo.es/,5.0,110.0
Hiparco S.A.,"C. de San Enrique de Ossó, 239, Hortaleza, 28055 Madrid, España",+34 916 25 50 63,,5.0,1.0
Inmobiliaria Barrio de la Concepción Redpiso,"C. de Virgen del Val, 21, Cdad. Lineal, 28027 Madrid, España",+34 913 26 96 62,https://www.redpiso.es/oficina/inmobiliaria-barrio-de-la-concepcion/venta,4.7,121.0
Inmopro Inmobiliaria,"C. de Hermosilla, 110, Salamanca, 28009 Madrid, España",+34 913 28 05 72,https://www.inmopro.es/,5.0,160.0
GILMAR Consulting Inmobiliario - Inmobiliaria Madrid Río,"P.º de Extremadura, 1, Latina, 28011 Madrid, España",+34 913 64 38 00,https://www.gilmar.es/oficinas/agencia-inmobiliaria-madrid-rio/?utm_source=gmb&utm_medium=cta&utm_campaign=inmobiliaria_madrid_r%C3%ADo,4.7,231.0
VIANCASA GRUPO INMOBILIARIO,"Calle de Bocángel, 48, Salamanca, 28028 Madrid, España",,https://www.viancasa.es/,4.1,545.0
SalesLine Inmobiliaria,,+34 690 17 61 75,http://www.inmobiliariasalesline.com/contacta_con_nosotros.html,5.0,1.0
DS Realtors inmobiliaria en madrid,"Calle de Núñez de Balboa, 35A, 5ª planta, oficina A1, Salamanca, 28001 Madrid, España",+34 918 27 10 79,https://www.dsrealtors.es/?utm_source=Google&utm_medium=maps&utm_campaign=Google+maps&utm_content=Madrid,4.8,173.0
MADRID VILLAGE SOLUCIONES INMOBILIARIAS S.L.,"C. de José Ortega y Gasset, 22-24, Salamanca, 28001 Madrid, España",+34 910 28 98 60,http://www.madridvillage.com/,4.5,23.0
Husimadrid,"P.º del Marqués de Zafra, 37, Salamanca, 28028 Madrid, España",+34 916 35 10 25,http://husimadrid.com/,4.7,65.0
InmoFacil - Agencia Inmobiliaria online con trato personalizado,"Av. de Logroño, 120, Barajas, 28042 Madrid, España",+34 913 05 40 31,https://www.inmofacil.com/,4.6,51.0
GRUPO PROPS CONSULTORES INMOBILIARIOS SL,"C. de Eloy Gonzalo, 15, Chamberí, 28010 Madrid, España",+34 910 22 29 82,http://www.grupoprops.com/,5.0,185.0
Inmobiliaria DIRECTING - Barrio Salamanca - Madrid - Lujo - Vivienda,"Calle Velázquez, 27, 1-I, Salamanca, 28001 Madrid, España",+34 917 13 02 50,http://directing.es/,4.8,59.0
SF Gestión Inmobiliaria,"C. del Duque de Sesto, 38, Salamanca, 28009 Madrid, España",+34 915 77 62 05,,4.9,556.0
Sicilia & Despignes Real Estate Consultancy,"Cam. de la Huerta, 221, Hortaleza, 28055 Madrid, España",+34 655 57 18 24,,,
"PRESIDENCE, Real Estate.","C. de Serrano, 78, Salamanca, 28006 Madrid, España",+34 914 87 09 87,http://www.presidence.es/,4.3,90.0
ShMadrid | Agencia Inmobiliaria,"Calle del Gral. Pardiñas, 78, Salamanca, 28006 Madrid, España",+34 915 76 24 74,https://www.shmadrid.es/,4.1,220.0
Housfy Inmobiliaria Madrid Chamartín,"C. de López de Hoyos, 117, Chamartín, 28002 Chamartín, Madrid, España",+34 911 43 85 04,https://housfy.com/inmobiliarias/s/madrid-chamartin-calle-lopez-de-hoyos-117?utm_source=local_search,4.2,1106.0
A3 Proin,"C. de Benito Muñoz, 13, Hortaleza, 28055 Madrid, España",+34 629 23 42 69,http://www.sebastiangil.com/,,
Jowner | Inmobiliaria Barrio de Salamanca Madrid,"C. de Hermosilla, 144, Salamanca, 28028 Madrid, España",+34 919 33 70 55,http://www.jowner.com/,4.5,237.0
IKAMI AZ MADRID Propiedades Singulares | Agencia Inmobiliaria,"Calle de Castelló, 66, Salamanca, 28001 Madrid, España",+34 919 49 06 76,http://www.ikami.es/,4.8,55.0
Fortuny Real Estate | Inmobiliaria de lujo Madrid,"C. del Monte Esquinza, 42, Chamberí, 28010 Madrid, España",+34 914 38 82 68,https://www.fortunyrealestate.com/?utm_source=GMB&utm_medium=web&utm_campaign=GMB,4.6,83.0
Inmobiliaria La Elipa Redpiso,"Av. del Marqués de Corbera, 42, Cdad. Lineal, 28017 Madrid, España",+34 913 56 26 11,https://www.redpiso.es/oficina/inmobiliaria-la-elipa/venta,4.8,192.0
Promora Madrid Inmobiliaria de Lujo,"Calle Velázquez, 27, 1-I, Salamanca, 28001 Madrid, España",+34 916 50 42 42,https://www.promora.com/es/comprar/casas-lujo/madrid-centro,4.9,135.0
31Real Servicios Inmobiliarios,"C. de Cándido Mateos, 17, Fuencarral-El Pardo, 28035 Madrid, España",+34 910 52 34 97,http://www.31real.com/,4.8,207.0
Madrid Alquila,"C. de Luis Cabrera, 57, Chamartín, 28002 Madrid, España",+34 914 13 11 00,https://madridalquila.es/,4.4,1389.0
vivienda2,"Calle de María de Molina, 66, Salamanca, 28006 Madrid, España",+34 915 10 65 00,http://www.vivienda2.com/,4.7,1400.0
Team DISTRITO 28 MADRID by REMAX Fidelity,"C/ del Alcalde Sainz de Baranda, 19, Retiro, 28009 Madrid, España",+34 910 05 93 89,https://www.distrito28madrid.es/,4.9,70.0
Inmobiliaria en Pau Carabanchel | Globalpiso Oficina,"C. de Salvador Allende, 5, Carabanchel, 28054 Madrid, España",+34 915 11 06 64,http://www.globalpiso.es/inmobiliaria/grupo-pau-carabanchel,4.3,168.0
Inmobiliaria en Carabanchel - Buskpiso,"n° 21, Av. de Ntra. Sra. de Fátima, Carabanchel, 28025 Madrid, España",+34 686 06 34 48,https://www.buskpiso.es/,4.6,100.0
Inmobiliaria Tu Nueva Casa,"Av. de Oporto, 22, Carabanchel, 28019 Madrid, España",+34 919 40 77 43,http://www.inmobiliariatunuevacasa.es/,5.0,102.0
Inmobiliaria en Pau Carabanchel Redpiso,"Av. de la Peseta, 90, Carabanchel, 28054 Madrid, España",+34 915 99 63 59,https://www.redpiso.es/oficina/inmobiliaria-pau-carabanchel/venta,4.5,253.0
HOUSE MADRID Real Estate,"C. Alfredo Aleix, 11, Carabanchel, 28044 Madrid, España",+34 915 11 24 24,http://housemadrid.es/,4.7,86.0
ANTILLA Grupo Inmobiliario Carabanchel,"C. del Halcón, 34, Carabanchel, 28025 Madrid, España",+34 918 26 18 16,http://www.antilla.es/,4.8,71.0
Inmobiliaria Rolma,"C. de Castrojeriz, 26, Carabanchel, 28025 Madrid, España",+34 911 66 83 84,https://www.inmorolma.com/,4.8,85.0
Inmobiliaria en Carabanchel | Vista Alegre I Globalpiso Oficina,"C. de la Oca, 89, local 2, Carabanchel, 28025 Madrid, España",+34 911 15 79 07,http://www.globalpiso.es/inmobiliaria/compania-carabanchel,4.6,119.0
Inmobiliaria en Oporto-Abrantes | Globalpiso Oficina,"C. del Camino Viejo de Leganés, 170, Carabanchel, 28025 Madrid, España",+34 910 07 10 42,https://www.globalpiso.es/inmobiliaria/carabanchel-oporto-abrantes,4.9,132.0
Finance Home,"C. Palmeral de Elche, 8, Carabanchel, 28054 Madrid, España",+34 911 56 86 99,https://financehome.es/,4.9,281.0
Inmobiliaria Pentapiso,"C. del Camino Viejo de Leganés, nº 141, local 4, Carabanchel, 28025 Madrid, España",+34 914 61 15 26,http://pentapiso.es/,4.8,146.0
Inmobiliaria VOhome Carabanchel,"C. de la Oca, 53, Carabanchel, 28025 Madrid, España",+34 910 32 78 55,https://www.vohome.es/,4.6,133.0
Inmobiliaria Carabanchel | Bafre,"C. de la Oca, 71, Carabanchel, 28025 Madrid, España",+34 918 27 45 35,http://www.bafreinmobiliaria.es/,4.6,222.0
Busco Tú Piso Inmobiliaria,"Calle de Antonio López, 67, Carabanchel, 28019 Madrid, España",+34 910 14 78 46,https://buscotupiso.com/,5.0,142.0
Inmobiliaria Urbamar,"C. de Eugenia de Montijo, 106, Carabanchel, 28044 Madrid, España",+34 918 27 73 27,http://www.grupourbamar.com/,4.7,138.0
RJ Estudio Inmobiliario,"C. Alfredo Aleix, 28, Carabanchel, 28044 Madrid, España",+34 918 25 01 51,http://rjestudioinmobiliario.es/,4.4,109.0
InmoYael | Alquiler y Venta de Pisos en Madrid - Servicios Inmobiliarios,"Calle de Antonio López, 49, Carabanchel, 28019 Madrid, España",+34 919 35 82 27,https://inmoyael.com/,4.8,592.0
INMOBILIARIA VILLA,"C. del Camino Viejo de Leganés, 131, Carabanchel, 28025 Madrid, España",+34 603 32 84 64,,5.0,32.0
Vivienda Madrid | Inmobiliaria en Carabanchel,"C. de la Laguna, 101, Carabanchel, 28025 Madrid, España",+34 910 18 20 57,https://www.viviendamadrid.com/inmobiliaria-en-carabanchel/,4.3,59.0
Inmobiliaria el Bloque,"Calle del Gral. Ricardos, 107, Carabanchel, 28019 Madrid, España",+34 919 99 49 18,https://inmobiliariaelbloque.es/,4.9,201.0
Inmobiliarias En Carabanchel - Buskpiso Gestiones Inmobiliarias,"C. Baleares, 11, Carabanchel, 28019 Madrid, España",+34 686 06 34 48,http://www.buskpiso.es/,4.5,145.0
Oca Servicios Inmobiliarios,"C. Eduardo Morales, 12, Carabanchel, 28025 Madrid, España",+34 910 83 63 30,http://www.ocaserviciosinmobiliarios.com/,4.8,110.0
Inmobiliaria Carabanchel Eugenia de Montijo Redpiso,"C. de Eugenia de Montijo, 59, Carabanchel, 28025 Madrid, España",+34 918 25 80 01,https://www.redpiso.es/oficina/inmobiliaria-eugenia-de-montijo/,4.9,108.0
Vilserin Gestion Inmobiliaria S.L.,,+34 620 37 94 18,,4.8,50.0
INMOSAI,"Calle del Gral. Ricardos, 74, Carabanchel, 28019 Madrid, España",+34 911 68 03 54,https://www.inmosai.com/,4.8,169.0
Inmobiliaria Carabanchel Muñoz Grandes Redpiso,"NUESTRA SEÑORA DE FATIMA 17, 28047, MADRID, Carabanchel, 28047 madrid capital, Madrid, España",+34 912 59 38 25,https://www.redpiso.es/oficina/inmobiliaria-carabanchel-munoz-grandes/venta,4.8,69.0
PISOS OK Servicios Inmobiliarios,"C. del Camino Viejo de Leganés, 177, LOCAL 13, Carabanchel, 28025 Madrid, España",+34 635 80 89 29,http://www.pisosok.com/,4.7,77.0
Inmobiliaria Carabanchel Alto Redpiso,"Calle Polvoranca, 19 esquina, C. de Joaquín Turina, 40, Carabanchel, 28044 Madrid, España",+34 919 19 66 69,https://www.redpiso.es/oficina/inmobiliaria-carabanchel-alto/venta,4.8,57.0
Aciertocasa,"C. del Pelicano, 18, Local, Carabanchel, 28025 Madrid, España",+34 915 25 54 11,http://www.aciertocasa.es/,4.8,100.0
MASQPISO - SERVICIOS INMOBILIARIOS,"Av. de Abrantes, 88, Carabanchel, 28025 Madrid, España",+34 912 25 10 11,,4.4,26.0
Inmobiliaria Carabanchel Zona Opañel Redpiso,"C. del Camino Viejo de Leganés, 111, bajo A, Carabanchel, 28025 Madrid, España",+34 911 64 81 76,https://www.redpiso.es/oficina/inmobiliaria-carabanchel-zona-opanel/venta,4.6,65.0
Iberpisos Inmobiliaria Carabanchel,"Av. de Ntra. Sra. de Fátima, 84, Carabanchel, 28047 Madrid, España",+34 919 41 10 97,http://www.iberpisos.net/,4.7,26.0
Agencia Inmobiliaria La Casa Agency Madrid - Oporto,"Calle del Gral. Ricardos, 147, local izquierdo, Carabanchel, 28019 Madrid, España",+34 910 60 95 85,https://www.lacasa.net/inmobiliarias/96-inmored-oporto-s-l,4.9,720.0
Inmobiliaria Puerta Bonita Redpiso,"C. del Camino Viejo de Leganés, 160, Carabanchel, 28025 Madrid, España",+34 915 02 04 03,https://www.redpiso.es/oficina/inmobiliaria-puerta-bonita/venta,4.7,133.0
INMOMAYCO - AGENCIA INMOBILIARIA,"C. de Jacinto Verdaguer, 16, Carabanchel, 28019 Madrid, España",+34 648 23 43 48,,4.8,57.0
Moradia Servicios Inmobiliarios,"Plaza Gándara de Oro, 3, Carabanchel, 28019 Madrid, España",+34 910 74 00 39,https://moradia-servicios-inmobiliarios9.webnode.es/,4.6,59.0
Inmobiliaria Vistalegre Carabanchel - Carpetana Redpiso,"C. de la Oca, 74, Carabanchel, 28025 Madrid, España",+34 911 92 10 02,https://www.redpiso.es/oficina/inmobiliaria-carabanchel-vistalegre-carpetana/venta,4.5,79.0
Tecnocasa Agencia Inmobiliaria,"C. del Halcón, 43, loc iz, Carabanchel, 28025 Madrid, España",+34 918 23 79 63,https://madrid151.tecnocasa.es/,4.9,125.0
DB Servicios Inmobiliarios Vía Carpetana,"C. Vía Carpetana, 348, Latina, 28047 Madrid, España",+34 910 18 81 76,http://dbserviciosinmobiliarios.es/,4.9,43.0
inmobiliarias UNIVERSAL,"C. del Marqués de Jura Real, 13, Carabanchel, 28019 Madrid, España",+34 911 29 79 48,,4.8,37.0
Inmohogar Servicios Inmobiliarios y Financieros,"C. Aldeanueva de la Vera, 21, local 5, Latina, 28044 Madrid, España",+34 910 16 62 51,https://inmohogarlasaguilas.es/,4.8,178.0
Globalpiso Sede Central,"C. de los Morales, 10, Local 27, Carabanchel, 28054 Madrid, España",+34 622 76 34 75,http://www.globalpiso.es/,4.1,18.0
Tecnocasa agencia inmobiliaria,"Pl. de la Emperatriz, 14-16, Carabanchel, 28044 Madrid, España",+34 910 33 91 54,https://madrid77.tecnocasa.es/,4.5,80.0
Tecnocasa agencia inmobiliaria,"C. de Eugenia de Montijo, 55, local, Carabanchel, 28025 Madrid, España",+34 918 29 46 30,https://madrid184.tecnocasa.es/,4.8,48.0
Tecnocasa agencia inmobiliaria,"C. del Camino Viejo de Leganés, 141, local 6, Carabanchel, 28025 Madrid, España",+34 910 13 99 64,https://madrid93.tecnocasa.es/,4.8,136.0
Altair Servicios Inmobiliarios,"Eduardo Morales, 8 Semiesq, Junto Metro, C. de la Oca, 54, Carabanchel, 28025 Madrid, España",+34 910 70 20 68,http://www.altaircarabanchel.com/,4.7,14.0
Tecnocasa agencia inmobiliaria,"Calle del Gral. Ricardos, 186, local 3, Carabanchel, 28025 Madrid, España",+34 914 61 85 46,https://madrid45.tecnocasa.es/,4.8,128.0
Tecnocasa agencia inmobiliaria,"C. del Camino Viejo de Leganés, 263, local a, Carabanchel, 28025 Madrid, España",+34 917 27 19 58,https://madrid183.tecnocasa.es/,4.8,73.0
Tecnocasa agencia inmobiliaria,"Av. de Carabanchel Alto, 68, bajo izq, Carabanchel, 28044 Madrid, España",+34 919 12 53 83,https://madrid101.tecnocasa.es/,4.6,43.0
Inmobiliaria en Las Aguilas | Globalpiso Oficina,"esquina Valle Inclán, C. de José de Cadalso, 54, Latina, 28044 Madrid, España",+34 912 60 06 51,http://www.globalpiso.es/,5.0,46.0
Tecnocasa agencia inmobiliaria,"C. de Blasa Pérez, 4, local, Carabanchel, 28019 Madrid, España",+34 919 90 03 01,https://madrid169.tecnocasa.es/,4.9,112.0
Tecnocasa agencia inmobiliaria,"Av. de Ntra. Sra. de Valvanera, 100, Carabanchel, 28025 Madrid, España",+34 911 63 91 87,https://madrid68.tecnocasa.es/,4.8,68.0
Vivienda Madrid Inmobiliaria en Comillas - Opañel,"C. de Jacinto Verdaguer, 12, Carabanchel, 28019 Madrid, España",+34 910 89 82 25,https://www.viviendamadrid.com/oficina/comillas-opanel,4.7,34.0
Tecnocasa agencia inmobiliaria,"Av. de Ntra. Sra. de Fátima, 92, loc c, Carabanchel, 28047 Madrid, España",+34 918 25 82 53,https://madrid78.tecnocasa.es/,4.3,48.0
Tecnocasa agencia inmobiliaria,"C. de Antonio de Leyva, 82, Carabanchel, 28019 Madrid, España",+34 912 77 22 31,https://madrid120.tecnocasa.es/,4.6,49.0
MARTIN AGENCIA INMOBILIARIA,"C. de Maqueda, 34, Latina, 28024 Madrid, España",+34 917 18 07 13,http://www.martinagenciainmobiliaria.es/,4.7,141.0
Grupo Acción Inmobiliaria,"C. de Martínez de la Riva, 4, local 18-19, Puente de Vallecas, 28053 Madrid, España",+34 910 08 89 93,http://grupoaccioninmobiliaria.com/,4.8,508.0
Inmobiliaria en Entrevías | Globalpiso Oficina,"C. de la Imagen, 14, Puente de Vallecas, 28018 Madrid, España",+34 910 09 30 81,http://www.globalpiso.es/inmobiliaria/entrevias,4.8,162.0
Inmobiliaria en Vallecas Inova Hogar,"Cl. de Guillermo Pingarron, 11, Puente de Vallecas, 28018 Madrid, España",+34 625 29 29 19,http://www.inovahogar.com/,4.8,214.0
Zona Madrid Servicios Inmobiliarios,"C. de Carlos Martín Álvarez, 47, Puente de Vallecas, 28018 Madrid, España",+34 910 27 45 85,http://zonamadrid.com/,4.9,81.0
Zona Madrid Servicios Inmobiliarios,"Av. de la Albufera, 77, Puente de Vallecas, 28038 Madrid, España",+34 910 46 26 45,https://www.zonamadrid.com/,5.0,89.0
Inmobiliaria Casa Familia,"C. de Pedro Laborde, 19, Puente de Vallecas, 28038 Madrid, España",+34 916 01 60 62,https://inmobiliariacasafamilia.com/,4.8,115.0
López & Moreno Inmobiliaria,"C. de Pedro Laborde, 1, local 2, Puente de Vallecas, 28038 Madrid, España",+34 910 12 79 68,http://www.lopezmorenoinmobiliaria.com/,4.7,91.0
Albufera Inmobiliaria - Puente de Vallecas,"Av. de la Albufera, 49, Puente de Vallecas, 28038 Madrid, España",+34 910 29 67 83,http://www.albuferainmobiliaria.com/,4.7,85.0
CSJ Inversiones - Inmobiliaria en Puente de Vallecas,"C. de Peña Ubiña, 41, Puente de Vallecas, 28053 Madrid, España",+34 910 01 63 47,http://www.csjinversiones.es/,4.8,69.0
Bastia Inmobiliaria Vallecas,"Av. de Pablo Neruda, 77, Puente de Vallecas, 28018 Madrid, España",+34 910 46 55 48,https://www.bastiainmobiliaria.com/,4.8,23.0
IS HOUSE INMOBILIARIA,"C. de la Gavia Seca, 9, Vallecas, 28031 Madrid, España",+34 657 91 76 13,http://ishouse.es/,4.8,151.0
Servicios inmobiliarios ENTREFINCAS,"C. Sierra de Contraviesa, 39, Puente de Vallecas, 28053 Madrid, España",+34 675 97 58 85,,3.9,55.0
Servicheck Inmobiliaria,"Asamblea de Madrid, Av. de San Diego, 109, Puente de Vallecas, 28018 Madrid, España",+34 911 55 20 55,http://www.servicheck.es/,4.2,563.0
TUVIVIENDA S.L.,"C. del Puerto Canfranc, 37, Local, Puente de Vallecas, 28038 Madrid, España",+34 913 28 73 70,http://www.tuvivienda.tv/,4.8,27.0
INMOBILIARIA BLUE HOUSE,"Av. de Rafael Alberti, 16, Puente de Vallecas, 28038 Madrid, España",+34 918 26 01 22,http://www.bluehouseserviciosinmobiliarios.net/,4.7,120.0
Inmobiliaria Entrevías Redpiso,"Av. de Entrevías, 52, Puente de Vallecas, 28053 Madrid, España",+34 915 07 92 42,https://www.redpiso.es/oficina/inmobiliaria-vallecas-entrevias/venta,4.2,83.0
Nuevo Hogar Inmobiliaria SL Vallecas,"Av. de la Albufera, 96, Local, Puente de Vallecas, 28038 Madrid, España",+34 910 27 06 79,https://minuevohogar.es/,3.7,178.0
Inmobiliaria Palomeras Redpiso Vallecas,"Av. de Buenos Aires, Nº 35, Puente de Vallecas, 28038 Madrid, España",+34 913 03 56 08,https://www.redpiso.es/oficina/inmobiliaria-palomeras/venta,4.8,108.0
Inmobiliaria Vivienda Madrid Oficina Av San Diego y Entrevías,"Av. de San Diego, 128, Puente de Vallecas, 28018 Madrid, España",+34 910 22 87 20,https://viviendamadridsandiego.taplink.ws/,4.1,59.0
ComprarCasa - TorresRubí Gestión Inmobiliaria,"C. de San Claudio, 27, local 3, Puente de Vallecas, 28038 Madrid, España",+34 913 03 63 55,https://www.torresrubi.com/,4.8,356.0
Globalpiso Palomeras-Portazgo I Oficina Inmobiliaria,"Av. de Pablo Neruda, 17, Puente de Vallecas, 28038 Madrid, España",+34 912 60 06 91,https://www.globalpiso.es/inmobiliaria/palomeras,4.9,58.0
"RG Madrid Bienes Raices, S.L.","Av. de Buenos Aires, 14, Puente de Vallecas, 28038 Madrid, España",+34 914 32 44 71,,4.7,82.0
Inmobiliaria Vallecas - Puente Vallecas Redpiso,"Av del Monte Igueldo, 40, Puente de Vallecas, 28053 Madrid, España",+34 914 34 94 03,https://www.redpiso.es/oficina/inmobiliaria-vallecas-puente-vallecas/venta,4.1,45.0
Inmobiliaria Vallecas - Madrid Sur Redpiso,"Av. de Pablo Neruda, 87, Puente de Vallecas, 28018 Madrid, España",+34 917 85 41 59,https://www.redpiso.es/oficina/inmobiliaria-vallecas-madrid-sur/venta,4.6,75.0
Inmobiliaria Vallecas - Miguel Hernández Redpiso,"C. Riojanos, 25, LOCAL 4, Puente de Vallecas, 28018 Madrid, España",+34 917 77 39 33,https://www.redpiso.es/oficina/inmobiliaria-vallecas-miguel-hernandez/venta,4.7,244.0
Patrocinio Díaz Gestora Inmobiliaria,"Calle de Ntra. Sra. del Perpetuo Socorro, 4, 2 D, Puente de Vallecas, 28053 Madrid, España",+34 629 22 80 05,,3.2,75.0
Meet Service Inmobiliaria,"C. Cerro de la Alcazaba, 4, local 1, Puente de Vallecas, 28053 Madrid, España",+34 625 93 19 40,,5.0,18.0
DM Servicios Inmobiliarios,"C. de Torremolinos, 4, Puente de Vallecas, 28018 Madrid, España",+34 624 97 12 91,https://www.inmodm.es/,4.9,25.0
Blue 24 Properties,"C. Sierra del Cadí, 6, local, Puente de Vallecas, 28018 Madrid, España",+34 633 35 34 09,https://www.blue24properties.es/,4.7,26.0
Esfera Servicios Inmobiliarios Vallecas,"C. del Arroyo del Olivar, 6, Puente de Vallecas, 28053 Madrid, España",+34 914 77 10 75,,3.8,17.0
Kronox Albufera,"Av. de la Albufera, 220, Local 1, Puente de Vallecas, 28038 Madrid, España",+34 913 03 15 15,https://www.inmokronox.com/,4.6,140.0
Soluciones inmobiliarias,"C. del Puerto de la Bonaigua, 58, Puente de Vallecas, 28018 Madrid, España",+34 662 30 77 82,,4.8,41.0
Sirvendo Inmobiliaria,"C. Rogelio Folgueras, 6B, Puente de Vallecas, 28038 Madrid, España",+34 636 17 29 57,http://www.inmobiliariasirvendo.com/,4.2,15.0
Inmobiliaria Vallecas Albufera Redpiso,"Av. de la Albufera, 95, Puente de Vallecas, 28038 Madrid, España",+34 914 78 69 66,https://www.redpiso.es/oficina/inmobiliaria-vallecas-albufera-nueva-numancia/venta,4.6,36.0
Vivienda Madrid,"Av. de Pablo Neruda, 132, Puente de Vallecas, 28018 Madrid, España",+34 912 46 10 06,,4.4,99.0
Tecnocasa agencia inmobiliaria,"C. Sierra de Contraviesa, 35, local, Puente de Vallecas, 28053 Madrid, España",+34 915 78 26 09,https://madrid122.tecnocasa.es/,4.5,40.0
Tecnocasa agencia inmobiliaria,"Av del Monte Igueldo, 51, local, Puente de Vallecas, 28053 Madrid, España",+34 914 77 55 35,https://madrid65.tecnocasa.es/,4.3,179.0
Habitalia Real Estate XXII,"Av del Monte Igueldo, 94, Puente de Vallecas, 28053 Madrid, España",+34 910 06 76 49,https://habitalia-real-estate-xxii.super.site/,3.3,115.0
Inmobiliaria Vallecas Peña Prieta Redpiso,"Av. de Peña Prieta, 20, Puente de Vallecas, 28038 Madrid, España",+34 915 01 85 52,https://www.redpiso.es/oficina/inmobiliaria-vallecas-pena-prieta/venta,4.3,43.0
Semar Hogar Inmobiliaria,"Casas de Miravete, 22-24 Edificio 24A, 1º 2 Parque Empresarial Perez, Iglesias, Vallecas, 28031 Madrid, España",+34 918 87 02 88,http://www.semarhogar.es/,4.2,39.0
Tecnocasa agencia inmobiliaria,"Av. de San Diego, 68, loc b, Puente de Vallecas, 28053 Madrid, España",+34 919 47 05 07,https://madrid212.tecnocasa.es/,4.4,32.0
Tecnocasa,"C. de Carlos Martín Álvarez, 7, Puente de Vallecas, 28018 Madrid, España",+34 910 34 39 29,https://madrid82.tecnocasa.es/,4.9,130.0
Tecnocasa agencia inmobiliaria,"C. de Sierra Toledana, 27, Puente de Vallecas, 28038 Madrid, España",+34 910 39 07 69,https://madrid216.tecnocasa.es/,4.8,64.0
Inmobiliaria Ensanche de Vallecas - VOhome La Gavia,"Av de las Suertes, 62, Vallecas, 28051 Madrid, España",+34 910 13 32 00,https://www.vohome.es/,4.6,318.0
Tecnocasa agencia inmobiliaria,"C. de la Serena, 19, local, Puente de Vallecas, 28053 Madrid, España",+34 913 05 22 74,https://madrid136.tecnocasa.es/,3.7,44.0
fincas felipe,"C. de Concejo de Teverga, 11, Puente de Vallecas, 28053 Madrid, España",+34 644 38 65 88,http://fincasfelipe.com/,4.6,10.0
RED BUDISA,"C. del Puerto de Somosierra, 8, Vallecas, 28031 Madrid, España",+34 910 55 79 45,https://www.redbudisa.com/,4.5,50.0
Torre Ñ Inmobiliaria,"C/ de Pont de Molins, 27, Puente de Vallecas, 28038 Madrid, España",+34 910 01 81 49,https://www.torreninmobiliaria.com/,4.6,42.0
Vivienda Madrid,"P.º de Federico García Lorca, 9, Vallecas, 28031 Madrid, España",+34 911 55 21 99,https://viviendamadrid.com/,4.7,30.0
Cruzity,,+34 910 05 28 55,https://cruzity.com/,4.9,74.0
Tecnocasa agencia inmobiliaria,"C. de Sierra Gádor, 64, l1 dcha, Vallecas, 28031 Madrid, España",+34 910 24 84 38,https://madrid123.tecnocasa.es/,4.9,147.0
Tecnocasa agencia inmobiliaria,"Av. de Pablo Neruda, 14, local a, Puente de Vallecas, 28038 Madrid, España",+34 644 96 34 66,https://madrid182.tecnocasa.es/,4.7,173.0
Tecnocasa agencia inmobiliaria,"C. del Puerto Canfranc, 25, Puente de Vallecas, 28038 Madrid, España",+34 910 59 53 21,https://madrid110.tecnocasa.es/,4.4,55.0
Tecnocasa agencia inmobiliaria,"C. de Carlos Martín Álvarez, 65 bis, Puente de Vallecas, 28018 Madrid, España",+34 910 74 23 76,https://madrid66.tecnocasa.es/,3.9,79.0
Inversiones Rueda Hidalgo S.L.,"Avenida de Madrid, S/N Locales ZC 18-24, Vallecas, 28053 Madrid, España",+34 916 80 44 87,http://www.inversionesruedahidalgo.es/,4.8,39.0
Inmobiliaria Moratalaz Estrella Capitalis,"C. Entre Arroyos, 3, Moratalaz, 28030 Madrid, España",+34 744 64 82 84,http://www.capitalis.es/,4.7,96.0
Fincalia Urban,"Av. de las Glorietas, 39, Local, Puente de Vallecas, 28053 Madrid, España",+34 915 07 42 25,http://fincaliaurban.es/,,
Tecnocasa agencia inmobiliaria,"C. de San Claudio, 69, local 1, Puente de Vallecas, 28038 Madrid, España",+34 919 95 09 50,https://madrid217.tecnocasa.es/,4.7,45.0
Sergio Martín - Agente inmobiliario,,+34 604 93 07 06,https://venderpisomadrid.com/,5.0,5.0
Inmobiliaria en Vicálvaro | INMOACIERTA Agencia Inmobiliaria Familiar.,"C. del Lago Van, 12, Vicálvaro, 28032 Madrid, España",+34 623 23 45 07,http://www.inmoacierta.com/,4.8,237.0
Inmobiliaria SM Homes El Cañaveral,"C. de Enrique Urquijo, 90, Vicálvaro, 28052 Madrid, España",+34 674 38 19 97,https://www.smhomesinmobiliaria.es/,5.0,49.0
INMOBILIARIA VICÁLVARO,"CALLE VILLAJIMENA, 16 (POST, RAMPA, 2, Vicálvaro, 28032 Madrid, España",+34 913 71 90 18,,4.7,32.0
Inmobiliaria en Vicálvaro | Globalpiso Oficina,"C. de S. Cipriano, 30, Vicálvaro, 28032 Madrid, España",+34 910 42 97 60,http://www.globalpiso.es/inmobiliaria/vicalvaro,4.7,268.0
Inmobiliaria El Cañaveral Redpiso,"Av. de Miguel Delibes, 30, Local 8, Vicálvaro, 28052 Madrid, España",+34 910 94 37 69,https://www.redpiso.es/oficina/inmobiliaria-el-canaveral/venta,4.9,82.0
Inmobiliaria Alianza Madrid Vicálvaro,"C. de S. Cipriano, 20, Vicálvaro, 28032 Madrid, España",+34 910 42 47 55,http://www.alianzamadrid.com/,4.8,174.0
Pasa a tu casa inmobiliaria,,+34 622 49 32 97,http://www.pasaatucasa.com/,5.0,72.0
Inmobiliaria en Vicálvaro | Vivienda Madrid,"C. de Calahorra, 17, Vicálvaro, 28032 Madrid, España",+34 910 00 98 82,https://www.viviendamadrid.com/vicalvaro-valdebernardo/,4.9,17.0
Inmobiliaria Vicálvaro Redpiso,"C. de S. Cipriano, 27, Vicálvaro, 28032 Madrid, España",+34 917 75 19 05,https://www.redpiso.es/oficina/inmobiliaria-vicalvaro/venta,4.4,133.0
Tecnocasa Vicalvaro inmobiliaria,"C/ de los Galeote, 1, piso 0, Vicálvaro, 28032 Madrid, España",+34 915 41 79 65,https://madrid164.tecnocasa.es/,4.8,78.0
Kronox Vicalvaro,"C. de S. Cipriano, 26, Vicálvaro, 28032 Madrid, España",+34 917 75 31 13,http://www.inmokronox.com/,4.1,36.0
Inmobiliaria valderribas,"Av. Gran Vía del Este, 34, Vicálvaro, 28032 Madrid, España",+34 911 76 55 80,https://www.inmobiliariavalderribas.es/,3.6,18.0
Tecnocasa Agencia Inmobiliaria,"C. Villalmanzo, 14, local, Vicálvaro, 28032 Madrid, España",+34 910 07 50 21,https://madrid96.tecnocasa.es/,4.4,61.0
Inmobiliaria El Cañaveral,"C. de la Iglesia, 4, 28821 Coslada, Madrid, España",+34 910 28 98 08,http://www.inmobiliariaelcañaveral.com/,4.8,19.0
Inmobiliaria VOhome Santa Eugenia,"C. de Castrillo de Aza, 14, Local 7, Vallecas, 28031 Madrid, España",+34 913 05 21 53,https://www.vohome.es/,4.8,156.0
PRYCONSA - Residencial Vicálvaro,"C. de S. Cipriano, 31, Vicálvaro, 28032 Madrid, España",+34 600 11 87 41,https://www.pryconsa.es/,4.9,8.0
Roal inmobiliaria,"C. del Jardín de la Duquesa, 4, Vicálvaro, 28032 Madrid, España",+34 913 71 96 33,http://roal-inmobiliaria.com/,2.5,2.0
Inmobiliaria Look & Find Moratalaz Vinateros,"C. del Arroyo Belincoso, 38 esquina, Moratalaz, 28030 Madrid, España",+34 913 33 90 83,https://www.moratalaz.lookandfind.es/,4.7,246.0
habitat Inmobiliaria,"C. Victoria Kent, Vicálvaro, 28052 Madrid, España",,,1.0,1.0
"Agencia Inmobiliaria Oasis House - Chamartín, Tetuán, Barrio de Salamanca, Chamberí y más","C. de Henri Dunant, 19, Chamartín, 28036 Madrid, España",+34 644 27 21 51,https://theoasishouse.es/?utm_source=google&utm_medium=GBP&utm_campaign=Main_Link,5.0,35.0
PERSONAL Despacho Inmobiliario,"C. del Pez Austral, 10, Bj B, Retiro, 28007 Madrid, España",+34 646 88 49 47,http://www.personalinm.es/,5.0,59.0
Consulting Inmobiliario Esquivel,,+34 699 06 06 28,https://esquivel.mobiliagestion.es/,,
Templo Consulting Inmobiliaria Madrid,"C. de Santiago de Compostela, 64, Fuencarral-El Pardo, 28034 Madrid, España",+34 919 38 56 78,https://temploconsulting.com/,4.8,567.0
INMOCORNER,,+34 644 74 33 44,http://www.inmocorner.com/,5.0,25.0
ALEJANDRA BOVE | ASESORA INMOBILIARIA IAD ESPAÑA,,+34 678 18 68 23,https://www.iadespana.es/agente-inmobiliario/alejandra.bove,4.7,26.0
Unica Inmobiliaria - Inmobiliaria en Madrid,"C. de Jorge Juan, 64, Salamanca, 28009 Madrid, España",+34 915 76 01 01,http://www.unicainmobiliaria.com/,4.0,140.0
Grupo Inmobiliario RSL,"C. de los Hermanos Machado, 18, LOCAL, Cdad. Lineal, 28017 Madrid, España",+34 911 45 10 52,http://www.gruporsl.com/,4.9,96.0
QUIAM Servicios Inmobiliarios,,+34 633 05 09 84,http://www.quiam.es/,3.8,31.0
Tecnocasa agencia inmobiliaria,"avenida Daroca (Vuelta, C. de Marcelino Álvarez, 39, loc c y d, Cdad. Lineal, 28017 Madrid, España",+34 911 46 90 39,https://madrid146.tecnocasa.es/,4.8,62.0
GILMAR Consulting Inmobiliario - Inmobiliaria Mirasierra,"C. de Nuria, 59, Fuencarral-El Pardo, 28034 Madrid, España",+34 917 71 77 77,https://www.gilmar.es/oficinas/agencia-inmobiliaria-mirasierra/?utm_source=gmb&utm_medium=cta&utm_campaign=inmobiliaria_mirasierra,4.9,115.0
Publicasa Madrid,,+34 611 63 03 52,http://www.publicasamadrid.com/,5.0,1.0
NOOW | Espacio Distrito INMOBILIARIA MADRID,"C. de la Marroquina, 22, Moratalaz, 28030 Madrid, España",+34 914 39 92 29,http://www.noow.es/,4.7,160.0
Esriv Inmobiliarias Real Estate,"C. de la Fuente del Berro, 4, Salamanca, 28009 Madrid, España",+34 912 50 92 39,https://www.esrivinmobiliaria.com/,4.9,88.0
Tecnocasa agencia inmobiliaria,"Av. de Daroca, 11, loc 2, Cdad. Lineal, 28017 Madrid, España",+34 663 53 88 72,https://madrid55.tecnocasa.es/,4.7,149.0
SOLUCIONES TENGACASA,"C. de Azcona, 7, Salamanca, 28028 Madrid, España",+34 913 55 99 99,http://www.tengacasa.es/,4.8,279.0
Inmobiliaria VIVAHOGAR - Oficina Guindalera,"C. de Azcona, 10, Salamanca, 28028 Madrid, España",+34 910 21 43 91,http://www.vivahogarmadrid.com/,4.9,169.0
Avant Real Estate S.L Inmobiliaria,"C. de las Mártires Concepcionistas, 12, Salamanca, 28006 Madrid, España",+34 914 44 92 70,http://www.avantrealestate.es/,4.8,16.0
Inmobiliaria Ensanche Vallecas - La Gavia Redpiso,"Av de las Suertes, 60, Vallecas, 28051 Madrid, España",+34 910 37 82 64,https://www.redpiso.es/oficina/inmobiliaria-ensanche-de-vallecas-la-gavia/venta,4.5,113.0
Inmobiliaria Manhattan,"C. de José Tamayo, 3, Vallecas, 28051 Madrid, España",+34 912 98 90 70,https://bookspain.site/Inmobiliaria,4.7,161.0
Servicheck Inmobiliaria,"C. de José Gutiérrez Maroto, 23, Vallecas, 28051 Madrid, España",+34 911 55 20 55,http://www.servicheck.es/,4.6,220.0
Inmobiliaria Villa de Vallecas Redpiso,"P.º de Federico García Lorca, 20, Vallecas, 28031 Madrid, España",+34 918 31 94 32,https://www.redpiso.es/oficina/inmobiliaria-villa-de-vallecas/venta,4.6,158.0
Binser,"Correos - 102056, Av. del Ensanche de Vallecas, Vallecas, 28080 Madrid, España",+34 666 41 98 50,https://inmobinser.com/,5.0,34.0
Inmobiliaria Vallecas Santa Eugenia Redpiso,"Av. de Santa Eugenia, 29, Vallecas, 28031 Madrid, España",+34 910 27 85 28,https://www.redpiso.es/oficina/inmobiliaria-vallecas-santa-eugenia/venta,4.3,81.0
Tecnocasa agencia inmobiliaria,"C. del Congosto, 25, loc pb, Vallecas, 28031 Madrid, España",+34 919 21 74 65,https://madrid79.tecnocasa.es/,4.7,212.0
Centro Comercial Inmobiliario,"Av. del Ensanche de Vallecas, 76, Vallecas, 28051 Madrid, España",+34 914 44 84 31,http://cci10.com/,2.9,21.0
Alquiler GOP,"Av. del Ensanche de Vallecas, 44, Vallecas, 28051 Madrid, España",+34 917 13 03 24,https://www.alquilergop.com/,3.2,6.0
Tecnocasa agencia inmobiliaria,"C. Real de Arganda, 22, local 1, Vallecas, 28031 Madrid, España",+34 910 22 75 13,https://madrid188.tecnocasa.es/,4.6,52.0
Más Locales,"C. Adolfo Bioy Casares, 3, 7, Vallecas, 28051 Madrid, España",+34 673 56 22 90,,,
Inmoglaciar,"Av de las Suertes, 62, Vallecas, 28051 Madrid, España",+34 900 053 606,http://www.inmoglaciar.com/,2.6,5.0
Coworking Inmobiliario,"Av. del Ensanche de Vallecas, Vallecas, 28051 Madrid, España",+34 917 37 93 60,,,
Promoción Luzzes - Bialto,"Av. de la Gran Vía del Sureste, 53, Vallecas, 28051 Madrid, España",,https://bialto.es/en/neighborhoods/luzzes-vallecas,1.0,6.0
Inmoabel,"Av. del Ensanche de Vallecas, 120, Vallecas, 28051 Madrid, España",+34 910 26 09 09,,,
Promociones Urbanas S.L.,"C. de María Teresa León, 1, Vallecas, 28051 Madrid, España",+34 914 26 39 37,,2.7,3.0
The Agency | Agencia Inmobiliaria,"Cam. de la Fuente de la Mora, 9, Hortaleza, 28050 Madrid, España",+34 919 93 03 43,http://www.theagencyspain.es/,4.9,34.0
Inmobiliaria Sanchinarro Redpiso,"C. del Príncipe Carlos, 32, Local 2, Hortaleza, 28050 Madrid, España",+34 918 27 72 40,https://www.redpiso.es/oficina/inmobiliaria-sanchinarro/venta,4.7,281.0
Inmobiliaria Sanchinarro S.L.,"C. de Mirallos, 12, Fuencarral-El Pardo, 28050 Madrid, España",+34 914 27 03 13,http://www.inmobiliariasanchinarro.com/,3.0,4.0
4 Sale Servicios Inmobiliarios,"C. de Oña, 147, Local, Hortaleza, 28050 Madrid, España",+34 915 71 08 81,http://www.inmobiliaria4sale.es/,4.7,73.0
Promora Las Tablas Inmobiliaria de Lujo,"C. de Furelos, 5, Fuencarral-El Pardo, 28050 Madrid, España",+34 917 50 55 55,https://www.promora.com/es/comprar/casas-lujo/norte,4.7,109.0
ZARA INVERSIÓN Y GESTIÓN INMOBILIARIA,"Oña, 147 ( Local Torre Cristial (Torre C), Planta 18 (oficina, Hortaleza, 28050 Madrid, España",+34 651 71 33 33,https://www.zarainversion.com/,4.9,19.0
Landi House,"Av. de Niceto Alcalá Zamora, 91, Hortaleza, 28050 Madrid, España",+34 670 38 32 52,https://landihouse.com/,5.0,20.0
ESTUDIO HOME MADRID,"C. de Castiello de Jaca, 14, Fuencarral-El Pardo, 28050 Madrid, España",+34 910 32 59 41,http://www.ehomemadrid.com/,5.0,55.0
Go Inmo,"Av. de Manoteras, 38, B403, Hortaleza, 28050 Madrid, España",+34 917 32 25 23,,5.0,5.0
AquíPiso,"Calle de María Tubau, 4, Edificio A, 4ª planta, Fuencarral-El Pardo, 28050 Madrid, España",+34 604 27 19 54,https://aquipiso.es/es,4.8,45.0
Inmobiliaria Vender un piso,"Calle de María Tubau, 19, Fuencarral-El Pardo, 28050 Madrid, España",+34 650 95 25 93,https://venderunpiso.es/,5.0,12.0
Inmobiliarias Encuentro,"C. Burguete, 2, local 1, Fuencarral-El Pardo, 28050 Madrid, España",+34 610 40 74 04,https://iencuentro.es/nosotros/red-de-agencias/,5.0,89.0
Move,"C. de José Donoso, Hortaleza, 28050 Madrid, España",+34 614 11 95 67,https://movespain.co/,4.9,38.0
Inmodec,"C. de la Sierra de Atapuerca, 37B, 3, Fuencarral-El Pardo, 28050 Madrid, España",+34 910 94 02 69,http://www.inmodec.es/,3.7,38.0
Magerit Homes,"Calle de Hospital de Órbigo, 9, Fuencarral-El Pardo, 28050 Madrid, España",+34 910 18 16 26,http://www.magerithomes.com/,4.3,72.0
Madrimor S L,"C. de Mirallos, 12, Fuencarral-El Pardo, 28050 Madrid, España",+34 914 27 03 13,,2.3,6.0
Básico Real Estate,"Cam. de la Fuente de la Mora, 5, Hortaleza, 28050 Madrid, España",+34 910 30 71 68,https://basico.es/,1.2,54.0
Aliseda Inmobiliaria,"Av. de Manoteras, 12, 5ª planta, Hortaleza, 28050 Madrid, España",+34 918 35 87 84,https://www.alisedainmobiliaria.com/,3.8,4492.0
Servi&house,"C. de María Tudor, 16, Hortaleza, 28050 Madrid, España",+34 917 50 06 05,http://www.serviandhouse.com/,2.9,16.0
MM HOME Servicios Inmobiliarios,"C. del Mar Caspio, 27, Hortaleza, 28033 Madrid, España",+34 622 90 09 70,https://www.mmhome.es/,4.7,88.0
BN Propiedades Bosovsky & Nadelar Consultores Inmobiliarios,"C. de Boadilla del Camino, 3, Portal H - 4ºA, Fuencarral-El Pardo, 28050 Madrid, España",+34 600 70 70 80,http://bnpropiedades.com/,4.4,13.0
tucasamadrid.com,"C. de Estella, 3, Fuencarral-El Pardo, 28050 Madrid, España",+34 699 31 62 74,http://tucasamadrid.com/,3.2,5.0
Ducalia Desarrollos,"C. de Octavio Paz, 26, Hortaleza, 28050 Madrid, España",+34 917 04 88 35,,5.0,1.0
"Riol Fisac Inmobiliaria, Arquitectura y Gestion","Av. de Manoteras, 38, Hortaleza, 28050 Madrid, España",+34 611 32 97 62,,5.0,6.0
M2 Promociones Inmobiliarias,"C. de Manuel Pombo Angulo, 10, Hortaleza, 28050 Madrid, España",+34 915 06 36 03,http://inmobiliariam2.es/,5.0,1.0
Renovaria Asesoramiento Integral Inmobiliario SL,"Av. de Manoteras, 30, Hortaleza, 28050 Madrid, España",+34 913 18 50 35,,2.3,3.0
SotoMora Inmobiliaria / Real Estate La Moraleja,"Centro Comercial El Encinar de los Reyes, La Moraleja, 28109 Alcobendas, Madrid, España",+34 915 55 45 83,https://www.sotomora.com/,4.8,37.0
Mi Morada Inmobiliaria,"C. Cocuy, 2, LOCAL 3, Hortaleza, 28033 Madrid, España",+34 912 40 04 14,http://www.inmobiliariamimorada.com/,4.3,22.0
Inmobiliaria Hortaleza CASA HORTALEZA,"C. de López de Hoyos, 474, Hortaleza, 28043 Madrid, España",+34 912 16 39 44,http://www.casahortaleza.es/,4.7,114.0
Sanhouses,"Calle de Isabel Colbrand, 10, planta 5, Ofc 134, Fuencarral-El Pardo, 28050 Madrid, España",+34 912 53 69 59,http://www.sanhouses.es/,3.9,7.0
CyE Homes,"C. de Américo Castro, 72, Hortaleza, 28050 Madrid, España",+34 651 34 48 13,https://www.cyehomes.es/,5.0,5.0
Idonnia Asesores,,+34 616 56 60 66,,5.0,11.0
Large Space,"Av. de Manoteras, 38, Hortaleza, 28050 Madrid, España",+34 912 51 66 71,http://www.largespace.es/,,
Bami Newco S.A.,"Av. de Manoteras, Hortaleza, 28050 Madrid, España",+34 913 23 90 50,,3.3,6.0
Tecnocasa agencia inmobiliaria,"C. de Somontín, 67, LOCAL, Hortaleza, 28033 Madrid, España",+34 919 21 58 54,https://madrid147.tecnocasa.es/,4.7,136.0
"Regus - Madrid, Manoteras","Cam. de la Fuente de la Mora, 9, 1st Floor, Hortaleza, 28050 Madrid, España",+34 917 93 67 40,https://www.regus.com/es-es/spain/madrid/manoteras-4362?utm_source=google_uberall&utm_medium=places&utm_campaign=uberall&utm_content=uberall,4.1,20.0
Inmobiliaria Canillas CASA CANILLAS,"Carr. de Canillas, 27, Hortaleza, 28043 Madrid, España",+34 912 16 39 26,http://www.casacanillas.es/,4.7,95.0
Vivienda Madrid Hortaleza,"C. de la Costa del Sol, 8, Local 7, Hortaleza, 28033 Madrid, España",+34 910 84 58 24,http://www.viviendamadrid.com/,4.8,162.0
Alius Inversiones,"Av. de Manoteras, 44, Hortaleza, 28050 Madrid, España",+34 913 83 61 40,http://www.aliusinversiones.com/esp/01_alius_inversiones/alius_localizacion.htm,,
Gloval,"Av. de Manoteras, 44, 4ª Planta, Hortaleza, 28050 Madrid, España",+34 915 61 33 88,https://www.gloval.es/,4.4,1729.0
Inmobiliaria Look & Find Conde Orgaz,"Av. de Machupichu, 23, Hortaleza, 28043 Madrid, España",+34 917 21 94 96,https://lookandfind.es/condeorgaz,4.8,236.0
REALIA,"Av. del Camino de Santiago, 40, Fuencarral-El Pardo, 28050 Madrid, España",+34 913 53 44 00,http://www.realia.es/?utm_source=gmb&utm_medium=organic&utm_campaign=gmb-sede&utm_term=generico,3.1,17.0
Spaces,"Av. de Manoteras, 12, Hortaleza, 28050 Madrid, España",+34 917 90 46 41,https://www.spacesworks.com/es/madrid-es/polaris?utm_source=google_uberall&utm_medium=places&utm_campaign=uberall&utm_content=uberall,5.0,13.0
Antorán Inmobiliaria,"C/ Gabriel Lobo, 19, Chamartín, 28002 Madrid, España",+34 910 26 06 60,http://www.antoran.com/,4.9,75.0
Edificios Cetil,"Avenida de Burgos, 114 Edificios Cetil, Av. de Burgos, 114, Hortaleza, 28050 Madrid, España",+34 636 35 27 53,http://www.edificioscetil.com/,5.0,2.0
Aelca,"C. de Cirauqui, Fuencarral-El Pardo, 28050 Madrid, España",+34 910 05 23 41,,1.5,2.0
Inmobiliaria Look & Find Mirasierra - Montecarmelo,"Av. del Monasterio de El Escorial, 8, Fuencarral-El Pardo, 28049 Madrid, España",+34 913 76 79 90,https://lookandfind.es/mirasierra-montecarmelo,4.9,132.0
inmobiliaria boutique montecarmelo,,+34 919 38 23 81,https://f8tk.short.gy/oIGcDV,5.0,28.0
Tecnocasa agencia inmobiliaria,"C. del Monasterio de Liébana, 7, Fuencarral-El Pardo, 28049 Madrid, España",+34 912 16 38 78,https://madrid15.tecnocasa.es/,4.8,85.0
Gesbarrod Gestión Inmobiliaria,"C. del Monasterio de Samos, 17, Fuencarral-El Pardo, 28049 Madrid, España",+34 687 34 64 42,https://www.gesbarrod.com/,4.0,4.0
Lemonhouse,"Av. del Monasterio de El Escorial, 66, Fuencarral-El Pardo, 28034 Madrid, España",+34 913 07 45 02,http://www.lemonhouse.es/,4.1,123.0
Inmobiliaria en Virgen de Begoña I Globalpiso Oficina,"Calle de la Virgen de Aránzazu, 23, Fuencarral-El Pardo, 28034 Madrid, España",+34 917 29 14 61,https://www.globalpiso.es/inmobiliaria/barrio-pilar-virgen-begona,4.6,70.0
GAVAC Gestión de Propiedades,"C. de la Senda del Infante, 16, Fuencarral-El Pardo, 28035 Madrid, España",+34 629 25 24 96,http://gavacinmobiliaria.com/,4.9,77.0
WGI Inmobiliaria - Madrid,"Av del Cardenal Herrera Oria, 169, local 3, Fuencarral-El Pardo, 28034 Madrid, España",+34 689 92 20 08,https://www.wgi.es/,4.8,109.0
"Gestiones Quevedo | Inmobiliaria en Fuencarral, Tres Olivos, Montecarmelo, las Tablas, Mirasierra, el Pilar, Begoña, Madrid","C. Fuente Chica, 6, local, Fuencarral-El Pardo, 28034 Madrid, España",+34 910 60 70 46,,4.6,56.0
NexoHomes,"Fuencarral-El Pardo, 28049 Madrid, España",+34 660 57 26 43,,,
Borpana S.L.,"Av. del Monasterio de Silos, 13, Fuencarral-El Pardo, 28049 Madrid, España",+34 915 04 47 38,https://borpana.com/,5.0,1.0
ESTUDIO HOME MADRID,"C. de Fermín Caballero, 76, Local S, Fuencarral-El Pardo, 28034 Madrid, España",+34 913 78 39 37,http://ehomemadrid.com/,4.8,145.0
Engel & Völkers Mirasierra,"C. de Nuria, 10, Fuencarral-El Pardo, 28034 Madrid, España",+34 910 49 38 81,https://www.engelvoelkers.com/es/es/shops/madrid-mirasierra,4.5,37.0
ESTUDIO HOME MADRID,"C. Isla de Tavira, 18, Fuencarral-El Pardo, 28035 Madrid, España",+34 917 38 71 00,http://ehomemadrid.com/,4.4,121.0
BookingBreak,"C. del Monasterio de Montesclaros, 9, Fuencarral-El Pardo, 28049 Madrid, España",+34 674 34 54 84,http://subscribepage.io/GUI68A,,
Tecnocasa agencia inmobiliaria,"C. del Cerro Minguete, 14, Fuencarral-El Pardo, 28035 Madrid, España",+34 912 16 38 83,https://madrid98.tecnocasa.es/,4.6,39.0
ESTUDIO HOME MADRID,"C. de Sangenjo, 25, Fuencarral-El Pardo, 28034 Madrid, España",+34 917 31 41 87,http://ehomemadrid.com/,4.7,60.0
Arfego Servicios Inmobiliarios,"C. del Monasterio de Oseira, 21, portal 3 3A, Fuencarral-El Pardo, 28049 Madrid, España",+34 686 28 56 01,,,
House Madrid Inmobiliaria,,+34 637 74 83 22,,2.6,5.0
Inmobiliaria Vivienda Madrid Oficina Pueblo Nuevo - Ascao,"C. de Ezequiel Solana, 110, Cdad. Lineal, 28017 Madrid, España",+34 912 99 83 99,https://www.viviendamadrid.com/,4.5,66.0
Lanneman S.L.,"C. del Monasterio de las Batuecas, 17, Fuencarral-El Pardo, 28049 Madrid, España",+34 917 29 72 10,,,
Tecnocasa agencia inmobiliaria,"C. Afueras a Valverde, 18, loc 5, Fuencarral-El Pardo, 28034 Madrid, España",+34 919 21 69 69,https://madrid105.tecnocasa.es/,4.6,171.0
Sierra Lanzahita,"C. del Monasterio de las Batuecas, 17, Fuencarral-El Pardo, 28049 Madrid, España",+34 917 29 77 20,,,
Urbarent Royal,"Av del Santuario de Valverde, 83, Fuencarral-El Pardo, 28049 Madrid, España",+34 915 61 99 90,,,
Tecnocasa agencia inmobiliaria,"C. de José del Hierro, 39, Cdad. Lineal, 28027 Madrid, España",+34 911 55 85 00,https://madrid72.tecnocasa.es/,4.7,221.0
Engel & Völkers - Agencia Inmobiliaria en Madrid,"Calle de Génova, 27, 5º piso, Chamberí, 28004 Madrid, España",+34 912 77 45 00,https://www.engelvoelkers.com/es/es/shops/madrid-genova?utm_source=google&utm_medium=social&utm_campaign=mmc_madrid_GMB_traffic2024&utm_term=googlemybusiness&ga4id=G-5Y91X3208H,3.6,317.0
Silmares Inversiones S.L.,"Av. del Monasterio de Silos, 63, Fuencarral-El Pardo, 28049 Madrid, España",+34 911 73 63 57,,,
Tecnocasa agencia inmobiliaria,"C. Virgen del Sagrario, 3, Cdad. Lineal, 28027 Madrid, España",+34 912 40 56 69,https://madrid131.tecnocasa.es/,4.7,106.0
Inmobiliaria HAM,"C. de Sánchez Barcáiztegui, 36, Retiro, 28007 Madrid, España",+34 722 61 62 16,https://inmobiliariaham.es/,4.5,200.0
CLICKHAUS Agencia Inmobiliaria Moratalaz,"C. del Camino de los Vinateros, 119, Moratalaz, 28030 Madrid, España",+34 919 12 68 36,https://clickhaus.es/asesor/moratalaz-asesor/,4.7,70.0
Maria España Cuenca,"Av. del Monasterio de Silos, 44, Fuencarral-El Pardo, 28049 Madrid, España",+34 606 22 27 65,http://retailemotions.es/,,
Kickoffhouse,,+34 607 02 37 18,https://kickoffhouse.es/,1.0,3.0
REMAX JUMBO - Agencia inmobiliaria Madrid,"C. de Cea Bermúdez, 10, 12, Chamberí, 28003 Madrid, España",+34 915 34 48 31,,4.2,150.0
Urbe 102 - Agencia inmobiliaria,"C. de Ezequiel Solana, 102, Cdad. Lineal, 28017 Madrid, España",+34 913 68 37 17,http://www.urbe102.com/,3.4,42.0
Inmobiliaria Chamberi - Don Chamberi Inmobiliaria,"P.º del Gral. Martínez Campos, 23, Chamberí, 28010 Chamberí, Madrid, España",+34 910 59 30 85,https://www.inmobiliariadonchamberi.madrid/es/,5.0,105.0
Helium Inmobiliaria,,+34 634 42 19 60,,,
Los de las casas,"C. Guardia Civil, 1, El Pardo, 28048 Madrid, España",+34 659 72 37 98,https://www.losdelascasas.com/,,
Memory House Sl,"C. Heroísmo, 17, Fuencarral-El Pardo, 28048 Madrid, España",+34 630 96 81 51,http://www.memoryhouse.es/,3.5,27.0
Inmobiliaria VOhome Fuencarral,"C. de Melchor Fernández Almagro, 58, Fuencarral-El Pardo, 28029 Madrid, España",+34 910 29 96 08,http://www.vohome.es/,4.9,108.0
RE/MAX Antares Inmobiliaria,"C. de las Islas Cíes, 51, Fuencarral-El Pardo, 28035 Madrid, España",+34 911 99 65 49,https://antares.remax.es/,4.6,36.0
AVC Inmobiliario,"C. de Camarena, 144, Latina, 28047 Madrid, España",+34 917 19 14 50,https://www.avcinmobiliariomadrid.com/,4.6,160.0
Inmobiliaria Aluche INMOPISO,"Cl. de los Yébenes, 121, Latina, 28047 Madrid, España",+34 911 64 30 30,https://www.idealista.com/pro/inmopiso-aluche/venta-viviendas/,4.9,64.0
GESPAIN INMOBILIARIA ALUCHE-CAMPAMENTO,"C. de Tembleque, 111, Latina, 28024 Madrid, España",+34 915 09 97 17,http://www.grupogespain.com/,4.8,151.0
"Peymar Inmobiliaria y Gestión, S.L.","C. de Escalona, 82, Latina, 28024 Madrid, España",+34 917 11 44 31,http://www.peymarinmobiliaria.com/,4.8,89.0
Inmobiliaria Aluche Redpiso,"C. de Camarena, 282, Latina, 28047 Madrid, España",+34 915 09 88 45,https://www.redpiso.es/oficina/inmobiliaria-aluche/venta,4.8,136.0
Inmobiliarias Encuentro,"C. de Ocaña, 132, Latina, 28047 Madrid, España",+34 916 70 92 14,https://iencuentro.es/nosotros/red-de-agencias/,4.8,160.0
Inmobiliaria Aluche | Grupo Barrio,"C. Carballino, 1, Latina, 28024 Madrid, España",+34 910 34 43 60,https://grupobarrioinmo.com/inmobiliaria-aluche/,4.5,96.0
MASTERPISO - Inmobiliaria en Aluche - Calle Camarena,"C. de Camarena, 189, Latina, 28047 Madrid, España",+34 624 45 07 91,https://agenciamasterpiso.es/,4.9,20.0
Broker Hogar AC,"C. de Illescas, Local 1 (28024, Latina, 28024 Madrid, España",+34 919 35 15 52,https://www.brokerhogar.com/,5.0,32.0
Inmobiliaria Aluche Ocaña Redpiso,"C. de Ocaña, 67, Latina, 28047 Madrid, España",+34 919 19 77 50,https://www.redpiso.es/oficina/inmobiliaria-aluche-ocana/venta,4.2,83.0
MASTERPISO - Inmobiliaria en Aluche - Calle Escalona,"C. de Escalona, 80, Latina, 28024 Madrid, España",+34 919 12 90 60,http://agenciamasterpiso.es/,5.0,12.0
Tecnocasa agencia inmobiliaria,"Cl. de los Yébenes, 148, loc 9, Latina, 28047 Madrid, España",+34 918 33 29 14,https://madrid76.tecnocasa.es/,4.8,162.0
Inmobiliaria Aluche Campamento Redpiso,"C. de Illescas, 71, Latina, 28024 Madrid, España",+34 915 18 96 08,https://www.redpiso.es/oficina/inmobiliaria-aluche-campamento/venta,4.8,44.0
Tecnocasa agencia inmobiliaria,"C. de Camarena, 235, Latina, 28047 Madrid, España",+34 911 10 01 06,https://madrid61.tecnocasa.es/,4.5,122.0
INMOBILIARIA C.ROJO Propiedades,"C. de Illescas, 20, Latina, 28024 Madrid, España",+34 629 85 93 42,https://crojopropiedades.com/,4.8,35.0
"La Casa Agency | Punto Latina Madrid Rio, S.L.","P.º de Extremadura, 44, Latina, 28011 Madrid, España",+34 918 29 32 00,https://www.lacasa.net/inmobiliarias/129-punto-latina-madrid-rio-s-l,4.8,172.0
FINCAS MADROÑO,,+34 916 22 57 72,https://www.facebook.com/fincasmadrono,4.9,54.0
KSA INMOBILIARIA,"C. del Parque Eugenia de Montijo, 20, PB, Carabanchel, 28047 Madrid, España",+34 692 40 40 10,https://www.ksainmobiliaria.es/,4.5,41.0
Tecnocasa agencia inmobiliaria,"C. de Camarena, 110, Latina, 28047 Madrid, España",+34 915 09 83 75,https://madrid12.tecnocasa.es/,4.5,199.0
Inmobiliaria Madrid | Colonia Jardín | Grupo Barrio,"C. Adanero, 8, Latina, 28024 Madrid, España",+34 910 27 72 39,https://grupobarrioinmo.com/inmobiliaria-madrid/,4.8,51.0
Alfa Cuatro Vientos - Las Águilas Inmobiliaria,"Av. de Las Águilas, 6, Local 1, Latina, 28044 Madrid, España",+34 655 30 18 68,http://www.alfa4vientos.com/,4.7,66.0
HOGALIA CITY MADRID,"Av. del Padre Piquer, 40, Latina, 28024 Madrid, España",+34 910 37 69 15,http://www.hogaliasoluciones.com/,4.0,77.0
GESPAIN INMOBILIARIA LAS AGUILAS - CARABANCHEL,"C. de José de Cadalso, 53, Latina, 28044 Madrid, España",+34 911 37 72 69,http://www.grupogespain.com/,4.8,204.0
Aldea Inmobiliaria,"C. de Galicia, 4, Latina, 28024 Madrid, España",+34 915 18 82 12,http://agenciaaldea.com/,3.9,113.0
GESPAIN INMOBILIARIA PARQUE EUROPA - CUATRO VIENTOS,"C. de Fuente de Lima, 19, Latina, 28024 Madrid, España",+34 917 06 04 16,https://www.grupogespain.com/,4.8,137.0
ESTUCASA Madrid | Inmobiliaria en Puerta del Ángel,"C. de Guadarrama, 5, Latina, 28011 Madrid, España",+34 914 70 12 00,https://estucasamadrid.es/,4.9,158.0
GESPAIN INMOBILIARIA SAN IGNACIO - LAS AGUILAS,"C. de Oliva de Plasencia, 1, Latina, 28044 Madrid, España",+34 910 14 95 63,http://www.grupogespain.com/,5.0,14.0
Tecnocasa agencia inmobiliaria,"C. de Seseña, 36, Latina, 28024 Madrid, España",+34 918 05 86 85,https://madrid70.tecnocasa.es/,4.3,81.0
Xanadú by Jesús Heredia Carabanchel,"Av. de Ntra. Sra. de Fátima, 84, Carabanchel, 28047 Madrid, España",+34 919 35 64 82,http://www.xanaduinmobiliaria.com/,5.0,15.0
Inmobiliaria Batán | Paseo de Extremadura | Grupo Barrio,"C. de Villamanín, 56, Local Lateral 4, Latina, 28011 Madrid, España",+34 910 41 68 74,https://grupobarrioinmo.com/inmobiliaria-carabanchel/,4.8,36.0
Tecnocasa agencia inmobiliaria,"C. Vía Carpetana, 171, Latina, 28025 Madrid, España",+34 914 62 83 94,https://madrid3.tecnocasa.es/,4.4,53.0
Vivienda XXI,"C. de la Huerta de Castañeda, 44, Latina, 28011 Madrid, España",+34 910 51 42 24,https://www.grupoviviendaxxi.com/,4.6,92.0
Optimacasa inmobiliaria Puerta del Angel-Lucero-Latina,"P.º de Extremadura, 119, Local Izquierda, Latina, 28011 Madrid, España",+34 911 55 65 30,https://www.optimacasa.es/,4.8,9.0
TU VALOR SEGURO INMOBILIARIA,"Av. de Ntra. Sra. de Fátima, 91, Carabanchel, 28047 Madrid, España",+34 910 22 79 34,http://www.tuvalorseguro.es/,4.9,9.0
Inmobiliaria de Merche,"C. de Murcia, 18, 4 ext izq, Arganzuela, 28045 Madrid, España",+34 686 85 60 79,https://inmobiliariademerche.com/,4.9,195.0
Enmoziona Real Estate I Inmobiliaria en Madrid,"P.º de la Castellana, 259D, Planta 18, Fuencarral-El Pardo, 28046 Madrid, España",+34 910 07 58 59,http://www.enmoziona.es/,4.9,126.0
CM CASA MADRID INMOBILIARIA,"P.º de la Castellana, 40, Planta 8, Salamanca, 28046 Madrid, España",+34 914 77 00 21,https://inmocm.com/,4.6,65.0
Inmobiliaria en Madrid Mr House Real Estate,"P.º de la Castellana, 119, Tetuán, 28046 Madrid, España",+34 914 12 69 37,http://www.mrhouse.es/,4.7,149.0
Inmobiliaria Castellana | Bafre Inmobiliaria,"P.º de la Castellana, 100, Chamartín, 28046 Madrid, España",+34 910 65 28 36,https://www.bafre.es/,4.8,50.0
"GILMAR Consulting Inmobiliario - Inmobiliaria El Viso, Chamartín","P.º de la Castellana, 164, Chamartín, 28046 Madrid, España",+34 915 83 03 00,https://www.gilmar.es/oficinas/agencia-inmobiliaria-el-viso-chamartin/?utm_source=gmb&utm_medium=cta&utm_campaign=inmobiliaria_el_viso_chamart%C3%ADn,4.8,56.0
Inmobiliaria Low Cost,"P.º de la Castellana, 40, 8°, Salamanca, 28046 Madrid, España",+34 918 31 46 44,https://www.inmobiliarialowcost.es/,4.7,13.0
Grupo Marsapi - Inmobiliaria & Arquitectura,"P.º de la Castellana, 182, Chamberí, 28046 Madrid, España",+34 917 14 49 39,https://www.grupomarsapi.com/,4.9,60.0
AYRE MADRID,"P.º de la Castellana, 194, Tetuán, 28046 Madrid, España",+34 919 93 50 00,https://ayremadrid.es/,5.0,4.0
املاک اسپانیا,"P.º de la Castellana, 182, planta 6, Chamartín, 28046 Madrid, España",+34 622 33 15 22,http://www.khane.es/,5.0,1.0
MC Property,"P.º de la Castellana, 93, planta 2ª, Tetuán, 28046 Madrid, España",+34 917 05 47 61,https://www.inmobiliariaproperty.com/,4.8,80.0
Aurea MG Sociedad Inmobiliaria,"P.º de la Castellana, 194, Chamartín, 28046 Madrid, España",+34 680 88 59 98,https://www.aureamginmo.com/,4.8,22.0
Mr Lujo Urbano Gestión Inmobiliaria S.L,"P.º de la Castellana, 182, Chamartín, 28046 Madrid, España",+34 620 27 78 55,http://mrlujourbano.com/,4.4,5.0
HOMLI | Agencia Inmobiliaria Madrid,"P.º de la Castellana, 43, Chamberí, 28046 Madrid, España",+34 910 05 46 40,https://thehomli.com/es-es/,4.6,59.0
LOOK AND FIND CASTELLANA - inmobiliaria Cuzco Castillejos - Madrid,"C. de Orense, 36, Tetuán, 28020 Madrid, España",+34 917 70 98 60,http://www.lookandfindcastellana.com/,4.7,185.0
Sonia Trigueros_Consultora inmobiliaria NOOW Store Distrito,"P.º de la Castellana, 264, Chamartín, 28046 Madrid, España",+34 621 03 20 37,http://www.evademiguelteam.com/,5.0,23.0
Mejora tu espacio Group,"P.º de la Castellana, 91, Tetuán, 28046 Madrid, España",+34 911 43 03 50,http://www.mejoratuespacio.es/,4.9,46.0
Punto Inmobiliario,"P.º de la Castellana, 154, Chamartín, 28046 Madrid, España",+34 913 43 08 76,http://www.puntoinmobiliario.es/,4.5,2.0
Inmobiliaria Plaza Castilla-Chamartín Redpiso,"P.º de la Castellana, 201, Tetuán, 28046 Madrid, España",+34 910 32 54 24,https://www.redpiso.es/oficina/inmobiliaria-plaza-castilla-chamartin/venta,4.7,124.0
PaisnatuRD,"P.º de la Castellana, 200, Chamartín, 28046 Madrid, España",+34 665 61 17 22,https://paisnaturd.com/,5.0,18.0
inmobiliarias victor diaz,"P.º de la Castellana, 205, Tetuán, 28046 Madrid, España",+34 648 65 93 95,,5.0,1.0
AR INMOBILIARIO - Asesor Inmobiliario y Perito Judicial,"P.º de la Castellana, 179, Tetuán, 28046 Madrid, España",+34 910 83 09 67,http://www.arinmobiliario.com/,4.8,28.0
Inmobiliaria EXTRA Castellana,"C. de Orense, 42, Local 3, Tetuán, 28020 Madrid, España",+34 917 70 59 60,https://www.vender-piso-rapido.com/valoracion,4.4,90.0
JLL Madrid Real Estate,"P.º de la Castellana, 79, Tetuán, 28046 Madrid, España",+34 917 89 11 00,https://www.jll.es/es/ciudad/madrid,3.6,57.0
SOMOZA PROPERTIES,"P.º de la Castellana, 151, 8ºA, Tetuán, 28046 Madrid, España",+34 640 08 30 14,http://www.somozaproperties.com/,4.8,12.0
HOLA OASIS,"P.º de la Castellana, 194, Chamartín, 28046 Madrid, España",+34 919 93 10 00,https://holaoasis.com/,5.0,2.0
CBRE,"P.º de la Castellana, 202, Planta 8ª, Chamartín, 28046 Madrid, España",+34 910 91 31 36,https://www.cbre.es/,4.3,137.0
Complejo Inmobiliario Castellana 200 S L,"P.º de la Castellana, 202, Chamartín, 28046 Madrid, España",+34 911 73 11 77,,4.5,2.0
inmobiliaria madrid,"P.º de la Castellana, 251, BAJO, Tetuán, 28046 Madrid, España",+34 918 26 62 58,,,
Inmolevel,"P.º de la Castellana, 123, Tetuán, 28046 Madrid, España",+34 917 37 13 02,https://www.inmolevel.com/,5.0,1.0
Tecnocasa agencia inmobiliaria,"C. de Mauricio Legendre, 1, Chamartín, 28046 Madrid, España",+34 913 15 81 62,https://madrid86.tecnocasa.es/,4.8,87.0
DIZA Consultores,"C. de Claudio Coello, 135, Salamanca, 28006 Madrid, España",+34 915 63 49 01,http://www.dizaconsultores.com/,4.8,353.0
Home Select Real Estate,"C. de Hermosilla, 21, Salamanca, 28001 Madrid, España",+34 915 21 15 00,https://www.homeselect.com/?utm_source=gmb&utm_medium=organic,4.3,188.0
John Taylor Madrid Chamartín,"Av. de Alberto de Alcocer, 11, Chamartín, 28036 Madrid, España",+34 917 37 15 83,https://www.john-taylor.es/agencia-inmobiliaria-lujo/madrid-chamartin/,4.8,18.0
Gaventia Real Estate Services - Inmobiliaria en Madrid,"C. de San Germán, 66, Tetuán, 28020 Madrid, España",+34 629 44 97 28,https://gaventia.es/,5.0,46.0
Permont Consultores Inmobiliarios,"P.º de la Castellana, 93, Planta 2, oficina 244 Tetuán, Tetuán, 28046 Madrid, España",+34 695 92 00 18,https://permontconsultores.com/,5.0,30.0
RURAL RENTALS SL,"P.º de la Castellana, 184, Chamartín, 28046 Madrid, España",+34 917 90 79 07,https://www.casasrurales.net/,4.1,462.0
Inmobiliaria Extra,"C. de la Reina Mercedes, 16, Tetuán, 28020 Madrid, España",+34 912 20 38 85,http://www.inmobiliariaextra.com/,4.6,78.0
Veri Corral Inmobiliaria Madrid,"Av. de Alberto de Alcocer, 26, Chamartín, 28036 Madrid, España",+34 910 90 19 01,https://vericorral.com/,4.5,8.0
Invertube Real Estate inmobiliaria,"P.º de la Castellana, 135, Plta, 7, Tetuán, 28046 Madrid, España",+34 919 38 82 02,http://www.invertube.es/,4.5,8.0
RE/MAX Gentile Home,"P.º de la Castellana, 154, Chamartín, 28046 Madrid, España",+34 913 43 08 76,,4.0,12.0
Novalinmo Agencia Inmobiliaria en Madrid,"Av. de Brasil, 17, entreplanta, Tetuán, 28020 Madrid, España",+34 918 28 79 79,https://novalinmo.es/?utm_source=google&utm_medium=maps&utm_campaign=seolocal&utm_content=ubicacion1,4.7,68.0
Mery Alonso - Personal Shopper Inmobiliario,"P.º de la Castellana, 28046, 200, Chamartín, 28046 Chamartín, Madrid, España",,https://www.meryalonso.com/,5.0,9.0
TUKSA INMOBILIARIA MADRID,"C. de Jorge Juan, 29, Salamanca, 28001 Madrid, España",+34 919 38 28 36,http://www.idealista.com/habitania/listadostarter,4.0,79.0
Avanza Homes Inmobiliaria,"Calle del Príncipe de Vergara, 291, Chamartín, 28016 Madrid, España",+34 911 25 09 88,https://avanzahomes.com/?utm_source=google&utm_medium=organic&utm_campaign=gmb,4.9,49.0
Savills Madrid,"P.º de la Castellana, 81, Tetuán, 28046 Madrid, España",+34 913 19 13 14,https://www.savills.es/?utm_source=google&utm_medium=maps&utm_content=Madrid&utm_campaign=googleMybusiness,2.9,167.0
Inmobiliaria Chamartín - Nueva España Redpiso,"C. de Costa Rica, 18, Chamartín, 28016 Madrid, España",+34 910 32 76 04,https://www.redpiso.es/oficina/inmobiliaria-chamartin-nueva-espana/venta,5.0,28.0
Agencia Inmobiliaria SPI,"Cuatro Torres Business Area (CTBA), P.º de la Castellana, 259C, Planta 18 Oficina 1815, Fuencarral-El Pardo, 28046 Madrid, España",+34 615 45 07 16,,,
State One Madrid,"P.º de la Castellana, 119, Tetuán, 28046 Madrid, España",+34 661 52 83 63,http://www.stateone.es/,3.8,4.0
Agencia Inmobiliaria Vivienda Capital,"C. de Manuela Malasaña, 16, Centro, 28004 Madrid, España",+34 914 45 05 30,https://viviendacapital.com/,4.9,257.0
Smile Home Asesores Inmobiliarios,"P.º de la Castellana, 91, 4a Planta, Tetuán, 28046 Madrid, España",+34 605 38 58 86,https://www.smile-home.es/,4.8,48.0
Housker Inc Europa,"P.º de la Castellana, 200, Chamartín, 28046 Madrid, España",,,4.3,6.0
GILMAR Consulting Inmobiliario - Inmobiliaria Paseo de la Castellana-Orense,"C. de Orense, 28, Tetuán, 28020 Madrid, España",+34 915 83 03 33,https://www.gilmar.es/oficinas/agencia-inmobiliaria-paseo-castellana-orense/?utm_source=gmb&utm_medium=cta&utm_campaign=inmobiliaria_paseo_de_la_castellana-orense,4.6,113.0
CÓDIGO | Inmobiliaria de abogados.,"Pl. Castilla, 3, 20 A, Tetuán, 28046 Madrid, España",+34 915 73 61 21,,,
Expin,"P.º de la Castellana, 205, Tetuán, 28046 Madrid, España",+34 913 02 33 13,,5.0,3.0
"Spaces - Madrid, Spaces Castellana","P.º de la Castellana, 200, Chamartín, 28046 Madrid, España",+34 917 93 67 41,https://www.spacesworks.com/es/madrid/castellana?utm_source=google_uberall&utm_medium=places&utm_campaign=uberall&utm_content=uberall,3.9,63.0
Inmobiliaria en Arganzuela La Casa Agency,"Paseo de las Delicias, 122, local 4, Arganzuela, 28045 Madrid, España",+34 912 77 55 59,https://www.lacasa.net/inmobiliarias/25-delicias-real-estate-s-l,4.9,1081.0
La Casa Agency Punto Atocha,"Paseo de las Delicias, 45, Local D, Arganzuela, 28045 Madrid, España",+34 910 93 30 81,https://www.lacasa.net/inmobiliarias/134-punto-atocha-s-l,5.0,920.0
Tu Casa Inmobiliaria,"C. de Embajadores, 188, Arganzuela, 28045 Madrid, España",+34 914 67 73 48,https://www.tucasaembajadores.es/,4.8,133.0
Inmobiliaria en Arganzuela | Dixa Grupo Inmobiliario,"C. de Canarias, 38, local 13, Arganzuela, 28045 Madrid, España",+34 633 26 72 66,http://www.dixainmobiliaria.com/,4.8,158.0
Tu Piso Inmobiliaria,"C. de Palos de la Frontera, 25, Local 3, Arganzuela, 28045 Madrid, España",+34 911 19 29 66,https://tupisoinmobiliaria.com/,4.3,456.0
SERVIFINCAS ARGANZUELA,"P.º del Molino, Nº 8, Arganzuela, 28045 Madrid, España",+34 915 06 47 90,http://www.servifincasmadrid.com/,4.9,303.0
Ym Inmobiliaria,"C. del Ferrocarril, 14, Arganzuela, 28045 Madrid, España",+34 912 44 98 63,http://www.yminmobiliaria.es/,4.6,74.0
Futurocasa Inmobiliaria,"C. de Embajadores, 170, Local izquierda, Arganzuela, 28045 Madrid, España",+34 914 73 25 06,https://www.futurocasa.es/,4.5,164.0
Grupo Rein,"P.º de Sta. María de la Cabeza, 42, Arganzuela, 28045 Madrid, España",+34 912 22 44 44,http://www.gruporein.com/,4.7,155.0
move! Servicios Inmobiliarios,"C. de Embajadores, 157, Arganzuela, 28045 Madrid, España",+34 914 74 92 30,http://www.moveinmobiliaria.es/,4.8,76.0
Inmobiliaria Delicias Redpiso,"bis, Paseo de las Delicias, 65, Arganzuela, 28045 Madrid, España",+34 911 92 43 20,https://www.redpiso.es/oficina/inmobiliaria-delicias/venta,4.9,226.0
Inmobiliaria Capital Atocha,"P.º de Sta. María de la Cabeza, 17, Arganzuela, 28045 Madrid, España",+34 915 28 18 16,http://www.madrizcapital.com/,4.9,172.0
DB Servicios Inmobiliarios,"Calle de las Delicias, 12, Arganzuela, 28045 Madrid, España",+34 605 71 95 56,https://dbserviciosinmobiliarios.es/,4.8,43.0
Inmobiliaria Look & Find Delicias,"Paseo de las Delicias, 62, Arganzuela, 28045 Madrid, España",+34 912 79 69 80,https://lookandfind.es/delicias,4.8,81.0
Inmobiliaria Santa María de la Cabeza Redpiso,"P.º de Sta. María de la Cabeza, 82, Arganzuela, 28045 Madrid, España",+34 914 73 66 53,https://www.redpiso.es/oficina/inmobiliaria-santa-maria-de-la-cabeza/venta,4.7,170.0
Tecnocasa agencia inmobiliaria,"Paseo de las Delicias, 125, local dcha, Arganzuela, 28045 Madrid, España",+34 910 28 99 09,https://madrid114.tecnocasa.es/,4.9,160.0
"Agencia Inmobiliaria en Embajadores-Acacias, Madrid | La Casa Agency","C. de Embajadores, 88, Arganzuela, 28012 Madrid, España",+34 918 29 20 56,http://www.lacasa.net/,5.0,485.0
Inmobiliarias Encuentro,"C. de Embajadores, 114, Arganzuela, 28045 Madrid, España",+34 913 78 72 79,https://iencuentro.es/nosotros/red-de-agencias/,4.8,430.0
Legido Gestión Inmobiliaria,"Calle del Gral. Palanca, 42, Arganzuela, 28045 Madrid, España",+34 698 98 41 80,http://www.legidoinmobiliaria.com/,4.9,31.0
"Comprarcasa Servicios Inmobiliarios, S.A.","C. Amaltea, 32, 1ºplanta, Arganzuela, 28045 Madrid, España",,http://www.comprarcasa.com/,5.0,24.0
Nueva Lega Servicios Inmobiliarios,"C. de Tomás Borrás, 2, Arganzuela, 28045 Madrid, España",+34 699 49 76 18,https://nuevalegaserviciosinmobiliarios.com/,5.0,16.0
ES Property & Management,"C. de Embajadores, 173, Arganzuela, 28045 Madrid, España",+34 629 93 24 55,https://www.esproperty.es/,4.9,102.0
Fincas Madrid Consulting Inmobiliario,"P.º de Sta. María de la Cabeza, 36, Arganzuela, 28045 Madrid, España",+34 657 89 75 35,http://www.fincas-madrid.com/,4.2,63.0
Carmen Riezu Soluciones Inmobiliarias,"C. de Tomás Borrás, 10, Arganzuela, 28045 Madrid, España",+34 918 50 94 96,https://www.carmenriezu.com/,4.7,44.0
Centrex Grupo Inmobiliario,"Paseo de las Delicias, 89, BAJO, Arganzuela, 28045 Madrid, España",+34 915 39 40 94,https://www.iregua.com/,4.4,58.0
Inmobiliaria Legazpi Redpiso,"C. de Embajadores, 208, Arganzuela, 28045 Madrid, España",+34 912 50 22 50,https://www.redpiso.es/oficina/inmobiliaria-legazpi/venta,4.4,142.0
Rentuos - Gestión de Alquileres y Patrimonio Inmobiliario,"C. de Méndez Álvaro, 20, Arganzuela, 28045 Madrid, España",+34 919 49 95 00,https://rentuos.com/,4.7,135.0
MAR Real Estate_Madrid Centro,"C. Nogales, 7, Arganzuela, 28005 Madrid, España",+34 658 76 85 93,https://marrealestate.es/madrid/madrid-centro/,5.0,89.0
ROSAS CONSULTORES INMOBILIARIOS,"calle de embajadores 158, acceso Calle de, C. Divino Vallés, 20, bajo 4 puerta B, Arganzuela, 28045 Madrid, España",+34 631 98 11 99,,5.0,14.0
Franquiciado La Casa Agency Imperial Arganzuela,"C. de Juan Duque, 18, Arganzuela, 28005 Madrid, España",+34 913 66 41 92,http://www.lacasa.net/,4.8,412.0
Tecnocasa ARGANZUELA - SANTA MARIA,"C. de Embajadores, 103-105, pb loc2, Arganzuela, 28045 Madrid, España",+34 910 06 94 78,https://madrid218.tecnocasa.es/,4.8,43.0
GILMAR Consulting Inmobiliario - Inmobiliaria Embajadores (Madrid),"C. de Embajadores, 80, Arganzuela, 28012 Madrid, España",+34 911 21 84 00,https://www.gilmar.es/oficinas/agencia-inmobiliaria-embajadores/?utm_source=gmb&utm_medium=cta&utm_campaign=inmobiliaria_embajadores_madrid,4.8,98.0
TUPISO Inmobiliaria CHOPERA,"Arganzuela, 28045 Madrid, España",+34 911 64 54 82,https://www.tupisoinmobiliaria.com/,5.0,50.0
ASEGURAMOS TU ALQUILER,"C. del Ferrocarril, 14, Arganzuela, 28045 Madrid, España",+34 912 44 98 63,http://www.yminmobiliaria.es/,4.7,107.0
INMOB&G,"Paseo de las Delicias, 30, Arganzuela, 28045 Madrid, España",+34 919 38 19 05,http://inmobg.com/,3.6,89.0
Casablanca Inmobiliaria,"P.º de Sta. María de la Cabeza, 32, Arganzuela, 28045 Madrid, España",+34 910 27 50 95,https://casablancainmobiliaria.es/,3.6,30.0
BPM PRO INMOBILIARIA,"Calle de las Delicias, 37, local drch, Arganzuela, 28045 Madrid, España",+34 919 47 66 52,,4.6,5.0
DELICIAS Inmobiliaria,"C. de Bustamante, 3, Arganzuela, 28045 Madrid, España",+34 600 88 07 11,,4.0,8.0
La Casa Agency | Estudio Las Ciudades S.L. | Inmobiliaria Lavapiés,"Entrada por plaza de Lavapiés, C. del Sombrerete, 1, Centro, 28012 Madrid, España",+34 627 56 69 33,https://lacasaenlavapies.com/,4.9,465.0
Madrid Inmobiliaria,"Paseo de las Delicias, 30, Arganzuela, 28045 Madrid, España",+34 913 64 55 67,http://www.madridinmo.com/,3.0,4.0
Inmobiliaria Atocha - Palos de Moguer Redpiso,"P.º de Sta. María de la Cabeza, 21, Arganzuela, 28045 Madrid, España",+34 910 39 50 54,https://www.redpiso.es/oficina/inmobiliaria-atocha-arganzuela/venta,4.3,54.0
Danima Group,"C. del Maestro Arbós, 9, Arganzuela, 28045 Madrid, España",+34 624 69 05 39,https://www.danimagroup.com/,5.0,28.0
TempoPisos,,+34 623 28 61 00,http://www.tempopisos.com/,5.0,41.0
RJ Asesores Inmobiliarios,"C. de Alicante, 23, 1ºA, Arganzuela, 28045 Madrid, España",+34 919 38 90 69,,4.4,52.0
donpiso,"C. del Ferrocarril, 15, Arganzuela, 28045 Madrid, España",+34 911 59 30 30,https://www.donpiso.com/,5.0,16.0
SERVIFINCAS,"C. de Sánchez Barcáiztegui, 32, Retiro, 28007 Madrid, España",+34 914 34 14 00,https://servifincasmadrid.com/,4.7,180.0
Credenza,"C. de Juan de Mariana, 19, Arganzuela, 28045 Madrid, España",+34 662 16 90 14,http://www.credenza.es/,4.9,36.0
SUNHOME Madrid S.L.,"28045, Paseo de las Delicias, 30, Arganzuela, 28045 Madrid, España",+34 910 23 14 20,https://sunhomemadrid.com/,4.3,6.0
Comprar para Alquilar,"C. de Guillermo de Osma, 29, 1-B, Arganzuela, 28045 Madrid, España",+34 681 86 66 18,https://comprarparaalquilar.com/,5.0,111.0
David Valtueña Remax,"P.º de los Pontones, 11, Arganzuela, 28005 Madrid, España",+34 663 25 37 41,https://davidvaltuena.es/,5.0,353.0
Grupo Desde Zero,"Paseo de las Delicias, 119, Arganzuela, 28045 Madrid, España",+34 911 47 93 43,,5.0,10.0
Activa Casa inmobiliaria,"Ronda de Segovia, 30, Arganzuela, 28005 Madrid, España",+34 640 51 73 42,https://www.activacasa.com/,4.8,85.0
MG PATRIMONIO INMOBILIARIO,"C. de Felipe IV, 12, Oficina 1a, Retiro, 28014 Madrid, España",+34 910 72 14 25,http://www.mginversioninmobiliaria.com/,4.5,23.0
CLICKHAUS ARGANZUELA Agencia Inmobiliaria,"C. de Tomás Borrás, 11, Arganzuela, 28045 Madrid, España",+34 919 48 44 54,https://www.clickhaus.es/,3.9,7.0
Marceli Gestión Inmobiliaria,"C. de Juan Duque, 34, Arganzuela, 28005 Madrid, España",+34 913 54 00 36,http://www.marceli.com/,4.7,98.0
Inmobiliaria Transforma,"Pl. Virgen de los Llanos, 6, Latina, 28044 Madrid, España",+34 675 19 73 41,https://www.inmobiliariatransforma.com/,4.9,35.0
Inmobiliaria Las Águilas Redpiso,"C. Rafael Finat, 4, Latina, 28044 Madrid, España",+34 917 05 92 96,https://www.redpiso.es/oficina/inmobiliaria-las-aguilas/venta,4.7,149.0
Madridpisos,"C. Rafael Finat, 36, Latina, 28044 Madrid, España",+34 915 00 73 97,http://madridpisosweb.com/,4.8,70.0
Inmobiliaria San Ignacio - Las Águilas Redpiso,"C. de Oliva de Plasencia, 1, Latina, 28044 Madrid, España",+34 911 52 55 40,https://www.redpiso.es/oficina/inmobiliaria-san-ignacio-las-aguilas/venta,4.6,113.0
Tecnocasa agencia inmobiliaria,"Av. de Las Águilas, 86, Latina, 28044 Madrid, España",+34 915 09 53 17,https://madrid41.tecnocasa.es/,4.3,62.0
Tecnocasa Estudio las Aguilas - Inmobiliaria,"C. Rafael Finat, 40, Latina, 28044 Madrid, España",+34 917 10 75 44,https://madrid8.tecnocasa.es/,3.1,36.0
LA LUPA INMOBILIARIA,"P.º de Extremadura, 324, Latina, 28024 Madrid, España",+34 680 60 46 14,http://www.inmolalupa.com/,4.5,62.0
VALOR ÚBEDA Asesores Inmobiliarios,,+34 919 38 36 31,,5.0,96.0
Tecnocasa agencia inmobiliaria,"C. de Oliva de Plasencia, 1, local, Latina, 28044 Madrid, España",+34 915 09 53 80,https://madrid40.tecnocasa.es/,4.4,69.0
Tecnorete Carabanchel Alto,"Pl. de la Emperatriz, 10, Carabanchel, 28044 Madrid, España",+34 622 87 84 74,,4.4,25.0
VISUAL Servicios Inmobiliarios,"C. Gómez de Arteche, 19, Carabanchel, 28044 Madrid, España",+34 915 11 03 11,,5.0,3.0
Inmobiliaria Estudio Hortaleza S.L,"C. de Ángel Luis de la Herrán, 25, Hortaleza, 28043 Madrid, España",+34 913 81 58 88,http://www.estudiohortaleza.com/,4.9,114.0
Inmobiliaria VOhome Canillas,"Carr. de Canillas, 134, Local 4, Hortaleza, 28043 Madrid, España",+34 913 88 42 44,https://www.vohome.es/,4.7,226.0
MADRID URBAN PROPERTIES,"Av. del Papa Negro, 11, Hortaleza, 28043 Madrid, España",,http://www.madridurbanproperties.com/,4.8,148.0
Dh Inmobiliaria,"Calle de Utrillas, 5, Hortaleza, 28043 Madrid, España",+34 910 56 64 81,http://www.dhinmo.com/,5.0,23.0
Inmobiliaria VOhome Pinar del Rey / Hortaleza,"Carr. de Canillas, 134, Loc. 4, Hortaleza, 28043 Madrid, España",+34 917 95 73 43,https://www.vohome.es/,4.2,128.0
Mejocasa Hortaleza,"C. de Montalbos, 6, Hortaleza, 28043 Madrid, España",+34 913 88 09 95,https://mejocasa.es/?utm_source=Google+My+Business&utm_medium=clicweb&utm_campaign=Mejocasa+Hortaleza,4.9,60.0
KONTE INMOBILIARIA,"Carr. de Canillas, 116, Hortaleza, 28043 Madrid, España",+34 673 25 76 37,https://konteinmobiliaria.com/,4.7,265.0
Quartiers Expertos Inmobiliarios. Conde Orgaz/La Moraleja,"Av. de Machupichu, nº 31, Hortaleza, 28043 Madrid, España",+34 665 72 34 74,http://www.quartiersinmobiliaria.com/,5.0,63.0
Compramos tu casa y Gestion Integral Alquileres | EINMUEBLES,"Pl. Manuel Rodrigo, 11, Hortaleza, 28043 Madrid, España",+34 634 68 91 49,https://einmuebles.es/,4.9,58.0
Inmobiliaria CH Royal,"C. de Mota del Cuervo, 48, Local 1, Hortaleza, 28043 Madrid, España",+34 607 49 68 86,https://inmobiliariachroyal.es/,4.7,23.0
Inmobiliaria Canillas Redpiso,"C. de Torquemada, 12, Hortaleza, 28043 Madrid, España",+34 914 25 94 39,https://www.redpiso.es/oficina/inmobiliaria-canillas/venta,4.6,64.0
RE/MAX Omega Inmobiliaria Hortaleza,"Gran Vía de Hortaleza, 51, Hortaleza, 28043 Madrid, España",+34 650 18 22 59,https://omega.remax.es/vender-mi-casa-con-remax-2/,4.8,160.0
Estudio Hensel De La Vega Servicios Inmobiliarios.,"Av. de Barranquilla, 3, Local, Hortaleza, 28033 Madrid, España",+34 913 81 02 77,,4.9,200.0
De Salas Inmobiliaria Conde de Orgaz,"Av. de Machupichu, 37, Hortaleza, 28043 Madrid, España",+34 912 66 51 54,https://desalas.com/,4.7,25.0
Madridem,"Pl. de Patricio Aguado, 6, Hortaleza, 28043 Madrid, España",+34 616 01 15 68,https://www.madridem.com/,4.9,62.0
Alfa Hortaleza,"Carr. de Canillas, 44, Hortaleza, 28043 Madrid, España",+34 917 16 05 30,https://www.alfahortaleza.com/,5.0,4.0
Inmobiliaria Propau,"C. de López de Hoyos, 403, Local posterior, Hortaleza, 28043 Madrid, España",+34 911 25 88 87,http://www.inmobiliariapropau.es/,4.9,34.0
SUMA Inmobiliaria Conde de Orgaz,"C. Torrecilla del Puerto, 5, Cdad. Lineal, 28043 Madrid, España",+34 917 55 56 69,https://www.sumainmobiliaria.es/oficina/inmobiliaria-lujo-arturo-soria-conde-orgaz/?utm_source=maps&utm_medium=ficha&utm_id=pagecondeorgaz,4.8,67.0
Wall Estate Inmobiliaria S.L.,"C. de el Algabeño, 55, Local 7, Hortaleza, 28043 Madrid, España",+34 912 37 75 88,http://wallestate.es/,4.5,50.0
Inmobiliaria Look & Find Hortaleza,"C/ de Sta. Virgilia, 12, Hortaleza, 28033 Madrid, España",+34 918 25 58 72,https://lookandfind.es/hortaleza,4.5,70.0
DamaHomes | Agencia Inmobiliaria Premium,"Pl. Liceo, 3, portal A, Hortaleza, 28043 Madrid, España",+34 910 05 92 08,https://www.damahomes.com/,5.0,11.0
Tecnocasa agencia inmobiliaria,"Gran Vía de Hortaleza, 59, local, Hortaleza, 28043 Madrid, España",+34 910 08 98 78,https://madrid192.tecnocasa.es/,4.9,107.0
LYKOS GESTIÓN FINANCIERA E INMOBILIARIA,"C/ de Sta. Virgilia, 33, Local D, Hortaleza, 28033 Hortaleza, Madrid, España",+34 910 02 38 49,http://www.lykosasesores.com/,5.0,80.0
Tecnocasa agencia inmobiliaria,"Carr. de Canillas, 43, LOCAL 4, Hortaleza, 28043 Madrid, España",+34 910 12 28 50,https://madrid200.tecnocasa.es/,4.8,154.0
MAISON de QUALITÉ Agence Immobilière,"C. del Moscatelar, 1N, Hortaleza, 28043 Madrid, España",+34 689 39 33 06,http://www.qualiteinmobiliaria.com/,4.8,22.0
Colomba Real Estate,"C. Pedro Romero, 5, Hortaleza, 28043 Madrid, España",+34 919 38 38 79,http://www.colomba.es/,4.6,33.0
Inmobiliaria Hortaleza Redpiso,"Av. de la Virgen del Carmen, 43, Hortaleza, 28033 Madrid, España",+34 910 93 43 10,https://www.redpiso.es/oficina/inmobiliaria-hortaleza/venta,4.4,81.0
ASI HOGAR Agencia Servicios Inmobiliarios,"C. de López de Hoyos, 352, Cdad. Lineal, 28043 Madrid, España",+34 916 08 76 02,https://www.asihogar.es/,4.7,20.0
Quiero vender mi piso urgente,"Calle de Utrillas, 5, Hortaleza, 28043 Madrid, España",+34 616 81 13 97,https://vendermipisourgente.framer.website/,5.0,1.0
CASAPUEBLO HORTALEZA SL,"Av. de la Virgen del Carmen, 64, Hortaleza, 28033 Madrid, España",+34 911 30 36 28,http://www.casapueblohortaleza.com/,3.8,56.0
Tecnocasa agencia inmobiliaria,"Av. de San Luis, 6, local, Hortaleza, 28033 Madrid, España",+34 910 22 89 84,https://madrid201.tecnocasa.es/,5.0,81.0
Global Vadeaín. Promoción-construcción-inmobiliaria,"C. de Torquemada, 23, Hortaleza, 28043 Madrid, España",+34 916 48 35 95,http://www.globalvadeain.com/,4.4,19.0
Tecnocasa agencia inmobiliaria,"C/ de Sta. Virgilia, 1 pb, Hortaleza, 28033 Madrid, España",+34 910 32 70 57,https://madrid180.tecnocasa.es/,4.9,55.0
Vivienda Habitat,"C. de Mota del Cuervo, 26, Hortaleza, 28043 Madrid, España",+34 684 72 92 98,https://viviendahabitat.com/,5.0,4.0
Testa Inmobiliaria,"Av. de Machupichu, 89, Hortaleza, 28043 Madrid, España",+34 900 907 557,,1.7,207.0
Conycor Servicios Inmobiliarios Y Correduría De Seguros S L,"Pl. de López de la Plata, 4, Hortaleza, 28043 Madrid, España",+34 913 00 33 93,,3.0,4.0
Tecnocasa agencia inmobiliaria,"C. de Ulises, 7, loc, Cdad. Lineal, 28043 Madrid, España",+34 628 44 63 36,https://madrid215.tecnocasa.es/,5.0,33.0
Inmobiliaria Arturo Soria Redpiso,"C. de López de Hoyos, 346, Cdad. Lineal, 28043 Madrid, España",+34 910 07 59 58,https://www.redpiso.es/oficina/inmobiliaria-arturo-soria/venta,4.7,140.0
Tecnocasa agencia inmobiliaria,"C. de Vicente Muzas, 13, local, Cdad. Lineal, 28043 Madrid, España",+34 910 22 84 63,https://madrid191.tecnocasa.es/,4.9,78.0
ARTURO SORIA REAL ESTATE (con la garantía del grupo Alfa Inmobiliaria),"ARTURO SORIA REAL ESTATE, C. de Arturo Soria, 136, Cdad. Lineal, 28043 Madrid, España",+34 910 26 99 43,https://www.alfarturosoria.com/,4.8,25.0
Agame Y Pereña,"Carr. de Canillas, 44, Hortaleza, 28043 Madrid, España",+34 917 16 00 53,,5.0,3.0
Bodhi Estates,"C. de Pegaso, 19, Hortaleza, 28043 Madrid, España",,,5.0,1.0
"Abalea, Tu Personal Shopper Inmobiliario","Av. de Machupichu, 35, Hortaleza, 28043 Madrid, España",+34 607 88 01 19,http://www.abalea.es/,4.6,9.0
Alquiler Seguro,"Calle, Gran Vía de Hortaleza, 84, Hortaleza, 28043 Madrid, España",+34 910 77 57 75,http://www.alquilerseguro.es/,4.2,246.0
ASTONDO REAL ESTATE,,+34 911 80 58 30,https://www.astondorealestate.es/,3.8,10.0
Arrentia,"C. de López de Hoyos, 355, Hortaleza, 28043 Madrid, España",+34 911 47 13 19,http://www.arrentia.es/,3.6,18.0
Property Partners,"C. Laurin, 34, Hortaleza, 28043 Madrid, España",+34 915 70 87 90,http://www.ppartnersgroup.com/,5.0,1.0
Miramadrid Conde Orgaz,"Pl. Manuel Rodrigo, 11, Hortaleza, 28043 Madrid, España",+34 910 68 96 68,http://www.miramadrid.es/,4.0,3.0
CUCSA PROMOCIÓN LAS ENCINAS,"C. de el Algabeño, 1, Hortaleza, 28043 Madrid, España",,,3.9,7.0
🥇Inmobiliaria Barajas | Red House Consulting,"Av. General, 16, Local Nº 15, Barajas, 28042 Madrid, España",+34 917 48 09 20,http://www.redhouse.es/,4.7,129.0
Inmobiliaria EL PORTAL,"Av. General, 18, Barajas, 28042 Madrid, España",+34 910 83 13 81,http://www.gestion-casa.es/,4.7,315.0
sonCASAS,"C. de Gonzalo de Céspedes, 9, Barajas, 28042 Madrid, España",+34 913 05 58 24,http://www.soncasas.com/,4.9,351.0
Inmobiliaria VOhome Barajas,"Av. de Logroño, 146, Barajas, 28042 Madrid, España",+34 914 49 52 27,https://www.vohome.es/,4.6,113.0
Tecnocasa agencia inmobiliaria,"Av. de Logroño, 118, local 11b, Barajas, 28042 Madrid, España",+34 919 31 62 00,https://madrid159.tecnocasa.es/,4.8,114.0
AJ Servicios Inmobiliarios,"C. Canal de Suez, 28, Barajas, 28042 Madrid, España",+34 685 24 33 91,https://www.ajserviciosinmobiliarios.com/,4.2,50.0
Inmobiliaria Barajas Redpiso,"C. de Gonzalo de Céspedes, 2, Barajas, 28042 Madrid, España",+34 919 91 70 57,https://www.redpiso.es/oficina/inmobiliaria-barajas/venta,4.4,50.0
Tecnocasa agencia inmobiliaria,"C. Bahía de Palma, 7, blq 8 loc 2, Barajas, 28042 Madrid, España",+34 919 32 07 56,https://madrid174.tecnocasa.es/,4.6,74.0
INMOVA,"C. de la Ribera del Loira, 46, Barajas, 28042 Madrid, España",+34 631 10 81 72,https://www.inmova.es/,4.8,49.0
Tecnocasa agencia inmobiliaria,"Av. de Cantabria, 39, local 2, Barajas, 28042 Madrid, España",+34 911 04 12 04,https://madrid170.tecnocasa.es/,4.9,69.0
Lady Casa Asesores Inmobiliarios,"C. de La Rioja, 13, Barajas, 28042 Madrid, España",+34 917 47 08 21,,4.4,44.0
Inmobiliaria Alameda de Osuna Redpiso,"Av. de Cantabria, 39, local 12, Barajas, 28042 Madrid, España",+34 691 33 44 13,https://www.redpiso.es/oficina/inmobiliaria-alameda-de-osuna/venta,5.0,11.0
Nuevo Milenium Gestión Inmobiliaria,"Av. de Logroño, 112, Barajas, 28042 Madrid, España",+34 917 48 15 17,,4.0,3.0
M&G Direct,"C. Bahía de Gando, 1, Local 7, Barajas, 28042 Madrid, España",+34 911 97 58 65,,5.0,3.0
Inmobiliaria VOhome Canillejas,"C/ de Boltaña, 64, local b, San Blas-Canillejas, 28022 Madrid, España",+34 917 41 82 40,https://vohome.es/,4.7,234.0
Find House Inmobiliaria,"C. Aeronave, 11- 5, Barajas, 28042 Madrid, España",+34 912 60 51 90,,3.5,2.0
IP INGENIUM,"CC Bahia Center, C. Bahía de Pollensa, 5, Despacho 23, Barajas, 28042 Madrid, España",+34 917 46 11 43,http://www.ipingenium.com/,3.5,135.0
SmartCity S.L.,"Av. de Logroño, 112, local 17, Barajas, 28042 Barjas, Madrid, España",+34 917 48 15 17,https://www.smartcity.es/,2.3,18.0
Inmobiliaria Look & Find Ciudad Lineal,"C. Alcalá, 444, San Blas-Canillejas, 28027 Madrid, España",+34 913 27 10 30,http://lookandfind.es/ciudadlineal,4.7,120.0
Hervise Servicios Inmobiliarios,"P.º de la Alameda de Osuna, 45, Barajas, 28042 Madrid, España",+34 601 12 90 05,,2.8,4.0
alquila2,"C. de Alar del Rey, 15, Barajas, 28042 Madrid, España",+34 913 67 10 43,,3.0,4.0
Patrimonial Talavera,"C. del Galeón, 38, Barajas, 28042 Madrid, España",+34 913 29 55 52,,5.0,1.0
Inmobiliaria VOhome Las Rosas / San Blas,"C. de Julia García Boután, 29, Local 2, San Blas-Canillejas, 28022 Madrid, España",+34 913 24 01 20,https://www.vohome.es/,4.7,162.0
INMO-OD,"C. de la Carabela, 12, Barajas, 28042 Madrid, España",+34 604 90 96 45,http://inmo-od.es/,,
Inmobiliaria VOhome Julián Camarillo / Suanzes,"C. Alcalá, 443, Cdad. Lineal, 28027 Madrid, España",+34 910 13 36 19,https://www.vohome.es/,4.8,296.0
Fredevent,"CC Bahia Center, C. Bahía de Pollensa, 5, Despacho 23, Barajas, 28042 Madrid, España",+34 913 12 05 03,http://www.fredevent.es/,5.0,1.0
Rehabitae,"C. Bahía de Pollensa, 5, Barajas, 28042 Madrid, España",+34 913 01 05 01,,3.0,2.0
Alfa Infinity inmobiliaria,"C/ de Aries, 10, Barajas, 28042 Madrid, España",+34 913 05 83 85,,,
Riges,"C. Bahía de Pollensa, 7, Barajas, 28042 Madrid, España",+34 623 39 99 08,https://riges.es/contacto/,,
Alfa Alameda de Osuna,"C. Bahía de Pollensa, 5, Barajas, 28042 Madrid, España",+34 917 47 63 74,http://alfaalamedadeosuna.com/,,
Inmobiliaria Galápagos,"C. de Hermosilla, 48, Planta 1, Puerta Derecha, Salamanca, 28001 Madrid, España",+34 911 10 36 27,http://www.inmogalapagos.com/,5.0,33.0
Asturgreen,"Av. Central, 19, Barajas, 28042 Madrid, España",+34 913 29 00 58,,3.0,2.0
Alquileres Y Gestión Inmobiliaria,"C. del Balandro, 12, Barajas, 28042 Madrid, España",,,,
VALOR16 SL,"C. Bahía de Almería, 21, Barajas, 28042 Madrid, España",+34 913 29 64 94,,,
Corazón 💛 Inmobiliario,"Calle Velázquez, 15, 1º Dch, Salamanca, 28001 Madrid, España",+34 910 88 41 86,https://corazoninmobiliario.es/,4.8,105.0
Wigisa,"Av. Central, 19, Barajas, 28042 Madrid, España",+34 913 29 28 62,,1.0,1.0
Ziegel | Home Madrid - Agentes Inmobiliarios en Madrid.,"C. del Duque de Sesto, 32, Local Ziegel, Salamanca, 28009 Madrid, España",+34 915 71 59 17,http://www.ziegel.es/,4.9,62.0
Eneo Gestión Integral Sa,"C. Alfa, 5, Barajas, 28042 Madrid, España",+34 917 48 22 25,,3.0,2.0
Tecno Vivienda Inmobiliaria Pacifico Madrid,"Av. de la Ciudad de Barcelona, 128, Retiro, 28007 Madrid, España",+34 917 55 73 11,http://www.tecnovivienda.es/,4.8,122.0
Hernade,"C. de Bahía de Cartagena, 19, Barajas, 28042 Madrid, España",+34 913 29 00 10,,,
VIVALTA inmobiliaria Madrid,"C. de la Alegría de la Huerta, 10, Villaverde, 28041 Madrid, España",+34 663 19 92 76,https://www.vivalta.es/,4.6,156.0
Inmobiliaria Dreams Madrid,"C. de la del Manojo de Rosas, Nº80, Villaverde, 28041 Madrid, España",+34 699 55 31 71,,4.3,56.0
Galiant Asesores S.L.,"C. de la Alegría de la Huerta, 24, Local 2, Villaverde, 28041 Madrid, España",+34 912 87 57 37,http://www.galiant.es/,4.9,256.0
Inmobiliaria Vivienda Madrid Oficina Ciudad de los Ángeles - Villaverde Bajo,"C. de la del Manojo de Rosas, 79, Villaverde, 28041 Madrid, España",+34 918 31 44 62,https://www.viviendamadrid.net/oficina/ciudad-de-los-angeles-villaverde-bajo,4.8,106.0
Royal House inmobiliaria,"C. de la del Manojo de Rosas, 93, Villaverde, 28041 Madrid, España",+34 910 41 01 14,http://www.royalhouse.es/contact/,4.6,47.0
Inmobiliaria Ciudad de los Ángeles Redpiso,"C. los Bohemios, 9, Villaverde, 28041 Madrid, España",+34 913 17 31 86,https://www.redpiso.es/oficina/inmobiliaria-ciudad-de-los-angeles/venta,4.8,176.0
Inmobiliaria Isla,"C. de la del Manojo de Rosas, 90, Villaverde, 28041 Madrid, España",+34 611 80 70 18,https://inmobiliariaisla.mobiliagestion.es/,5.0,20.0
VILLAVERDE INMOBILIARIA,"C. de Juan José Martínez Seco, 38, Villaverde, 28021 Madrid, España",+34 917 97 48 84,http://www.villaverdeinmobiliaria.com/,4.7,319.0
Iberpisos Inmobiliaria Villaverde,"C. María Barrientos, 14, Villaverde, 28021 Madrid, España",+34 910 26 86 73,http://www.iberpisos.net/,4.8,50.0
JG Real Estate Inmobiliaria,"Av. de Orovilla, 46, Villaverde, 28041 Madrid, España",+34 642 56 21 86,http://www.inmobiliariajgrealestate.com/,,
Tecnocasa Villaverde - Oroquieta - Espinillo,"C. de Villajoyosa, 99, local 12, Villaverde, 28041 Madrid, España",+34 912 95 09 61,https://madrid44.tecnocasa.es/,4.8,256.0
Inmobiliaria Villaverde Bajo Redpiso,"C. de Juan José Martínez Seco, 3, Villaverde, 28021 Madrid, España",+34 910 33 92 53,https://www.redpiso.es/oficina/inmobiliaria-villaverde-bajo-san-cristobal/venta,4.8,104.0
Distrito17 Inmobiliaria,"Av. de Orovilla, 54, Villaverde, 28041 Madrid, España",+34 617 37 80 73,http://www.distrito17.es/,4.9,35.0
DonPiso Villaverde,"C. de Martínez Seco, 48, Villaverde, 28021 Madrid, España",+34 919 12 17 99,https://www.donpiso.com/donpiso-madrid-villaverde/824?pr=28&mu=79,5.0,90.0
Inmobiliaria Los Rosales Perales del Río Redpiso,"C. de Berrocal, 1, Villaverde, 28021 Madrid, España",+34 911 38 89 44,https://www.redpiso.es/oficina/inmobiliaria-los-rosales-perales-del-rio/venta,4.8,139.0
Horizonte Urbano San Fermín,"Av. de Orovilla, 56, Villaverde, 28041 Madrid, España",+34 672 15 98 74,https://www.horizonteurbano.es/,5.0,8.0
Tecnocasa agencia inmobiliaria,"C. los Bohemios, 15, Villaverde, 28041 Madrid, España",+34 910 93 04 11,https://madrid158.tecnocasa.es/madrid/villaverde-los-angeles/,4.3,86.0
Agencia Inmobiliaria Estudio Butarque Los Rosales SL TECNOCASA,"C. Miguel Solas, 13, local c, Villaverde, 28021 Madrid, España",+34 915 45 60 55,https://madrid141.tecnocasa.es/,4.9,84.0
Inmobiliaria Villaverde Alto Redpiso,"Calle Dr. Pérez Domínguez, 9, Villaverde, 28021 Madrid, España",+34 917 98 83 19,https://www.redpiso.es/oficina/inmobiliaria-villaverde-alto/venta,4.8,205.0
Royal House Inmobiliaria,"Calle Dr. Pérez Domínguez, 5, Villaverde, 28021 Madrid, España",+34 910 33 52 01,http://www.royalhouse.es/,3.6,43.0
Estudio Inmofar,"C. de Parvillas Bajas, 30, Villaverde, 28021 Madrid, España",+34 919 19 75 67,https://www.idealista.com/pro/estudio-inmofar/,5.0,22.0
Inmobiliaria Real Estate | Luis Martínez,"Av. de Orovilla, Villaverde, 28041 Madrid, España",+34 624 44 76 12,https://luismartinezinmob.com/,5.0,1.0
AREA HOGAR,"C. del Arroyo Bueno, 19, Villaverde, 28021 Madrid, España",+34 603 33 95 57,http://inmolalupall.com/,4.2,15.0
Bon-Hogar Asesores Inmobiliarios,"C. de Manuel Laborda, 3, Villaverde, 28021 Madrid, España",+34 915 05 24 64,http://bonhogar.com/,4.2,14.0
Tecnocasa agencia inmobiliaria,"C. de la del Manojo de Rosas, 86, local, Villaverde, 28041 Madrid, España",+34 910 59 03 04,https://madrid160.tecnocasa.es/,4.6,18.0
Horizonte Urbano Orcasitas,"C. Gran Avenida, 7, Usera, 28041 Madrid, España",+34 914 28 20 10,https://www.horizonteurbano.es/,5.0,18.0
Tecnocasa agencia inmobiliaria,"C. Esperanza Macarena, 8, local 2, Villaverde, 28021 Madrid, España",+34 911 63 06 59,https://madrid198.tecnocasa.es/,4.9,45.0
Redpiso,"Av. de Andalucía, KM 7, 1, Villaverde, Villaverde, 28041 Madrid, España",,,,
López & Moreno Inmobiliaria Villaverde,"C. de la del Manojo de Rosas, 93, Villaverde, 28041 Madrid, España",+34 911 26 62 45,https://lopezmorenoinmobiliaria.com/,,
Futurhouse Servicios Inmobiliarios,"C. de Parvillas Altas, 7, Villaverde, 28021 Madrid, España",+34 916 06 49 60,https://futurhouse.es/,4.1,9.0
Vivienda Villaverde,"Calle Encarnación Oviol, 43, Villaverde, 28021 Madrid, España",+34 910 22 10 92,https://www.idealista.com/pro/viviendavillaverde/,4.5,31.0
"Tecnocasa Agencia Inmobiliaria Villaverde Alto Estudio Parvillas Altas, 14","C. de Parvillas Altas, 14, Villaverde, 28021 Madrid, España",+34 919 36 02 39,https://madrid143.tecnocasa.es/,4.5,106.0
Horizonte Urbano Espinillo Oroquieta,"Av. de Orovilla, 56, local 5, Villaverde, 28041 Madrid, España",+34 911 40 05 63,https://www.horizonteurbano.es/,4.0,4.0
Inmoconsulting Rodhec,"C. Arechavaleta, 3, Villaverde, 28041 Madrid, España",,,5.0,1.0
Tecnocasa agencia inmobiliaria,"C. de Guetaria, 72, Usera, 28041 Madrid, España",+34 910 29 18 88,https://madrid116.tecnocasa.es/,4.9,207.0
Tecnocasa Puente Alcocer,"Av. Real de Pinto, 6-8, 8, Villaverde, 28021 Madrid, España",+34 919 32 89 76,https://madrid186.tecnocasa.es/,4.8,94.0
CompaVIP,"C. de la del Manojo de Rosas, 86, Villaverde, 28041 Madrid, España",+34 641 10 66 90,,,
Tecnocasa agencia inmobiliaria,"C. de la Mezquita, 16, Usera, 28041 Madrid, España",+34 919 20 35 31,https://madrid115.tecnocasa.es/,4.4,95.0
Inmobiliaria Usera San Fermín Redpiso,"C. de la Estafeta, 19, local derecha, Usera, 28041 Madrid, España",+34 910 07 54 91,https://www.redpiso.es/oficina/inmobiliaria-usera-san-fermin/venta,4.7,26.0
Consulting Inmobiliario Integral,"C. de Berrocal, 7, Villaverde, 28021 Madrid, España",+34 917 10 03 78,,3.3,12.0
DonPiso Orcasitas,"C. Deva, 83, Usera, 28041 Madrid, España",+34 919 35 88 82,https://www.donpiso.com/inmobiliaria-madrid-orcasitas-madrid-donpiso/,5.0,10.0
Alfa San Fermin,"C. de la Mezquita, 34, Usera, 28041 Madrid, España",+34 915 00 11 74,,3.8,5.0
Vivienda Madrid,"Av. de Espinela, 13, Villaverde, 28021 Madrid, España",+34 918 31 83 31,http://www.viviendamadrid.com/,3.9,15.0
InmoPerales 2,"C. de la Aladierna, 16, Villaverde, 28021 Madrid, España",+34 919 47 27 87,http://www.inmoperales.com/,5.0,9.0
Alquiler Seguro,"C. de la del Manojo de Rosas, 73, Villaverde, 28041 Madrid, España",+34 910 77 57 75,https://www.alquilerseguro.es/,4.5,35.0
Inmobiliaria Orcasitas Redpiso,"C. de Guetaria, 84, Local 5, Usera, 28041 Madrid, España",+34 910 07 52 42,https://www.redpiso.es/oficina/inmobiliaria-usera-orcasitas/venta,4.5,48.0
Fincas Cima Consulting Inmobiliario,"C. de Albino Hernández Lázaro, 36, Villaverde, 28021 Madrid, España",+34 917 23 12 30,https://fincascima.com/,3.4,37.0
AC Team Real Estate,"C. Ordicia, 31, Usera, 28041 Madrid, España",+34 680 24 84 57,http://www.acteamrealestate.es/,3.7,3.0
Inmobiliaria San Cristóbal Redpiso,"Pl. Pinazo, 214, Villaverde, 28021 Madrid, España",+34 919 20 85 36,https://www.redpiso.es/oficina/inmobiliaria-san-cristobal/venta,4.7,57.0
Tecnocasa agencia inmobiliaria,"P.º de Alberto Palacios, 19 pb, pta. 1, Villaverde, 28021 Madrid, España",+34 911 62 93 07,https://madrid199.tecnocasa.es/,4.4,55.0
NOINMO,"C. Gran Avenida, 2, Usera, 28041 Madrid, España",+34 638 22 00 08,https://www.noinmo.es/,,
Gestión de Venta Patrimonio,"C. Cdad. de Frías, 23, Villaverde, 28021 Madrid, España",+34 613 71 05 23,https://www.facebook.com/p/Gesti%C3%B3n-de-Venta-Patrimonio-100090008829717/,5.0,13.0
Tecnocasa agencia inmobiliaria,"C. de Fermin Donaire, 16, Usera, 28026 Madrid, España",+34 910 37 61 68,https://madrid134.tecnocasa.es/,4.7,106.0
Princess Homes - Agencia Inmobiliaria en Madrid,"C. del Tutor, 54, Moncloa - Aravaca, 28008 Madrid, España",+34 919 93 99 99,https://princesshomes.es/,5.0,23.0
Alfa Chamberi Inmobiliaria,"C. de Blasco de Garay, 15, Chamberí, 28015 Madrid, España",+34 915 50 25 57,http://www.idealista.com/pro/alfachamberi/,4.9,282.0
SAFTI España,"C. de la Explanada, 8, Moncloa - Aravaca, 28040 Madrid, España",+34 910 28 54 56,https://www.safti.es/,4.1,229.0
INMOACTIVOS,"C. de Francos Rodríguez, 39, Tetuán, 28039 Madrid, España",+34 913 11 92 20,http://www.inmoactivos.es/,4.6,86.0
Cisa Consultores Inmobiliarios,"C. de Aravaca, 4, Moncloa - Aravaca, 28040 Madrid, España",+34 669 82 03 48,http://www.cisaconsultores.com/,4.5,32.0
ConfoHogar / Inmobiliaria en Chamberí,"C. de Guzmán el Bueno, 89, Local 2, Chamberí, 28015 Madrid, España",+34 913 16 77 98,http://www.confohogar.com/,4.6,86.0
Urban Domus | Agencia Inmobiliaria en Chamberí | Servicios Inmobiliarios,"C. de Cea Bermúdez, 16, Chamberí, 28003 Madrid, España",+34 911 33 68 47,https://www.urbandomus.es/,5.0,26.0
Inmobiliaria Chamberí | MTB Gestión Inmobiliaria,"Calle de Modesto Lafuente, 5, Chamberí, 28010 Madrid, España",+34 649 91 63 36,https://mtb-gestioninmobiliaria.com/,5.0,54.0
Agente inmobiliario en MADRID - ADELINA M OANCEA,"Calle Cristóbal Bordiú, 22, 28003 Calle de la Marroquina, 22, Av. Dr. García Tapia, 216, Chamberí, 28003 Madrid, España",+34 639 13 50 39,https://www.classic-team.es/,5.0,41.0
"GILMAR Consulting Inmobiliario - Inmobiliaria Chamberí, Madrid","C. de Carranza, 20, Chamberí, 28004 Madrid, España",+34 915 91 91 90,https://www.gilmar.es/oficinas/agencia-inmobiliaria-chamberi/?utm_source=gmb&utm_medium=cta&utm_campaign=inmobiliaria_chamber%C3%AD_madrid,4.5,53.0
Inmobiliaria en Chamberi | Globalpiso Oficina,"C. de Bravo Murillo, 14, local, Chamberí, 28015 Madrid, España",+34 912 97 60 15,http://www.globalpiso.es/inmobiliaria/estudio-nuevo-chamberi,4.9,147.0
Inmobiliaria Chamberi Madrid,"Gta. de Quevedo, 9, Chamberí, 28015 Madrid, España",+34 914 35 65 75,https://www.inmobiliariachamberi.madrid/es/,5.0,7.0
Inmperson Real Estate | Agencia Inmobiliaria,"C. de Saavedra Fajardo, 7, Local D1, Latina, 28011 Madrid, España",+34 919 38 78 91,https://www.inmperson.es/?utm_source=google&utm_medium=organic&utm_campaign=gmb,4.8,176.0
Tecnocasa agencia inmobiliaria,"C. de Hilarión Eslava, 22, local 2, Chamberí, 28015 Madrid, España",+34 662 93 71 41,https://madrid162.tecnocasa.es/,4.9,92.0
Alquiler y Venta,"Ofelia Nieto, Moncloa - Aravaca, 28039 Madrid, España",+34 605 84 66 47,,4.8,112.0
PropietariosTranquilos,,+34 910 35 37 56,https://propietariostranquilos.es/,4.2,187.0
Inmobiliaria - REMAX Rosales Team Voli - Chamberí - Arguelles -Compra Venta Pisos - Gaztambide- Vallehermoso- Madrid,"C. de Guzmán el Bueno, 42, Chamberí, 28015 Madrid, España",+34 913 40 32 32,https://www.remax.es/buscador-de-oficinas/madrid/madrid/moncloa-aravaca-arguelles/remax-rosales/,4.5,37.0
Espacios González y Asociados | Inmobiliaria de lujo en Madrid,"Calle de Génova, 20, Centro, 28004 Madrid, España",+34 633 19 74 86,,5.0,20.0
Inmobiliaria Chamberi,"C/ de Ponzano, nº 50, Chamberí, 28003 Madrid, España",+34 915 71 44 00,http://www.inmobiliariachamberi.com/,4.0,38.0
Miscasa inmobiliaria desde 1972 Tetuán - VENTA Y ALQUILER DE PISOS MADRID,"C. de Bravo Murillo, 230, Tetuán, 28020 Madrid, España",+34 915 72 04 08,http://www.miscasamadrid.com/,4.6,62.0
TM Grupo Inmobiliario Madrid,"C. de Guzmán el Bueno, 12, Chamberí, 28015 Madrid, España",+34 915 43 40 30,http://www.tmgrupoinmobiliario.com/,4.6,5.0
Aldebarán Torre Servicios Inmobiliarios S.L.,"C. de Martín de los Heros, 19, Moncloa - Aravaca, 28008 Madrid, España",+34 915 40 05 73,https://www.aldebaraninmobiliaria.com/,4.2,14.0
Inmobiliaria Extra Tetuán,"Calle del Marqués de Viana, 12, Tetuán, 28039 Madrid, España",+34 916 17 19 29,http://www.inmobiliariaextra.es/,4.5,77.0
Inmobiliaria en Tetuán I Globalpiso Oficina,"C. de Villaamil, 31, Tetuán, 28039 Madrid, España",+34 912 59 44 84,https://www.globalpiso.es/inmobiliaria/tetuan,4.7,30.0
Tecnocasa agencia inmobiliaria,"C. de Ventura Rodríguez, 15, Moncloa - Aravaca, 28008 Madrid, España",+34 910 39 56 76,https://madrid42.tecnocasa.es/,4.9,144.0
Agencia Inmobiliaria Vivienda XXI,"P.º de la Florida, 51, Moncloa - Aravaca, 28008 Madrid, España",+34 915 41 38 42,https://www.idealista.com/pro/viviendas-principe-pio/,4.1,75.0
Fedecasa Servicios inmobiliarios,"C. de las Margaritas, 4, Tetuán, 28039 Madrid, España",+34 917 51 05 94,,4.9,10.0
Mi Piso en Madrid,"P.º de Recoletos, 5, Centro, 28004 Madrid, España",+34 917 89 31 21,https://www.mipisoenmadrid.com/,4.8,219.0
Agencia Inmobiliaria en San Francisco de Sales Madrid,"Paseo de S. Fco. de Sales, 32, Chamberí, 28003 Madrid, España",+34 696 94 17 28,http://www.homelocation.es/,4.3,3.0
Tecnocasa agencia inmobiliaria,"C. de la Isla de Oza, 70, local f, Moncloa - Aravaca, 28035 Madrid, España",+34 910 63 15 80,https://madrid100.tecnocasa.es/,4.5,78.0
Inmobiliaria en Tetuán | Tecvivienda,"C. de Lope de Haro, 30, Tetuán, 28039 Madrid, España",+34 914 50 28 58,https://tecvivienda.es/,4.4,323.0
Funciona inmobiliaria,"C. de Lope de Haro, 5, Tetuán, 28039 Madrid, España",+34 641 29 50 64,,5.0,57.0
PISO YA Inmobiliaria,"Avenida Doctor Federico rubio y Galí 45, C/ Sambara, 94, Tetuán, 28039 Madrid, España",+34 656 85 19 95,http://www.pisoya.es/,4.3,182.0
Fam inmobiliaria,"C. de Ávila, 1, Tetuán, 28020 Madrid, España",+34 914 36 19 19,https://www.faminmobiliaria.es/,4.8,114.0
Market Inmobiliario Madrid,"Av. del Dr. Federico Rubio y Galí, 40, Tetuán, 28039 Madrid, España",+34 657 54 89 35,,4.6,40.0
Veneta Inmobiliaria,"C. de Villaamil, 12, Tetuán, 28039 Madrid, España",+34 913 11 93 69,http://www.veneta.es/,4.9,97.0
Inmobiliaria Bravo Murillo Redpiso,"C. de Francos Rodríguez, 12, Tetuán, 28039 Madrid, España",+34 910 17 38 02,https://www.redpiso.es/oficina/inmobiliaria-bravo-murillo/venta,4.6,52.0
INMOBILIARIA DEMANUEL CUATRO CAMINOS - BERNABEU,"C. de Fortunata y Jacinta, 25, Local Izquierda, Tetuán, 28020 Madrid, España",+34 915 04 85 14,http://www.inmobiliairiademanuel.com/,4.8,162.0
Inmobiliaria Berruguete Redpiso,"C. de Francos Rodríguez, 12, Tetuán, 28039 Madrid, España",+34 685 76 97 56,https://www.redpiso.es/oficina/inmobiliaria-berruguete/venta-alquiler,4.3,27.0
Inmobiliaria Cuatro Caminos - Bernabéu Redpiso,"C. de la Infanta Mercedes, 11, Tetuán, 28020 Madrid, España",+34 918 33 77 34,https://www.redpiso.es/oficina/inmobiliaria-cuatro-caminos-bernabeu/venta,4.8,252.0
vivai inmobiliaria,"C. de Bravo Murillo, 322, Tetuán, 28020 Madrid, España",+34 910 39 04 07,http://www.vivai.es/,4.9,69.0
Inmobiliaria Maqueda (Desde 1969),"C. de Lope de Haro, 34, Tetuán, 28039 Madrid, España",+34 913 11 63 14,,4.3,9.0
Alfa Tetuán,"C. de Bravo Murillo, 296, Tetuán, 28020 Madrid, España",+34 915 79 92 26,https://www.alfatetuan.com/,4.7,65.0
Cuzco Casa Inmobiliaria,"C. de la Infanta Mercedes, 31, local 16, Tetuán, 28020 Madrid, España",+34 912 77 81 47,http://www.cuzcocasa.com/,5.0,35.0
Optimacasa,"C. de Bravo Murillo, 283, Tetuán, 28020 Madrid, España",+34 911 92 70 30,https://www.optimacasa.es/?utm_source=googlemybusiness&utm_medium=organic&utm_campaign=Chamberi,4.9,80.0
Inmorent Servicios Inmobiliarios,"Av. del Dr. Federico Rubio y Galí, 40, local 2 y 3, Tetuán, 28039 Madrid, España",+34 664 39 36 03,,4.8,19.0
Star inmobiliaria,"C. de Alonso Núñez, 17, Tetuán, 28039 Madrid, España",+34 624 14 54 07,https://www.starinmobiliaria.es/,5.0,9.0
Tecnocasa agencia inmobiliaria,"Calle del Marqués de Viana, 71, local, Tetuán, 28039 Madrid, España",+34 919 12 58 19,https://madrid145.tecnocasa.es/,4.6,59.0
Pisostock Agencia Inmobiliaria,"C. del Poeta Joan Maragall, 60, Tetuán, 28020 Madrid, España",+34 917 27 39 39,http://pisostock.com/,4.7,40.0
GIT Gestión Inmobiliaria Tetuán,"C. de Bravo Murillo, 200, Tetuán, 28020 Madrid, España",+34 918 26 61 69,http://www.gitinmo.com/,3.4,93.0
Forlares Real,"C. de Jerónima Llorente, 18, PB local dcha, Tetuán, 28039 Madrid, España",+34 614 13 07 31,https://www.forlaresreal.es/,4.2,5.0
Tecnocasa agencia inmobiliaria,"C. de Lope de Haro, 15, local, Tetuán, 28039 Madrid, España",+34 910 96 01 78,https://madrid128.tecnocasa.es/,4.4,76.0
Inmobiliaria Tetuán - Valdeacederas Redpiso,"C. de Bravo Murillo, 297, Portal 1, Local B, Tetuán, 28020 Madrid, España",+34 918 75 92 76,https://www.redpiso.es/oficina/inmobiliaria-plaza-castilla-tetuan-valdeacederas/venta,4.2,30.0
Tecnocasa agencia inmobiliaria,"C. de Francos Rodríguez, 58, local 3, Tetuán, 28039 Madrid, España",+34 617 32 42 57,https://madrid2.tecnocasa.es/,4.2,37.0
REMAX Welcome Inmobiliaria,"C. de Sor Ángela de la Cruz, 30, Tetuán, 28020 Madrid, España",+34 915 72 26 10,http://www.remaxwelcome.es/,4.5,198.0
Soluciones Inmobiliarias GGI,"P.º de la Dirección, 3, Tetuán, 28039 Madrid, España",+34 914 50 42 75,https://sites.google.com/view/solucionesinmobiliariasggi/inicio,4.2,11.0
Inmobiliaria ALDAPE REAL ESTATE SL,"C. de Villaamil, 15, Tetuán, 28039 Madrid, España",,,5.0,1.0
Inmobiliaria Maqueda. Inmobiliaria en Tetuán y Cuatro Caminos,"C. de Palencia, 1, Tetuán, 28020 Madrid, España",+34 915 53 75 59,,3.7,3.0
Alquiler Seguro,"C. de Francos Rodríguez, 13, Tetuán, 28039 Madrid, España",+34 910 77 57 75,https://www.alquilerseguro.es/,4.3,243.0
Vivienda Madrid,"C. del Capitán Blanco Argibay, 40, Tetuán, 28029 Madrid, España",+34 912 99 99 20,https://www.viviendamadrid.com/,3.8,28.0
Gradual Homes,"Gta. de Cuatro Caminos, 6, y 7 2ª Planta, Tetuán, 28020 Madrid, España",,http://www.gradualhomes.com/,4.5,115.0
Tecnocasa agencia inmobiliaria,"Av. de la Reina Victoria, 16, local b, Tetuán, 28003 Madrid, España",+34 633 80 12 90,https://madrid181.tecnocasa.es/,5.0,90.0
FINCAS RÚSTICAS - GILMAR,"C. de Orense, 28, Primera planta, Tetuán, 28020 Madrid, España",+34 915 83 03 01,http://www.fincasrusticasgilmar.com/?utm_source=gmb&utm_medium=cta&utm_campaign=GMB,5.0,52.0
HARO GESTIÓN INMOBILIARIA,"Oficina Central, C. del Aviador Zorita, 7, local 1-2, Tetuán, 28020 Madrid, España",+34 916 21 76 36,http://www.haroinmobiliaria.com/,4.0,71.0
Inmobiliaria Madrid Riaza,"C. del Nenúfar, 36, Tetuán, 28039 Madrid, España",+34 913 11 44 84,,4.0,2.0
Proinca Madrid,"C. de Lérida, 10, Tetuán, 28020 Madrid, España",+34 915 71 93 44,https://www.proinca.es/,4.0,123.0
Tecnocasa agencia inmobiliaria,"C. de Jerónima Llorente, 68, Tetuán, 28039 Madrid, España",+34 912 97 43 11,https://madrid92.tecnocasa.es/,4.1,44.0
INMOBILIARIA M.TABOADA,"Av. del Dr. Federico Rubio y Galí, 16, Tetuán, 28039 Madrid, España",+34 699 74 23 73,,,
DALE VALOR,"P.º de la Dirección, 54, Tetuán, 28039 Madrid, España",+34 690 14 76 83,,5.0,6.0
Tecnocasa agencia inmobiliaria,"C. del Roble, 10, Tetuán, 28020 Madrid, España",+34 918 53 39 12,https://madrid109.tecnocasa.es/,4.2,54.0
Tecnocasa agencia inmobiliaria,"C. de San Germán, 52, loc dcha, Tetuán, 28020 Madrid, España",+34 915 79 82 58,https://madrid71.tecnocasa.es/,4.4,59.0
Inmobiliaria Valdezarza Puerta de Hierro Redpiso,"C. de Antonio Machado, 14, Moncloa - Aravaca, 28035 Madrid, España",+34 912 24 48 89,https://www.redpiso.es/oficina/inmobiliaria-valdezarza-puerta-de-hierro/venta,4.4,99.0
"PIEREM Madrid. Consultoria, asesoria y comercializadora inmobiliaria","C. del Poeta Joan Maragall, 22, 1- D, Tetuán, 28020 Madrid, España",+34 622 17 85 07,http://www.piereminmobiliaria.com/,5.0,7.0
InmoRenta | Inmobiliaria de Alquiler seguro y Venta en Madrid,"Av. de la Albufera, 112, Puente de Vallecas, 28038 Madrid, España",+34 911 13 12 41,https://inmorenta.es/,5.0,23.0
MADRID HOUSE REAL ESTATE,"C. Felipe Fraile, 6, Puente de Vallecas, 28038 Madrid, España",+34 641 58 20 57,https://www.madridhouse.es/,5.0,45.0
Terrahabitat Inmobiliaria,"C/ de Mohernando, 6, Puente de Vallecas, 28038 Madrid, España",+34 917 47 55 11,http://www.terrahabitat.es/,4.7,132.0
HABITALIA Servicios Inmobiliarios y proyectos de interiorismo,"Av. de Peña Prieta, 52, Puente de Vallecas, 28038 Madrid, España",+34 913 28 84 94,,4.4,77.0
Inmobiliaria Vallecas - Portazgo Redpiso,"Av. de la Albufera, 143, Puente de Vallecas, 28038 Madrid, España",+34 914 77 63 71,https://www.redpiso.es/oficina/inmobiliaria-vallecas-portazgo/venta,4.3,32.0
NORGOM Inmobiliaria,"C. de San Claudio, 99, local3, Puente de Vallecas, 28038 Madrid, España",+34 912 30 32 55,http://norgom.es/,4.5,16.0
SANMIAL GESTION INMOBILIARIA,"Av. de la Albufera, 110 - 2, Puente de Vallecas, 28038 Madrid, España",+34 914 77 01 30,https://inmobiliariasanmial.es/,5.0,5.0
Hf & House,"C. de Sierra Salvada, 24, Puente de Vallecas, 28038 Madrid, España",+34 916 14 80 28,https://hfandhouse.es/,4.5,112.0
Alquiler Protegido Vallecas,"Av. de la Albufera, 100, Puente de Vallecas, 28038 Madrid, España",+34 664 48 48 48,https://alquilerprotegido.es/,3.9,290.0
Inmobiliaria Vivienda Madrid Pedro laborde - Oficina alto del Arenal,"C. de Pedro Laborde, 3, Puente de Vallecas, 28018 Madrid, España",+34 913 80 57 50,https://www.viviendamadrid.com/,4.6,25.0
Tecnocasa agencia inmobiliaria,"Av. de Peña Prieta, 44, Puente de Vallecas, 28038 Madrid, España",+34 913 78 71 83,https://madrid89.tecnocasa.es/,4.2,44.0
Tecnorete agencia inmobiliaria,"Av. de Peña Prieta, 55, loc 1, Puente de Vallecas, 28038 Madrid, España",+34 641 56 56 39,https://madrid2.tecnorete.es/,,
Capital Rooms,"Av. de la Albufera, 96, Puente de Vallecas, 28038 Madrid, España",+34 910 27 06 79,https://capitalrooms.es/,4.2,143.0
Tecnocasa Alto del Arenal,"C. de Pedro Laborde, 43, Puente de Vallecas, 28018 Madrid, España",+34 919 20 78 46,https://madrid117.tecnocasa.es/,4.8,156.0
Alquiler Seguro,"Av. de la Albufera, 108, Puente de Vallecas, 28038 Madrid, España",+34 910 77 57 75,http://www.alquilerseguro.es/,4.2,533.0
Real Hogar Madrid SL - Inmobiliaria,"C. del Arroyo del Olivar, 68, Puente de Vallecas, 28018 Madrid, España",+34 916 49 40 96,http://real-hogar.com/,3.8,16.0
La Agencia del Barrio,"C. de la Encomienda de Palacios, 224, local bajo, Moratalaz, 28030 Madrid, España",+34 919 40 06 51,https://laagenciadelbarrio.es/,4.8,172.0
Alva Servicios Inmobiliarios,"C. de la Vidriería, 8, San Blas-Canillejas, 28037 Madrid, España",+34 919 37 42 64,http://alvaserviciosinmobiliarios.info/,5.0,192.0
Inmobiliaria en San Blas | Globalpiso Oficina,"C. de Bulgaria, 4, San Blas-Canillejas, 28032 Madrid, España",+34 913 24 11 68,http://www.globalpiso.es/,4.5,150.0
"vende fácil, asesores inmobiliarios","C. de Amposta, 7, San Blas-Canillejas, 28037 Madrid, España",+34 629 53 70 29,https://www.vendefaciltupiso.es/,5.0,60.0
Inmobiliaria VOhome Simancas,"C. Zaratán, 5, San Blas-Canillejas, 28037 Madrid, España",+34 910 14 99 99,https://vohome.es/,4.9,163.0
Tecnocasa agencia inmobiliaria,"C. del Castillo de Simancas, 8, local 2, San Blas-Canillejas, 28037 Madrid, España",+34 919 20 22 15,https://madrid125.tecnocasa.es/,4.8,359.0
Alfa Urban Home,"C. de Carlos IV, 6, San Blas-Canillejas, 28037 Madrid, España",+34 650 36 85 66,http://www.alfaurbanhome.com/,5.0,45.0
Vivienda Madrid San Blas,"C. de la Masilla, 4, San Blas-Canillejas, 28037 Madrid, España",+34 910 69 41 31,https://www.viviendamadrid.com/oficina/san-blas-hnos-garcia-noblejas,4.3,26.0
INMOALBERCHE MADRID,"C. de Amposta, 3, San Blas-Canillejas, 28037 Madrid, España",+34 652 65 20 95,,4.8,68.0
VIVIENDA SERVI,"C. de Alconera, 5, LOCAL 3, San Blas-Canillejas, 28037 Madrid, España",+34 910 72 53 15,,4.6,22.0
Inmobiliaria Hermanos García Noblejas Redpiso,"C. de los Hermanos García Noblejas, 79, San Blas-Canillejas, 28037 Madrid, España",+34 915 99 36 46,https://www.redpiso.es/oficina/inmobiliaria-hermanos-garcia-noblejas/venta,4.7,162.0
Inmobiliaria LF Inmogroup,"C. Alcalá, 596, San Blas-Canillejas, 28022 Madrid, España",+34 913 93 18 33,http://www.lfinmogroup.es/,4.6,75.0
Bastia Inmobiliaria,"C. Zumel, nº10, local 1, San Blas-Canillejas, 28037 Madrid, España",+34 911 64 48 41,http://www.bastiainmobiliaria.com/,4.8,256.0
Inmobiliaria Distrito Capital,"Av. de Niza, 7, Portal E 2° D, San Blas-Canillejas, 28022 Madrid, España",+34 917 42 79 65,https://www.distritocapital.es/,4.9,61.0
Inmobiliaria Simancas Redpiso,"C. Zumel, 6, San Blas-Canillejas, 28037 Madrid, España",+34 910 46 88 83,https://www.redpiso.es/oficina/inmobiliaria-simancas/venta,4.8,115.0
Tecnocasa agencia inmobiliaria,"C. de Amposta, 8, local a y b, San Blas-Canillejas, 28037 Madrid, España",+34 918 27 38 48,https://madrid157.tecnocasa.es/,4.6,133.0
Gold Home inmobiliaria,"C. de Julián Camarillo, 7, San Blas-Canillejas, 28017 Madrid, España",+34 675 26 06 12,http://www.goldhomeinmobiliaria.com/,4.7,77.0
INMOBILIARIA CASAPUEBLO,"C. Zumel, 14, San Blas-Canillejas, 28037 Madrid, España",+34 913 75 67 81,,4.6,48.0
Guerra & Mendez Propiedades,"C. de San Romualdo, 51, Local 1, San Blas-Canillejas, 28037 Madrid, España",+34 912 77 01 27,http://www.guerramendez.com/,4.7,50.0
Tengo Piso Arcentales | Agencia inmobiliaria 🏡,"Av. de Canillejas a Vicálvaro, 57, C. Aliaga, 2, San Blas-Canillejas, 28022 Madrid, España",+34 913 71 75 48,https://www.tengopisoarcentales.com/,5.0,24.0
Inmobiliaria 28022,"C. del Néctar, 47, San Blas-Canillejas, 28022 Madrid, España",+34 919 35 74 52,http://www.inmobiliaria28022.com/,3.7,43.0
Inmobiliaria Vivienda Madrid Simancas,"C. Zaratán, 2, San Blas-Canillejas, 28037 Madrid, España",+34 918 25 00 41,https://www.viviendamadrid.com/inmobiliaria-en-simancas/,4.3,20.0
Atriumeuropa Real Estate S.L.,"C. de Medea, 4, 5ºB, San Blas-Canillejas, 28037 Madrid, España",+34 665 44 88 74,http://www.atriumeuropa.es/,5.0,23.0
Tecnocasa agencia inmobiliaria,"calle Plazuela De La Herramienta Portal 3, Plaza de la Herramienta, 3, San Blas-Canillejas, 28037 Madrid, España",+34 910 83 91 84,https://madrid130.tecnocasa.es/,4.7,317.0
Tengotucasa,"C. del Castillo de Uclés, 19, San Blas-Canillejas, 28037 Madrid, España",+34 914 40 28 46,http://www.tengotucasa.es/,4.8,329.0
HOME GESTION INMOBILIARIA INTEGRAL,"C. de Medea, 4, 3º PLANTA, OFICINA D-BIS, San Blas-Canillejas, 28037 Madrid, España",+34 911 99 88 23,http://www.homegii.com/,4.2,40.0
Inmobiliaria Inmo-Global,"C. de Cronos, 8, 4ª PLANTA, San Blas-Canillejas, 28037 Madrid, España",+34 912 22 21 61,http://inmo-global.com/,1.0,1.0
Inmobiliaria San Blas Las Rosas Redpiso,"C. de Aquitania, 10, 1, San Blas-Canillejas, 28032 Madrid, España",+34 917 94 54 46,https://www.redpiso.es/oficina/inmobiliaria-san-blas-las-rosas/venta,4.7,109.0
Aclara Servicios Inmobiliarios,,+34 622 20 11 49,http://www.aclarainmobiliaria.com/,5.0,22.0
Tecnocasa agencia inmobiliaria,"C. de Albalá, 9, San Blas-Canillejas, 28037 Madrid, España",+34 622 54 04 23,https://madrid193.tecnocasa.es/,4.7,57.0
TRADE ASESORES INMOBILIARIOS,"C. de Apolo, 8, LOCAL B, San Blas-Canillejas, 28037 Madrid, España",+34 917 42 03 50,https://tradeasesoresinmob.wixsite.com/website-2,5.0,5.0
Grupo Ávila Realty,"C. de Miguel Yuste, 20, San Blas-Canillejas, 28037 Madrid, España",,,5.0,4.0
Agencia inmobiliaria Place,"C. del Castillo de Simancas, 8, San Blas-Canillejas, 28037 Madrid, España",+44 7591 335163,,,
Vivienda Madrid Canillejas,"C. del Néctar, 31, San Blas-Canillejas, 28022 Madrid, España",+34 914 11 84 46,https://viviendamadrid.com/oficina/canillejas,3.1,25.0
Alternativa Inmobiliaria,"C. de Cartago, 19, San Blas-Canillejas, 28022 Madrid, España",+34 912 33 45 45,https://alternativainmobiliaria.es/,4.4,37.0
Tecnocasa agencia inmobiliaria,"C. Alcalá, 491, San Blas-Canillejas, 28037 Madrid, España",+34 918 27 31 30,https://madrid178.tecnocasa.es/,4.8,194.0
INMOBILIARIA SAN BLAS,"C. de la Vidriería, 8, San Blas-Canillejas, 28037 Madrid, España",+34 912 40 85 91,,,
Asesores Inmobiliarios la Rosas,"C. de Suecia, 73, San Blas-Canillejas, 28022 Madrid, España",+34 912 30 68 81,http://www.asesoresinmobiliarioslasrosas.com/,4.6,56.0
Espacio Foro Inmobiliario S.L.,"C. de Albadalejo, 6, San Blas-Canillejas, 28037 Madrid, España",+34 913 75 00 35,,3.7,3.0
Kierocasa,"C. de los Hermanos García Noblejas, 39, 6º, San Blas-Canillejas, 28037 Madrid, España",+34 917 37 44 87,http://www.kierocasa.es/,3.5,6.0
Tecnocasa agencia inmobiliaria,"C. Aquiles, 3, local f, San Blas-Canillejas, 28022 Madrid, España",+34 910 33 96 10,https://madrid85.tecnocasa.es/,4.3,110.0
Toygon,"C. de Miguel Fleta, 9, San Blas-Canillejas, 28037 Madrid, España",+34 913 27 24 44,http://www.toygon.com/,5.0,1.0
Look & Find,"C. de Miguel Yuste, 16, 3ª planta, San Blas-Canillejas, 28037 Madrid, España",+34 913 75 03 40,https://lookandfind.es/,3.6,21.0
Bell Hogar Inmobiliaria,"C. de la Vidriería, 4, San Blas-Canillejas, 28037 Madrid, España",+34 910 42 91 89,,,
Grupo Veintidós,"C. de los Hermanos García Noblejas, 43, San Blas-Canillejas, 28037 Madrid, España",+34 915 76 73 27,http://grupoveintidos.es/grupoveintidos/actividad.php,,
VECA INMOBILIARIA,"C. de Alfonso Gómez, 29, San Blas-Canillejas, 28037 Madrid, España",+34 695 94 18 39,https://www.vecainmobiliaria.es/,,
ATRIUM C.A.,"C. de San Romualdo, 59, local 13, San Blas-Canillejas, 28037 Madrid, España",+34 911 80 78 13,http://atriumca.com/,5.0,2.0
Fernando García. iad España,,,https://www.iadespana.es/agente-inmobiliario/fernando.garcia,5.0,16.0
Grupo Interfam,"C. de Miguel Yuste, 6, San Blas-Canillejas, 28037 Madrid, España",+34 913 99 35 92,http://www.interfam.es/contacto/,5.0,1.0
Bouygues Inmobiliaria,"2, D1, C. de Julián Camarillo, 29, San Blas-Canillejas, 28037 Madrid, España",+34 913 75 71 91,,5.0,1.0
Gilmar Consulting Inmobiliario,"C. de Medea, San Blas-Canillejas, 28037 Madrid, España",,,5.0,2.0
Exclusivas Iván,"C. de los Hermanos García Noblejas, 5, San Blas-Canillejas, 28037 Madrid, España",+34 913 67 77 17,,3.0,4.0
IVS INVERSIONES Y CONSULTORIA S.L.,"C. de Medea, 4, San Blas-Canillejas, 28037 Madrid, España",+34 911 99 88 23,,5.0,1.0
Tecnocasa agencia inmobiliaria,"Calle de Portugalete, 21, local, Cdad. Lineal, 28017 Madrid, España",+34 913 04 55 80,https://madrid133.tecnocasa.es/,4.9,116.0
Vesta Properties,"Calle del Dr. Fleming, 3, Chamartín, 28036 Madrid, España",+34 663 61 75 34,http://www.vestaproperties.es/,5.0,121.0
Walter Haus Chamartín,"P.º de La Habana, 66, Chamartín, 28036 Madrid, España",+34 913 78 36 56,https://walterhaus.es/,5.0,26.0
Chamartín Inmobiliaria,"C. de Costa Rica, 13, Chamartín, 28016 Madrid, España",+34 616 64 43 83,https://chamartininmobiliaria.es/,5.0,8.0
Inmobiliaria Look & Find Chamartín,"C. de Oruro, 4, Local 2, Chamartín, 28016 Madrid, España",+34 914 57 57 95,https://lookandfind.es/chamartin,4.7,41.0
Inmobiliaria Miel de Tabatinga,"C. del Padre Damián, 33, Chamartín, 28036 Madrid, España",+34 744 75 24 22,https://mieldetabatinga.com/,4.9,12.0
Inmobiliaria Hispanoamérica Redpiso,"C de Víctor de la Serna, 1, Chamartín, 28016 Madrid, España",+34 915 15 28 86,https://www.redpiso.es/oficina/inmobiliaria-hispanoamerica/venta,4.9,59.0
EXTRA Chamartín,"C. de Colombia, 2, Chamartín, 28016 Madrid, España",+34 917 70 38 18,https://www.vender-piso-rapido.com/valoracion,4.6,88.0
My Home,"Av. de Burgos, 44, Chamartín, 28036 Madrid, España",+34 919 38 81 15,http://www.mheinmobiliaria.es/,4.3,125.0
donpiso,"Av. de Alberto de Alcocer, 46B, Chamartín, 28016 Madrid, España",+34 910 28 55 57,http://www.donpiso.com/oficina-agencia-inmobiliaria-donpiso-madrid-madridhispanoamerica?dele=663,4.7,59.0
Iciara Real Estate - Personal Shopper Inmobiliario Madrid,"Chamartín, 28016 Madrid, España",+34 666 39 14 45,https://www.iciararealestate.com/?utm_source=Google%20My%20Business&utm_medium=organic&utm_campaign=organic,5.0,50.0
Agencia Inmobiliaria Bernabeu,"C. de Rafael Herrera, 11, Chamartín, 28036 Madrid, España",+34 611 58 63 86,http://inmobiliariabernabeu.es/,4.3,13.0
SELEKTIA | Boutique Inmobiliaria | Personal Shopper Inmobiliario,"P.º de La Habana, 26, Piso 3º, puerta 2, Chamartín, 28036 Madrid, España",+34 616 60 06 76,http://www.selektia-living.com/,5.0,2.0
Grupo Inmobiliario Ares | Inmobiliaria en Madrid,"C. de Serrano, 240, Chamartín, 28016 Madrid, España",+34 914 43 08 05,https://www.grupoinmobiliarioares.com/,4.6,229.0
GOZA MADRID Real Estate,"C/ de las Azulinas, 3, Chamartín, 28036 Madrid, España",+34 608 13 65 29,https://global.realestategozamadrid.com/home-2744-4303?fbclid=IwY2xjawGzBJ1leHRuA2FlbQIxMAABHVvoKJ_yO4LxZrTVhqmnhU_aKioG8hyKDXXnL_TaSCZTAeGThwOMgEUVVA_aem_28P4nhFH226-BSy3lCSgxQ,5.0,1.0
Everyprop Luxury Realty - Inmobiliaria Lujo El Viso Madrid,"P.º de La Habana, 8, Chamartín, 28036 Madrid, España",+34 911 23 60 02,https://www.everyprop.com/,5.0,2.0
Aguayo & Escámez,"C. de Panamá, 5, Chamartín, 28036 Madrid, España",+34 914 58 15 70,http://www.aguayoescamez.com/,4.1,678.0
Inmobiliaria Tiuna S. L.,"C. de Apolonio Morales, 23, Chamartín, 28036 Madrid, España",+34 913 45 73 32,https://tiuna.es/,4.2,6.0
El Viso Inmobiliaria,"C. del Padre Damián, 23, Chamartín, 28036 Madrid, España",+34 913 45 17 00,https://www.elvisoinmo.com/,2.8,20.0
Romsus Real Estate,"P.º de La Habana, 175, Chamartín, 28036 Madrid, España",+34 917 33 05 30,https://romsus.es/,5.0,2.0
Inmobiliaria Prosperidad Redpiso,"C. de López de Hoyos, 68, Chamartín, 28002 Madrid, España",+34 910 32 54 54,https://www.redpiso.es/oficina/inmobiliaria-prosperidad/venta,4.9,132.0
PTM Propiedades Tercer Milenio,"C. de Santiago Bernabéu, 8, 6 Dcha, Chamartín, 28036 Madrid, España",+34 629 82 87 80,http://www.ptm-inmo.com/,4.6,14.0
Personal Shopper Inmobiliario Cecilio Paniagua,"C. del Padre Damián, 42, Chamartín, 28036 Madrid, España",+34 601 11 63 14,https://ceciliopaniagua.com/,4.2,5.0
BOSS INMOBILIARIA,"P.º de La Habana, 184, LOCAL, Chamartín, 28036 Madrid, España",+34 917 45 33 00,https://www.boss-inmobiliaria.com/,,
MOVEgestiona,"C. del Gral. López Pozas, 22, 1ºA, Chamartín, 28036 Madrid, España",+34 646 79 30 87,http://www.movegestiona.es/,5.0,4.0
INMOBILIARIA EN CHAMARTIN - VENTA - COMPRA - ALQUILER - REMAX ACTION,"C. de Clara del Rey, 27, Chamartín, 28002 Madrid, España",+34 915 79 90 55,https://remaxaction.es/,4.8,42.0
Zome,"P.º de La Habana, 5, Chamartín, 28036 Madrid, España",+34 911 04 97 97,https://www.zome.es/es/contactos,5.0,1.0
JRK Solutions,"C. de Ntra. Sra. de Luján, 11, Chamartín, 28016 Madrid, España",+34 654 94 72 30,http://www.jrksolutions.es/,4.4,108.0
PROVELAEZ,"C. del Abedul, 23, Chamartín, 28036 Madrid, España",+34 652 94 37 70,,5.0,1.0
Gabinete Inmobiliario Sa,"P.º de La Habana, 19, Chamartín, 28036 Madrid, España",+34 915 62 14 14,,,
SYNCIOM Madrid,"C. del Arquitecto Gaudí, 7, Bajo 2, Chamartín, 28016 Madrid, España",+34 910 57 66 80,http://www.synciom.com/,4.5,30.0
COMPRO PROINDIVISOS Y HERENCIAS,"C. de Apolonio Morales, 10, Chamartín, 28036 Madrid, España",+34 913 15 92 04,http://www.compropisos.net/,5.0,2.0
komokala,"C. de la Buganvilla, 6, Chamartín, 28036 Madrid, España",+34 644 85 63 81,http://www.komokala.es/,3.4,41.0
Inversiones Inmobiliarias Polo de la Estrella S.L.,"P.º de La Habana, 169, Chamartín, 28036 Madrid, España",+34 913 59 18 88,,5.0,1.0
Tu Portera | Agencia Inmobiliaria Madrid,"C. de Núñez Morgado, 5, Chamartín, 28036 Madrid, España",+34 689 48 79 00,https://www.tuportera.com/,,
reines® red de inmobiliarias españolas,"C. de Potosí, 8, Chamartín, 28016 Madrid, España",+34 673 58 77 50,https://www.reines.es/chamartin,4.3,23.0
Amâbit Inmobiliaria Madrid,"C. de Montesa, 3, Salamanca, 28006 Madrid, España",+34 910 10 07 58,https://www.amabit.es/,4.8,110.0
Inmobiliaria Herrera Oria - Lacoma Redpiso,"Av del Cardenal Herrera Oria, 241, Fuencarral-El Pardo, 28035 Madrid, España",+34 911 25 20 14,https://www.redpiso.es/oficina/inmobiliaria-mirasierra-herrera-oria/venta,4.8,171.0
ESTUDIO HOME MADRID,"Av del Cardenal Herrera Oria, 243, Fuencarral-El Pardo, 28035 Madrid, España",+34 917 37 39 29,https://ehomemadrid.com/,4.8,65.0
Inmobiliaria Peñagrande Redpiso,"Av. de Monforte de Lemos, 159, Fuencarral-El Pardo, 28029 Madrid, España",+34 912 06 97 30,https://www.redpiso.es/oficina/inmobiliaria-penagrande/venta,4.8,174.0
Hola Haus - Inmobiliaria,"C/ de Magdalena Díaz, 22, 10A, Moncloa - Aravaca, 28035 Madrid, España",+34 688 86 73 67,http://www.holahausinmobiliaria.es/,5.0,36.0
Inmobiliaria GH Casas Madrid Fuentelarreyna,"C. de Ramón Gómez de la Serna, 117, Fuencarral-El Pardo, 28035 Madrid, España",+34 913 71 63 34,https://www.ghcasas.es/,4.9,12.0
Inmobiliaria Collado Villalva,"C. de La Bañeza, 41, Fuencarral-El Pardo, 28035 Madrid, España",+34 627 48 49 46,,5.0,13.0
Inmobiliaria Mimaison desde 1995. Home staging. Inmobiliaria zona Norte Madrid,"Av. de Betanzos, 91, 2°B, Fuencarral-El Pardo, 28034 Madrid, España",+34 680 93 64 50,http://www.mimaison.es/,4.7,159.0
Tu hogar 21,"Pl. de Fonsagrada, 3, Fuencarral-El Pardo, 28029 Madrid, España",+34 644 13 00 25,http://www.tuhogar21.es/,4.9,109.0
Moma Team Real Estate,"C. Leopoldo Alas Clarín, 8, Local 12, Fuencarral-El Pardo, 28035 Madrid, España",+34 914 05 91 16,https://momateamrealestate.com/,4.9,59.0
MQ Propiedades | Inmobiliaria Barrio del Pilar,"C. de Sarria, 56, Local Inmobiliaria, Fuencarral-El Pardo, 28029 Madrid, España",+34 917 36 58 23,http://www.mqpropiedades.com/,5.0,100.0
De Salas Inmobiliaria Mirasierra,"C. de Nuria, 34, Fuencarral-El Pardo, 28034 Madrid, España",+34 912 66 02 27,https://desalas.com/,4.5,44.0
Grande Real Estate,"C. de las Islas Cíes, 73, Bajo Local D, Fuencarral-El Pardo, 28035 Madrid, España",+34 910 06 80 91,http://granderealestate.es/,5.0,9.0
Visualcasa Inmobiliaria,"Pl. de Fonsagrada, 5, Local 5, Fuencarral-El Pardo, 28029 Madrid, España",+34 640 29 31 98,https://www.visualcasa.net/,5.0,104.0
Tecnocasa agencia inmobiliaria,"Av del Cardenal Herrera Oria, 245, Fuencarral-El Pardo, 28035 Madrid, España",+34 913 78 41 31,https://madrid27.tecnocasa.es/,4.4,103.0
Inmobiliaria Madrid Norte,"C. de Fermín Caballero, 70, Fuencarral-El Pardo, 28034 Madrid, España",+34 917 30 66 33,http://www.madridnorte.net/,4.7,44.0
Ficasa Barrio Del Pilar,"Av. de Betanzos, 52, Fuencarral-El Pardo, 28029 Madrid, España",+34 911 62 04 74,http://www.ficasa.es/,4.3,217.0
Venza Solución,"C. de las Islas Cíes, 17, Fuencarral-El Pardo, 28035 Madrid, España",+34 644 36 58 48,,5.0,3.0
Habitar Servicios Inmobiliarios,"C. de las Islas Cíes, 45, Fuencarral-El Pardo, 28035 Madrid, España",+34 615 12 52 59,,2.9,29.0
Inmobiliaria JC SOTO: La Paz - Barrio del Pilar - Peñagrande - Fuencarral El Pardo - Comunidad de Madrid,"C. de Fermín Caballero, 70, local 32-H, Fuencarral-El Pardo, 28034 Madrid, España",+34 917 30 72 56,http://inmobiliariajcsoto.es/,4.7,31.0
ANTILLA Grupo Inmobiliario Vaguada,"C. de Fermín Caballero, 64, Fuencarral-El Pardo, 28034 Madrid, España",+34 915 87 95 59,http://www.antilla.es/,4.6,18.0
TikTak inmobiliarias,"C. de Ramón Gómez de la Serna, 87, 4B, Fuencarral-El Pardo, 28035 Madrid, España",+34 919 38 28 77,https://www.tiktakinmobiliarias.com/,4.6,31.0
Avance,"C. de Melchor Fernández Almagro, 82, Fuencarral-El Pardo, 28029 Madrid, España",+34 917 31 43 63,https://www.avanceperito.com/,4.6,113.0
Rinsa Inversores,"C. de Valderrey, 26, Moncloa - Aravaca, 28035 Madrid, España",+34 912 57 67 67,http://rinsainversores.es/,4.2,132.0
Inmobiliaria Hidalgo y Velázquez,"C. de Melchor Fernández Almagro, 86, Fuencarral-El Pardo, 28029 Madrid, España",+34 674 61 20 10,https://www.idealista.com/pro/inmogestion-hidalgo-y-velazquez/,4.8,24.0
WGI Inmobiliaria - Barrio de la Paz (Madrid),"C. de Antonio López Aguado, 20, Fuencarral-El Pardo, 28029 Madrid, España",+34 689 92 20 08,https://wgi.es/,4.8,122.0
Tecnocasa agencia inmobiliaria,"C. de Antonio Machado, 20, local, Moncloa - Aravaca, 28035 Madrid, España",+34 912 46 04 44,https://madrid132.tecnocasa.es/,4.5,169.0
Inmogestion Alamia SL,"C. de Sarria, 56, Fuencarral-El Pardo, 28029 Madrid, España",+34 600 89 33 35,,3.4,36.0
Estudio Isla de Arosa S.L.,"C. de Fermín Caballero, 76, Fuencarral-El Pardo, 28034 Madrid, España",,,5.0,2.0
Inmobiliarias Encuentro,"C. de la Isla de Oza, 48, Moncloa - Aravaca, 28035 Madrid, España",+34 911 47 72 14,https://iencuentro.es/nosotros/red-de-agencias/,5.0,8.0
Inmobiliaria Somontes,,+34 639 30 62 85,https://somontes.es/,5.0,5.0
Tecnocasa agencia inmobiliaria,"C. de Fermín Caballero, 76, Local C, Fuencarral-El Pardo, 28034 Madrid, España",+34 917 30 22 30,https://madrid35.tecnocasa.es/,4.4,100.0
LiderPiso,"C. Chantada, 40, Fuencarral-El Pardo, 28035 Madrid, España",+34 918 79 79 14,,5.0,1.0
Testa Homes,"C. de Santiago de Compostela, 94, Fuencarral-El Pardo, 28035 Madrid, España",+34 912 81 77 01,https://www.testahomes.com/,2.8,1976.0
Tecnocasa agencia inmobiliaria,"Av. de Betanzos, 8, Fuencarral-El Pardo, 28029 Madrid, España",+34 912 24 24 12,https://madrid51.tecnocasa.es/,4.6,122.0
Tecnocasa agencia inmobiliaria,"Av. de Monforte de Lemos, 151, local 2, Fuencarral-El Pardo, 28029 Madrid, España",+34 912 30 74 24,https://madrid50.tecnocasa.es/,4.0,61.0
Tecnocasa agencia inmobiliaria,"C. de Melchor Fernández Almagro, 46, local 4, Fuencarral-El Pardo, 28029 Madrid, España",+34 917 55 68 28,https://madrid52.tecnocasa.es/,4.7,112.0
C B Sánchez Aguado C Y Fj,"C. del Marqués de Villabrágima, 34, Fuencarral-El Pardo, 28035 Madrid, España",+34 913 76 99 70,,5.0,1.0
Inus Inmobiliaria,"C. de la Senda del Infante, 28, Fuencarral-El Pardo, 28035 Madrid, España",+34 917 34 61 52,http://www.inus.es/,,
Puerta de Gredos,"C. de La Serna del Monte, Fuencarral-El Pardo, 28035 Madrid, España",+34 685 97 06 18,,,
Isla de Oza SL,"C. de la Isla de Oza, 16, Moncloa - Aravaca, 28035 Madrid, España",+34 913 73 08 39,,4.0,5.0
Tecnocasa agencia inmobiliaria,"C. de la Villa de Marín, 33, Fuencarral-El Pardo, 28029 Madrid, España",+34 917 04 75 07,https://madrid87.tecnocasa.es/,4.6,70.0
Asesoría Inmobilaria GLOBALPISO FUENCARRAL,"Calle de Ntra. Sra. de Valverde, 9, Fuencarral-El Pardo, 28034 Madrid, España",+34 918 33 60 65,http://www.globalpiso.es/inmobiliaria/fuencarral,4.7,142.0
Tecnocasa agencia inmobiliaria,"C. de San Restituto, 10, Moncloa - Aravaca, 28039 Madrid, España",+34 913 11 90 21,https://madrid25.tecnocasa.es/,4.5,49.0
GV | Real Estate,"C. de la Isla de Oza, 16, Moncloa - Aravaca, 28035 Madrid, España",+34 917 36 53 86,https://www.gvre.es/,,
ALCUADRADO INMOBILIARIAS,"C. de Isla de Formosa, 12, Fuencarral-El Pardo, 28034 Madrid, España",+34 914 42 71 37,http://www.alcuadradoinmobiliarias.es/,4.9,116.0
Tecnocasa agencia inmobiliaria,"Calle de la Virgen de Aránzazu, 26, local 3 o c, Fuencarral-El Pardo, 28034 Madrid, España",+34 910 94 05 76,https://madrid176.tecnocasa.es/,4.8,163.0
Herrerahogar,"C. de las Islas Británicas, 24, Fuencarral-El Pardo, 28034 Madrid, España",+34 917 35 97 56,http://www.herrerahogar.com/,4.2,132.0
REAL BLOR,"C. de Marbella, 59, Fuencarral-El Pardo, 28034 Madrid, España",+34 915 79 08 39,https://www.realblor.com/,5.0,48.0
Inmobiliaria Fuencarral Redpiso,"Calle de Ntra. Sra. de Valverde, 25, Fuencarral-El Pardo, 28034 Madrid, España",+34 918 25 11 97,https://www.redpiso.es/oficina/inmobiliaria-fuencarral/venta,4.7,116.0
Infocasa Soluciones Inmobiliarias,"C. de Santiago de Compostela, 32, Local 2, Fuencarral-El Pardo, 28034 Madrid, España",+34 910 11 96 18,http://www.infocasailustracion.com/,4.7,43.0
Agente Inmobiliario - Gaspar Gallego Century 21,"C. de San Modesto, 34, Fuencarral-El Pardo, 28034 Madrid, España",+34 639 78 65 23,https://agenteinmobiliarioc21.es/,5.0,10.0
Vivienda Madrid Begoña,"C. de Marcos de Orueta, 1, Fuencarral-El Pardo, 28034 Madrid, España",+34 654 19 44 53,https://viviendamadrid.com/oficina/begona-fuencarral,4.7,17.0
MillAC Consulting Inmobiliario,"C. de Sangenjo, 5, Fuencarral-El Pardo, 28034 Madrid, España",+34 682 29 29 20,https://www.cmillac.com/,5.0,26.0
GalaHomeMadrid,"Av. del Llano Castellano, 13, 2º, Fuencarral-El Pardo, 28034 Madrid, España",+34 693 23 70 95,http://galahomemadrid.es/,4.1,48.0
MMCC INMOBILIARIA,"Calle de Ntra. Sra. de Valverde, 33, Fuencarral-El Pardo, 28034 Madrid, España",+34 917 35 60 13,https://www.idealista.com/pro/mmcc,4.0,10.0
Diplomatic Realtors Madrid,"C. de Alfredo Marqueríe, 6, Fuencarral-El Pardo, 28034 Madrid, España",+34 606 80 43 55,,5.0,29.0
INMOVENTUR,"Pl. de las Islas Azores, N° 2, Local, Fuencarral-El Pardo, 28034 Madrid, España",+34 910 52 45 75,http://www.inmoventur.es/,4.3,43.0
Gallego Gestión y reforma inmobiliaria,"C. de la Isla de Arosa, 8, Fuencarral-El Pardo, 28034 Madrid, España",+34 722 24 11 19,,,
Tecnocasa agencia inmobiliaria,"C. de Sangenjo, 9, Fuencarral-El Pardo, 28034 Madrid, España",+34 912 16 39 30,https://madrid57.tecnocasa.es/,4.6,80.0
Grupo Pinilla,"1, C. de Nuria, 36, Fuencarral-El Pardo, 28034 Madrid, España",+34 917 35 60 31,https://grupopinilla.com/,4.5,113.0
Ártica 21 - Gestión Inmobiliaria Industrial Madrid,"C. de Francisco Sancha, 4, Fuencarral-El Pardo, 28034 Madrid, España",+34 912 87 76 52,https://www.artica21.es/,5.0,1.0
Sin datos,"C. de Salou, 47, Fuencarral-El Pardo, 28034 Madrid, España",+34 629 78 47 88,,5.0,1.0
NACAR INMUEBLES,"C. de Fermín Caballero, 56, 6C, Fuencarral-El Pardo, 28034 Madrid, España",+34 914 12 08 18,http://nacarinmuebles.com/,3.7,3.0
Claudio Ruben Reyes Asesor Inmobiliario,,+34 640 15 45 05,https://agente-inmobiliario-claudio-reyes.negocio.site/?utm_source=gmb&utm_medium=referral,4.8,6.0
Figeral,"Ronda del Caballero de la Mancha, 61, Fuencarral-El Pardo, 28034 Madrid, España",+34 916 51 88 11,https://figeralrealestate.com/,4.0,1.0
Administraciones Illarramendi SL,"C. Valle de Laciana, 36, Fuencarral-El Pardo, 28034 Madrid, España",+34 917 30 95 11,,5.0,2.0
T Muniz SA,"C. Afueras a Valverde, 31, Fuencarral-El Pardo, 28034 Madrid, España",+34 917 34 66 65,,5.0,1.0
Promoción y Gestión de Inmuebles C Agui,"C. Aurelio González de Gregorio, 32, Fuencarral-El Pardo, 28034 Madrid, España",+34 913 58 44 02,,,
San Lorenzo Negocios Inmobiliarios,"C. del Mar de Omán, 36, Hortaleza, 28033 Madrid, España",+34 611 05 79 15,https://www.inmosanlorenzo.es/,4.6,10.0
Inmobiliaria San Lorenzo Redpiso,"C/ de Sta. Virgilia, 29, Hortaleza, 28033 Madrid, España",+34 910 42 53 36,https://www.redpiso.es/oficina/inmobiliaria-san-lorenzo-hortaleza/venta,4.5,45.0
Civitas,"C. Bausá, 9, Cdad. Lineal, 28033 Madrid, España",+34 620 55 79 46,http://www.inmobiliariacivitas.com/,4.9,67.0
MAD Housing,"C. de Sta. Susana, 7, Hortaleza, 28033 Madrid, España",+34 633 23 30 78,,4.5,94.0
Inmobiliaria Pinar de Chamartín Redpiso,"C. de Caleruega, 17, Cdad. Lineal, 28033 Madrid, España",+34 912 30 08 81,https://www.redpiso.es/oficina/inmobiliaria-pinar-de-chamartin/venta,4.8,77.0
The 3 Keys,"C. Vía de los Poblados, 1, Edificio E, planta 3, Hortaleza, 28033 Madrid, España",+34 722 40 22 06,,5.0,33.0
Green Home Madrid,"primera plana, Av. de Bucaramanga, 2, local 236, Hortaleza, 28033 Madrid, España",,,5.0,2.0
Inmobiliaria Extra - Arturo Soria,"C. de Caleruega, 7, Cdad. Lineal, 28033 Madrid, España",+34 910 69 87 84,http://vender-piso-rapido.com/,4.8,37.0
Inmobiliaria Manoteras Redpiso,"C. de las Cuevas de Almanzora, 42, Local B, Hortaleza, 28033 Madrid, España",+34 918 31 42 51,https://www.redpiso.es/oficina/inmobiliaria-manoteras,4.6,77.0
Inmogestión Alamia Hortaleza,"Av. de San Luis, 70, local 1, Hortaleza, 28033 Madrid, España",+34 911 49 83 12,,3.0,2.0
Tecnocasa,"C. Mar Negro, 6, Hortaleza, 28033 Madrid, España",+34 910 39 45 02,https://madrid94.tecnocasa.es/inmuebles-en-venta,4.2,67.0
Confiance Asesores SL,"Centro Comercial Colombia, Av. de Bucaramanga, 2, Hortaleza, 28033 Madrid, España",+34 652 55 21 43,,5.0,1.0
Tecnocasa agencia inmobiliaria,"C. del Jazmín, 36, bajo iz, Cdad. Lineal, 28033 Madrid, España",+34 918 26 00 23,https://madrid177.tecnocasa.es/,4.8,33.0
Promociones Inmobiliarias Capital 7,"C. de Caleruega, 102, 104, Cdad. Lineal, 28033 Madrid, España",+34 914 25 03 54,https://www.capital7.es/,4.0,4.0
GILMAR Consulting Inmobiliario - Inmobiliaria Arturo Soria (Madrid),"C. de Arturo Soria, 194, Cdad. Lineal, 28033 Madrid, España",+34 917 71 77 00,https://www.gilmar.es/,3.1,7.0
SUSANA PARRA INMOBILIARIA,"C. del Golfo de Salónica, 37, Cdad. Lineal, 28033 Madrid, España",+34 615 66 85 07,https://www.susanaparra.es/,4.4,7.0
Alfa El Pinar,"C. de Caleruega, 51 nº, Cdad. Lineal, 28033 Madrid, España",+34 628 74 84 85,,5.0,1.0
Inmobiliaria Assets Capital,"C. de la Dulzaina, 6, Cdad. Lineal, 28033 Madrid, España",+34 691 20 20 73,http://www.acrespain.com/,5.0,4.0
Tecnocasa Agencia Inmobiliaria Valdebernardo,"Blvr. de José Prat, 13, Vicálvaro, 28032 Madrid, España",+34 606 92 34 99,,5.0,5.0
Inmobiliaria Valderrivas Redpiso,"Av. de la Aurora Boreal, 12, Vicálvaro, 28032 Madrid, España",+34 917 75 31 76,https://www.redpiso.es/oficina/inmobiliaria-valderribas/venta,4.5,87.0
Inmobiliaria Valdebernardo Redpiso,"Blvr. de José Prat, 29, LOCAL, Vicálvaro, 28032 Madrid, España",+34 917 51 34 83,https://www.redpiso.es/oficina/inmobiliaria-valdebernardo/venta,4.6,113.0
"Merino López, L. M.","C. de Villajimena, 16, Vicálvaro, 28032 Madrid, España",+34 913 71 90 18,,5.0,7.0
Houspa,"C. de Villablanca, 85, Vicálvaro, 28032 Madrid, España",+34 611 24 98 91,,5.0,1.0
GEDAVIV Servicios Inmobiliarios,"C. de Aquitania, 25A, San Blas-Canillejas, 28032 Madrid, España",+34 913 13 34 14,http://www.gedaviv.es/,3.3,65.0
Toscana Rooms,"España, C. de Toscana, 84 A, San Blas-Canillejas, 28032 Madrid, España",+34 630 84 72 06,https://toscanarooms.com/,5.0,5.0
Gimsal,"Av. de la Aurora Boreal, 12, Vicálvaro, 28032 Madrid, España",+34 913 05 00 55,,5.0,1.0
Residencial C/Forges,"C. Forges, Vicálvaro, 28032 Madrid, España",,,4.0,2.0
Homelikers,,+34 645 10 67 15,https://www.homelikers.com/,4.7,28.0
N & M Servicios Inmobiliarios,"C. Abad Juan Catalán, 34, 1º B, Vicálvaro, 28032 Madrid, España",+34 627 33 40 42,,,
Donde Vives - Servicios Inmobiliarios,"C. de Villablanca, 85, Vicálvaro, 28032 Madrid, España",+34 651 40 67 93,,1.0,1.0
"INMOBILIARIA MORATALAZ MADRID, NOOW Store DISTRITO. EVA DE MIGUEL TEAM","Av. del Dr. García Tapia, 216, Moratalaz, 28030 Madrid, España",+34 649 94 58 94,https://evademiguel.com/,5.0,281.0
Inmobiliaria Retiro - Pacífico | Bafre,"Av. del Mediterráneo, 32, Retiro, 28007 Madrid, España",+34 911 29 92 45,https://www.bafreinmobiliaria.es/,4.9,268.0
Rojo Pinilla Servicios Inmobiliarios S L,"Cam. de la Fuente de Arriba, 5, Vicálvaro, 28032 Madrid, España",+34 917 75 00 73,,,
Alfa Ortega Inmobiliaria Madrid,,+34 679 78 72 57,,,
Grupo Hipotecario Casas S.L.,"C. de Omega, 40, Vicálvaro, 28032 Madrid, España",+34 917 60 47 99,,,
Tecnocasa agencia inmobiliaria,"C. del Camino de los Vinateros, 81, piso 0, Moratalaz, 28030 Madrid, España",+34 911 66 94 19,https://madrid153.tecnocasa.es/,4.9,139.0
Boreal,"C/ de la Condesa de la Vega del Pozo, 8, Vicálvaro, 28032 Madrid, España",+34 913 71 97 86,,,
"MOM HOUSE, GESTIÓN INMOBILIARIA, S.L.","C. la Revoltosa, 16, Vallecas, 28031 Madrid, España",+34 912 77 46 48,http://www.momhouse2021.com/,4.7,80.0
CNI Centro de Negocios Inmobiliarios,"C. del Congosto, 19, local 1, Vallecas, 28031 Madrid, España",+34 913 31 42 82,http://www.cniinmobiliaria.net/,4.2,45.0
Inmobiliaria Congosto Redpiso,"C. del Congosto, 20, Vallecas, 28031 Madrid, España",+34 915 99 35 18,https://www.redpiso.es/oficina/inmobiliaria-congosto/venta,4.2,163.0
Home Sell Studio,"C. de San Jaime, 1, HA117, Vallecas, 28031 Madrid, España",+34 641 76 38 28,http://hsstudio.es/,4.9,55.0
Kronox,"C. de Sierra Gádor, 33, Local, Vallecas, 28031 Madrid, España",+34 913 32 42 00,https://www.inmokronox.com/,4.5,24.0
Villacasa,"C. Real de Arganda, 11, Vallecas, 28031 Madrid, España",+34 913 01 33 75,http://www.villacasa.net/,4.2,25.0
Consultoría Inmobiliaria Cortés Sl,"C. Sierra Morena, 32, Vallecas, 28031 Madrid, España",+34 614 28 24 68,http://www.consultoriainmobiliariacortes.es/,4.8,16.0
Tecnocasa Agencia Inmobiliaria Santa Eugenia,"C. de Puentelarra, 9-11, Local B2, Vallecas, 28031 Madrid, España",+34 624 66 93 81,https://www.tecnocasa.es/,5.0,7.0
Vivienda Madrid,"C. de Torremolinos, 2, Puente de Vallecas, 28018 Madrid, España",+34 913 03 25 50,http://www.viviendamadrid.com/,4.4,62.0
Inmobiliarias Encuentro,"C. de San Jaime, 44, Vallecas, 28031 Madrid, España",+34 919 42 42 31,https://iencuentro.es/,4.4,14.0
inmobiliariabafort,"C. del Congosto, Vallecas, 28031 Madrid, España",+34 910 74 17 62,,3.4,12.0
Alquiler Seguro,"C. de Sierra Gádor, 64, Vallecas, 28031 Madrid, España",+34 914 89 93 84,http://www.invermax.es/,4.5,24.0
CASA ELIAS,"C. de Puentelarra, 25, Vallecas, 28031 Madrid, España",+34 919 28 47 41,,4.3,28.0
Tecnocasa agencia inmobiliaria,"C. Riojanos, 23, s2 pta 1, Puente de Vallecas, 28018 Madrid, España",+34 915 43 45 90,https://madrid118.tecnocasa.es/,4.7,60.0
Alquiler Seguro,"P.º de Federico García Lorca, 5, Vallecas, 28031 Madrid, España",+34 910 77 57 75,https://www.alquilerseguro.es/,3.8,88.0
Juma Inmuebles S.L.,"Calle de la, C. Torre de Don Miguel, 34, nave 2, Vallecas, 28031 Madrid, España",+34 917 85 03 94,http://jumainmueblessl.com/,3.0,3.0
INMOBILIARIA JC,"C. del Congosto, 20, Vallecas, 28031 Madrid, España",+34 913 22 98 70,,,
Centro de Mayores de Santa Eugenia,"Av. de Santa Eugenia, 1A, Vallecas, 28031 Madrid, España",,,5.0,2.0
Inmobiliaria Inmoratalaz,"Av. de Moratalaz, 95, Local 2, Moratalaz, 28030 Madrid, España",+34 744 62 55 46,https://www.inmoratalaz.com/,4.8,201.0
Inmobiliaria en Moratalaz | Globalpiso Oficina,"C. del Camino de los Vinateros, 121, Moratalaz, 28030 Madrid, España",+34 918 25 12 10,https://www.globalpiso.es/inmobiliaria/moratalaz,4.8,110.0
Inmobiliaria VOhome Moratalaz,"Av. de Moratalaz, 92, Local Izquierda, Moratalaz, 28030 Madrid, España",+34 910 32 73 67,https://www.vohome.es/,4.9,106.0
David Rodríguez Agencia Inmobiliaria,"C. del Camino de los Vinateros, 165, Moratalaz, 28030 Madrid, España",+34 651 76 66 87,https://www.tiktok.com/@davidinmobiliarioo?_t=8iCMl3ZMOn2&_r=1,5.0,289.0
"Inmobiliaria Pavones - MORATALAZ, Madrid","Cl. de la Hacienda de Pavones, 239, Moratalaz, 28030 Madrid, España",+34 912 19 58 56,https://inmobiliariapavones.es/,4.9,33.0
Inmobiliaria EncuentraHogar,"C. de Molina de Segura, 9, Moratalaz, 28030 Madrid, España",+34 910 18 54 92,https://encuentrahogarmadrid.es/,4.9,109.0
Inmobiliaria Moratalaz Vinateros Redpiso,"C. del Camino de los Vinateros, 40, Moratalaz, 28030 Madrid, España",+34 912 37 51 09,https://www.redpiso.es/oficina/inmobiliaria-moratalaz-vinateros/venta,4.4,146.0
Inmobiliaria Moratalaz Plaza del Encuentro Redpiso,"Av. de Moratalaz, 115, local 7, Moratalaz, 28030 Madrid, España",+34 912 42 41 03,https://www.redpiso.es/oficina/inmobiliaria-moratalaz-plaza-del-encuentro/venta,4.5,149.0
Inmobiliarea 51,"C. de la Marroquina, 51, Moratalaz, 28030 Madrid, España",+34 625 80 84 85,http://www.inmobiliarea51.com/,5.0,30.0
ASCENT Madrid,"Av. de Moratalaz, 40, Moratalaz, 28030 Madrid, España",+34 604 96 93 32,http://www.ascentmadrid.com/,5.0,13.0
Eva Sanz Conzierta Asesoría Inmobiliaria,"C. del Camino de los Vinateros, 119, LOCAL CONZIERTA, Moratalaz, 28030 Madrid, España",+34 911 63 72 18,http://www.conzierta.es/,4.7,104.0
Soluciones Moratalaz,"C. del Arroyo Belincoso, 3, LOCAL 1, Moratalaz, 28030 Madrid, España",+34 919 35 21 65,,4.7,25.0
Tenfocasa,"Cl. de la Hacienda de Pavones, 9, Moratalaz, 28030 Madrid, España",+34 914 37 41 96,http://www.tenfocasa.com/,4.7,146.0
Experto de Hogar,"Av. de Moratalaz, Moratalaz, 28030 Madrid, España",+34 666 56 24 60,https://expertodehogar.com/,5.0,12.0
Sesmero,"C. del Camino de los Vinateros, 40, Moratalaz, 28030 Madrid, España",+34 914 37 00 12,,4.4,11.0
Inmobiliaria Moratalaz CLICKHAUS MARROQUINA,"C. del Camino de los Vinateros, 81, Local 2, Moratalaz, 28030 Madrid, España",+34 919 12 68 36,https://clickhaus.es/vende-tu-piso/,,
Enfoke Viviendas,"C. del Corregidor Alonso de Tobar, 16, Local, Moratalaz, 28030 Madrid, España",+34 912 77 32 73,https://www.enfokeviviendas.es/,4.8,50.0
Inmobiliaria Moratalaz Artilleros Redpiso,"C. del Camino de los Vinateros, 171, Local 2, Moratalaz, 28030 Madrid, España",+34 913 71 33 70,https://www.redpiso.es/oficina/inmobiliaria-moratalaz-artilleros/venta,4.1,71.0
ALPHAHOGARES ARTILLEROS,"C. del Camino de los Vinateros, 167, Moratalaz, 28030 Madrid, España",+34 917 51 35 99,http://alphahogares.com/,4.3,95.0
Tecnocasa agencia inmobiliaria,"C. del Arroyo de las Pilillas, 8, local 3, Moratalaz, 28030 Madrid, España",+34 910 32 70 93,https://madrid149.tecnocasa.es/madrid/moratalaz-marroquina/,4.8,79.0
Tecnocasa agencia inmobiliaria,"C. del Corregidor Alonso de Tobar, 13, Moratalaz, 28030 Madrid, España",+34 911 13 80 75,https://madrid126.tecnocasa.es/,4.8,134.0
SERVICIOS INMOBILIARIOS MORATALAZ REALTY S.L.,"Av. del Dr. García Tapia, 133, Moratalaz, 28030 Madrid, España",+34 913 01 54 70,http://www.realtysl.com/,3.5,57.0
Ricardo Bohórquez- Agente Inmobiliario en eXp Realty,"C. del Arroyo Belincoso, 4, Moratalaz, 28030 Madrid, España",+34 615 24 22 80,http://ricardobohorquezasesor.com/,4.6,11.0
Tecnocasa Agencia Inmobiliaria,"Av. del Dr. García Tapia, 157, local 6, Moratalaz, 28030 Madrid, España",+34 910 40 72 88,https://madrid219.tecnocasa.es/,5.0,48.0
Aunar Asesores,"C. del Camino de los Vinateros, 165, Moratalaz, 28030 Madrid, España",+34 917 72 68 63,https://www.aunarasesores.es/,4.4,61.0
Alquiler Seguro,"C. del Camino de los Vinateros, 83, Moratalaz, 28030 Madrid, España",+34 910 77 57 75,https://www.alquilerseguro.es/,4.5,283.0
Propietas González Servicios Inmobiliarios,"Av. de Moratalaz, 162, Moratalaz, 28030 Madrid, España",+34 914 30 25 97,,3.1,27.0
Tecnocasa agencia inmobiliaria,"Cl. de la Hacienda de Pavones, 235, Local 3, Moratalaz, 28030 Madrid, España",+34 910 46 79 69,https://madrid129.tecnocasa.es/madrid/moratalaz-pavones,4.7,62.0
Tecnocasa agencia inmobiliaria,"C. del Camino de los Vinateros, 111, Moratalaz, 28030 Madrid, España",+34 910 52 84 03,https://madrid95.tecnocasa.es/,4.2,69.0
GESTION INMOBILIARIA MORATALAZ CHD SL,"C. Mérida, 8, Moratalaz, 28030 Madrid, España",+34 640 25 59 21,,3.7,3.0
Accion Inmobiliaria,"Cl. de la Hacienda de Pavones, 5, Moratalaz, 28030 Madrid, España",,,5.0,1.0
Augusto Teruel (Perito judicial en valoraciones - Agente inmobiliario REMAX),"C. del Corregidor Juan de Bobadilla, 38, Moratalaz, 28030 Madrid, España",+34 646 47 95 03,http://www.atperito.es/,5.0,5.0
Gestiones Inmobiliarias Raisa,"C. del Camino de los Vinateros, 78, Moratalaz, 28030 Madrid, España",+34 914 37 50 61,,2.3,19.0
Alfa Mafyc,"Pl. Corregidor Sancho de Córdoba, 3, Moratalaz, 28030 Madrid, España",+34 914 30 14 44,,4.4,5.0
2X2 Remax Team,"C. del Corregidor Juan de Bobadilla, 38, 3 A, Moratalaz, 28030 Madrid, España",+34 646 47 95 03,https://2x2teamremax.wixsite.com/2x2teamremax,5.0,11.0
Tuinmueble.net,"C. del Camino de los Vinateros, 106, Moratalaz, 28030 Madrid, España",+34 919 94 75 46,https://www.tuinmueble.net/,,
Tessamer Inmuebles S.L.,"C. del Corregidor Diego de Valderrábano, 17, Moratalaz, 28030 Madrid, España",+34 914 30 94 75,,,
VB EXCELLENT,"C. de Valdebernardo, 14, Moratalaz, 28030 Madrid, España",+34 663 32 05 67,https://vbexcellent.com/,5.0,5.0
Grupo Mgm Corepo S L,"C. Entre Arroyos, 31, Moratalaz, 28030 Madrid, España",+34 607 91 21 89,,5.0,1.0
Inmovaleria,"Cl. de la Hacienda de Pavones, Moratalaz, 28030 Madrid, España",+34 624 12 06 48,https://inmovaleria.com/,,
Coaching inmobiliario,"C. de la Marroquina, 90, LOC3, Moratalaz, 28030 Madrid, España",+34 913 28 83 43,,,
Inmobiliaria Barrio La Estrella Redpiso,"C. del Dr. Esquerdo, 89, Retiro, 28007 Madrid, España",+34 911 92 09 91,https://www.redpiso.es/oficina/inmobiliaria-barrio-la-estrella/venta,4.6,54.0
Carlos Súnico | Consultor Inmobiliario en NOOW | Arquitecto,"Av. del Dr. García Tapia, 216, Moratalaz, 28030 Madrid, España",+34 621 03 21 06,https://noow.es/,5.0,5.0
InmoRenta | Inmobiliaria de venta y alquiler seguro Madrid,"Av. del Marqués de Corbera, 22, Cdad. Lineal, 28017 Madrid, España",+34 911 13 12 41,https://inmorenta.es/,4.2,112.0
Inmobiliaria Barrio del Pilar Redpiso,"C. de Melchor Fernández Almagro, 54, Fuencarral-El Pardo, 28029 Madrid, España",+34 917 39 48 94,https://www.redpiso.es/oficina/inmobiliaria-barrio-del-pilar/venta,4.4,166.0
Ficasa La Vaguada,"C. de Melchor Fernández Almagro, 62, Fuencarral-El Pardo, 28029 Madrid, España",+34 912 01 75 63,http://www.ficasa.es/,4.5,31.0
REMAX Sol Servicios Inmobiliarios en Madrid,"C. de Melchor Fernández Almagro, 60, local 1, Fuencarral-El Pardo, 28029 Madrid, España",+34 611 65 07 12,https://sites.google.com/remax.es/www-sol-remax-es/home,5.0,26.0
MillAC Consulting Inmobiliario,"C. de Sarria, 54, Local, Fuencarral-El Pardo, 28029 Madrid, España",+34 915 77 52 20,http://www.cmillac.com/,4.8,73.0
Alfa Inmobiliaria,"C. de La Bañeza, 15, Fuencarral-El Pardo, 28029 Madrid, España",+34 913 73 40 46,http://www.alfailustracion.com/,5.0,5.0
L&R BIENES RAICES,"C. de Melchor Fernández Almagro, 101, Fuencarral-El Pardo, 28029 Madrid, España",+34 912 42 12 65,https://www.lrbienesraices.com/,4.2,54.0
Inmobiliaria Ferrol 22,"Av. de El Ferrol, 25, Fuencarral-El Pardo, 28029 Madrid, España",+34 910 41 14 26,https://www.inmobiliariaferrol22.com/,4.2,17.0
Mundhogar Consulting,"Av. de Asturias, 15, Tetuán, 28029 Madrid, España",+34 910 80 97 90,http://www.mundhogar.com/,4.7,139.0
Inmobiliaria en Madrid - Mercado Latinoamericano - Eduardo Salgado Consultor Inmobiliario,"Av. de Monforte de Lemos, 170, Fuencarral-El Pardo, 28029 Madrid, España",+34 613 91 54 41,,5.0,7.0
Empresas de Reformas - TUCASA,"C. de Melchor Fernández Almagro, 80, Fuencarral-El Pardo, 28029 Madrid, España",+34 625 90 18 29,https://linktr.ee/reformastucasa,4.3,91.0
VENETA Inmobiliaria,"C. Pinos Alta, 37, Tetuán, 28029 Madrid, España",+34 913 14 34 16,http://www.veneta.es/,4.5,46.0
Alquiler Seguro,"Av. de Betanzos, 19, Fuencarral-El Pardo, 28029 Madrid, España",+34 910 77 57 75,http://www.alquilerseguro.es/,4.3,309.0
ADG HOME Real Estate,"C. del Capitán Blanco Argibay, 43, Tetuán, 28029 Madrid, España",+34 913 76 53 46,https://adgrealestate.es/,5.0,30.0
ImNova Homes,"C. del Capitán Blanco Argibay, 84, Bajo 6, Tetuán, 28029 Madrid, España",+34 634 10 38 56,https://imnovahomes.orbidi.online/,5.0,26.0
"AGISA - Administración General de Inmuebles, S.A.","C. de Melchor Fernández Almagro, 78, Fuencarral-El Pardo, 28029 Madrid, España",+34 917 30 46 92,,2.8,116.0
Tecnocasa agencia inmobiliaria,"C. Viña Virgen, 1, Tetuán, 28029 Madrid, España",+34 911 28 43 14,https://madrid107.tecnocasa.es/,4.5,42.0
AGISA - Administración General de Inmuebles S.A.,"Pl. de Tuy, 14, Fuencarral-El Pardo, 28029 Madrid, España",+34 917 30 05 78,,2.7,181.0
MQ REAL ESTATE LUXURY International Consultants,"C. del Dr. Esquerdo, 39, Salamanca, 28028 Madrid, España",+34 911 62 28 38,http://www.mqrealestateluxury.com/,4.8,84.0
AS Real Estate,"C. del Pilar de Zaragoza, 108, Salamanca, 28028 Madrid, España",+34 914 89 93 84,http://www.asre.es/,4.7,83.0
Top Properties,"C. Alcalá, 204, Salamanca, 28028 Madrid, España",+34 919 40 27 02,http://toppropertiesspain.com/,5.0,117.0
"Inmobiliaria Parque de las Avenidas, Tecnocasa","Av. de Bruselas, 47, local pb, Salamanca, 28028 Madrid, España",+34 917 26 38 83,https://madrid73.tecnocasa.es/,5.0,53.0
Inmobiliarias Encuentro,"C. de Cartagena, 49, Salamanca, 28028 Madrid, España",+34 915 61 94 14,https://iencuentro.es/nosotros/red-de-agencias/,4.8,85.0
NOOW | Espacio URBAN | Inmobiliaria,"C. de Azcona, 60, Salamanca, 28028 Madrid, España",+34 918 27 81 91,https://noow.es/,4.9,70.0
Inmobiliaria Guindalera - Cartagena Redpiso,"C. de Cartagena, 18, Salamanca, 28028 Madrid, España",+34 915 46 54 53,https://www.redpiso.es/oficina/inmobiliaria-guindalera-cartagena/venta,4.3,54.0
DB Servicios Inmobiliarios Ventas,"C. de Alejandro González, 2, Salamanca, 28028 Madrid, España",+34 656 28 93 82,https://www.dbserviciosinmobiliarios.es/,5.0,8.0
Conectando Propiedades,"Av. de Bruselas, 59, Salamanca, 28028 Madrid, España",+34 661 45 45 96,https://www.conectandopropiedades.com/,5.0,17.0
🥇 UBICASA | Inmobiliaria Barrio de Salamanca MADRID,"C. de Montesa, 29, Salamanca, 28006 Madrid, España",+34 912 77 45 87,http://www.ubicasa.es/,4.8,103.0
Tecnocasa agencia inmobiliaria,"C. de Cartagena, 56, bajo dcha, Salamanca, 28028 Madrid, España",+34 623 99 32 05,https://madrid205.tecnocasa.es/,5.0,55.0
Inmobiliaria Parque de las Avenidas Redpiso,"Av. de Bruselas, 52, Salamanca, 28028 Madrid, España",+34 910 61 04 10,https://www.redpiso.es/oficina/inmobiliaria-parque-de-las-avenidas/venta,4.7,62.0
Inmobiliaria Vivienda Directing - Barrio Salamanca - Madrid,"C/ de Francisco Silvela, 56A, Salamanca, 28028 Madrid, España",+34 914 36 11 99,http://directing.es/,4.3,12.0
Inmobiliaria Fuente del Berro Redpiso,"P.º del Marqués de Zafra, 2, Salamanca, 28028 Madrid, España",+34 911 63 93 59,https://www.redpiso.es/oficina/inmobiliaria-fuente-del-berro/venta,4.8,235.0
MH Real Estate,"C. de Ruiz Perelló, 6, Salamanca, 28028 Madrid, España",+34 910 94 50 74,https://mhrealestate.es/,4.6,31.0
Gestión Inmobiliaria Just Chillin - Madrid,"Av. de América, 8, Salamanca, 28028 Madrid, España",+34 645 78 96 40,https://www.justchillin.es/,4.6,20.0
SPACIO BARCELÓ,"C. del Marqués de Monteagudo, 20 Despacho 5, Salamanca, 28028 Madrid, España",+34 910 00 25 53,http://www.spaciobarcelo.com/,4.6,40.0
Tecnocasa agencia inmobiliaria,"C. de Cartagena, 27, Salamanca, 28028 Madrid, España",+34 913 61 54 88,https://madrid60.tecnocasa.es/,4.6,52.0
VendoYO,"Av. de Bruselas, Nº40, 3ºD, Salamanca, 28028 Madrid, España",+34 911 26 44 60,,4.9,14.0
Jorsa Inmobiliaria & Abogados,"C/ de Francisco Silvela, 70, Salamanca, 28028 Madrid, España",+34 917 26 15 03,,3.7,53.0
Veiranda,"C. Lanuza, 4, Salamanca, 28028 Madrid, España",+33 7 66 85 25 90,https://www.veiranda.com/,5.0,2.0
Inmobiliaria Barrio de Salamanca Redpiso,"Calle de Diego de León, 20, Salamanca, 28006 Madrid, España",+34 912 97 40 67,https://www.redpiso.es/oficina/inmobiliaria-barrio-de-salamanca/venta,5.0,85.0
FS34homes,"C/ de Francisco Silvela, 34, Salamanca, 28028 Madrid, España",+34 650 47 63 47,https://www.fs34homes.com/,4.9,58.0
Grupo Inmobilia,"C. de Montesa, 23, Salamanca, 28006 Madrid, España",+34 910 32 64 83,https://www.grupoinmobilia.com/,4.8,435.0
Tecnocasa agencia inmobiliaria,"P.º del Marqués de Zafra, 9, Salamanca, 28028 Madrid, España",+34 913 61 38 80,https://madrid46.tecnocasa.es/,4.5,114.0
URBALIAN,"C. de Cartagena, 7, Salamanca, 28028 Madrid, España",+34 912 99 82 77,http://urbalian.com/,4.1,10.0
José Tomás Febrel Asesor inmobiliario,"C. de Azcona, 60, Salamanca, 28028 Madrid, España",+34 609 13 58 02,https://www.noow.es/,5.0,6.0
Brickbro - Nº1 Especialistas en Locales,"C/ de Francisco Silvela, 42, Edificio Utopicus, Salamanca, 28028 Madrid, España",+34 911 23 64 16,https://www.brickbro.com/es,4.7,32.0
JORGE JUAN SERVICIOS INMOBILIARIOS,"C. de Jorge Juan, 124, Salamanca, 28028 Madrid, España",+34 614 26 95 38,,3.0,4.0
Inmobiliaria El Carmen Redpiso,"C. Alcalá, 242, Cdad. Lineal, 28027 Madrid, España",+34 914 03 20 05,https://www.redpiso.es/oficina/inmobiliaria-el-carmen/venta,4.8,109.0
Alquiler Plus,"C/ de Francisco Silvela, 36, 1º 9, Salamanca, 28028 Madrid, España",+34 915 69 57 58,http://www.alquilerplus.es/,4.1,220.0
Gesvivienda,"Av. de América, 8, Salamanca, 28028 Madrid, España",+34 988 65 01 82,http://www.gesvivienda.com/,5.0,2.0
Häuser Atelier | Consultores Inmobiliarios,"Calle de Goya, 115, Planta 2ª, Oficina 217, Salamanca, 28009 Madrid, España",+34 911 44 63 17,http://hauseratelier.com/,4.8,82.0
AXIS PROPERTY,"Calle Ntra. Sra. de Guadalupe, 8. Local P.Baja, C. de Ntra. Sra. de Guadalupe, 8, Local P.Baja, Salamanca, 28028 Madrid, España",+34 915 24 57 12,http://www.axisproperty.es/,5.0,6.0
Inmobiliaria Salamanca Goya Redpiso,"C. Alcalá, 195, Salamanca, 28009 Madrid, España",+34 912 97 79 00,https://www.redpiso.es/oficina/inmobiliaria-salamanca-goya/venta,4.6,117.0
The Agency | Inmobiliaria en Madrid | Barrio Salamanca,"C. de José Ortega y Gasset, 20, Salamanca, 28006 Madrid, España",+34 919 93 03 43,http://www.theagencyspain.es/,5.0,12.0
Tutela Legal Inmobiliaria,"C/ del Dr. Gómez Ulla, 22, Salamanca, 28028 Madrid, España",+34 629 02 20 67,,,
Ivory Homes,"C. del Gral. Oráa, 82, Salamanca, 28006 Madrid, España",+34 915 64 55 53,https://www.ivoryhomes.es/?utm_source=google&utm_medium=organic&utm_campaign=google_business_profile,4.8,130.0
El Parque Inmobiliario de Inversiones S.L,"Av. de Brasilia, 9, Salamanca, 28028 Madrid, España",+34 913 55 68 92,,3.3,13.0
KATHOME Avenida de América,"Av. de América, 12, Salamanca, 28028 Madrid, España",+34 912 53 54 91,https://www.kathome.es/,5.0,3.0
Ten Piso Alcalá gestión inmobiliaria.,"C. Alcalá, 404 bis, 1º 1, Cdad. Lineal, 28027 Madrid, España",+34 639 22 63 09,http://www.tenpisoalcala.com/,4.8,154.0
Tengotucasa,"C. Alcalá, 295, Cdad. Lineal, 28027 Madrid, España",+34 918 98 50 17,http://tengotucasa.es/,4.7,503.0
Inmobiliaria Pueblo Nuevo Redpiso,"C. Alcalá, 421, Cdad. Lineal, 28027 Madrid, España",+34 918 31 56 18,https://www.redpiso.es/oficina/inmobiliaria-pueblo-nuevo/venta,4.8,97.0
Inmobiliaria VOhome Quintana,"C. Alcalá, 339, local 14, Cdad. Lineal, 28027 Madrid, España",+34 911 13 88 58,http://www.vohome.es/,4.7,135.0
Mundesa inmobiliaria SL.,"C. de la Virgen del Coro, 17, Cdad. Lineal, 28027 Madrid, España",+34 919 47 82 23,https://mundesa.com/,5.0,17.0
Inmobiliaria Ciudad Lineal - Quintana Redpiso,"C. Alcalá, 349, Cdad. Lineal, 28027 Madrid, España",+34 913 67 66 48,https://www.redpiso.es/oficina/inmobiliaria-quintana/venta,4.6,92.0
Tengotucasa,"C. Hermanos de Pablo, 12, Cdad. Lineal, 28027 Madrid, España",+34 914 07 20 61,https://tengotucasa.es/,4.8,353.0
Señor Piso,"C. del Dr. Vallejo, 12, Cdad. Lineal, 28027 Madrid, España",+34 692 60 20 63,https://senorpiso.com/,4.7,62.0
Inmobiliaria Internacional CPM,"C. Hernández de Tejada, 12, Cdad. Lineal, 28027 Madrid, España",+34 910 25 97 42,http://casaspisosmadrid.com/contacto-2/,4.1,187.0
VES Propiedades,"C. de la Condesa de Venadito, 1, Cdad. Lineal, 28027 Madrid, España",+34 636 10 12 38,https://vespropiedades.com/,5.0,53.0
Tecnocasa Estudio Donostiarra S.L.,"Av. Donostiarra, 12, tienda 6, Cdad. Lineal, 28027 Madrid, España",+34 910 22 27 04,https://madrid108.tecnocasa.es/,4.8,121.0
Mejocasa Ciudad Lineal,"C. de José del Hierro, 44, Cdad. Lineal, 28027 Madrid, España",+34 914 07 14 46,https://mejocasa.es/?utm_source=Google+My+Business&utm_medium=clicweb&utm_campaign=Mejocasa+Ciudad+Lineal,4.6,69.0
Estables Inmobiliaria,"Av. Donostiarra, 22, Cdad. Lineal, 28027 Madrid, España",+34 634 24 52 20,http://www.establesinmobiliaria.com/,4.1,70.0
Tengotucasa,"C. Virgen del Sagrario, 23, Cdad. Lineal, 28027 Madrid, España",+34 919 07 45 74,https://tengotucasa.es/,4.8,105.0
Inmobiliaria en Madrid - Tecnocasa Consulting El Salvador Sl,"C. del Gral. Aranaz, 1, local, Cdad. Lineal, 28027 Madrid, España",+34 665 34 30 07,https://madrid220.tecnocasa.es/,5.0,25.0
Inmobiliaria Quintana Madrid,"C. Virgen del Sagrario, 20, Cdad. Lineal, 28027 Madrid, España",+34 603 48 51 72,,,
Inmobiliaria Ciudad Lineal - Ascao Redpiso,"C. de Emilio Ferrari, 56, Cdad. Lineal, 28017 Madrid, España",+34 912 33 55 82,https://www.redpiso.es/oficina/inmobiliaria-ciudad-lineal-ascao/venta,4.7,75.0
Gestoría Arcas Inmobiliaria,"Calle Alcalde López Casero, 18, Local, Cdad. Lineal, 28027 Madrid, España",+34 911 53 68 46,http://www.gestoriaarcas.com/,4.2,35.0
Maure Inmobiliaria,"C. Virgen de la Alegría, 19, local 5, Cdad. Lineal, 28027 Madrid, España",+34 914 07 08 41,https://www.maureinmobiliaria.net/,3.4,26.0
Tecnocasa agencia inmobiliaria,"C. de Fco. Villaespesa, 19, Cdad. Lineal, 28017 Madrid, España",+34 911 47 69 30,https://madrid161.tecnocasa.es/,4.7,115.0
Frayma Inmobiliaria,"C. de Emilio Gastesi Fernández, 2, Cdad. Lineal, 28027 Madrid, España",+34 910 82 01 64,http://www.frayma-inmobiliaria.com/,3.9,28.0
Inmobiliarias Encuentro,"C. de Aristóteles, 1, Cdad. Lineal, 28027 Madrid, España",+34 919 39 51 51,https://iencuentro.es/nosotros/red-de-agencias/,4.9,35.0
Inmobiliaria Tecnocasa Ciudad Lineal - Ascao Agencia,"C. de Emilio Ferrari, 33, local, Cdad. Lineal, 28017 Madrid, España",+34 635 60 33 45,https://madrid7.tecnocasa.es/madrid/ciudadlineal-pueblonuevo/valoracion-inmuebles,4.2,121.0
Elías Real Estate,"C. Virgen de la Paz, 12, Cdad. Lineal, 28027 Madrid, España",+34 675 18 13 46,https://eliasrealestate.es/,4.3,6.0
Canaima Inmobiliaria,"C. de Amara, 3, Cdad. Lineal, 28027 Madrid, España",+34 670 64 71 48,http://www.canaimainmobiliaria.com/,5.0,1.0
Inmodar,"C. Virgen del Sagrario, 8, Cdad. Lineal, 28027 Madrid, España",+34 914 08 68 86,http://www.inmodar.es/,3.2,40.0
Ferpra,"C. Alcalá, 421, Cdad. Lineal, 28027 Madrid, España",+34 669 45 43 37,http://ferpra.com/,3.4,46.0
Tecnocasa agencia inmobiliaria,"C. de Ezequiel Solana, 114, Cdad. Lineal, 28017 Madrid, España",+34 912 87 07 06,https://madrid38.tecnocasa.es/,4.7,118.0
Tecnocasa agencia inmobiliaria,"C. de Esteban Mora, 47, Local 4, Cdad. Lineal, 28027 Madrid, España",+34 912 33 82 87,https://madrid54.tecnocasa.es/,4.4,225.0
Rent & Buy Agentes Inmobiliarios,"C. de López de Aranda, 22, San Blas-Canillejas, 28027 Madrid, España",+34 913 20 32 25,http://www.realfloow.com/,4.6,114.0
Tecnocasa agencia inmobiliaria,"C. de Aristóteles, 7, local 1, Cdad. Lineal, 28027 Madrid, España",+34 654 01 44 99,https://madrid196.tecnocasa.es/,4.7,68.0
CLICKHAUS CIUDAD LINEAL,"C. Hermanos de Pablo, 10, Cdad. Lineal, 28027 Madrid, España",+34 636 11 74 98,https://www.clickhaus.es/,4.4,26.0
Tecnocasa agencia inmobiliaria,"C. de Ricardo Ortiz, 29, Cdad. Lineal, 28017 Madrid, España",+34 912 40 15 99,https://madrid144.tecnocasa.es/,4.2,77.0
Mariela Ramos Realtor en Madrid,"C. de Torrelaguna, Cdad. Lineal, 28027 Madrid, España",+34 747 85 01 66,https://homenow.es/,5.0,1.0
Alquiler Seguro,"C. Alcalá, 333, Cdad. Lineal, 28027 Madrid, España",+34 910 77 57 75,http://www.alquilerseguro.es/,4.2,380.0
InmoMadrid,"Calle Alcalde López Casero, 5, Cdad. Lineal, 28027 Madrid, España",+34 914 30 22 20,http://www.grupoinmomadrid.es/,4.0,26.0
Adrisa Siete S.L.,"C. Germán Pérez Carrasco, 63, Cdad. Lineal, 28027 Madrid, España",+34 913 81 72 40,,4.2,6.0
San Román,"Av. Donostiarra, 27, Cdad. Lineal, 28027 Madrid, España",+34 910 23 50 21,,5.0,1.0
Market Immobiliario Madrid,"C. de Zigia, 3, Cdad. Lineal, 28027 Madrid, España",,,4.0,4.0
Rookie In Town: Gestión de activos inmobiliarios,"C. de Martínez Villergas, 49, Planta Oficina 154, Cdad. Lineal, 28027 Madrid, España",+34 617 07 39 25,https://www.rookieintown.com/,4.0,178.0
Inmobiliaria Usera - Bafre,"C. de Marcelo Usera, 101, 2º planta, Oficina 4, Usera, 28026 Madrid, España",+34 910 28 09 73,http://www.bafreinmobiliaria.es/,4.6,320.0
Usera Proyectos Inmobiliarios,"C. de Marcelo Usera, 108, Usera, 28026 Madrid, España",+34 919 35 11 23,https://www.useraproyectos.es/,4.9,59.0
"Mundoarea gestión inmobiliaria, S.L.","Calle de Antonio López, 154, bajos 4-5, Usera, 28026 Madrid, España",+34 625 40 54 19,https://mundoarea.com/,4.8,93.0
Tecnorete agencia inmobiliaria,"C. de Marcelo Usera, 140, pb loc b, Usera, 28026 Madrid, España",+34 910 46 38 48,https://madrid1.tecnorete.es/,5.0,8.0
Tecnocasa Agencia Inmobiliaria ESTUDIO ALMENDRALES,"C. de Marcelo Usera, 42, local 3, Usera, 28026 Madrid, España",+34 913 92 04 45,https://madrid32.tecnocasa.es/,4.7,265.0
ESTUDIO INMOBILIARIO MADRID RÍO S.L,"C. Matilde Gayo, 7, local 2, Usera, 28026 Madrid, España",+34 912 22 89 16,https://madrid112.tecnocasa.es/,4.7,74.0
Inmobiliaria Usera Redpiso,"C. de Marcelo Usera, Nº 12, Usera, 28026 Madrid, España",+34 915 00 05 83,https://www.redpiso.es/oficina/inmobiliaria-usera-madrid-rio/venta,3.8,59.0
Agenzia Immobiliare Tempocasa Madrid Usera,"C. de Gabriel Usera, 27, Usera, 28026 Madrid, España",+34 673 60 42 17,https://www.tempocasa.es/es,4.9,12.0
Fincas Cima Usera Consulting Inmobiliario SL,"Av. de Rafaela Ybarra, 8, Usera, 28026 Madrid, España",+34 915 65 00 99,http://www.fincascima.com/,4.3,46.0
VENDIENDO MADRID,"C. de Marcelo Usera, 119, LOCAL, Usera, 28026 VIVIENDA, Madrid, España",+34 637 57 33 73,,5.0,5.0
恒德地业 Éticasa Servicios Inmobiliarios,"C. de Marcelo Usera, 84, Usera, 28026 Madrid, España",+34 910 25 20 92,,4.1,44.0
Hismad Gestion,"C. de Ferroviarios, 26, Usera, 28026 Madrid, España",+34 910 33 85 27,http://www.hismad.com/,5.0,3.0
Inmobiliaria Plaza Elíptica Redpiso,"Av. de Rafaela Ybarra, 4, Usera, 28026 Madrid, España",+34 912 97 10 74,https://www.redpiso.es/oficina/inmobiliaria-plaza-eliptica/venta,4.2,41.0
Estasencasa.es,"C. de Mariano Vela, 16, Usera, 28026 Madrid, España",+34 919 31 17 59,https://estasencasa.es/quienes-somos/,4.1,10.0
Tecnocasa agencia inmobiliaria,"C. de Manuel Noya, 23, local, Usera, 28026 Madrid, España",+34 911 25 44 56,https://madrid75.tecnocasa.es/,4.6,109.0
Tecnocasa agencia inmobiliaria,"Av. de Rafaela Ybarra, 3, Usera, 28026 Madrid, España",+34 910 23 19 93,https://madrid63.tecnocasa.es/,4.2,25.0
"San Isidro Gestion SL, Madrid","Calle de Antonio López, 47, Carabanchel, 28019 Madrid, España",+34 910 24 22 13,https://sanisidrogestion.es/,4.8,195.0
Asian Consulting,"C. de Marcelo Usera, 76, Usera, 28026 Madrid, España",+34 914 44 62 18,http://www.asianconsulting.es/,3.6,20.0
Vivalta Inmobiliaria Madrid,"Calle del Gral. Ricardos, 27, Carabanchel, 28019 Madrid, España",+34 914 72 86 40,http://www.vivalta.es/,4.8,308.0
"Amor Hermoso 19, S.L.","C. del Amor Hermoso, 19, Usera, 28026 Madrid, España",+34 644 06 02 57,https://www.amorhermoso19.es/,4.5,2.0
Venta de tu casa,"Calle de Antonio López, 140, Usera, 28026 Madrid, España",+34 637 81 93 57,https://ventadetucasa.com/,5.0,5.0
"Asesoria Inmobiliaria C/ Gabriel Ruiz, 15","C. de Isabelita Usera, 26, Usera, 28026 Madrid, España",+34 914 76 64 00,,,
TodoMadridFm Inmobiliaria,"Av. de Oporto, 6, Carabanchel, 28019 Madrid, España",+34 911 63 41 58,http://todomadridfm.com/,4.9,103.0
ebeka home,"Calle de Antonio López, Usera, 28026 Madrid, España",+34 618 55 97 58,http://ebekahome.es/,5.0,2.0
Inmobiliaria Marqués de Vadillo - Madrid Río Redpiso,"Calle del Gral. Ricardos, 26, Local 3, Carabanchel, 28019 de, Madrid, España",+34 911 92 10 03,https://www.redpiso.es/oficina/inmobiliaria-marques-de-vadillo-madrid-rio/venta,4.6,140.0
La Nuba Group,"Calle de Antonio López, 101, Entreplanta, Usera, 28026 Madrid, España",+34 651 72 55 32,https://lanubagroup.com/,5.0,1.0
Cartelex,"Calle de Antonio López, 135, Usera, 28026 Madrid, España",+34 914 76 50 25,,4.8,4.0
18 de Junio Promociones Inmobiliarias S. L.,"C. de Ferroviarios, 70, Usera, 28026 Madrid, España",+34 912 22 85 40,,3.0,2.0
Agencia Asia Hoe Inmobiliaria,"C. de Dolores Barranco, 9, Usera, 28026 Madrid, España",,,,
Nuevo Hogar Consulting Inmobiliaria S L,"C. Esmeralda, 17, Usera, 28026 Madrid, España",+34 915 00 00 59,,1.0,1.0
Y&J Servicio Inmobiliaria,"C. de Dolores Barranco, 7, Usera, 28026 Madrid, España",+34 613 18 79 33,,,
Tecnocasa agencia inmobiliaria,"Calle de Antonio López, 51, Carabanchel, 28019 Madrid, España",+34 912 53 56 10,https://madrid119.tecnocasa.es/,4.7,164.0
Linkcasa servicio inmobiliario,"Calle del Gral. Ricardos, 85, Carabanchel, 28019 Madrid, España",+34 910 53 38 44,http://www.linkcasa.es/,4.1,70.0
Bossen Inmobiliaria Y Financiación,"C. de Nicolás Sánchez, 50, Usera, 28026 Madrid, España",,,1.0,1.0
Inmobiliaria azian consultin,"C. de Marcelo Usera, 66, Usera, 28026 Madrid, España",,,,
Justine Apartments: apartamentos turísticos en Madrid Río,"Calle de los Monederos, 15, Planta 0, Usera, 28026 Madrid, España",+34 911 38 51 63,https://www.justineapartments.com/,4.8,34.0
Q21 Real Estate,"Calle de Antonio López, 199, Usera, 28026 Madrid, España",+34 916 81 69 74,https://q21realestate.es/,1.0,3.0
API CARABANCHEL Inmobiliaria,"20,, C. del Pelicano, 18, Carabanchel, 28025 Madrid, España",+34 915 25 54 11,,5.0,5.0
Buy & Sell Servicios Inmobiliarios,"Calle del Gral. Ricardos, 103, Carabanchel, 28019 Madrid, España",+34 914 71 44 42,,4.9,197.0
Victores Home,"P.º de Marcelino Camacho, 9, Carabanchel, 28025 Madrid, España",+34 650 02 70 27,http://www.victoreshome.com/,4.6,49.0
LA CASA agency URGEL,"Calle del Gral. Ricardos, 110, Carabanchel, 28019 Madrid, España",+34 910 60 37 74,https://www.lacasa.net/inmobiliarias/124-punto-urgel-s-l,4.9,333.0
Bon Hogar Asesores Inmobiliarios,"Calle del Gral. Ricardos, 192, Carabanchel, 28025 Madrid, España",+34 914 65 05 81,http://www.bonhogar.com/,4.0,160.0
Pleno Inmobiliaria,"Pl. Tarifa, 4, Carabanchel, 28025 Madrid, España",+34 910 54 48 96,https://www.plenoinmobiliaria.com/,4.9,11.0
CARGESA-CALLE PRINCIPAL. INMOBILIARIA / FINANCIERA,"C. Jilguero, 1, Local 1, Carabanchel, 28025 Madrid, España",+34 622 31 51 83,,5.0,18.0
Negohome,"Calle de Antonio López, 56, Carabanchel, 28019 Madrid, España",+34 656 53 32 99,https://negohome.com/,4.7,271.0
Inmobiliaria Zona Oporto Redpiso,"C. de Argüeso, 38, Carabanchel, 28025 Madrid, España",+34 914 69 11 39,https://redpiso.es/oficina/inmobiliaria-carabanchel-oporto/venta,4.1,59.0
MINSIL Servicios Inmobiliarios,"P.º de Marcelino Camacho, 34, Carabanchel, 28025 Madrid, España",+34 918 26 14 62,http://www.minsilinmobiliaria.com/,5.0,6.0
Tecnorete agencia inmobiliaria,"C. de Illescas, 24, local e, Latina, 28024 Madrid, España",+34 915 68 75 18,https://madrid3.tecnorete.es/,5.0,15.0
Tecnocasa agencia inmobiliaria,"C. de Escalona, 111, Local 2, Latina, 28024 Madrid, España",+34 917 11 70 12,https://madrid19.tecnocasa.es/,4.1,109.0
Tecnocasa agencia inmobiliaria,"C. de Villacarriedo, 5, Latina, 28024 Madrid, España",+34 915 18 78 77,https://madrid26.tecnocasa.es/,4.5,32.0
FUTURE REAL ESTATE,"C. de Tembleque, 108, Latina, 28024 Madrid, España",+34 640 15 61 81,https://www.futurerealstate.es/,,
Estafa piso mucho cuidado,"Latina, 28024 Madrid, España",,,,
"Merino - Administración de Fincas, Seguros e Inmobiliaria","C. Sedano, 30, Latina, 28024 Madrid, España",+34 911 45 47 25,https://www.merinosyf.com/,3.9,202.0
RE/MAX Gentile Home,"C. de Illescas, 18, Latina, 28024 Madrid, España",+34 913 43 08 76,,5.0,7.0
Asesoría Inmobiliaria,"Av. del Padre Piquer, 23, Latina, 28024 Madrid, España",+34 910 37 69 15,,2.5,2.0
Veinco Management S.L.,"Carr. de Boadilla del Monte, 38, Local A, Latina, 28024 Madrid, España",+34 917 11 45 15,http://veinco.es/,5.0,1.0
Tecnocasa agencia inmobiliaria,"C. de Valle Inclán, 70, Latina, 28044 Madrid, España",+34 917 05 80 29,https://madrid17.tecnocasa.es/,3.5,27.0
Alquiler Seguro,"P.º de Extremadura, 8, Latina, 28011 Madrid, España",+34 910 77 57 75,http://www.alquilerseguro.es/,4.0,265.0
Gestion de Patrimonios Inmersa,"C. Sedano, 30, Latina, 28024 Madrid, España",,https://www.inmersagestion.com/,,
Unifor SA,"Carr. de Boadilla del Monte, 48, Latina, 28024 Madrid, España",+34 915 12 30 27,,5.0,1.0
Promora Aravaca Inmobiliaria de Lujo,"C. de Blanca de Castilla, 11, Moncloa - Aravaca, 28023 Madrid, España",+34 913 57 09 90,https://www.promora.com/es/comprar/casas-lujo/madrid-noroeste,4.9,159.0
TGG Inmobiliaria,"Calle Fernando Lázaro Carreter, 57, Calle Dr. Balmis, 36, esq, Moncloa - Aravaca, 28023 Madrid, España",+34 621 21 15 76,http://www.tgg.es/,5.0,282.0
Gonzalo Zuazo Properties | Agente Inmobiliario Madrid | International Real Estate,"C/ del Risco de los Claveles, 13, Moncloa - Aravaca, 28023 Madrid, España",+34 661 63 79 68,https://gonzalozuazoproperties.com/,5.0,31.0
OIKOS Inmobiliaria Aravaca,"C. Baja de la Iglesia, 5, Moncloa - Aravaca, 28023 Madrid, España",+34 916 22 79 83,http://www.oikosinmobiliaria.es/,4.6,43.0
Inmobiliaria Aravaca Valdemarín Redpiso,"Av. del Talgo, 228, 1, Moncloa - Aravaca, 28023 Madrid, España",+34 914 25 86 62,https://www.redpiso.es/oficina/inmobiliaria-aravaca-valdemarin/venta,5.0,25.0
Urbenorte Inmobiliaria Pozuelo-Aravaca,"Av. de Europa, 30, Moncloa - Aravaca, 28023 Madrid, España",+34 917 99 24 86,https://urbenorte.com/,4.2,36.0
GILMAR Consulting Inmobiliario - Inmobiliaria Aravaca,"Av. de la Osa Mayor, 32, Moncloa - Aravaca, 28023 Madrid, España",+34 913 07 11 59,https://www.gilmar.es/oficinas/agencia-inmobiliaria-pozuelo-alarcon/?utm_source=gmb&utm_medium=cta&utm_campaign=inmobiliaria_aravaca,3.8,8.0
RE/MAX Zielo,"Av. de Europa, 27, Moncloa - Aravaca, 28023 Madrid, España",+34 910 58 22 35,http://www.remaxzielo.com/,4.4,143.0
Durham House Inmobiliaria Aravaca,"Av. de la Osa Mayor, 36, Moncloa - Aravaca, 28023 Madrid, España",+34 913 57 43 33,http://d-house.es/,4.2,5.0
SEVEN PROPERTIES AGENCIA INMOBILIARIA,"C. de Basauri, 17, nº. 17, Moncloa - Aravaca, 28023 Madrid, España",+34 911 90 85 02,,4.3,16.0
Sonia Paradinas Real Estate Services,"C. Arabell, 11, Moncloa - Aravaca, 28023 Madrid, España",+34 620 86 06 70,http://www.soniaparadinas.com/,5.0,23.0
REMAX España (Inmobiliaria),"C. Estudio, 3, Moncloa - Aravaca, 28023 Madrid, España",+34 913 57 12 44,https://www.remax.es/,3.9,112.0
Tecnocasa Agencia Inmobiliaria Aravaca,"Av. de la Osa Mayor, 42, local, Moncloa - Aravaca, 28023 Madrid, España",+34 919 48 15 54,https://madrid204.tecnocasa.es/,4.8,24.0
Tasaciones en Madrid - Peritaciones - Inmobiliaria,"Avenida del Talgo, 87, 3º, Pl. Cieza, 1 L14 BAJO, Moncloa - Aravaca, 28023 Madrid, España",+34 606 03 86 59,,5.0,97.0
Fisol Grupo Inmobiliario,"C. de Pleyades, 1, Moncloa - Aravaca, 28023 Madrid, España",+34 913 07 99 33,http://www.fisol.net/,3.6,11.0
Lucas Fox,"Av. de Europa, 39L, Moncloa - Aravaca, 28223 Pozuelo de Alarcón, Madrid, España",+34 699 09 51 85,https://www.lucasfox.es/viviendas/espana/madrid/pozuelo.html,4.9,77.0
Single Home S.A.,"C. de Pleyades, 6, Moncloa - Aravaca, 28023 Madrid, España",+34 917 40 00 17,https://www.singlehome.es/,4.6,13.0
Madrid Rental Properties,"Aravaca, 28023 Madrid, España",+34 698 94 16 62,http://www.madridrentalproperties.com/,5.0,1.0
Century 21 About Your House,"Av. de la Osa Mayor, 50, Local, Moncloa - Aravaca, 28023 Madrid, España",+34 917 80 00 18,https://www.century21.es/agencias/aboutyourhouse/,4.4,15.0
GILMAR Consulting Inmobiliario - Inmobiliaria Pozuelo de Alarcón,"Av. de Europa, 14, 28224 Pozuelo de Alarcón, Madrid, España",+34 917 71 09 99,https://www.gilmar.es/oficinas/agencia-inmobiliaria-pozuelo-alarcon/?utm_source=gmb&utm_medium=cta&utm_campaign=inmobiliaria_pozuelo_de_alarc%C3%B3n,4.8,70.0
Arbux Soluciones Inmobiliarias S.L.,"Cam. de la Zarzuela, 21, Moncloa - Aravaca, 28023 Madrid, España",+34 913 07 07 34,,4.2,10.0
REMAX PROPERTIES,"Pl. Gobernador, 28224 Pozuelo de Alarcón, Madrid, España",+34 916 21 66 89,http://www.remaxproperties.es/,4.8,152.0
Engel & Völkers - Agencia Inmobiliaria en la zona Noroeste de Madrid,"Av. de la Victoria, 63, Moncloa - Aravaca, 28023 Madrid, España",+34 912 77 45 00,https://www.engelvoelkers.com/es-es/madrid/?utm_source=GMB,4.6,15.0
Shesco Gestión Inmobiliaria,"C. de Alsasua, 16, Moncloa - Aravaca, 28023 Madrid, España",+34 913 54 83 55,http://shesco.es/,5.0,1.0
Aravaca1 - My City Home,"C. Olivo, 21, 2º D, Moncloa - Aravaca, 28023 Madrid, España",,https://mycityhome.es/,5.0,2.0
Martín Municio Inmobiliaria,"C. Tapia de Casariego, 39, Moncloa - Aravaca, 28023 Madrid, España",+34 609 14 80 85,http://houses4u.es/,3.0,2.0
NDvivienda,"C. de Basauri, 17, Moncloa - Aravaca, 28023 Madrid, España",+34 911 80 20 55,,5.0,4.0
Saprian Homes Aravaca,"SAPRIAN HOMES, Av. de la Osa Mayor, 105, local 2, Moncloa - Aravaca, 28023 Madrid, España",+34 917 70 75 91,https://www.saprian.es/,,
CENTURY 21 R&C,"Av. de Europa, Nº30, local, Moncloa - Aravaca, 28223 Pozuelo de Alarcón, Madrid, España",+34 913 52 90 80,http://rc.century21.es/,4.7,82.0
Propiedades Pozuelo,"Av. de Europa, 12, 28224 Pozuelo de Alarcón, Madrid, España",+34 918 05 17 90,http://www.propiedadespozuelo.es/,4.3,54.0
Torregadea,"C/ de Aguarón, 31, Moncloa - Aravaca, 28023 Madrid, España",+34 913 07 99 76,,5.0,1.0
Concateam,"Aravaca (Remax Zielo, Av. de Europa, 27, Moncloa - Aravaca, 28023 Madrid, España",+34 665 70 10 97,,5.0,4.0
MADECASA Asesores Inmobiliarios SL,"Ctra. de Húmera, 4, 28224 Pozuelo de Alarcón, Madrid, España",+34 917 99 20 80,http://www.madecasa.com/main.asp,4.4,24.0
Adaptis Real Estate,"1ª Planta, Bloque 2, Cam. de la Zarzuela, 15, Moncloa - Aravaca, 28023 Madrid, España",+34 915 14 90 05,https://www.adaptis.es/sobre-adaptis/,2.5,2.0
UPHOUSE,"Av. de Europa, 34, C, Moncloa - Aravaca, 28023 Madrid, España",+34 622 52 72 43,http://www.uphouse.es/,,
GRUPO DP,"Av. del Talgo, 85, Moncloa - Aravaca, 28023 Madrid, España",+34 913 57 60 62,,,
Orquídea Real Estate (Consultores Especialistas en Compra y Venta de Suelo),"Av. de Europa, n°34-d, Moncloa - Aravaca, 28023 Madrid, España",+34 628 73 11 51,http://www.orquidearealestate.com/,5.0,2.0
Gonzalo Castro Nistal,"Av. de la Osa Mayor, 50, Moncloa - Aravaca, 28023 Madrid, España",+34 678 87 09 97,,,
COLDWELL BANKER LIVING REAL ESTATE,"C. de Blanca de Castilla, 11, Moncloa - Aravaca, 28023 Madrid, España",+34 919 36 00 59,https://www.coldwellbanker.es/living,,
OSA MAYOR INMOBILIARIA,"Av. de la Osa Mayor, 33, Moncloa - Aravaca, 28023 Madrid, España",,,,
Ingrid Schafer Realtor en Madrid,"C. de Pleyades, 1, Moncloa - Aravaca, 28023 Madrid, España",+34 722 88 30 87,https://www.homenow.es/,,
Avalisto,"C/ de Aguarón, 23, Moncloa - Aravaca, 28023 Madrid, España",+34 914 44 44 99,https://www.avalisto.com/,4.6,66.0
Getsa,"C. de Basauri, 10, Moncloa - Aravaca, 28023 Madrid, España",+34 917 45 46 20,http://www.getsa.es/,2.0,4.0
José Manuel Novas Pérez,"C. de Camarines, 10, Moncloa - Aravaca, 28023 Madrid, España",+34 913 07 88 88,,3.0,1.0
Inmobiliaria Avenida51,,+34 652 07 64 89,https://www.inmobiliariaavenida51.com/index.php?vermapa=1,4.7,38.0
Inple Inmobiliaria S.L.,"C. de Pleyades, 15, Moncloa - Aravaca, 28023 Madrid, España",+34 917 40 19 71,,,
GV | Real Estate,"Av. de la Osa Mayor, 94, Moncloa - Aravaca, 28023 Madrid, España",+34 917 36 53 85,https://www.gvre.es/,,
Remax Central - Commercial,"C. Estudio, 3, Moncloa - Aravaca, 28023 Madrid, España",+34 913 57 12 44,https://www.remax.es/buscador-de-oficinas/madrid/madrid/moncloa-aravaca-aravaca/remax-central/,,
PROMOCAS,"Av. de la Osa Mayor, 2, Moncloa - Aravaca, 28023 Madrid, España",+34 670 21 91 42,http://promocas.es/,1.0,5.0
Inmobiliaria Living Home,"Av. de la Osa Mayor, 105, local 2, Moncloa - Aravaca, 28023 Madrid, España",,,,
RE/MAX Rosales,"C. de Ferraz, 72, Moncloa - Aravaca, 28008 Madrid, España",+34 915 42 58 75,http://www.remaxrosales.com/,4.5,194.0
Tengotucasa,"C. Alcalá, 579, San Blas-Canillejas, 28022 Madrid, España",+34 914 49 72 67,http://tengotucasa.es/,4.8,292.0
Tengotucasa,"C. de Etruria, 9, San Blas-Canillejas, 28022 Madrid, España",+34 913 54 38 51,https://tengotucasa.es/,4.9,417.0
Arzal Asesores Inmobiliarios,"C/ de Boltaña, 37, San Blas-Canillejas, 28022 Madrid, España",+34 638 04 76 91,https://www.alfaarzal.com/%20%20%20%20%20%20%20%20%20%20%20%20%20%20https://www.arzal.es,4.8,146.0
Mejocasa Canillejas / Metropolitano,"Av. de Canillejas a Vicálvaro, 111, San Blas-Canillejas, 28022 Madrid, España",+34 913 24 08 20,https://mejocasa.es/?utm_source=Google+My+Business&utm_medium=clicweb&utm_campaign=Mejocasa+Canillejas+%2F+Metropolitano,4.4,76.0
INMOGAR,"C. de María Sevilla Diago, 14, San Blas-Canillejas, 28022 Madrid, España",+34 913 06 24 26,https://www.inmogar.es/,4.4,75.0
PREMIER HOGAR,"C. de Suecia, 33, Local 2, San Blas-Canillejas, 28022 Madrid, España",+34 910 46 80 55,https://www.premierhogar.es/,4.7,39.0
Inmobiliaria Crecer,"P.º de Ginebra, 6, San Blas-Canillejas, 28022 Madrid, España",+34 910 54 05 23,https://www.inmobiliariacrecer.es/,4.8,24.0
Grupo Interpres Soluciones Inmobiliarias Sl,"C. de Suecia, 37, San Blas-Canillejas, 28022 Madrid, España",+34 648 28 18 81,https://grupointerpres.com/,4.7,37.0
Inmobiliaria Canillejas Redpiso,"C. Alcalá, 590, San Blas-Canillejas, 28022 Madrid, España",+34 912 79 29 91,https://www.redpiso.es/oficinas/canillejas,4.8,16.0
Inmobiliaria MHDB Metropolitano,"C. de Longares, 18, San Blas-Canillejas, 28022 Madrid, España",+34 669 97 44 59,https://inmobiliariamhdb.com/,4.7,50.0
DISPOHOGAR | SERVICIOS INMOBILIARIOS,,,https://dispohogar.com/,4.9,31.0
donpiso,"C. Alcalá, 622, San Blas-Canillejas, 28022 Madrid, España",+34 919 47 49 42,https://www.donpiso.com/,4.8,46.0
Inmobiliaria Cartago 19,"C. de Cartago, 19, San Blas-Canillejas, 28022 Madrid, España",+34 913 93 11 90,http://www.cartago19.com/,4.5,19.0
Mcb Immobiliaria,"C. de San Mariano, 25, San Blas-Canillejas, 28022 Madrid, España",+34 642 08 64 71,,4.0,39.0
Hogarium Inmobiliaria,"C/ de Diego de Vargas, 20, San Blas-Canillejas, 28022 Madrid, España",+34 669 81 68 49,https://hogariuminmobiliaria.com/,4.3,11.0
Servicios y Reparaciones Yergas Inmobiliaria,"C. Valderrobres, 6, San Blas-Canillejas, 28022 Madrid, España",+34 917 42 65 93,,5.0,1.0
Alquiler Seguro,"C. Alcalá, 584, San Blas-Canillejas, 28022 Madrid, España",+34 910 77 57 75,https://www.alquilerseguro.es/,4.4,192.0
Xponencial Asesores - Compra Proindivisos,"C. Alcalá, 593, San Blas-Canillejas, 28022 Madrid, España",+34 911 69 56 89,http://www.xponencialasesores.es/,4.5,181.0
Inmobiliaria Las Rosas - Las Musas - Plenilunio Redpiso,"C. de Suecia, 84, San Blas-Canillejas, 28022 Madrid, España",+34 919 91 05 13,https://www.redpiso.es/oficina/inmobiliaria-las-rosas-las-musas-plenilunio/venta,4.0,21.0
Imkassa Servicios Inmobiliarios,"C. Gutiérrez Canales, 5, San Blas-Canillejas, 28022 Madrid, España",,,4.5,4.0
Tecnocasa agencia inmobiliaria,"C. Cinco, 2, San Blas-Canillejas, 28022 Madrid, España",+34 658 95 19 15,https://madrid168.tecnocasa.es/,4.3,56.0
Tecnocasa agencia inmobiliaria,"C. Alcalá, 582, local, San Blas-Canillejas, 28022 Madrid, España",+34 622 54 04 23,https://madrid209.tecnocasa.es/,4.3,23.0
Tecnocasa,"C. de Julia García Boután, 12, local 1, San Blas-Canillejas, 28022 Madrid, España",+34 919 36 43 08,https://madrid34.tecnocasa.es/,3.8,45.0
Tecnocasa agencia inmobiliaria,"C. de Aramayona, 3, local a, San Blas-Canillejas, 28022 Madrid, España",+34 692 49 65 05,https://madrid226.tecnocasa.es/,,
Doamvid Inmobiliaria,"C. de Samaniego, 12, San Blas-Canillejas, 28022 Madrid, España",+34 722 22 30 95,,,
Antonio Álvarez @ ARZAL,"C/ de Boltaña, 37, San Blas-Canillejas, 28022 Madrid, España",+34 660 52 42 01,,,
GRUPO INMOBILIARIO COMPROPISOMADRID,"C. Rusia, 3, San Blas-Canillejas, 28022 Madrid, España",+34 609 16 21 08,,1.0,1.0
Construcciones e Inmuebles Vimar S.L.,"C. de Arrastaria, 21, San Blas-Canillejas, 28022 Madrid, España",+34 914 32 29 94,http://www.grupovimar.com/,5.0,1.0
M+ Real Estate,"C. de Samaniego, 29, San Blas-Canillejas, 28022 Madrid, España",+34 664 56 86 31,,,
ABOY´S GESTIÓN INMOBILIARIA CB,"C. de Deyanira, 59, San Blas-Canillejas, 28022 Madrid, España",+34 657 55 66 54,,,
INMOBILIARIA TOTAL,"P.º de Ginebra, San Blas-Canillejas, 28022 Madrid, España",,,,
JGB Consultores,"C/ de Diciembre, 41A, San Blas-Canillejas, 28022 Madrid, España",+34 919 38 65 64,https://www.jgbconsultores.es/,5.0,2.0
Revista Observatorio Inmobiliario Y De La Construcción,"Av. de Canillejas a Vicálvaro, 99, San Blas-Canillejas, 28022 Madrid, España",+34 917 24 00 72,,,
Tba Facilities,"C. de Samaniego, 3, San Blas-Canillejas, 28022 Madrid, España",,,5.0,1.0
Vauxhall Propiedades Sl,"C. de Nanclares de Oca, 1, B, San Blas-Canillejas, 28022 Madrid, España",,,,
Clouds Gestion SL,"C. de Benita López, 22, Villaverde, 28021 Madrid, España",+34 917 10 03 72,http://cloudsgestion.es/,4.3,40.0
Royal House Inmobiliaria,"Pl. Pinazo, 198, local 10, Villaverde, 28021 Madrid, España",+34 910 06 04 08,http://www.royalhouse.es/,5.0,4.0
Tecnocasa agencia inmobiliaria,"plaza Paloma De La Paz, 9, local 50, Villaverde, 28021 Madrid, España",+34 917 10 97 28,https://madrid43.tecnocasa.es/,4.5,129.0
SF Soluciones Inmobiliarias,"C. Euskalduna, 23, Bajo B, Villaverde, 28021 Madrid, España",,https://www.sfsoluciones.com/,5.0,1.0
Asesoría Inmobiliaria Madrid,"C. Lenguas, Villaverde, 28021 Madrid, España",+34 658 61 20 50,https://belizonteaminmobiliario.com/,,
Naves en alquiler en Madrid - Improcesan,"C. del Valle de Tobalina, 52, nave 1, Villaverde, 28021 Madrid, España",+34 917 10 95 21,http://www.navesenalquiler.com/,3.8,26.0
La Boutique Inmobiliaria,"C. de Rocafort, 20, Villaverde, 28021 Madrid, España",+34 654 58 10 00,,1.0,4.0
ClickCasa Real Estate,"C. del Bario, 18, Villaverde, 28021 Madrid, España",+34 662 49 17 85,https://www.clickcasarealestate.es/,,
Car Inmobiliaria,"C. del Diamante, 38, Villaverde, 28021 Madrid, España",+34 915 05 00 22,,1.0,1.0
Vivancos Asesores Inmobiliarios,"Calle Estefanita, 72, Villaverde, 28021 Madrid, España",+34 622 62 50 90,https://www.vivancosasesores.com/,1.0,1.0
Neisa Sur Poligono Marconi,"Ctra. Villaverde a Vallecas, 293, Es:6 Pl:03 Pt:8I, 28031, Av. de Andalucía, 58J, Villaverde, 28021 Madrid, España",,,4.3,13.0
Comunidad de Bienes Segundo Bonales,"C. María Barrientos, 4, Villaverde, 28021 Madrid, España",+34 917 96 16 36,,3.5,2.0
InmoPerales,"C. de Groenlandia, 4, 28909 Getafe, Madrid, España",+34 916 84 79 97,https://www.inmoperales.com/,4.7,130.0
Divial 10 S.A.,"C. San Erasmo, 42, LOCAL 37, Villaverde, 28021 Madrid, España",+34 648 05 83 19,http://www.divial10.es/,4.0,2.0
UnTrastero.com,"C. San Mames, 36, Villaverde, 28021 Madrid, España",,,5.0,4.0
IMPERMAVI,"Av. Real de Pinto, 87, Villaverde, 28021 Madrid, España",+34 915 05 12 03,,3.0,2.0
LA CASA agency,"C. Oxígeno, 10, Villaverde, 28021 Madrid, España",,,,
Alfa Inmobiliaria,"C. de Benita López, 40, Villaverde, 28021 Madrid, España",+34 917 96 44 64,https://www.alfainmo.com/,,
GARPE CONSULTING,"C. Laguna del Marquesado, 19, Villaverde, 28021 Madrid, España",+34 684 09 83 83,http://garpeconsulting.es/,,
Asesoras Inmobiliarias,"Av. de los Rosales, 122, Villaverde, 28021 Madrid, España",+34 914 12 34 56,,,
VENETA INMOBILIARIA,"C. de Hernani, 32, Tetuán, 28020 Madrid, España",+34 915 53 16 29,http://www.veneta.es/,4.7,191.0
Zona Madrid Real Estate,"C. de Palencia, 3, Tetuán, 28020 Madrid, España",+34 910 41 74 66,https://www.zonamadrid.com/,4.9,63.0
Claro Y Castellano Inmobiliaria,"C. de la Infanta Mercedes, 20, Tetuán, 28020 Madrid, España",+34 911 29 51 95,https://www.inmoclaroycastellano.com/,4.8,24.0
Basconsa,"C. de Orense, 68, planta 1, Tetuán, 28020 Madrid, España",+34 647 55 78 60,http://basconsa.com/,4.8,54.0
Volga Real Estate,"C. del Pensamiento, 23, Local, Tetuán, 28020 Madrid, España",+34 619 05 39 93,http://www.volgarealestate.es/,5.0,21.0
María Quero Mapelli Inmobiliaria,"C. de la Basílica, 17, Tetuán, 28020 Madrid, España",+34 678 64 56 99,http://www.mariaquero.es/,5.0,27.0
Mízar,"C. del Pensamiento, 27, Tetuán, 28020 Madrid, España",+34 912 78 90 42,http://www.mizarinmobiliaria.es/,4.4,28.0
Inmobiliaria Cuatro Caminos Redpiso,"C. de Raimundo Fernández Villaverde, 21, Tetuán, 28003 Madrid, España",+34 910 33 91 67,https://www.redpiso.es/oficina/inmobiliaria-cuatro-caminos/venta,4.7,150.0
Inmobiliaria David Maqueda,"C. de Bravo Murillo, 126, 1º D, Tetuán, 28020 Madrid, España",+34 913 11 01 25,http://davidmaqueda.es/,3.4,81.0
"DAYOA INMOBILIARIA, S.L.","Av. del General Perón, 32, 7º N, Tetuán, 28020 Madrid, España",+34 914 33 45 41,http://dayoainmobiliaria.es/,5.0,3.0
Tecnocasa agencia inmobiliaria,"C. de Orense, 33, local, Tetuán, 28020 Madrid, España",+34 919 95 35 20,https://madrid223.tecnocasa.es/,5.0,6.0
Servicios Inmobiliarios y Patrimoniales Madrid,"C. del Poeta Joan Maragall, 55, Tetuán, 28020 Madrid, España",+34 671 58 72 34,,5.0,1.0
Viviendas D10,"C. del Pensamiento, 27, Tetuán, 28020 Madrid, España",+34 604 22 14 39,,4.4,33.0
Aura Inmobiliaria,"C. de Rosario Pino, 8, Tetuán, 28020 Madrid, España",+34 622 13 32 77,,4.2,10.0
Tecnocasa agencia inmobiliaria,"C. de Hernani, 15, local 3, Tetuán, 28020 Madrid, España",+34 915 35 80 38,https://madrid36.tecnocasa.es/,4.3,87.0
Damez Properties – Sor Ángela de la Cruz,"C. de Sor Ángela de la Cruz, 3c, escalera B, Tetuán, 28020 Madrid, España",+34 913 54 44 44,https://damezproperties.com/,5.0,8.0
CASA BELLEZA INMOBILIARIA 佳地置业,"C. del Pintor Juan Gris, 4, 2C, Tetuán, 28020 Madrid, España",+34 689 74 79 89,,3.7,3.0
Eduardo Criado Luchsinger,"C. de la Reina Mercedes, 22, 6º4, Tetuán, 28020 Madrid, España",+34 611 62 04 53,https://ability.remax.es/agente/eduardo-criado-luchsinger-17843/,4.9,118.0
Visualcasa Inmobiliaria y Arquitectura,"Av. de Brasil, 29, Tetuán, 28020 Madrid, España",+34 640 29 31 98,https://www.visualcasa.net/,5.0,9.0
QUALIS HOUSES CONSULTORIA TECNICA INMOBILIARIA,"C. del Poeta Joan Maragall, 33, Tetuán, 28020 Madrid, España",+34 912 32 56 45,,5.0,4.0
Zona Urbana Servicios Servicios Profesionales SLP,"Calle del Gral. Margallo, 22, local 10, Tetuán, 28020 Madrid, España",+34 627 80 69 65,,5.0,4.0
Inmobiliarias Encuentro,"C. de Lérida, 86, Tetuán, 28020 Madrid, España",+34 919 30 05 78,https://iencuentro.es/nosotros/red-de-agencias/,4.3,16.0
Miren Inmobiliaria,"C. de Edgar Neville, 39, bajo izquierda, Tetuán, 28020 Madrid, España",+34 911 64 47 16,http://www.mireninmobiliaria.com/,3.7,19.0
RSB CONSULTORES,"C. de la Infanta Mercedes, 31, Tetuán, 28020 Madrid, España",+34 911 12 40 60,http://rsbconsultores.com/,4.5,41.0
"La Casa Agency | Comillas Real Estate, S.L.","Calle de Antonio López, 39, Carabanchel, 28019 Madrid, España",+34 911 59 44 40,https://www.lacasa.net/inmobiliarias/71-comillas-real-estate-s-l,4.9,722.0
Inmobiliarias Encuentro,"Calle del Gral. Ricardos, 95, Carabanchel, 28019 Madrid, España",+34 917 52 72 61,https://iencuentro.es/nosotros/red-de-agencias/,4.7,422.0
Alquiler Plus,"Calle del Gral. Ricardos, 7, Carabanchel, 28019 Madrid, España",+34 915 69 57 58,http://www.alquilerplus.es/,4.7,238.0
Inmobiliaria Carabanchel - Urgel Redpiso,"Calle del Gral. Ricardos, 101, Carabanchel, 28019 Madrid, España",+34 914 72 40 87,https://www.redpiso.es/oficina/inmobiliaria-carabanchel-urgel/venta,3.8,84.0
BHILLS REAL ESTATE S.L.,"Gta. Valle de Oro, 2, Local, Carabanchel, 28019 Madrid, España",+34 911 66 86 55,https://www.bhills.es/,4.0,50.0
Tecnocasa agencia inmobiliaria,"Calle del Gral. Ricardos, 78, Carabanchel, 28019 Madrid, España",+34 911 15 14 33,https://madrid5.tecnocasa.es/,4.8,210.0
Tempocasa,"Calle del Gral. Ricardos, 56, Carabanchel, 28019 Madrid, España",+34 641 17 38 13,https://tempocasa.es/es/agencias-inmobiliaras/madrid/madrid/1331-madrid-san-isidro,4.8,149.0
Arrenda,"Calle del Gral. Ricardos, 146, Carabanchel, 28019 Madrid, España",+34 911 33 64 66,http://arrenda.es/,4.3,60.0
Si Homes,"C. Alcaudón, 42, Carabanchel, 28019 Madrid, España",+34 624 17 45 78,https://sihomes.es/,4.7,12.0
Inmobiliaria La Comercial -,"C. de Zaida, 13, Carabanchel, 28019 Madrid, España",+34 641 18 89 59,http://www.lacomercial.app.link/,4.4,19.0
HOME PROPERTY | MADRID,"P.º del Quince de Mayo, 2, Carabanchel, 28019 Madrid, España",+34 606 37 47 78,https://www.homepropertyesp.com/,4.0,24.0
VKM Inmobiliaria,"Av. de Palomeras, 108, Puente de Vallecas, 28018 Madrid, España",+34 910 18 70 98,http://www.vkmadrid.es/,5.0,7.0
Assel Gestión Inmobiliaria,"C. de Candilejas, 12, Puente de Vallecas, 28018 Madrid, España",+34 911 92 10 00,http://www.inmobiliariaassel.es/,4.1,103.0
Inmobiliaria Vallecas San Diego Redpiso,"C. de Carlos Martín Álvarez, 61, Puente de Vallecas, 28018 Madrid, España",+34 917 57 01 51,https://www.redpiso.es/oficina/inmobiliaria-vallecas-san-diego/venta,4.1,66.0
Deyvi & Menchu Real Estate Madrid S.L,"C. de Carlos Martín Álvarez, 3, Puente de Vallecas, 28018 Madrid, España",+34 613 03 76 99,https://www.deyvi-menchu.com/,5.0,10.0
Mundhogar Vallecas,"C. Sierra del Cadí, 6, Puente de Vallecas, 28018 Madrid, España",+34 910 24 22 45,https://www.mundhogar.com/,4.7,31.0
GESTIONA MADRID S.L,"Av. de Palomeras, 126, Puente de Vallecas, 28018 Madrid, España",+34 673 57 48 61,,5.0,8.0
Tecnocasa agencia inmobiliaria,"Av. de Buenos Aires, 32, local 1, Puente de Vallecas, 28018 Madrid, España",+34 919 29 14 14,https://madrid139.tecnocasa.es/,4.0,108.0
Tecnocasa agencia inmobiliaria,"C. de Javier de Miguel, 34, Puente de Vallecas, 28018 Madrid, España",+34 655 46 21 21,https://madrid207.tecnocasa.es/,4.6,33.0
Tengotucasa,"C. de Ezequiel Solana, 115, Cdad. Lineal, 28017 Madrid, España",+34 913 04 65 30,http://www.tengotucasa.es/,4.8,245.0
Tengotucasa,"C. de Luis Ruiz, 46, Cdad. Lineal, 28017 Madrid, España",+34 913 04 99 76,http://www.tengotucasa.es/,4.7,455.0
Tengotucasa,"Av. del Marqués de Corbera, 58, Cdad. Lineal, 28017 Madrid, España",+34 911 43 23 11,http://www.tengotucasa.es/,4.8,343.0
Hogarzul Inmobiliaria,"Tr.ª de Jose Arcones Gil, 3, Cdad. Lineal, 28017 Madrid, España",+34 912 41 82 02,,4.3,216.0
Inmotucasa,"C. de Ricardo Ortiz, 6, Cdad. Lineal, 28017 Madrid, España",+34 919 41 43 65,https://www.inmotucasa.net/,4.5,41.0
Grupo Inmobiliario Miracasa,"C. de Nicolás Salmerón, 44, Cdad. Lineal, 28017 Madrid, España",+34 910 42 44 77,https://www.grupomiracasa.com/,4.5,102.0
Tengotucasa,"C. del Río Ulla, 9, Cdad. Lineal, 28017 Madrid, España",+34 910 59 68 45,http://tengotucasa.es/,4.8,246.0
Blue Future Real Estate,"C. de Emilio Ferrari, 114, Cdad. Lineal, 28017 Madrid, España",+34 646 91 81 29,http://www.bluefuture.es/,4.9,51.0
"MARIOL SOLUCIÓN INMOBILIARIA, S.L.","C. de Ricardo Ortiz, 14, Cdad. Lineal, 28017 Madrid, España",+34 913 56 37 65,,5.0,8.0
"CASA Y CREDITO MADRID, S.L.","Calle Esteban Collantes, 5, Cdad. Lineal, 28017 Madrid, España",+34 913 68 19 99,http://www.casaycredito.es/,4.0,86.0
Casa XXI,"Calle de Sta Felicidad, 20, local 3, Cdad. Lineal, 28017 Madrid, España",+34 610 88 39 92,,4.9,12.0
NEXA HOME,"C. de San Emilio, 41, Cdad. Lineal, 28017 Madrid, España",+34 913 20 06 34,https://www.nexahome.es/,,
Tecnocasa agencia inmobiliaria,"C. Paredes de Nava, 15, loc a, Cdad. Lineal, 28017 Madrid, España",+34 910 25 29 32,https://madrid222.tecnocasa.es/,5.0,19.0
Tecnocasa agencia inmobiliaria,"C. de Gómez de Avellaneda, 22, local a y b, Cdad. Lineal, 28017 Madrid, España",+34 617 82 95 56,https://madrid155.tecnocasa.es/madrid/ciudad-lineal-pueblo-nuevo/,4.8,57.0
InmoElipa,"Av. del Marqués de Corbera, 58, Cdad. Lineal, 28017 Madrid, España",+34 913 26 00 43,http://www.inmoelipa.com/,3.6,22.0
Tecnocasa agencia inmobiliaria,"C. de Emilio Ferrari, 89, local a, Cdad. Lineal, 28017 Madrid, España",+34 919 41 45 43,https://madrid152.tecnocasa.es/,4.3,35.0
Luteus Real Estate,"C. del Lago Constanza, 97, Cdad. Lineal, 28017 Madrid, España",+34 695 07 26 44,http://luteusrealestate.com/,5.0,10.0
RealtyPlus Quintana,"C. de Gutierre de Cetina, 30, Cdad. Lineal, 28017 Madrid, España",+34 654 44 97 35,http://www.realty-plus.org/,5.0,1.0
Tecnocasa,"Av. del Marqués de Corbera, 53, local, Cdad. Lineal, 28017 Madrid, España",+34 917 25 02 44,https://madrid9.tecnocasa.es/,4.3,123.0
Realty22 consulting inmobiliario,"C. de Ezequiel Solana, 82, Cdad. Lineal, 28017 Madrid, España",+34 633 27 72 30,https://realty22.es/,5.0,3.0
Aunnar Asesores Inmobiliarios,"C. de Ezequiel Solana, 82, Cdad. Lineal, 28017 Madrid, España",+34 639 73 60 79,https://aunnar.es/,4.0,37.0
Audosa,"Av. del Marqués de Corbera, 52, Cdad. Lineal, 28017 Madrid, España",+34 914 03 65 12,,2.3,32.0
Estadio Servicios Inmobiliarios,"C. del Lago Constanza, 22, Cdad. Lineal, 28017 Madrid, España",+34 913 67 13 02,https://www.inmoestadio.com/,5.0,3.0
Estables Inmobiliaria Abogados,"C. de San Gumersindo, 5, Cdad. Lineal, 28017 Madrid, España",+34 620 88 36 56,http://www.establesinmobiliaria.com/,4.0,4.0
Tu casa a la carta,"C. de Vital Aza, 30, Cdad. Lineal, 28017 Madrid, España",+34 911 70 33 39,https://www.tucasaalacarta.es/,3.6,18.0
YALEZHOGAR,"C. y Tr.ª del Poeta Blas de Otero, 6, Cdad. Lineal, 28017 Madrid, España",,,5.0,2.0
Gestion Inmobiliaria,"C. de Juan Boscán, 7, Cdad. Lineal, 28017 Madrid, España",,,1.7,6.0
REMAX Legacy Inmobiliaria Chamartín,"C. de Costa Rica, 8, Chamartín, 28016 Madrid, España",+34 911 63 89 42,https://www.remaxlegacy.es/,5.0,29.0
GILMAR Consulting Inmobiliario - Inmobiliaria López de Hoyos (Prosperidad),"Calle López de Hoyos, Esq, C. del Corazón de María, Chamartín, 28002 Madrid, España",+34 917 71 77 99,https://www.gilmar.es/oficinas/agencia-inmobiliaria-lopez-de-hoyos/?utm_source=gmb&utm_medium=cta&utm_campaign=inmobiliaria_l%C3%B3pez_de_hoyos_prosperidad,4.8,126.0
Allhouse Inmobiliaria,"C. de Potosí, 8, Chamartín, 28016 Madrid, España",+34 911 33 07 75,http://www.allhouseinmobiliaria.es/,3.7,3.0
CPO A. INMOBILIARIA,"Calle del Príncipe de Vergara, 112, Chamartín, 28002 Madrid, España",+34 611 16 60 59,,4.7,43.0
Tecnocasa agencia inmobiliaria,"C. de Serrano, 211, loc 3, Chamartín, 28016 Madrid, España",+34 913 78 33 21,https://madrid224.tecnocasa.es/,5.0,11.0
CENTURY 21 Boutique,"C. de Serrano, 209, Chamartín, 28016 Madrid, España",+34 912 19 57 28,https://www.teamboutique.es/,4.8,229.0
Inmobiliaria Casa 2000,"C. de Clara del Rey, 17, Bajo, Local 2, Chamartín, 28002 Madrid, España",+34 915 19 47 05,https://www.inmobiliariacasa2000.es/,4.8,81.0
Casa Nueva Gestión S.L.,"C. del Sauce, 1, 1ºC, Chamartín, 28016 Madrid, España",+34 917 44 17 77,https://casanuevagestion.es/,5.0,4.0
Somos M,"C de Víctor de la Serna, 31, Chamartín, 28016 Madrid, España",+34 656 41 43 83,https://somosm.es/,4.4,14.0
Mis oficinas,"colombia 61 Esc. Izquierda. Bajo B, Chamartín, 28016 Madrid, España",+34 913 32 51 89,https://www.misoficinas.es/,4.7,6.0
Alquileres.net,"Av. de Alberto de Alcocer, 49, Planta 10 Puerta 08, Chamartín, 28016 Madrid, España",+34 699 49 33 37,,5.0,1.0
Tecnocasa agencia inmobiliaria,"Pl. de la R. Dominicana, 8, loc 3, Chamartín, 28016 Madrid, España",+34 912 16 38 53,https://madrid213.tecnocasa.es/,4.8,25.0
HIRAKO GESTIÓN DE INMUEBLES,"C. de Colombia, 1, Local Izquierda, Chamartín, 28016 Madrid, España",+34 914 57 30 12,,4.7,44.0
Tailor & White,"Av. de Alberto de Alcocer, 40, Planta 6, Letra D, Chamartín, 28016 Madrid, España",+34 914 57 91 55,https://www.tailorwhite.com/,4.4,70.0
Urbahomes S L,"C. de Herreros de Tejada, 4, Chamartín, 28016 Madrid, España",+34 910 32 95 09,http://www.urbahomes.com/,4.1,37.0
Tecnocasa agencia inmobiliaria,"C. de López de Hoyos, 182, local, Chamartín, 28002 Madrid, España",+34 913 45 52 22,https://madrid142.tecnocasa.es/,4.7,40.0
Baluarte Grupo Inmobiliario,"Cta. del Sagrado Corazón, 6, Chamartín, 28016 Madrid, España",+34 915 79 82 82,,5.0,1.0
ASB Inmobiliaria,"Calle de Rodríguez San Pedro, 2, Oficina 1109, Chamberí, 28015 Madrid, España",+34 919 41 58 35,http://www.asbinmobiliaria.com/,4.9,144.0
De Raíces Inmobiliaria,"C. de la Farmacia, 8, bajo izquierda, Centro, 28015 Madrid, España",+34 635 11 94 26,https://www.deraicesinmobiliaria.com/,4.9,75.0
Agencia alquiler | Inmobiliaria | My Nice Flat,"Calle de Rodríguez San Pedro, 2, Chamberí, 28015 Madrid, España",+34 695 81 62 47,http://www.myniceflat.es/,4.9,69.0
Assyss Inmobiliarias,"C. de Fernández de los Ríos, 72, Chamberí, 28015 Madrid, España",+34 914 46 47 32,https://www.assyss.com/,4.7,327.0
Inmobiliaria Look & Find Chamberí,"P.º del Gral. Martínez Campos, 22, Chamberí, 28010 Madrid, España",+34 913 10 63 50,https://www.lookandfind.es/chamberi/index.html,4.9,200.0
Tu Piso Inmobiliaria,"Gta. de Quevedo, 7, 1D, Chamberí, 28015 Madrid, España",+34 910 46 02 48,https://tupisoinmobiliaria.com/,4.9,50.0
GINMO - Chamberí,"C. de Fernando el Católico, 8, Chamberí, 28015 Madrid, España",+34 910 24 35 73,http://www.ginmo.es/,4.4,333.0
"Inmobiliaria Don Chamberi - Inmobiliaria en Chamberi, Madrid","C. de Vargas, 7, Chamberí, 28003 Chamberi, Madrid, España",+34 910 59 30 85,https://www.inmobiliariadonchamberi.madrid/es/,5.0,11.0
Normafin Inmobiliaria Real Estate,"Calle de la Princesa, 68, 3 C, Chamberí, 28008 Madrid, España",+34 638 15 56 94,https://www.normafin.com/,4.9,199.0
Agencia Inmobiliaria Activa Casa Estudio Tribunal,"Corre. Alta de San Pablo, 3, Local 4, Centro, 28004 Madrid, España",+34 912 77 47 51,https://www.activacasa.com/,4.8,112.0
Mar Real Estate | Inmobiliaria Madrid 🏠,"C. de Cea Bermúdez, 7, Chamberí, 28003 Madrid, España",+34 910 85 86 94,https://www.marrealestatemadrid.com/,4.7,76.0
Remax Urbe Chamberí,"C. de Galileo, 33, Chamberí, 28015 Madrid, España",+34 915 91 10 91,http://enviro.es/,4.6,78.0
Housfy Inmobiliaria Madrid Centro,"C. de Bravo Murillo, 15, Chamberí, 28015 Madrid, España",+34 911 43 85 04,https://housfy.com/inmobiliarias/madrid/madrid?utm_source=local_search,4.1,37.0
La Bruja Inmobiliaria,"C. de Raimundo Lulio, 14, Chamberí, 28010 Madrid, España",+34 911 12 35 84,http://labrujainmobiliaria.com/,4.8,44.0
JS Gestión Inmobiliaria,"C. de Benito Gutiérrez, 14, Moncloa - Aravaca, 28008 Madrid, España",+34 916 65 45 29,,4.9,62.0
Clásica Inmobiliaria,"C. de Guzmán el Bueno, 75, Local, Chamberí, 28015 Madrid, España",+34 919 39 50 58,,4.8,43.0
House Hunting Inmobiliaria,"C. de Vallehermoso, 40, Chamberí, 28015 Madrid, España",+34 917 58 73 50,http://www.househunting.es/,4.4,237.0
"Inmobiliaria Chamberi, Madrid - Inmobiliaria Don Chamberi","Calle de Sta Engracia, 23, Chamberí, 28010 Chamberi, Madrid, España",+34 910 59 30 85,https://www.inmobiliariadonchamberi.madrid/es/,4.7,14.0
Inmobiliaria Chamberí Redpiso,"C. de Bravo Murillo, 23, Chamberí, 28015 Madrid, España",+34 918 33 69 58,https://www.redpiso.es/oficina/inmobiliaria-chamberi/venta,4.5,48.0
Inmoalia,"C. de Galileo, 61, Chamberí, 28015 Madrid, España",+34 912 65 68 86,http://www.inmoalia.net/,4.9,27.0
Vetuca Inmobiliaria,"C. de Joaquín María López, 26, Chamberí, 28015 Madrid, España",+34 910 22 30 00,http://www.vetucainmobiliaria.com/,4.4,27.0
Nappo Real Estate | Inmobiliaria en Madrid y Mallorca I Oficina Madrid,"C. de Hilarión Eslava, 3, Chamberí, 28015 Madrid, España",+34 971 37 08 46,http://napporealestate.com/,5.0,16.0
ÚNICA Inmobiliaria CHAMBERÍ,"C. de Luchana, 31, Chamberí, 28010 Madrid, España",+34 915 91 97 00,https://www.unicainmobiliaria.com/,5.0,4.0
VIBA Real Estate,"Gta. de Ruiz Giménez, 5, Local, Chamberí, 28015 Madrid, España",+34 914 45 07 76,http://www.vibarealestate.com/,4.3,30.0
Urbanissimo Real Estate,"Gta. de Quevedo, 9, 5º planta, Chamberí, 28015 Madrid, España",+34 627 86 64 86,http://www.urbanissimo.es/,4.6,20.0
Inmobiliaria en Chamberí | REMAX TEAM AJ,"C. de Cea Bermúdez, 12, Chamberí, 28003 Madrid, España",+34 640 69 50 86,https://rem.ax/3ypGdVa,4.9,52.0
Inmobiliaria San Bernardo Malasaña Redpiso,"C. de San Bernardo, 84, Centro, 28015 Madrid, España",+34 910 13 69 34,https://www.redpiso.es/oficina/inmobiliaria-san-bernardo-malasana-chamberi/venta,4.6,53.0
LAE Homes Madrid,"Gta. de Quevedo, 9, 3º, Chamberí, 28015 Madrid, España",+34 912 98 02 30,https://www.laehomes.com/,4.9,25.0
Redfrin Consulting Moncloa,"C. de Guzmán el Bueno, 55, Chamberí, 28015 Madrid, España",+34 915 43 72 07,https://redfrin.es/,3.8,150.0
Vende Direct,"C. de Blasco de Garay, 42, Chamberí, 28015 Madrid, España",+34 912 77 94 39,http://www.vendedirect.com/,4.6,84.0
Rei Inmobiliaria,"C. de Fernando el Católico, 19, Chamberí, 28015 Madrid, España",+34 915 91 29 01,http://www.eduardomolet.com/,5.0,3.0
Hogar Madrid | Inmobiliaria de Lujo en Madrid,"P.º del Gral. Martínez Campos, 44, 1º B, Chamberí, 28010 Madrid, España",+34 915 91 44 36,http://hogarmadrid.es/,4.5,70.0
Mata Real Estate,"C. de Vallehermoso, 57, Chamberí, 28015 Madrid, España",+34 914 43 73 73,http://www.matarealestate.es/,5.0,11.0
NOVA TE ASESORA,"C. de la Ballesta, 30, Centro, 28004 Madrid, España",+34 910 09 08 08,http://www.novateasesora.com/,4.8,101.0
Andrés León en RE/MAX URBE - Lcdo. en Económicas & Asesor Inmobiliario,"C. de Galileo, 33, Chamberí, 28015 Madrid, España",+34 685 20 31 37,https://remaxgrupourbe.com/agent/andres-leon-salinas/,4.8,19.0
Inmobiliaria Chamberí Almagro Redpiso,"Plaza de Chamberí, 9, Chamberí, 28010 Madrid, España",+34 910 37 84 91,https://www.redpiso.es/oficina/inmobiliaria-chamberi-almagro/venta,4.7,56.0
Be Real Chamberí,"C. de Vallehermoso, 50, Chamberí, 28015 Madrid, España",+34 914 09 70 26,https://www.gaztambide.adaix.com/,4.7,15.0
MKI Madrid Kapital Inmobiliaria,"C. de Alberto Aguilera, 32, 1º4, Chamberí, 28015 Madrid, España",+34 629 97 04 54,https://madridkapital.es/contacto.html,5.0,10.0
Inmobiliaria Chamberí Gaztambide Redpiso,"C. de Andrés Mellado, 35, Chamberí, 28015 Madrid, España",+34 918 25 00 01,http://redpiso.es/oficina/inmobiliaria-chamberi-gaztambide/venta,4.0,29.0
Inmobiliaria Madrid - Solo 3% de honorarios,"C. de la Cruz del Sur, 1, Retiro, 28007 Madrid, España",+34 613 00 83 20,https://www.inmobiliarias-madrid.com/?utm_source=gmb&utm_medium=organic&utm_campaign=google-my-business,4.8,6.0
ARZUM Inmobiliaria,"Calle de Rodríguez San Pedro, 2, oficina 602, Chamberí, 28015 Madrid, España",+34 693 69 63 95,http://www.arzuminmobiliaria.es/,4.2,5.0
INMOBILIARIA ALMANOVA - Huertas 57,"C. de las Huertas, 57, Centro, 28014 Madrid, España",+34 911 56 92 22,https://almanova.es/agencia/huertas-57/,4.5,96.0
Xclusive Real Estate,"C. de Alfonso XII, 46, 6º Izq, Retiro, 28014 Madrid, España",+34 911 12 32 31,http://www.xclusiverealestate.es/,4.9,35.0
Tecnocasa agencia inmobiliaria,"Calle de Sta. María, 37, local, Centro, 28014 Madrid, España",+34 910 26 96 20,https://madrid203.tecnocasa.es/,5.0,78.0
Inmobiliaria Pisur,"C. de Atocha, 89, Centro, 28012 Madrid, España",+34 914 20 14 26,http://www.pisur.com/,4.5,69.0
Inmobiliaria en Lavapiés | BSG Real Estate,"C. de Embajadores, 42, Centro, Centro, 28012 Madrid, España",+34 919 95 10 32,http://www.bsg-re.com/,4.8,190.0
Patagonia Real Estate,"P.º del Prado, 14, Centro, 28014 Madrid, España",+34 910 41 56 56,,4.1,13.0
INMOBILIARIA ALMANOVA - Atocha 28,"C. de Atocha, 28, Centro, 28012 Madrid, España",+34 913 69 47 74,https://almanova.es/agencia/inmobiliaria-atocha/,4.2,132.0
Zona Madrid Real Estate,"C. de Sta. Isabel, 17, Centro, 28012 Madrid, España",+34 910 34 03 63,https://www.zonamadrid.com/,4.9,124.0
Boutique Property by eXp Realty | Inmobiliaria API,"Cra de S. Jerónimo, 15, Centro, 28014 Madrid, España",+34 610 57 52 77,https://theboutiqueproperty.com/,5.0,7.0
Inmobiliaria Sandi S.L.,"Paseo de la R. Cristina, 9, Retiro, 28014 Madrid, España",+34 914 33 05 00,http://www.sandi.es/,2.8,107.0
Tecnocasa Agencia Inmobiliaria,"Paseo de la R. Cristina, 23, bajo 5, Retiro, 28014 Madrid, España",+34 910 41 20 90,https://madrid221.tecnocasa.es/,5.0,52.0
Inmobiliaria Veraltia - Justicia,"C. de Argensola, 4, Centro, 28004 Madrid, España",+34 914 21 77 77,https://veraltia.com/,4.7,24.0
The Home Hunter | Inmobiliaria Madrid,"C. de Pelayo, 68, Local Izquierdo, Centro, 28004 Madrid, España",+34 910 62 42 72,https://homehunter.es/,4.9,68.0
Soho Haus - Agencia Inmobiliaria en Madrid,"Plaza de Jacinto Benavente, 2, 3ºD, Centro, 28012 Madrid, España",+34 910 83 97 87,https://www.sohohaus.es/,4.9,79.0
Engel & Völkers Madrid Commercial,"C. de Montalbán, 10, Ext Bajo Derecha, Retiro, 28014 Madrid, España",+34 918 25 70 80,https://www.engelvoelkers.com/es-es/madridcommercial/,4.5,106.0
BEMADRID Alquiler de Apartamentos en Madrid,"C. Alcalá, 20, Centro, 28014 Madrid, España",+34 915 02 47 69,https://bemadrid.es/,4.3,401.0
Pasbal real estate,"Paseo de la R. Cristina, 13, Retiro, 28014 Madrid, España",+34 911 66 51 58,https://www.realestatepasbal.com/,5.0,6.0
Inmobiliaria Atocha Antón Martín - Lavapiés Redpiso,"C. de Atocha, 95, Centro, 28012 Madrid, España",+34 910 33 12 01,https://www.redpiso.es/oficina/inmobiliaria-atocha-anton-martin-lavapies/venta,4.8,216.0
Terra Homes - Inmobiliaria en Madrid,"C. Alcalá, 85, Salamanca, 28001 Madrid, España",+34 913 60 88 53,https://www.terrahomes.es/,4.9,71.0
MundialRooms | Real Estate,"P.º de la Infanta Isabel, 23, Local, Retiro, 28014 Madrid, España",+34 629 12 59 02,http://www.mundialrooms.com/,4.5,282.0
Barnes Madrid,"Calle Velázquez, 15, Salamanca, 28001 Madrid, España",+34 911 96 18 20,http://www.barnes-madrid.com/,4.5,73.0
Inmobiliaria CLICKHAUS PACIFICO,"C. de Valderribas, 26, Retiro, 28007 Madrid, España",+34 919 55 10 01,https://clickhaus.es/asesor/pacifico-asesor/,4.4,105.0
Inmobiliaria Lavapiés-Embajadores Redpiso,"Calle de la Colegiata, 2, 1, Centro, 28012 Madrid, España",+34 911 92 10 07,https://www.redpiso.es/oficina/inmobiliaria-atocha-las-letras/venta,4.9,109.0
For You Rentals - Agencia de Alquiler Temporal y Vacacional,"C. Alcalá, 4, Centro, 28014 Madrid, España",+34 914 32 07 19,http://www.foryourentals.com/,4.1,328.0
Inmoseguros Gestion SAU,"Pl. de las Cortes, 2, 4ª, Centro, 28014 Madrid, España",+34 914 26 38 28,http://www.inmoseguros.es/,5.0,2.0
Everyprop Luxury Realty - Inmobiliaria Lujo Salamanca Madrid,"19, 4º DER, C. de Serrano, Salamanca, 28001 Madrid, España",+34 911 23 60 02,https://www.everyprop.com/,4.6,26.0
Rentory: Alojamiento para estudiantes,"C. de Vandergoten, 6, Retiro, 28014 Madrid, España",,https://myrentory.com/,5.0,27.0
Aove Homes,"C. de Alfonso XII, 20, 4dcha, Retiro, 28014 Madrid, España",+34 669 98 40 44,https://aovehomes.com/,5.0,1.0
Inmobiliaria Look & Find Retiro,"C. de Narváez, 49, local izquierda, Retiro, 28009 Madrid, España",+34 912 79 69 80,https://retiro.lookandfind.es/,4.9,35.0
Ático Madrid Inmobiliaria,"Pl. de las Cortes, 4, Centro, Centro, 28014 Madrid, España",,,1.0,1.0
GILMAR Consulting Inmobiliario - Inmobiliaria Madrid Centro (Sol-Plaza Mayor),"Pl. de Herradores, 4, Centro, 28013 Madrid, España",+34 911 19 99 99,https://www.gilmar.es/oficinas/agencia-inmobiliaria-madrid-centro/?utm_source=gmb&utm_medium=cta&utm_campaign=inmobiliaria_madrid_centro_sol-plaza_mayor,4.4,105.0
Smart Estate Madrid,"Cra de S. Jerónimo, 17, Centro, 28014 Madrid, España",+34 679 34 33 41,https://www.smartestate.es/,3.4,5.0
Behausy Agencia Inmobiliaria en Madrid,"Calle de Don Ramón de la Cruz, 38, Bajo A, Salamanca, 28001 Madrid, España",+34 919 93 91 91,http://www.behausy.com/,5.0,17.0
INMOBILIARIA TRANSPARENTE,"C. de San Bernardo, 5, Local 10, Centro, 28013 Madrid, España",+34 914 44 02 10,http://www.inmotransparente.com/,4.7,76.0
Guitiérrez y Pirfano,"Pl. de Herradores, 6, Centro, 28013 Madrid, España",+34 649 54 99 03,,4.9,141.0
vivienda2,"Pl. de Isabel II, 5, bajo, Centro, 28013 Madrid, España",+34 912 52 45 45,https://www.vivienda2.com/quienes-somos/,4.8,250.0
Mimaison.,"Gran Vía, 71, 2D, Centro, 28013 Madrid, España",+34 615 42 75 71,https://www.mimaison.es/,4.8,22.0
Agencia inmobiliaria Sol,"C. de la Montera, 24, Centro, 28013 Madrid, España",+34 642 52 81 56,http://grupoharris.com/,5.0,3.0
MODUS Home Realtors,"C. de la Montera, 34, Planta 5, Oficina 3, Centro, 28013 Madrid, España",+34 914 83 46 42,https://mimodus.com/,4.4,124.0
JH Easy Rental Services,"Pl. del Callao, nº1, Planta 2ª, Oficina 203, Centro, 28013 Madrid, España",,http://jh-alquilerviviendasmadrid.com/,4.8,76.0
Grupo Alquila,"Gran Vía, 57, Centro, 28013 Madrid, España",+34 919 49 63 70,https://www.grupoalquila.es/,4.1,535.0
Inmobiliaria en Malasaña | Globalpiso Oficina,"C. de Manuela Malasaña, 4, Centro, 28004 Madrid, España",+34 915 61 50 21,http://www.globalpiso.es/inmobiliaria/area-malasana,4.5,117.0
helpHousing Madrid,"Gran Vía, 33, 8D, Centro, 28013 Madrid, España",+34 915 32 61 32,https://www.helphousing.com/,4.4,643.0
iSol Business,"Gran Vía, 55, Centro, 28013 Madrid, España",+34 911 81 15 60,https://i-solbusiness.com/?utm_source=Google+My+Business&utm_medium=maps&utm_campaign=gmb,4.6,83.0
Inmobiliaria Malasaña Universidad Redpiso,"C. del Pez, 31, Centro, 28004 Madrid, España",+34 918 33 37 15,https://www.redpiso.es/oficina/inmobiliaria-malasana-universidad/venta,4.8,270.0
Homes 2 Rent - Alquiler temporal en Madrid,"C. Mayor, 6, Piso 1, puerta 9, Centro, 28013 Madrid, España",+34 615 93 61 64,https://homes2rent.es/,4.8,118.0
RV Gestión Inmobiliaria,"C. de Tabernillas, 6, Centro, 28005 Madrid, España",+34 679 48 03 25,https://rvgestioninmobiliaria.es/,4.6,79.0
SmartLiving Madrid,"Gran Vía, 36, Centro, 28013 Madrid, España",+34 919 99 65 14,https://www.smartrentalliving.com/?utm_source=google&utm_medium=Organic_Search&utm_campaign=gmb_web_ficha_hotel&utm_term=living_madrid,4.3,836.0
Cielo28 Inmobiliaria,"Gran Vía, 33, 6ª - 17, Centro, 28013 Madrid, España",+34 913 84 74 81,https://cielo28.com/,5.0,3.0
Vicus Inmobiliaria en Madrid,"Gran Vía, Centro, 28013 Madrid, España",+34 695 84 37 14,https://www.vicusinmo.es/,3.7,25.0
Vanrays - Gestión de propiedades en Madrid y Alojamientos,"C. de la Abada, 2, 5º, Oficina 2, Centro, 28013 Madrid, España",+34 912 65 49 25,https://vanrays.com/,5.0,1.0
Inmobiliaria MC,"C. de Bordadores, 6, Local 2, Centro, 28013 Madrid, España",+34 910 28 34 64,,4.1,14.0
Opera Servicios Inmobiliarios & Arquitectura,"C. de San Bernardo, 15, Centro, 28015 Madrid, España",+34 662 55 81 73,https://www.idealista.com/pro/opera-inmobiliaria/venta-viviendas/,4.2,6.0
Consorcio Real Estate Opera,"Pl. de la Marina Española, 4, Centro, 28013 Madrid, España",+34 915 93 79 27,http://www.consorciorealestateopera.com/,3.4,58.0
Inmobiliaria Prado Grande,"C. de la Encarnación, 8, Centro, 28013 Madrid, España",+34 915 59 80 50,,5.0,1.0
Living-Madrid Asesoramiento Patrimonial,"Gran Vía, 6, Centro, 28004 Madrid, España",+34 910 05 21 29,http://www.living-madrid.com/,5.0,14.0
Inmuebling Servicios Inmobiliarios,"C. del Barco, 45, Centro, 28004 Madrid, España",+34 914 38 97 23,http://www.inmuebling.com/,4.6,89.0
Grupo Harris,"C. de la Montera, 24, Centro, 28013 Madrid, España",+34 630 44 09 67,https://grupoharris.com/contacto/,5.0,2.0
Ribada,"Gran Vía, 69, Centro, 28013 Madrid, España",+34 915 48 38 52,https://www.ribada.com/,3.7,6.0
Batuecas Inmobiliaria,"C. de las Aguas, 4, Local 3, Centro, 28005 Madrid, España",+34 916 68 43 46,http://www.batuecas.es/,4.7,82.0
Inmobiliarias con Tacones 👠,"C. de Valencia, 16, Centro, 28012 Madrid, España",+34 915 39 35 77,http://inmobiliariascontacones.com/,4.6,212.0
Cuatro Llaves Inmobiliaria,"C. de Atocha, 91, local 2, Centro, Centro, 28012 Madrid, España",+34 682 29 76 49,https://www.cuatrollaves.es/,5.0,129.0
Tecnocasa agencia inmobiliaria,"C. del Mesón de Paredes, 15, loc. derecha, Centro, 28012 Madrid, España",+34 910 24 05 19,https://madrid166.tecnocasa.es/,4.9,137.0
Arrenda,"C. de Embajadores, 69, Arganzuela, 28012 Madrid, España",+34 911 33 64 66,https://arrenda.es/,4.3,305.0
Inmobiliarias Encuentro,"C. de Toledo, 82, Centro, 28005 Madrid, España",+34 915 46 54 14,https://iencuentro.es/nosotros/red-de-agencias/,4.7,254.0
Tecnocasa agencia inmobiliaria,"C. de Embajadores, 14, local 1, Centro, 28012 Madrid, España",+34 917 03 28 39,https://madrid113.tecnocasa.es/,4.3,108.0
Anklein Gestores Inmobiliarios,"6º, C. de Toledo, 54, Centro, 28005 Madrid, España",+34 912 32 26 32,http://www.anklein.com/,4.6,32.0
Alfa Inmobiliaria - Franquicia Inmobiliaria,"C. de Palos de la Frontera, 4, 1ª PLANTA, Arganzuela, 28012 Madrid, España",+34 915 19 13 19,https://www.franquicia-alfa.com/,4.4,103.0
Intext Real Estate | Inmobiliarias Madrid más de 10 años de experiencia,"Calle Luis Vélez De Guevara 20, Entrada Magdalena, 5, Local 3, Centro, 28012 Madrid, España",+34 915 99 05 51,,4.8,13.0
Tecnocasa agencia inmobiliaria,"C. de Sta. Isabel, 32, Centro, 28012 Madrid, España",+34 915 28 79 33,https://madrid10.tecnocasa.es/,3.3,39.0
"Albufera Inmobiliaria - Atocha, Santa María de la Cabeza y Delicias","Cl. de José Antonio de Armona, 28, Arganzuela, 28012 Madrid, España",+34 919 29 41 40,,5.0,8.0
Carlos Rentalo Coaching Inmobiliario,,+34 607 15 49 07,https://carlosrentalo.com/,5.0,88.0
Deapi Proyectos Inmobiliarios,"Pl. de la Cebada, 17, Local Ext. Dcha, Centro, 28005 Madrid, España",+34 913 66 88 29,http://www.deapi.es/,4.1,81.0
Inmobiliaria Centro Sol Redpiso,"Calle de la Colegiata, 2, Centro, 28012 Madrid, España",+34 911 92 10 07,https://www.redpiso.es/oficina/inmobiliaria-centro-sol-las-letras/venta,4.5,15.0
Negohome,"C. de Embajadores, 67, Arganzuela, 28012 Madrid, España",,,5.0,1.0
Marceli,"P.º de Extremadura, 123, Latina, 28011 Madrid, España",+34 914 63 66 99,http://www.marceli.com/,4.9,372.0
Inmobiliarias Encuentro,"P.º de Extremadura, 87, Latina, 28011 Madrid, España",+34 912 94 86 08,https://iencuentro.es/nosotros/red-de-agencias/,5.0,26.0
Vivienda Xxi,"C. de Caramuel, 3, Latina, 28011 Madrid, España",+34 654 17 68 78,https://www.idealista.com/pro/p00014674/venta-viviendas/,4.3,68.0
CanalCasa Inmobiliaria,"C. de la Huerta de Castañeda, 38, 38, Latina, 28011 Madrid, España",+34 667 85 47 91,http://www.canalcasa.es/,4.7,40.0
Linkcasa Paseo Extremadura,"P.º de Extremadura, 68, Latina, 28011 Madrid, España",+34 915 41 67 09,https://www.linkcasa.es/,4.7,105.0
VIVIENDA JOVEN,"P.º de Extremadura, 55, Latina, 28011 Madrid, España",+34 914 64 54 40,http://www.viviendajoven.com/,4.1,66.0
Inmobiliaria Puerta del Ángel Redpiso,"P.º de Extremadura, 49, Latina, 28011 Madrid, España",+34 910 32 77 56,https://www.redpiso.es/oficina/inmobiliaria-puerta-del-angel/venta,4.4,68.0
InmoRenta | Venta y Alquiler Seguro en Madrid,"P.º de Extremadura, 45, Latina, 28011 Madrid, España",+34 911 13 12 41,https://inmorenta.es/,4.7,60.0
Tecnocasa agencia inmobiliaria,"P.º de Extremadura, 27, Latina, 28011 Madrid, España",+34 910 32 57 74,https://madrid121.tecnocasa.es/,4.5,143.0
Inmobiliaria Paseo de Extremadura Redpiso,"124, P.º de Extremadura, 126, Latina, 28011 Madrid, España",+34 910 21 94 61,https://www.redpiso.es/oficina/inmobiliaria-paseo-de-extremadura/venta,4.3,115.0
Tempocasa Madrid Alto de Extremadura,"P.º de Extremadura, 121, Latina, 28011 Madrid, España",+34 912 56 82 00,http://www.tempocasa.es/,4.7,158.0
Tecnocasa agencia inmobiliaria,"P.º de los Jesuitas, 16, local, Latina, 28011 Madrid, España",+34 919 47 09 21,https://madrid179.tecnocasa.es/,5.0,113.0
Tecnocasa agencia inmobiliaria,"C. de la Huerta de Castañeda, 23, local, Latina, 28011 Madrid, España",+34 914 63 49 55,https://madrid28.tecnocasa.es/,4.4,197.0
Tecnocasa Madrid Rio,"Av del Manzanares, 2, Latina, 28011 Madrid, España",+34 914 63 06 80,https://madrid33.tecnocasa.es/,4.3,58.0
Tecnocasa agencia inmobiliaria,"P.º de los Olivos, 97, local 2, Latina, 28011 Madrid, España",+34 912 97 03 54,https://madrid163.tecnocasa.es/,4.6,58.0
Emporio Real Estate,,+34 608 10 59 88,https://www.emporiorealestate.com/,4.9,35.0
Agencia inmobiliaria Tengohogar,"C. de la Huerta de Castañeda, 18, local 1, Latina, 28011 Madrid, España",+34 919 90 62 35,https://www.idealista.com/pro/tengohogar/,3.8,12.0
Inmobiliaria Lucero Redpiso,"C. de Cebreros, 54, Local 8, Latina, 28011 Madrid, España",+34 915 26 53 69,https://www.redpiso.es/oficina/inmobiliaria-lucero/venta,4.2,39.0
Estudio Salamanca,"C. de Francisco de Tejada, 2, Latina, 28011 Madrid, España",+34 639 47 50 60,https://www.estudiosalamanca.es/,4.8,24.0
MI PISO MADRID,"P.º de Extremadura, 106, Latina, 28011 Madrid, España",+34 910 54 21 29,,3.0,2.0
La Casa Agency/ Oficina Paseo de Extremadura,"P.º de Extremadura, 44, Latina, 28011 Madrid, España",,https://www.lacasa.net/,,
Tecnocasa agencia inmobiliaria,"C. de Cebreros, 46, local 5, Latina, 28011 Madrid, España",+34 914 79 13 57,https://madrid11.tecnocasa.es/,4.5,41.0
Tecnocasa agencia inmobiliaria,"C. de Villasandino, 9, Latina, 28011 Madrid, España",+34 912 25 64 23,https://madrid48.tecnocasa.es/,4.2,126.0
ViRenty,"C/ de Sta. Cecilia, 10, Latina, 28011 Madrid, España",+34 635 19 83 96,https://www.virenty.com/,4.7,46.0
Ama Gi Grupo Inmobiliario,"Pl. Sisenando, 8, Latina, 28011 Madrid, España",+34 914 64 38 93,,4.3,6.0
MadridEasy - Alquiler para estudiantes en Madrid,"C. de Cebreros, 152, Latina, 28011 Madrid, España",+34 915 93 83 52,https://madrideasy.com/es,4.1,609.0
GESPROMAR S.L.,"GESPROMAR, C. de las Higueras, 5, Latina, 28011 Madrid, España",+34 911 29 46 56,http://www.gespromar.com/,2.7,30.0
Habitante Servicios para la vivienda,"P.º de Extremadura, 168, Latina, 28011 Madrid, España",+34 910 32 80 64,http://www.habitante.es/,,
Fagundo Sanz. ASESORÍA INMOBILIARIA. GESTIÓN PATRIMONIAL,"C. de Saavedra Fajardo, 7, Latina, 28011 Madrid, España",+34 914 64 76 88,,4.6,7.0
GESKASA - Inmobiliaria,"P.º de la Ermita del Santo, 40, Latina, 28011 Madrid, España",+34 696 33 80 68,https://geskasa.com/,,
Procapital Home,"P.º de los Jesuitas, 59, Latina, 28011 Madrid, España",+34 915 26 38 59,,5.0,3.0
ACERO HOME,"C. de Jaime Vera, 48, Latina, 28011 Madrid, España",+34 657 60 60 92,https://acerohome.es/,5.0,9.0
Walter Haus Chamberí,"P.º del Gral. Martínez Campos, 13, Chamberí, 28010 Madrid, España",+34 917 16 67 16,http://www.walterhaus.es/,5.0,166.0
ADELANTE Prime Real Estate,"Calle de Zurbano, 45, Centro, 28010 Madrid, España",+34 919 38 42 63,https://www.adelante.pro/,4.9,134.0
Elephant Real Estate • Room Madrid,"C. del Monte Esquinza, 24, Chamberí, 28010 Madrid, España",+34 913 56 91 27,http://www.elephantspain.com/,4.7,154.0
Servicheck Inmobiliaria,"C. de Alcalá Galiano, 3, Chamberí, 28010 Madrid, España",+34 911 55 20 55,http://www.servicheck.es/,4.6,249.0
Geräh Real Estate Partners,"Calle de Zurbano, 45, 1 planta, Chamberí, 28010 Madrid, España",+34 912 85 01 81,http://gerah-realestate.es/,4.7,49.0
Chamberí Servicios Inmobiliarios,"C. de Luchana, 39, Chamberí, 28010 Madrid, España",+34 917 46 89 71,http://www.chamberisi.com/,5.0,4.0
Inmobiliaria Casaven,"Calle de Sandoval, 25, Chamberí, 28010 Madrid, España",+34 910 10 05 70,http://www.inmobiliariacasaven.com/,4.4,85.0
World Gestión Inmobiliaria,"C. de Eguilaz, 14, Chamberí, 28010 Madrid, España",+34 914 45 03 90,http://www.worldgestioninmobiliaria.com/,4.5,115.0
Mejocasa Chamberí / Centro,"C. de Eloy Gonzalo, 18, Chamberí, 28010 Madrid, España",+34 917 58 05 41,https://mejocasa.es/?utm_source=Google+My+Business&utm_medium=clicweb&utm_campaign=Mejocasa+Chamber%C3%AD+%2F+Centro,4.6,33.0
INMADRID REMAX,"Plaza de Olavide, 10, Chamberí, 28010 Madrid, España",+34 647 41 41 89,http://www.inmadridremax.com/,4.0,22.0
Berkshire Hathaway HomeServices Madrid,"C. de Fernando el Santo, 7, Chamberí, 28010 Madrid, España",+34 912 77 10 71,http://bhhsmadrid.com/,4.6,24.0
"Servivienda Asesores Inmobiliarios, S.l.","C. de Eloy Gonzalo, 35, Chamberí, 28010 Madrid, España",+34 915 91 11 11,http://www.servivienda.es/,4.0,132.0
José Carlos Padrino (Asesor inmobiliario en Madrid),"Plaza de Olavide, 10, Chamberí, 28010 Madrid, España",+34 628 05 15 01,http://www.comovendomicasa.es/,5.0,42.0
AG Propiedades Inmobiliarias,"Calle de José Abascal, 44, 4ta planta, Chamberí, 28003 Madrid, España",+34 687 12 74 78,http://www.agpropiedadesinmobiliarias.com/,5.0,14.0
Alquila Mejor,"C. de Fernando el Santo, 7, Chamberí, 28010 Madrid, España",+34 900 272 030,http://alquilamejor.es/,4.5,95.0
Keller Williams One,"C. del Marqués del Riscal, 6, 1ºB, Chamberí, 28010 Madrid, España",+34 912 36 80 00,,4.1,69.0
RE/MAX URBE,"C. de Sta. Feliciana, 1, Chamberí, 28010 Madrid, España",+34 915 91 25 74,http://www.urbe.remax.es/,4.0,130.0
TEAM AVENIDA SERVICIOS INMOBILIARIOS,"Plaza de Olavide, 10, Local, Chamberí, 28010 Madrid, España",+34 659 57 76 37,http://www.urbe.remax.es/,4.4,60.0
VipConsultores,"C. de Luchana, 15, 5A, Chamberí, 28010 Madrid, España",+34 919 38 46 52,http://vipconsultores.com/,4.6,113.0
Inmobiliaria SM Homes Chamberí,"Calle de Viriato, 37, Chamberí, 28010 Madrid, España",+34 657 54 68 66,https://www.smhomesinmobiliaria.es/,,
Team Rico by Remax Urbe,"C. de Sta. Feliciana, 1, Local, Chamberí, 28010 Madrid, España",+34 617 43 04 32,http://www.teamricoasesores.es/,4.7,53.0
Mutua Madrileña Inmobiliaria,"C. de Fortuny, 18, Chamberí, 28010 Madrid, España",+34 915 92 99 30,https://www.mutuainmobiliaria.es/,4.0,76.0
Consulting Inmobiliario,"Calle de Zurbano, 45, Chamberí, 28010 Madrid, España",,,5.0,1.0
Tecnocasa agencia inmobiliaria,"C. de Bravo Murillo, 71, Chamberí, 28003 Madrid, España",+34 910 26 97 99,https://madrid171.tecnocasa.es/,4.9,129.0
INMOBILIARIA - ANTONIO VILLUENDAS TEAM S.L. by KELLER WILLLIAMS ONE,"C. del Marqués del Riscal, 6, 1b, Chamberí, 28010 Madrid, España",+34 672 76 05 47,https://antoniovilluendas.kw.com/es-419/,5.0,28.0
Inmobiliarias Encuentro,"Calle de Sta Engracia, 38, Chamberí, 28010 Madrid, España",+34 919 41 45 93,https://iencuentro.es/nosotros/red-de-agencias/,5.0,3.0
Pepe Cuesta Agente Inmobiliario Remax en Madrid,"Plaza de Olavide, 10, Local Remax, Chamberí, 28010 Urbe, Madrid, España",+34 670 96 42 13,https://www.pepedomus.com/,5.0,6.0
Gaboc,"Calle de Zurbano, 45, primera planta, Chamberí, 28010 Madrid, España",+34 914 45 55 87,http://www.gaboc.es/,4.7,29.0
donpiso,"C. de Ibiza, nº22, Local B, Retiro, 28009 Madrid, España",+34 910 39 81 47,https://www.donpiso.com/donpiso-madrid-retiro/668?pr=28&mu=79,4.9,165.0
Inmobiliaria Retiro CLICKHAUS IBIZA,"C/ de Fernán González, 57, Retiro, 28009 Madrid, España",+34 916 21 61 86,https://clickhaus.es/asesor/ibiza-asesor/,4.7,81.0
QUALITY KEYS INMOBILIARIOS Retiro,"C/ de Fernán González, 56, Retiro, 28009 Madrid, España",+34 911 64 41 82,https://www.qualitykeys.es/,5.0,4.0
Habial Grupo Inmobiliario,"C. de Lope de Rueda, 21, Salamanca, 28009 Madrid, España",+34 680 49 27 23,,4.7,74.0
Arteana Inmobiliaria y Reformas,"C/ del Alcalde Sainz de Baranda, 62, Retiro, 28009 Madrid, España",+34 914 00 93 08,https://www.arteana.com/,4.8,25.0
ASR HOME Asesores Inmobiliarios s.l.,"C. de Lope de Rueda, 47, Retiro, 28009 Madrid, España",+34 911 08 70 87,,4.8,124.0
EM Inmobiliaria,"C. de Abtao, 11, Retiro, 28007 Madrid, España",+34 664 19 83 27,http://eminmobiliaria.com/,4.9,94.0
GILMAR Consulting Inmobiliario - Inmobiliaria Retiro,"Av. del Mediterráneo, 44, Retiro, 28007 Madrid, España",+34 911 21 84 84,https://www.gilmar.es/oficinas/agencia-inmobiliaria-retiro/?utm_source=gmb&utm_medium=cta&utm_campaign=inmobiliaria_conde_de_casal,4.6,154.0
GILGAR Real Estate,"C. de Lope de Rueda, 57, Local, Retiro, 28009 Madrid, España",+34 617 57 85 45,,5.0,23.0
Martín Butori - Agente inmobiliario en Madrid,"C/ del Alcalde Sainz de Baranda, 19, Retiro, 28009 Madrid, España",+34 633 44 45 59,https://agenteinmobiliariomadrid.es/,5.0,21.0
Inmobiliaria Retiro Redpiso,"C. de Ibiza, 26, Retiro, 28009 Madrid, España",+34 626 62 81 87,https://www.redpiso.es/oficina/inmobiliaria-retiro/venta,4.2,72.0
Álamo Home Properties,"Cl. de Ayala, 115, Salamanca, 28009 Madrid, España",+34 657 21 50 63,https://www.alamohomeproperties.com/,4.7,103.0
Tecnocasa agencia inmobiliaria,"C. de Narváez, 21, local dcha, Salamanca, 28009 Madrid, España",+34 910 09 71 96,https://madrid111.tecnocasa.es/,4.8,44.0
Geppco Inmobiliaria Goya,"Calle de Goya, 129, Salamanca, 28009 Madrid, España",+34 914 44 80 69,https://www.somostuinmobiliaria.com/,4.4,45.0
Stock Vivienda Grupo Inmobiliario,"C. de la Anunciación, 6, Retiro, 28009 Madrid, España",+34 603 23 47 25,,3.5,77.0
LAW Inmobiliaria,"C. Alcalá, 119, 1º Derecha, Salamanca, 28009 Madrid, España",+34 915 73 61 21,http://www.lawinmobiliaria.es/,5.0,49.0
IBIZA 32 IRS (INMOBILIARIA RETIRO SALAMANCA),"C. de Ibiza, 32, Retiro, 28009 Madrid, España",+34 914 00 83 90,http://www.retiro-salamanca.com/,3.3,46.0
Inmobiliaria Máiquez,"C. de Máiquez, 28, Retiro, 28009 Madrid, España",+34 915 74 40 36,http://www.alquilermaiquez.com/,3.9,7.0
Mc Inmobiliaria,"1º, Av. de Menéndez Pelayo, 113, Retiro, 28007 Madrid, España",+34 915 51 97 87,,4.2,84.0
Valmodomus Real Estate (Madrid),"Calle de O'Donnell, 34, Retiro, 28009 Madrid, España",+34 915 87 98 05,http://www.valmodomus.com/,3.8,16.0
"Ansola-Madrid Inmobiliaria, S.A.","Calle de O'Donnell, 32, Retiro, 28009 Madrid, España",+34 915 94 33 38,http://ansolamadrid.com/,5.0,5.0
"Look & Find Retiro, Cortes Y Delicias","C. de Narváez, 49, Retiro, 28009 Madrid, España",+34 912 79 69 80,https://retiro.lookandfind.es/,3.0,2.0
Alfa Reina Inmobiliaria,"RETIRO, Av. de la Ciudad de Barcelona, 59, Retiro, 28007 Madrid, España",+34 653 77 49 27,https://www.alfareina.com/,5.0,63.0
Inmobiliaria Times,"C. de Cavanilles, 27, local 3, Retiro, 28007 Madrid, España",+34 911 46 51 45,https://www.timesinmobiliaria.com/,4.9,74.0
Invest4home,"Torre de Valencia, Calle de O'Donnell, 4, Oficina 3A, Retiro, 28009 Madrid, España",+34 618 61 83 02,https://invest4home.com/,5.0,1.0
Huspy,"C. Alcalá, 108, Salamanca, 28009 Madrid, España",+34 644 77 71 56,http://huspy.es/,4.4,177.0
Inmobiliaria,"C. de Hermosilla, 116, Salamanca, 28009 Madrid, España",,,5.0,1.0
Xanadú by Jesús Heredia Retiro,"C/ del Alcalde Sainz de Baranda, 64, Retiro, 28009 Madrid, España",+34 919 95 82 65,http://www.xanaduinmobiliaria.com/,4.9,32.0
RE/MAX Rosales Aquavilla Team,"Av. de Felipe II, 6, Salamanca, 28009 Madrid, España",+34 915 77 40 68,https://www.aquavillateam.net/,4.9,156.0
LogiEstate,"Calle del Dr. Castelo, 44, Retiro, 28009 Madrid, España",+34 654 66 82 01,https://www.logiestate.com/,5.0,1.0
REMAX FIDELITY,"C/ del Alcalde Sainz de Baranda, 19, Retiro, 28009 Madrid, España",+34 910 41 33 46,http://www.fidelity.remax.es/,3.7,26.0
Renta Garantizada. Alquiler seguro para propietarios en Madrid,"Edificio Oficinas, Calle de Goya, 115, Salamanca, 28009 Madrid, España",+34 900 101 095,http://rentagarantizada.es/,4.1,952.0
Manuel Becerra Plaza Inmobiliaria,"Cl. de Ayala, 160, Salamanca, 28009 Madrid, España",+34 610 09 04 87,,5.0,5.0
Solvia Inmobiliaria,"C. de Narváez, 28, Retiro, 28009 Madrid, España",+34 676 89 58 24,https://www.solvia.es/,2.0,4.0
InmoMartin Asesores,"Calle de O'Donnell, 30, Retiro, 28009 Madrid, España",+34 697 65 60 61,https://inmomartin.es/contacto/,4.0,29.0
Cidade Servicios Inmobiliarios,"C. de Máiquez, 60, 1º C, Retiro, 28009 Madrid, España",+34 918 29 85 09,https://cidade.es/,3.2,5.0
CASA-PUNTO inmobiliaria y reformas,"Calle de Juan de Urbieta, 34, Retiro, 28007 Madrid, España",+34 604 12 21 60,http://www.casa-punto.com/,4.6,63.0
LUXURY REAL AGENCY IBIZA,"Calle del Dr. Castelo, 44, Retiro, 28009 Madrid, España",+34 653 56 09 49,,5.0,2.0
RETIRO Inmobiliaria,"C/ de Fernán González, 68, Bajo, Retiro, 28009 Madrid, España",+34 915 57 27 64,,,
Unibalans Inmobiliarias,"Calle del Dr. Castelo, 44, Retiro, 28009 Madrid, España",+34 661 71 94 32,http://www.unibalans.com/?utm_source=google&utm_medium=wix_google_business_profile&utm_campaign=9585439041271221295,5.0,8.0
WhiteHouse Madrid,"C. de Antonia Mercé, nº2, Salamanca, 28009 Madrid, España",+34 689 07 04 23,,5.0,1.0
Tecnocasa agencia inmobiliaria,"C. de Abtao, 29, Retiro, 28007 Madrid, España",+34 911 61 04 30,https://madrid69.tecnocasa.es/,4.8,206.0
Abbitae Propiedades,"C. de Benito Gutiérrez, 11, Moncloa - Aravaca, 28008 Madrid, España",+34 669 96 35 35,https://www.abbitae.com/,5.0,13.0
VIVO Estudio Gestión Inmobiliaria,"Calle de la Princesa, 31, planta 2ª, Moncloa - Aravaca, 28008 Madrid, España",+34 608 53 28 16,https://vivoestudioinmobiliaria.com/,5.0,25.0
Altamirano,"C. de Altamirano, 48, Moncloa - Aravaca, 28008 Madrid, España",+34 915 49 04 87,,4.4,29.0
URBAN MAGERIT INMOBILIARIA,"C. de Quintana, 14, Moncloa - Aravaca, 28008 Madrid, España",+34 915 47 93 89,https://urbanmagerit.es/,5.0,11.0
Careyes Inmobiliaria,"C. de Romero Robledo, 24, entreplanta exterior izda, Moncloa - Aravaca, 28008 Madrid, España",+34 915 49 27 66,http://www.careyesinmobiliaria.com/,4.8,33.0
Inmobiliaria Moncloa Redpiso,"C. de Ferraz, 37, Moncloa - Aravaca, 28008 Madrid, España",+34 912 30 49 49,https://www.redpiso.es/oficina/inmobiliaria-moncloa/venta,4.3,12.0
Inmobiliaria Paseo de la Florida Redpiso,"P.º de la Florida, 49, Moncloa - Aravaca, 28008 Madrid, España",+34 912 97 70 09,https://www.redpiso.es/oficina/inmobiliaria-paseo-de-la-florida/venta,4.4,222.0
Echevarria Real Estate Management,"C. de Irún, 23, 1º, 1, Moncloa - Aravaca, 28008 Madrid, España",+34 685 83 79 61,http://echevarria.es/,4.4,27.0
Feralba Inmuebles S.L.,"C. del Tutor, 40, BAJO B, Moncloa - Aravaca, 28008 Madrid, España",+34 661 25 47 16,http://www.feralbainmuebles.com/,3.8,26.0
Tecnocasa agencia inmobiliaria,"P.º de la Florida, 27, Moncloa - Aravaca, 28008 Madrid, España",+34 910 29 95 66,https://madrid53.tecnocasa.es/,4.7,105.0
PRONTOCASA - Inmobiliaria,"Calle de la Princesa, 31, Moncloa - Aravaca, 28008 Madrid, España",+34 914 34 90 32,http://www.prontocasa.info/index.html,5.0,1.0
Tecnocasa agencia inmobiliaria,"C. del Marqués de Urquijo, 14, local izq, Moncloa - Aravaca, 28008 Madrid, España",+34 919 29 53 21,https://madrid187.tecnocasa.es/,4.4,26.0
Dream Home Madrid,"C. de Aniceto Marinas, Moncloa - Aravaca, 28008 Madrid, España",+34 610 24 96 62,https://es.inmobiliariadreamhome.com/,5.0,17.0
Rential,"Calle de la Princesa, 2, Centro, 28008 Madrid, España",+34 613 85 32 84,https://rential.es/,4.4,19.0
Gestion inmobiliaria Valeria,"C. de Ferraz, 67, Moncloa - Aravaca, 28008 Madrid, España",+34 915 43 00 50,,4.4,7.0
Solucion Homes,"C. de Ferraz, 78, Moncloa - Aravaca, 28008 Madrid, España",+34 669 87 41 52,https://solucionhomes.es/,5.0,1.0
Ciitys servicios Inmobiliarios,"C. de Martín de los Heros, 59, Moncloa - Aravaca, 28008 Madrid, España",+34 672 60 78 17,http://ciitys.com/,5.0,3.0
Galeda Consultores,"C. del Tutor, 27, Moncloa - Aravaca, 28008 Madrid, España",+34 664 81 08 58,https://galedaconsultores.com/,5.0,1.0
C Grupo Inmobiliario,"P.º del Pintor Rosales, 44, Moncloa - Aravaca, 28008 Madrid, España",+34 917 58 40 91,http://www.cgrupoinmobiliario.com/,3.6,5.0
PG Madrid Alquileres,"Calle de la Princesa, 22, Centro, 28008 Madrid, España",+34 917 58 08 80,http://www.pgmadrid.com/,3.9,7.0
Ferraz 41 - Gilmar Consulting Inmobiliario,"C. de Ferraz, 41, Moncloa - Aravaca, 28008 Madrid, España",+34 912 09 32 80,https://www.gilmar.es/inmueble/ferraz-41/?utm_source=gmb&utm_medium=cta&utm_campaign=ferraz_41,5.0,2.0
Lopez-Brea,"P.º del Pintor Rosales, 8, Moncloa - Aravaca, 28008 Madrid, España",+34 915 75 82 85,http://lopezbrea.com/,4.3,16.0
MOBEN REAL ESTATE,"C. de Ferraz, 74, Local 2, Moncloa - Aravaca, 28008 Madrid, España",+34 679 87 49 75,https://mobengroup.com/,5.0,6.0
Alonso y Compañía S.L.,"Calle de la Princesa, 63, Moncloa - Aravaca, 28008 Madrid, España",+34 915 90 25 42,,3.0,1.0
"Horizonte Consulting Inmobiliario, S.L.","C. de Ferraz, 78, Moncloa - Aravaca, 28008 Madrid, España",+34 915 42 03 34,,5.0,1.0
Capital Room,"Calle de la Princesa, 29, Moncloa - Aravaca, 28008 Madrid, España",+34 677 20 72 27,,,
Geimpro Gestión Inmobiliaria S L L,"C. de Benito Gutiérrez, 17, Moncloa - Aravaca, 28008 Madrid, España",+34 915 44 54 56,http://www.geimpro.es/,2.5,26.0
Inmovicos,"C. de Evaristo San Miguel, 16, local derecha, Moncloa - Aravaca, 28008 Madrid, España",+34 917 58 13 62,http://www.inmovicos.com/es/location/ferraz-es/,5.0,1.0
iKasa,"Calle, Cta. de San Vicente, 12, Moncloa - Aravaca, 28008 Madrid, España",+34 915 41 53 03,http://www.ikasa.es/,3.2,51.0
Ana Vásquez de Aquino María Dolores Sauras Vásquez y Otros C.B.,"C. del Marqués de Urquijo, 16, Moncloa - Aravaca, 28008 Madrid, España",+34 915 47 56 25,,5.0,2.0
Asset Management España | SH WALTERS,"Calle de la Princesa, 77, Moncloa - Aravaca, 28008 Madrid, España",+34 912 85 26 48,http://www.shwalters.es/,4.6,58.0
IndiQa Servicios Inmobiliarios - Madrid - Retiro,"C. del Dr. Esquerdo, 114, Retiro, 28007 Madrid, España",+34 915 09 88 67,https://www.indiqa.es/,5.0,11.0
Alfa Doctor Esquerdo,"C. del Dr. Esquerdo, 105, Retiro, 28007 Madrid, España",+34 656 80 09 30,https://www.alfadoctoresquerdo.com/,4.8,28.0
Inmobiliaria Pacífico Redpiso,"C. del Dr. Esquerdo, 144, Retiro, 28007 Madrid, España",+34 910 12 50 30,https://www.redpiso.es/oficina/inmobiliaria-pacifico,4.4,77.0
CLICKHAUS ADELFAS,"Av. de la Ciudad de Barcelona, 210, Retiro, 28007 Madrid, España",+34 917 12 91 17,https://clickhaus.es/asesor/adelfas-asesor/,4.6,137.0
Inmobiliarias Encuentro,"C. de Cavanilles, 16, Retiro, 28007 Madrid, España",+34 915 02 71 53,https://iencuentro.es/nosotros/red-de-agencias/,4.7,245.0
Mercedes Vargas Inmobiliaria,"C. de Téllez, 58, Bajo Derecha, Retiro, 28007 Madrid, España",+34 617 49 88 41,https://www.instagram.com/mercedesvargasinmobiliaria?igsh=MWQ1MmFtbDZ5amZtOQ==,5.0,63.0
Grupo 2 Inmobiliario,"Pl. del Conde de Casal, 8, Retiro, 28007 Madrid, España",+34 915 52 38 69,http://www.grupo2.es/,4.3,21.0
Retiro Capital Expansión - Central,"C. de Téllez, 58, Retiro, 28007 Madrid, España",+34 915 13 03 33,http://www.retirocapital.com/,4.1,85.0
House Hunting Inmobiliaria,"Calle de Juan de Urbieta, 14, Retiro, 28007 Madrid, España",+34 914 33 38 06,http://househunting.es/,4.9,36.0
Alquilares Alquiler y venta de inmuebles,"C. de Téllez, 30, Retiro, 28007 Madrid, España",+34 917 95 93 52,https://alquilares.com/,4.0,83.0
La Casa Agency | Sede Territorial Madrid,"Av. de la Ciudad de Barcelona, 81A, 5ºB, Retiro, 28007 Madrid, España",+34 910 22 07 98,http://www.lacasa.net/,4.9,165.0
Sociedad Inmobiliaria Property Sell Madrid SL,"C. del Dr. Esquerdo, Retiro, 28007 Madrid, España",,https://www.socinmadrid.com/,5.0,13.0
Tecnocasa agencia inmobiliaria,"C. de la Cruz del Sur, 30, Retiro, 28007 Madrid, España",+34 912 97 82 98,https://madrid173.tecnocasa.es/,5.0,30.0
VIGONTE Consulting Inmobiliario,"C. de Sánchez Barcáiztegui, 40, Local 4, Retiro, 28007 Madrid, España",+34 613 31 97 51,http://www.vigonte.es/,4.9,9.0
BR Houses Real Estate,"C/ de Sirio, 54, Retiro, 28007 Madrid, España",+34 621 19 47 00,http://www.brhouses.es/,5.0,8.0
Royal Home Gestión Inmobiliaria,"C. de Valderribas, 12, Retiro, 28007 Madrid, España",+34 912 25 75 52,https://royalhome.es/,3.7,3.0
Jadein-Ferrero Grupo Inmobiliario,"Av. de Menéndez Pelayo, 109, Retiro, 28007 Madrid, España",+34 912 97 92 88,https://jadein-ferrero.com/,3.9,243.0
LOVERHOME,"C. de Barrilero, 19, Retiro, 28007 Madrid, España",+34 687 63 30 08,http://www.loverhome.es/quienes_somos.html,4.8,33.0
KECASA Inmobiliaria,"C. de los Fundadores, 10, Local, Salamanca, 28007 Madrid, España",,,5.0,2.0
Grupo Nagaki Inmobiliaria,"C. de Gandía, 1, local 9A, Retiro, 28007 Madrid, España",+34 919 38 42 70,http://www.gruponagaki.com/,4.1,13.0
TEGOS,"C. del Dr. Esquerdo, 105, Retiro, 28007 Madrid, España",+34 636 81 22 99,https://tegos.es/,5.0,6.0
Alfa Agin Madrid,"Calle de Narciso Serra, 9, Retiro, 28007 Madrid, España",+34 645 22 57 72,https://www.alfaaginmadrid.com/,3.9,14.0
"Bon Lar, Asesores Inmobiliarios","C. de Cavanilles, 29, Retiro, 28007 Madrid, España",+34 915 01 10 10,http://bonlar.com/,4.1,38.0
Alfa Inmobiliaria,"C/ Téllez, Ofic. 2, 58, Retiro, 28007 Madrid, España",+34 690 91 68 96,https://www.alfainmo.com/,1.0,1.0
Consultores Inmobiliarios Metropolitan S.L.U,"Tr.ª de Téllez, 3, Retiro, 28007 Madrid, España",+34 915 01 19 62,http://metropolitanconsultores.es/,5.0,1.0
ZIMERMAN INMOBILIARIA,"C. del Dr. Esquerdo, 98, bajo B, Retiro, 28007 Madrid, España",+34 617 69 37 00,,1.0,1.0
EXCLUSIVASRR INMOBILIARIA REAL ESTATE,"Calle Reyes Magos, 19, 1º.6, 2, 2ª planta, Retiro, 28007 Madrid, España",+34 642 18 34 55,,3.0,1.0
Alfa Inmobiliaria Pacífico,"Av. de la Ciudad de Barcelona, 210, Retiro, 28007 Madrid, España",+34 910 22 24 50,https://www.alfainmopacifico.com/,1.8,5.0
gestiondetualquiler,"C/ de Juan Esplandiú, 12, Retiro, 28007 Madrid, España",+34 644 99 22 33,https://www.gestiondetualquiler.com/,,
Obranueva.com,"C/ de Juan Esplandiú, 15, planta 10, Retiro, 28007 Madrid, España",+34 917 25 99 95,http://www.obranueva.com/,3.7,24.0
Estudio Salamanca,"Calle de Maldonado, 44, Salamanca, 28006 Madrid, España",+34 911 62 47 00,https://www.estudiosalamanca.es/,4.8,283.0
GILMAR Consulting Inmobiliario - Inmobiliaria Barrio de Salamanca (Madrid),"Calle de Diego de León, 15, Salamanca, 28006 Madrid, España",+34 914 23 00 50,https://www.gilmar.es/oficinas/agencia-inmobiliaria-barrio-salamanca/?utm_source=gmb&utm_medium=cta&utm_campaign=inmobiliaria_barrio_de_salamanca_madrid,4.3,39.0
AGILCASA ASESORES INMOBILIARIOS,"Oficina Central, Calle de Diego de León, 47, Edificio MELIOR, Salamanca, 28006 Madrid, España",+34 690 72 05 39,,4.7,39.0
ORGAZ INMOBILIARIA - REAL ESTATE,"Calle Velázquez, 86B, bajo centro, Salamanca, 28006 Madrid, España",+34 653 53 77 70,http://www.orgazinmobiliaria.com/,5.0,24.0
Atlanta Select Real Estate,"Calle de María de Molina, 54, Salamanca, 28006 Madrid, España",+34 665 34 56 84,http://www.atlantaselect.es/,4.5,151.0
GINMO - Barrio de Salamanca,"Calle del General Díaz Porlier, 97, Salamanca, 28006 Madrid, España",+34 914 44 88 18,http://www.ginmo.es/,4.6,156.0
Inmobiliaria Salamanca Lista Redpiso,"Calle del Gral. Pardiñas, 57, Salamanca, 28006 Madrid, España",+34 910 49 85 60,https://www.redpiso.es/oficina/inmobiliaria-salamanca-lista/venta,4.7,92.0
Urbión Grupo Inmobiliario S.L.,"C. del Conde de Peñalver, 55, Salamanca, 28006 Madrid, España",+34 911 44 98 18,https://www.grupourbion.com/,4.9,32.0
PentHouse Real Estate,"Calle de María de Molina, 54, Salamanca, 28006 Madrid, España",+34 626 68 33 67,https://penthouserealestatespain.com/,4.9,32.0
HousinGo Serrano 81,"C. de Serrano, 81, Salamanca, 28006 Madrid, España",+34 910 05 39 63,http://www.housingo.es/,4.8,233.0
Prime Real Estate,"Calle de Juan Bravo, 3A, Salamanca, 28006 Madrid, España",+34 914 36 73 26,http://primerealestate.es/,4.8,38.0
Safe Stays,"Salamanca, 28006 Madrid, España",+34 665 89 40 54,https://safe-stays.com/,4.9,30.0
Buenavista Real Estate,"C. del Gral. Oráa, 29, Salamanca, 28006 Madrid, España",+34 910 88 33 00,http://www.buenavistarealestate.es/,4.6,113.0
Avenida 21,"Calle de Núñez de Balboa, 120, Chamartín, 28006 Madrid, España",+34 658 19 08 43,http://www.avenida-21.es/,4.9,43.0
Nueva Residencia Gestión Inmobiliaria - Madrid,"Calle Velázquez, 119, 3F, Salamanca, 28006 Madrid, España",+34 606 31 79 17,https://www.nuevaresidencia.com/,4.6,22.0
Hauzz Real Estate,"Calle de María de Molina, 39, Chamartín, 28006 Madrid, España",+34 914 31 16 30,http://www.hauzz.es/,4.3,78.0
+PISO servicios inmobiliarios.,"C. de José Ortega y Gasset, 80, Local 4, Salamanca, 28006 Madrid, España",+34 913 09 57 92,https://maspiso.com/,4.7,164.0
BoHer Gestión Inmobiliaria Barrio de Salamanca Madrid,"Calle de Juan Bravo, 58, entreplanta e 17, Salamanca, 28006 Madrid, España",+34 606 22 26 92,https://www.bohergestioninmobiliaria.com/,5.0,6.0
Wall Estate Inmobiliaria S.L,"C. de Padilla, 60, Salamanca, 28006 Madrid, España",+34 638 89 84 68,https://www.wallestate.es/,5.0,10.0
HousinGo Velázquez 117,"Calle Velázquez, 117, Salamanca, 28006 Madrid, España",+34 910 05 39 63,https://www.housingo.es/,4.9,215.0
RESTER IBERIA Serv. Inmobiliarios de calidad,"Calle Velázquez, 86B, Bajo interior, Salamanca, 28006 Madrid, España",+34 910 41 41 59,https://www.resteriberia.com/,5.0,68.0
FORCA REAL ESTATE - MADRID,"Calle Velázquez, Salamanca, 28006 Madrid, España",+34 606 31 79 17,https://www.forcarealestate.com/,5.0,1.0
Iberian Prime Real Estate,"iberian prime, C. de José Ortega y Gasset, 30, local izq, Salamanca, 28006 Madrid, España",+34 683 50 89 59,http://www.iberianprime.com/,5.0,16.0
Tecnocasa agencia inmobiliaria,"C. de Montesa, 33, local, Salamanca, 28006 Madrid, España",+34 919 33 95 10,https://madrid140.tecnocasa.es/,4.8,59.0
Emmanuel Inmobiliaria Y Alquileres,"C. de Claudio Coello, 101, Salamanca, 28006 Madrid, España",+34 915 75 34 91,http://www.inmobiliariaemmanuel.com/contactanos.html,3.9,506.0
Valtier Real Estate,"Calle de Diego de León, 25, Salamanca, 28006 Madrid, España",+34 696 11 09 86,https://www.valtier.es/,4.7,64.0
Juvilma Consultores,"C. de Serrano, 118, Bajo Izquierda, Salamanca, 28006 Madrid, España",+34 609 02 64 35,https://juvilma.com/,4.7,50.0
Clikalia,"Calle de María de Molina, 7, Chamartín, 28006 Madrid, España",+34 911 33 33 27,https://clikalia.es/,4.4,1862.0
Inmobiliaria en Barrio de Salamanca | Vivienda Madrid,"Calle de Don Ramón de la Cruz, 62, Salamanca, 28001 Madrid, España",+34 910 37 81 74,https://www.viviendamadrid.com/inmobiliaria-barrio-de-salamanca/,3.8,11.0
TATAHOME,"Calle de Núñez de Balboa, 120, Chamartín, 28006 Madrid, España",+34 670 51 03 22,http://www.tatahome.es/,4.9,92.0
KATHOME Consulting Inmobiliario,"C. de Serrano, 110, 1º, Salamanca, 28006 Madrid, España",+34 912 53 54 91,https://www.kathome.es/,5.0,8.0
Vivenio,"Calle de María de Molina, 54, Salamanca, 28006 Madrid, España",+34 911 98 80 50,http://vivenio.com/,4.0,1845.0
ETURES REAL ESTATE,"C. del Gral. Oráa, 29, Salamanca, 28006 Madrid, España",+34 912 53 87 70,https://www.etures.com/,,
Avalon,"C. de Serrano, 57, Salamanca, 28006 Madrid, España",+34 919 38 47 73,https://vivetuavalon.com/,3.9,344.0
AINDE Conexion Inmobiliaria,"C. de Serrano, 110, Salamanca, 28006 Madrid, España",+34 662 63 18 86,http://aindeinmobiliaria.com/,5.0,2.0
Casa Ideal Inmobiliaria Madrid,"P.º Imperial, 14, Arganzuela, 28005 Madrid, España",+34 613 27 94 11,https://www.madridcasaideal.com/,5.0,82.0
Inmobiliaria Latina Imperial Redpiso,"Paseo JA, P.º de Juan Antonio Vallejo-Nájera Botas, 46, Arganzuela, 28005 Madrid, España",+34 912 77 21 50,https://www.redpiso.es/oficina/inmobiliaria-latina-imperial/venta,4.8,55.0
Manuel Domingo Inmobiliaria Remax Madrid Arganzuela Centro Moncloa Retiro Salamanca Chamartín. API Perito Judicial. Herencias,"P.º de los Pontones, 11 Bis, Arganzuela, 28005 Madrid, España",+34 615 43 35 58,https://realestateability.com/manuel-domingo-jimenez-broker-remax-ability/https://realestateability.com/manuel-domingo-jimenez-broker-remax-ability/,5.0,3.0
House XXI | Acacias,"P.º de las Acacias, 11, Arganzuela, 28005 Madrid, España",+34 913 30 53 55,https://www.housexxi.es/,4.5,38.0
REMAX ABILITY INMOBILIARIA - PUERTA DE TOLEDO,"P.º de los Pontones, 11 Bis, Arganzuela, 28005 Madrid, España",+34 915 17 81 59,https://www.remaxability.es/,4.4,78.0
Guinica Servicios Inmobiliarios,"C. de Ercilla, 24, Arganzuela, 28005 Madrid, España",+34 651 05 95 11,,4.1,13.0
Río Multigestión Administración de Fincas e Inmobiliaria,"C. de la Pizarra, 3, Local 7, Arganzuela, 28005 Madrid, España",+34 911 39 59 22,http://www.riomultigestion.com/,4.7,128.0
Tecnocasa agencia inmobiliaria,"C. de Baños de Montemayor, 7, Arganzuela, 28005 Madrid, España",+34 910 22 85 29,https://madrid64.tecnocasa.es/,4.6,75.0
TRANO REAL ESTATE,"P.º Imperial, 14, Arganzuela, 28005 Madrid, España",+34 680 93 19 42,https://www.tranorealestate.es/,5.0,5.0
R2000 Servicios Inmobiliarios y Asesoramiento Jurídico,"C. de la Ruda, 13, Centro, 28005 Madrid, España",+34 914 61 94 40,http://r2000inmobiliaria.com/,5.0,4.0
Alfa Acacias,"C. de Toledo, 140, Local 2, Arganzuela, 28005 Madrid, España",+34 910 29 98 05,http://www.alfaacacias.com/,3.8,61.0
Inmobiliaria ADAIX - PUERTA DE TOLEDO,"Gran Vía de San Francisco, 9, local 10, Centro, 28005 Madrid, España",+34 913 43 51 41,,5.0,2.0
La Casa Agency,"C. de Segovia, 26, Centro, 28005 Madrid, España",+34 915 40 07 80,,4.4,34.0
Inmobiliaria Justicia - Chueca Redpiso,"C/ de Hortaleza, 59, Centro, 28004 Madrid, España",+34 910 33 93 16,https://www.redpiso.es/oficina/inmobiliaria-justicia-chueca/venta,4.8,37.0
Inmobiliarias Elite,"Pl. de Chueca, 28004, Centro, 28004 Madrid, España",+34 624 05 96 68,,5.0,1.0
Inmobiliaria - Estudio Argensola,"C. de Argensola, 10, Centro, 28004 Madrid, España",+34 913 19 56 19,http://www.estudioargensola.es/,4.7,19.0
M34 Inmobiliaria,"Calle De La Madera, 34, Calle de Ruiz, 3, Centro, 28004 Madrid, España",+34 673 11 40 68,,4.6,38.0
Galota,"C. de Serrano Anguita, 7, Centro, 28004 Madrid, España",+34 641 05 87 01,http://www.agalota.com/,4.9,322.0
APIMONTELEON SL,"Calle de Monteleón, 20, Local Dª, Centro, 28004 Madrid, España",+34 914 45 02 79,https://www.apimonteleon.com/,4.7,228.0
Miahus agence immobilière Madrid,"C. de la Reina, 13, Centro, 28004 Madrid, España",+34 919 01 52 70,,5.0,31.0
Inmobiliaria Gamero,"C/ de Hortaleza, 18, Centro, 28004 Madrid, España",+34 915 32 81 44,http://www.gamero.com/,3.8,41.0
JJInmobiliarios,"C. de Hernán Cortés, 22, Centro, 28004 Madrid, España",+34 661 98 64 93,http://www.jjinmobiliarios.com/,3.7,21.0
Tecnocasa agencia inmobiliaria,"Corre. Baja de San Pablo, 43, local, Centro, 28004 Madrid, España",+34 910 86 18 17,https://madrid167.tecnocasa.es/,4.7,30.0
Direct-House,"Gran Vía, 12, Centro, Centro, 28004 Madrid, España",,http://direct-house.com/,5.0,1.0
ALYA Servicios Inmobiliarios,"C. del Pez, 38, Centro, 28004 Madrid, España",+34 919 38 31 31,https://alyarealestate.com/,4.8,16.0
MitHouse,"C. de Augusto Figueroa, 4, Local derecha, Centro, 28004 Madrid, España",+34 915 21 28 76,http://www.mithouse.es/,3.2,569.0
Rightplace Apartments Madrid,"Gran Vía, 6, Centro, 28004 Madrid, España",+34 675 29 12 64,http://www.rightplace.es/,4.8,37.0
Plataforma Inmobiliaria | CULMIA,"Calle de Génova, 27, Planta 2, Chamberí, 28004 Madrid, España",+34 900 929 282,https://www.culmia.com/?utm_source=mybusiness&utm_medium=organic&utm_campaign=mybusiness-organic-culm0001-central-madrid-madrid,2.2,87.0
Personal Shopper Inmobiliario- Giovanni Giacomini,"C. del Conde de Xiquena, 4, Centro, 28004 Madrid, España",+34 667 99 94 86,https://giovannigiacomini.com/,5.0,15.0
Minty Stay,"C. de Augusto Figueroa, 16, 1D, Centro, 28004 Madrid, España",+34 919 99 45 39,https://mintystay.com/,4.5,346.0
La Comercial Inmobiliaria - Tribunal,"Calle de Fuencarral, 82, 1º C, Centro, 28004 Madrid, España",+34 641 18 89 59,http://www.lacomercial.app.link/,5.0,2.0
Welcomer Group,"C. de Argensola, 2, Centro, 28004 Madrid, España",+34 628 55 98 84,https://www.welcomergroup.com/,4.3,21.0
Youhomey,"C/ de Hortaleza, 51, 1 Dcha, Centro, 28004 Madrid, España",,https://youhomey.com/,4.1,987.0
Minty Host,"C. de Augusto Figueroa, 16, Centro, 28004 Madrid, España",+34 919 99 49 31,http://www.mintyhost.com/,4.5,52.0
ISC,"C. de Barceló, 13, Centro, 28004 Madrid, España",+34 607 52 83 74,,5.0,1.0
HOUSELAND SERVICIOS INMOBILIARIOS,"C/ de Ponzano, 81, Chamberí, 28003 Madrid, España",+34 911 19 93 50,http://www.house-land.es/,4.6,127.0
Espaciodoble Homes & Properties,"C. de Ríos Rosas, 29, Chamberí, 28003 Madrid, España",+34 687 22 98 84,http://www.espaciodoble.com/,5.0,25.0
Inmobiliaria Ríos Rosas Chamberí Redpiso,"C. de Ríos Rosas, 11, Chamberí, 28003 Madrid, España",+34 911 12 33 52,https://www.redpiso.es/oficina/inmobiliaria-riosrosas-chamberi/venta,4.4,56.0
Gestinse Consultores Inmobiliarios,"C. de Ríos Rosas, 30, Chamberí, 28003 Madrid, España",+34 601 29 73 89,http://www.gestinseinmobiliaria.com/,4.5,25.0
K&N ELITE MADRID Real Estate Agency,"Calle de José Abascal, 22, bajo, Chamberí, 28003 Madrid, España",+34 917 03 22 44,https://www.knelite.com/madrid,5.0,32.0
InmoSpace Real Estate,"C. de Ríos Rosas, 36, 5º Centro, Chamberí, 28003 Madrid, España",+34 910 32 79 33,https://www.inmospace.com/,5.0,53.0
Arancha Hernández. Agente Inmobiliario en Madrid REMAX,"C. de Cea Bermúdez, 12, entreplanta, Chamberí, 28003 Madrid, España",+34 696 94 17 28,http://agenteremaxmadrid.com/,5.0,28.0
BELIZON TEAM INMOBILIARIO,"C. de Cea Bermúdez, 12, Chamberí, 28003 Madrid, España",+34 609 04 35 19,https://belizonteaminmobiliario.com/,4.9,36.0
Tecnocasa Guzman el Bueno,"Av. de la Reina Victoria, 40, local, Moncloa - Aravaca, 28003 Madrid, España",+34 910 42 43 19,https://madrid185.tecnocasa.es/,5.0,81.0
Agencia inmobiliaria GM-2 I Chamberí - Rios Rosas,"C. de Cristóbal Bordiú, 57, Chamberí, 28003 Madrid, España",+34 670 64 50 69,http://gm-2.es/,5.0,1.0
HMS Real Estate,"C. de Vallehermoso, 91, Chamberí, 28003 Madrid, España",+34 628 06 89 24,http://www.hms-madrid.com/,5.0,9.0
RILC,"C. de Ríos Rosas, 49, Chamberí, 28003 Madrid, España",+34 669 26 36 17,https://www.esrilc.es/,4.6,56.0
Inmobiliaria Look & Find Azca Rios Rosas,"Av. de Filipinas, 46, Chamberí, 28003 Madrid, España",+34 915 54 68 88,https://lookandfind.es/azca-riosrosas,4.5,26.0
Casanova Inmobiliaria Chamberí,"Paseo de S. Fco. de Sales, 20, 5b, Chamberí, 28003 Madrid, España",,https://inmobiliariachamberi.wordpress.com/,,
Inmobiliaria Chamberí Vallehermoso Redpiso,"Paseo de S. Fco. de Sales, 8, Chamberí, 28003 Madrid, España",+34 910 22 81 32,https://www.redpiso.es/oficina/inmobiliaria-chamberi-vallehermoso/venta,4.4,29.0
"Inmuga Homes, S.L.","C. de Galileo, 89, Chamberí, 28003 Madrid, España",+34 914 53 94 41,http://www.inmuga.com/,4.7,40.0
InmoStudent Madrid S.L.,"C. Galería Vallehermoso, Chamberí, 28003 Madrid, España",+34 699 90 32 58,http://www.inmostudent.com/,3.7,20.0
Home Action Inmobiliaria Nuevos Ministerios-Chamberí,"Calle de Modesto Lafuente, 51, Chamberí, 28003 Madrid, España",+34 666 02 16 46,https://www.homeaction.es/,4.3,12.0
Miprop,"C. de Cea Bermúdez, 3, Chamberí, 28003 Madrid, España",+34 914 16 37 65,http://www.miprop.es/,4.7,27.0
LuxHOME,"C. de Cea Bermúdez, 14, Chamberí, 28003 Madrid, España",+34 915 35 69 72,http://www.luxhome.es/,4.7,32.0
Lora Galeva - Personal Shopper Inmobiliario,"C. de Cristóbal Bordiú, 22, Chamberí, 28003 Madrid, España",+34 628 12 71 68,https://loragaleva.com/,5.0,29.0
Iceberg Inmobiliaria,"C/ de Ponzano, 69, Local, Chamberí, 28003 Madrid, España",+34 660 16 94 77,http://www.iceberginmobiliaria.com/,3.6,41.0
Diego Giannini Real Estate,"C. de Cea Bermúdez, 12, Chamberí, 28003 Madrid, España",+34 603 54 47 95,,5.0,2.0
"Don Chamberi Inmobiliaria - Inmobiliaria en Chamberi, Madrid.","C/ de Ponzano, 80, Chamberí, 28003 Chamberi, Madrid, España",+34 910 59 30 85,https://www.inmobiliariadonchamberi.madrid/es/,,
CSAP Inmobiliaria y Mantenimiento,"Chamberí, 28003 Madrid, España",+34 663 03 18 98,https://www.csap-inmobiliaria.es/,4.2,15.0
IDÍLICO REALTY | Valoraciones de pisos en Madrid,"Calle del Príncipe de Vergara, 109, 2º planta, Chamartín, 28002 Madrid, España",+34 649 74 45 29,https://idilicorealty.com/,4.9,41.0
ONEPISO Inmobiliaria,"C. de Ros de Olano, 2, Chamartín, 28002 Madrid, España",+34 659 11 58 59,http://www.onepiso.es/,4.7,55.0
iRent Madrid,"C. de Joaquín Costa, 15, #215, Chamartín, 28002 Madrid, España",+34 611 63 39 70,http://www.irentmadrid.com/,4.9,198.0
Pis-Pas Inmobiliaria,"C. de Clara del Rey, 5, Chamartín, 28002 Madrid, España",+34 914 16 33 19,https://www.pis-pas-inmobiliaria.com/,5.0,28.0
"GRUPO HABITAZONE, Prosperidad, Oficina Principal","C. de Clara del Rey, 28, Chamartín, 28002 Madrid, España",,https://www.habitazone.com/,4.1,48.0
Conksa Servicios Inmobiliarios SL,"Calle del Príncipe de Vergara, 109, Chamartín, 28002 Madrid, España",+34 918 27 59 48,https://conksainmobiliaria.com/,4.8,69.0
Inmobiliarias Encuentro,"C. de Pradillo, 16, Chamartín, 28002 Madrid, España",+34 914 21 85 04,https://iencuentro.es/nosotros/red-de-agencias/,4.6,41.0
Inmobiliaria Prosperidad - Ciudad Jardín Redpiso,"C. de Clara del Rey, 64, Chamartín, 28002 Madrid, España",+34 918 18 10 61,https://www.redpiso.es/oficina/inmobiliaria-prosperidad-ciudad-jardin/venta,4.5,63.0
Tecnocasa agencia inmobiliaria,"Av. de América, 7, Chamartín, 28002 Madrid, España",+34 910 52 53 70,https://madrid91.tecnocasa.es/,4.9,75.0
eXp España,"Av. del Dr. Arce, 14, Chamartín, 28002 Madrid, España",+34 919 26 97 40,https://www.expglobalspain.com/,5.0,13.0
Tecnocasa agencia inmobiliaria,"C. de Clara del Rey, 14, Chamartín, 28002 Madrid, España",+34 915 19 80 03,https://madrid18.tecnocasa.es/,4.7,42.0
Fives Real Estate,"C. Luis Vives, 8, Chamartín, 28002 Madrid, España",+34 913 68 54 16,https://www.fivesrealestate.com/,4.2,56.0
IA AGENCIA DE BIENES RAICES,"C. de Marcenado, 33, Chamartín, 28002 Madrid, España",+34 643 80 54 61,,5.0,2.0
RD Gestión Inmobiliaria y Administración de Fincas,"C. del Padre Xifré, Chamartín, 28002 Madrid, España",+34 623 25 19 28,http://www.rdgestioninmobiliaria.es/,5.0,25.0
Viventa,"C. del Padre Jesús Ordóñez, 18, 2º D, Chamartín, 28002 Madrid, España",+34 911 23 03 96,https://viventa.co/,4.2,124.0
Quick Personal Housing,"C. del Corazón de María, 27, Chamartín, 28002 Madrid, España",+34 656 35 81 81,https://www.quickpersonalhousing.com/,5.0,29.0
APG Servicios Inmobiliarios,"C. de Nieremberg, 19, Chamartín, 28002 Madrid, España",+34 696 13 15 22,http://www.apgsoluciones.es/,5.0,11.0
TOP Real Estate,"C. del Segre, 18, 1ª Planta c.e, Chamartín, 28002 Madrid, España",+34 915 64 93 36,http://toprealestate.es/,5.0,3.0
BH Inmobiliaria,"C. de Alfonso Rodríguez Santamaría, 7, Chamartín, 28002 Madrid, España",+34 607 71 36 63,https://www.bhinmobiliariamadrid.es/,4.3,6.0
Inmobiliaria King House,"C. de Quintiliano, 8, Chamartín, 28002 Madrid, España",+34 918 19 97 20,,3.2,9.0
Diplomatic Real Estate,"C. de Rodríguez Marín, 54, Chamartín, 28002 Madrid, España",+34 915 64 77 00,https://www.diplomatic.es/,3.9,36.0
domusfin servicios financieros e inmobiliarios,"calle Cartagena, 108 bajo ext 3, Chamartín, 28002 Madrid, España",+34 910 10 04 58,http://www.grupodomusfin.com/,3.3,41.0
EMBASSY PROPERTIES,"Calle Velázquez, 158, 3, Chamartín, 28002 Madrid, España",+34 917 82 46 15,https://www.embassy-properties.com/ads/alquiler/vivienda/,4.3,32.0
Tecnocasa agencia inmobiliaria,"C. de Cartagena, 129, Chamartín, 28002 Madrid, España",+34 911 13 11 69,https://madrid210.tecnocasa.es/,4.5,26.0
Tecnocasa agencia inmobiliaria,"C. de Eugenio Salazar, 21, Chamartín, 28002 Madrid, España",+34 914 13 66 72,https://madrid24.tecnocasa.es/madrid/prosperidad/,4.5,176.0
"Madrid en Propiedad, S.L.","C. de Eugenio Salazar, 40, Chamartín, 28002 Madrid, España",+34 917 64 72 53,https://www.idealista.com/pro/madrid-en-propiedad/,3.5,16.0
Bocam Spain,,+34 648 88 08 96,http://bocamspain.com/,5.0,28.0
Como vender antes un inmueble,"C. de Canillas, 57, Chamartín, 28002 Madrid, España",+34 915 19 19 96,,5.0,1.0
Vepiso,"C. de Vinaroz, 16, Chamartín, 28002 Madrid, España",+34 680 94 68 10,http://vepiso.es/,3.4,5.0
Real estate agency,"C. de Nieremberg, 23, Chamartín, 28002 Madrid, España",,,4.0,1.0
S C A L A | Properties - Madrid,"Calle de Goya, 20, 2ª planta, Salamanca, 28001 Madrid, España",+34 919 38 20 15,http://www.scalaproperties.es/,5.0,339.0
Inmobiliaria Del Rio,"Calle Velázquez, 15, 1°dcha, Salamanca, 28001 Madrid, España",+34 910 59 99 57,http://www.delrioinmobiliariamadrid.com/,4.7,25.0
Quarzo Real Estate,"Calle de Castelló, 36, 1ºA, Salamanca, 28001 Madrid, España",+34 917 82 55 63,http://www.quarzo.es/,4.6,196.0
Madrid Real Estate I Traspaso Negocios de Hostelería y venta de locales comerciales. Restaurante Bar Discoteca,"Calle Velázquez, 25, Salamanca, 28001 Madrid, España",+34 910 14 99 93,http://www.madrid-realestate.com/,4.9,40.0
Trisol Properties Madrid,"Calle de Castelló, 2, Salamanca, 28001 Madrid, España",+34 914 31 73 34,http://trisolinmobiliaria.com/,4.8,50.0
Madrid Prime,"C. de Serrano, 29, 1º Dcha, Salamanca, 28001 Madrid, España",+34 607 59 52 95,http://www.madridprime.com/,4.3,3.0
Espígul Madrid,"Calle de Castelló, 8, Salamanca, 28001 Madrid, España",+34 913 43 98 48,,5.0,4.0
aProperties Real Estate Madrid,"C. de Serrano, 60, 4ª Planta, Salamanca, 28001 Madrid, España",+34 918 00 54 65,https://www.aproperties.es/,4.1,264.0
Be Premium Real Estate,"C. de Jorge Juan, 29, Salamanca, 28001 Madrid, España",+34 919 38 92 78,https://bepremiumrealestate.net/,4.2,48.0
HousinGo Ayala 62,"Cl. de Ayala, 62, Salamanca, 28001 Madrid, España",+34 910 05 39 63,http://www.housingo.es/,4.7,277.0
Inmobiliaria Madrid Salamanca (IMS),"Calle Velázquez, 10, Planta 1ª, Salamanca, 28001 Madrid, España",,https://inmobiliariamadridsalamanca.es/,,
Nieves Archilla: Monapart | Inmobiliaria,"Calle Velázquez, 27, 1º derecha, Salamanca, 28001 Madrid, España",+34 657 12 39 40,https://www.monapart.com/agentes/nieves-archilla,4.9,71.0
Tuksa Premium Real Estate,"C. de Jorge Juan, 29, 3°Ext Drcha, Salamanca, 28001 Madrid, España",+34 919 38 22 75,http://www.tuksapremium.com/,4.4,50.0
Moro Real Estate Madrid,"C. de Jorge Juan, 39, Salamanca, 28001 Madrid, España",,http://mororealestate.es/,4.7,24.0
HouseU,"Calle de Goya, 47, Planta 7, Salamanca, 28001 Madrid, España",+34 659 48 11 15,https://www.houseu.com/,4.5,46.0
Hemic Properties,"Calle de Castelló, 24, 3º Centro, Salamanca, 28001 Madrid, España",+34 910 69 36 16,http://www.hemicproperties.com/,4.8,64.0
HQ REALTY Madrid,"Calle Velázquez, 15, Salamanca, 28001 Madrid, España",+34 913 51 89 00,,3.6,5.0
Nestic Homes,"C. de Hermosilla, 48, Salamanca, 28001 Madrid, España",+34 910 93 24 36,https://www.nestic.homes/,4.9,33.0
Urban Home Avenue,"C. de Hermosilla, 48, 1º Dcha, Salamanca, 28001 Madrid, España",+34 691 59 82 44,https://urbanhomeavenue.com/,5.0,8.0
Damez Properties,"Calle de Núñez de Balboa, 35, Piso 5, oficina A5, Salamanca, 28001 Madrid, España",+34 913 54 44 44,https://www.damezproperties.com/,4.8,58.0
Skyline Real Estate S.L,"Calle Velázquez, 31, Salamanca, 28001 Madrid, España",+34 622 84 27 85,http://skylinerealestate.es/,4.3,18.0
John Taylor,"Calle de Lagasca, 65, Salamanca, 28001 Madrid, España",+34 917 81 06 91,https://www.john-taylor.es/,4.6,43.0
Home Style Madrid,"C. de Hermosilla, 48, 1º Dcha, Salamanca, 28001 Madrid, España",+34 644 02 50 83,,5.0,3.0
"pods asesoramiento inmobiliario, s.l.","Calle de Castelló, 24, 5º dcha, Salamanca, 28001 Madrid, España",+34 659 20 19 90,,5.0,2.0
Everystreet,"Calle del General Díaz Porlier, 11, Local 11, Salamanca, 28001 Madrid, España",+34 915 76 60 33,http://www.everystreet.es/,4.7,196.0
THE AVENUE Select Real Estate,"Calle Velázquez, 20, Salamanca, 28001 Madrid, España",+34 910 60 13 50,https://theavenue.realestate/,3.8,23.0
Valuartia Luxury Real Estate,"C. de Hermosilla, 48, Salamanca, 28001 Madrid, España",+34 607 30 79 87,https://valuartia.es/,4.4,42.0
Luxa Home,"Calle Velázquez, 14, 1º dcha, Salamanca, 28001 Madrid, España",+34 919 07 12 14,https://www.luxahome.com/,4.8,279.0
Álvora Capital Properties,"Calle Velázquez, 10, Salamanca, 28001 Madrid, España",+34 675 01 47 57,http://www.alvora.es/,4.6,52.0
Sarago Servicios Inmobiliarios,"Calle de Núñez de Balboa, 44, 1 exterior izquierda, Salamanca, 28001 Madrid, España",+34 911 72 99 09,http://www.sarago.es/,4.9,15.0
M&L Consulting,"Calle Velázquez, 27, 1 - Exterior Izquierda, Salamanca, 28001 Madrid, España",+34 911 66 87 14,http://mylconsultinginmobiliario.es/,4.9,68.0
NEO Patrimonial - Inmobiliaria en Madrid,"Calle Velázquez, 15, 1º Derecha, Salamanca, 28001 Madrid, España",+34 911 08 87 27,https://neopatrimonial.com/?utm_source=google&utm_medium=mybusiness&utm_campaign=mybusiness&utm_content=gsc,4.3,117.0
NOVAREA INMOBILIARIA MADRID,"Calle Velázquez, 15, 1derecha, Salamanca, 28001 Madrid, España",+34 663 56 06 00,https://novarea.es/,3.3,24.0
Gilmar Consulting Inmobiliario - Oficina de Locales e Inversiones,"Calle de Goya, 47, 5 planta, Salamanca, 28001 Madrid, España",+34 912 09 32 50,https://www.gilmar.es/alquilar/?utm_source=gmb&utm_medium=cta&utm_campaign=oficina_de_locales_y_alquileres,3.8,31.0
