name,address,maps_phone,url,rating,reviews_count,language,comment,business_status,types,zip_code,phone_1,phone_2,e-mail_1,e-mail_2,message
🥇 Agencia inmobiliaria Mallorca ,"Carrer del Ter, 12, 2º Piso, 3º Puerta, Levante, 07009 Palma, Illes Balears, España",,http://www.rhrealestatemallorca.com/,4.9,55.0,es,Google reviews: 4.9* / 55,OPERATIONAL,"('real_estate_agency', 'point_of_interest', 'establishment')",7009.0,+34637792762,,,,success
Inmobiliaria Inmogestión Balear,"57, Carretera de Valldemossa, Nord, 07010 Palma, Illes Balears, España",,https://www.inmogestionbalear.com/,4.8,318.0,es,Google reviews: 4.8* / 318,OPERATIONAL,"('real_estate_agency', 'point_of_interest', 'establishment')",7010.0,+34971666527,+34689010406,info@inmogestionbalear.com,,success
Amelia Inmobiliaria,"Career Nuredduna, 10, 3° D, Llevant, 07006 Palma, Illes Balears, España",,https://ameliainmobiliaria.com/,4.9,123.0,es,Google reviews: 4.9* / 123,OPERATIONAL,"('real_estate_agency', 'point_of_interest', 'establishment')",7006.0,+3434602255172,+34871591864,info@ameliainmobiliaria.com,,success
Mamá Inmobiliaria,"Carrer de Bartomeu Sureda i Miserol, 7, Local 9, Poniente, 07013 Sa Vileta-Son Rapinya, Illes Balears, España",,http://www.mamainmobiliaria.com/,4.9,160.0,es,Google reviews: 4.9* / 160,OPERATIONAL,"('real_estate_agency', 'point_of_interest', 'establishment')",7013.0,+34871857564,,info@mamainmobiliaria.com,,success
Atrio inmobiliaria Mallorca,"Plaça de Sant Antoni, 11, Centre, 07002 Palma, Illes Balears, España",+34618922047,http://www.atrioinmobiliaria.com/,5.0,36.0,es,Google reviews: 5* / 36,OPERATIONAL,"('real_estate_agency', 'consultant', 'point_of_interest', 'establishment')",7002.0,,,,,error:no contact info found
Palmacasa Inmobiliaria,"Carrer d'En Vilanova, 4, Centre, 07002 Palma, Illes Balears, España",,http://www.palmacasa.es/,4.9,343.0,es,Google reviews: 4.9* / 343,OPERATIONAL,"('real_estate_agency', 'point_of_interest', 'establishment')",7002.0,+34971714788,,palmacasa@yahoo.es,,success
Talaiot Asesores Inmobiliarios,"Passatge Particular de Santa Catalina de Sena, nº 1, Centre, 07002 Palma, Illes Balears, España",,http://inmobiliariatalaiot.es/,4.9,492.0,es,Google reviews: 4.9* / 492,OPERATIONAL,"('real_estate_agency', 'point_of_interest', 'establishment')",7002.0,+34971754878,+34605921809,info@inmobiliariatalaiot.es,,success
Sky Solutions Group Mallorca,"Pg. del Born, 15, 2 B-C, Distrito Centro, 07012 Palma, Illes Balears, España",+34971150322,https://skysolutionsgroup.es/mallorca/,4.7,47.0,es,Google reviews: 4.7* / 47,OPERATIONAL,"('real_estate_agency', 'finance', 'lawyer', 'consultant', 'point_of_interest', 'establishment')",7012.0,+34684467905,,rrhh@skysolutionsgroup.es,,success
Inmobiliaria Buades. Mª Dolores Carballal Buades,"Carrer de Can Ribera, 4, esc.izda.1º B, Centre, 07012 Palma, Illes Balears, España",+34692505921,,4.7,3.0,es,Google reviews: 4.7* / 3,OPERATIONAL,"('real_estate_agency', 'point_of_interest', 'establishment')",7012.0,,,,,error:no contact info found
Inmobiliaria RED Premium Real Estate  ( 07012 ),"Carrer de la Protectora, 10, LOCAL 11, Distrito Centro, 07012 Palma, Illes Balears, España",,http://www.redpremium.es/,4.4,200.0,es,Google reviews: 4.4* / 200,OPERATIONAL,"('real_estate_agency', 'point_of_interest', 'establishment')",7012.0,+34971888018,,info@redpremium.es,,success
Smârthöme Mallorca ,"Carrer de Can Puigdorfila, 14, Centre, 07001 Palma, Illes Balears, España",,http://www.smarthomemallorca.com/,5.0,19.0,es,Google reviews: 5* / 19,OPERATIONAL,"('real_estate_agency', 'point_of_interest', 'establishment')",7001.0,+34971092897,,hola@smarthomemallorca.com,,success
Inmobiliaria en Palma de Mallorca ,"Calle Isla de Malta, 13, Platja de Palma, 07007 Palma, Illes Balears, España",,http://www.regainternational.com/,5.0,42.0,es,Google reviews: 5* / 42,OPERATIONAL,"('real_estate_agency', 'consultant', 'point_of_interest', 'establishment')",7007.0,+34657472783,,info@regainternational.com,,success
Verí Mallorca,"Carrer de Can Verí, 4, Centre, 07001 Palma, Illes Balears, España",,http://verimallorca.com/,5.0,2.0,es,Google reviews: 5* / 2,OPERATIONAL,"('real_estate_agency', 'point_of_interest', 'establishment')",7001.0,+34871539072,+34677521796,info@verimallorca.com,,success
RE/MAX Immocorner ,"Pg. de Mallorca, 14, Centre, 07012 Palma, Illes Balears, España",,http://www.immo-corner.com/,5.0,31.0,es,Google reviews: 5* / 31,OPERATIONAL,"('real_estate_agency', 'apartment_building', 'finance', 'point_of_interest', 'establishment')",7012.0,+34971122991,,immocorner@remax.es,,success
InMallorca Inmobiliaria ( 07002 ),"Carrer de Josep Anselm Clavé, 2, Centre, 07002 Palma, Illes Balears, España",,https://www.inmallorcainmobiliaria.com/,5.0,9.0,es,Google reviews: 5* / 9,OPERATIONAL,"('real_estate_agency', 'point_of_interest', 'establishment')",7002.0,+34682800907,,inmallorca.inmobiliaria@gmail.com,,success
InmoBienvenue,"Plaça de Santa Eulàlia, 7, Planta 2 Despacho nº 3, Centre, 07001 Palma, Illes Balears, España",+34666003665,https://www.inmo-bienvenue.com/,4.5,15.0,es,Google reviews: 4.5* / 15,OPERATIONAL,"('real_estate_agency', 'finance', 'consultant', 'point_of_interest', 'establishment')",7001.0,,,,,error:no contact info found
Inmobiliaria Inmovisa en Palma,"Carrer del Baró de Pinopar, 14, bajos, Centre, 07012 Palma, Illes Balears, España",,https://inmovisa.com/,4.7,119.0,en,Google reviews: 4.7* / 119,OPERATIONAL,"('real_estate_agency', 'finance', 'consultant', 'point_of_interest', 'establishment')",7012.0,+34971725969,+34605673090,inmovisa@inmovisa.com,,success
Inmobiliaria en Palma · Balear Living Real Estate,"Gran Via Asima, 2, Nord, 07009 Palma, Illes Balears, España",,https://realestatebalear.com/,5.0,63.0,es,Google reviews: 5* / 63,OPERATIONAL,"('real_estate_agency', 'consultant', 'point_of_interest', 'establishment')",7009.0,+34971128459,+34971128459,,,success
Reset Real Estate,"Los Geranios, Passatge Particular de Santa Catalina de Sena, 2, Oficina 1A, Distrito Centro, 07002 Edf, Illes Balears, España",+34658870541,,4.4,7.0,es,Google reviews: 4.4* / 7,OPERATIONAL,"('real_estate_agency', 'point_of_interest', 'establishment')",7002.0,,,,,error:no contact info found
Estate Agency Balearic Properties ,"Carrer d'Alcúdia, 3, 07460 Pollença, Illes Balears, España",,http://www.balearic-properties.com/,4.3,59.0,es,Google reviews: 4.3* / 59,OPERATIONAL,"('real_estate_agency', 'point_of_interest', 'establishment')",7460.0,+34971532984,+34638475726,,,"error:too many offices, not giving contacts to avoid misunderstanding"
BAUZÁ INMOBILIARIA,"Carrer de la Palma, 5B, Centre, 07003 Palma, Illes Balears, España",,https://bauzainmobiliaria.com/,5.0,109.0,es,Google reviews: 5* / 109,OPERATIONAL,"('real_estate_agency', 'point_of_interest', 'establishment')",7003.0,+34627047217,,info@bauzainmobiliaria.com,,success
Mallorca Select,"Carrer dels Paraires, 26, I, Centre, 07002 Palma, Illes Balears, España",,http://mallorca-select.com/,5.0,43.0,en,Google reviews: 5* / 43,OPERATIONAL,"('real_estate_agency', 'point_of_interest', 'establishment')",7002.0,+34634303779,,welcome@mallorca-select.com,,success
John Taylor Palma de Mallorca,"Carrer Constitució, 8, Centre, 07001 Palma, Illes Balears, España",+34971598800,https://www.john-taylor.es/,4.6,13.0,es,Google reviews: 4.6* / 13,OPERATIONAL,"('real_estate_agency', 'point_of_interest', 'establishment')",7001.0,,,,,error:no contact info found
NOUDOS Inmobiliaria,"Carrer Gral. Ricardo Ortega, 6, Llevant, 07006 Palma, Illes Balears, España",+34971635691,http://noudos.com/,4.8,30.0,es,Google reviews: 4.8* / 30,OPERATIONAL,"('real_estate_agency', 'point_of_interest', 'establishment')",7006.0,+34699876061,,,,success
Engel & Völkers Palma Centro,"Carrer Constitució, 7, Centre, 07001 Palma, Illes Balears, España",+34971214140,https://www.engelvoelkers.com/es/en/shops/palma-centre,4.2,41.0,es,Google reviews: 4.2* / 41,OPERATIONAL,"('real_estate_agency', 'point_of_interest', 'establishment')",7001.0,+34900747281,,spain.dp@engelvoelkers.com,,success
Fincas Fiol,"Carrer de Francesc Suau, 20, Bajos, Nord, 07010 Palma, Illes Balears, España",,http://www.fincasfiol.com/,4.7,380.0,es,Google reviews: 4.7* / 380,OPERATIONAL,"('real_estate_agency', 'point_of_interest', 'establishment')",7010.0,+34971755220,,central@fincasfiol.com,,success
Inmovelia,,+34611085207,https://inmovelia.com/,4.9,57.0,es,Google reviews: 4.9* / 57,OPERATIONAL,"('real_estate_agency', 'establishment')",,+34684742533,,info@inmovelia.com,,success
IB Invest ,"Plaça de Santa Eulàlia, 7, Planta 2 Despacho nº 3, Centre, 07001 Palma, Illes Balears, España",,https://www.ibinvest.es/,4.2,5.0,es,Google reviews: 4.2* / 5,OPERATIONAL,"('real_estate_agency', 'consultant', 'point_of_interest', 'establishment')",7001.0,+34666003665,+34626849901,laurent@ibinvest.es,fran@ibinvest.es,success
Palma Realtor,"Carrer de Sant Martí, 1, Centre, 07012 Palma, Illes Balears, España",,http://www.palmarealtor.com/,5.0,51.0,es,Google reviews: 5* / 51,OPERATIONAL,"('real_estate_agency', 'point_of_interest', 'establishment')",7012.0,+34681154515,,info@palmarealtor.com,,success
Inmobiliaria Mallorca ,"Passatge Galerias Jaime III, 2, Entresuelo F, Distrito Centro, 07012 Palma, Illes Balears, España",+34971719301,https://www.pisosmuybaratos.com/,5.0,3.0,es,Google reviews: 5* / 3,OPERATIONAL,"('real_estate_agency', 'point_of_interest', 'establishment')",7012.0,,,,,error:no contact info found
Baleares Immobiliaria,,,http://www.baleares.immo/,5.0,15.0,es,Google reviews: 5* / 15,OPERATIONAL,"('real_estate_agency', 'establishment')",,+34620708895,,,,success
Medina Mallorca Properties SL,"Carrer de la Victòria, 4, Centre, 07001 Palma, Illes Balears, España",,http://www.medina-mallorca.com/,4.2,5.0,es,Google reviews: 4.2* / 5,OPERATIONAL,"('real_estate_agency', 'point_of_interest', 'establishment')",7001.0,+34971718028,,info@medina-mallorca.com,,success
Spain Sotheby's International Realty  ( 07001 ),"Carrer de Can Puigdorfila, 2, Bajo pt 02, Distrito Centro, 07001 Palma, Illes Balears, España",+34871180048,https://www.spain-sothebysrealty.com/,5.0,16.0,en,Google reviews: 5* / 16,OPERATIONAL,"('real_estate_agency', 'finance', 'consultant', 'point_of_interest', 'establishment')",7001.0,+34919041929,,,,success
Palmer inmobiliaria - Palma,"Carrer del Baró de Santa Maria del Sepulcre, 6, Centre, 07012 Palma, Illes Balears, España",+34971246540,http://www.palmerinmobiliaria.com/,4.9,61.0,es,Google reviews: 4.9* / 61,OPERATIONAL,"('real_estate_agency', 'point_of_interest', 'establishment')",7012.0,+34971240121,,,,success
RE/MAX Esmeralda ,"Av. d'Antoni Maura, 18, Centre, 07012 Palma, Illes Balears, España",+34605833450,http://www.esmeralda.remax.es/,4.8,24.0,es,Google reviews: 4.8* / 24,OPERATIONAL,"('real_estate_agency', 'point_of_interest', 'establishment')",7012.0,,,,,error:no contact info found
Inmobiliaria Oliver,"Carrer de la Cerdanya, 5, Entresuelo 1, Distrito Centro, 07012 Palma, Illes Balears, España",,https://www.inmobiliariaoliver.com/,4.6,10.0,es,Google reviews: 4.6* / 10,OPERATIONAL,"('real_estate_agency', 'finance', 'point_of_interest', 'establishment')",7012.0,+34971195062,,info@inmobiliariaoliver.com,,success
Fincas Piña Massip,"Passatge Particular de Santa Catalina de Sena, 4 -2, Entresuelo D, Distrito Centro, 07002 Palma, Illes Balears, España",,http://fincaspiñamassip.com/,4.4,103.0,es,Google reviews: 4.4* / 103,OPERATIONAL,"('real_estate_agency', 'consultant', 'point_of_interest', 'establishment')",7002.0,+34971720005,,inmobiliaria@fincaspinamassip.com,,success
Balearhouse,"Pg. de Mallorca, 22, Centre, 07012 Palma, Illes Balears, España",,https://www.balearhouse.com/?utm_source=gmb&utm_medium=organic&utm_campaign=link-web,4.6,28.0,es,Google reviews: 4.6* / 28,OPERATIONAL,"('real_estate_agency', 'point_of_interest', 'establishment')",7012.0,+34971129292,+34606326495,info@balearhouse.es,,success
GestPropiedad Avenidas,"Avinguda de Gabriel Alomar, 35, Llevant, 07006 Palma, Illes Balears, España",+34689852703,https://www.gestpropiedad.com/avenidas,5.0,192.0,es,Google reviews: 5* / 192,OPERATIONAL,"('real_estate_agency', 'point_of_interest', 'establishment')",7006.0,+34600886384,,info@gestpropiedad.com,,success
REMAX Vinci Group Inmobiliaria Mallorca,"Avinguda de Gabriel Alomar, 3, Bajo Izquierda, Llevant, 07006 Palma, Illes Balears, España",+34971208419,https://www.vincigroup.remax.es/,4.6,29.0,es,Google reviews: 4.6* / 29,OPERATIONAL,"('real_estate_agency', 'point_of_interest', 'establishment')",7006.0,,,,,error:no contact info found
Invest Mallorca,"Carrer del Baró de Santa Maria del Sepulcre, 6, Centre, 07012 Palma, Illes Balears, España",,https://investmallorca.com/contacto/,4.3,29.0,es,Google reviews: 4.3* / 29,OPERATIONAL,"('real_estate_agency', 'finance', 'consultant', 'point_of_interest', 'establishment')",7012.0,+34971726029,+34606989732,info@investmallorca.com,,success
Soul Estate Agency,"Carrer de Mateu Enric Lladó, 5, 3ºA, Distrito Centro, 07002 Palma, Illes Balears, España",+34633104636,https://www.soulestateagency.com/,5.0,7.0,es,Google reviews: 5* / 7,OPERATIONAL,"('real_estate_agency', 'point_of_interest', 'establishment')",7002.0,,,,,error:no contact info found
Mallorca Next Properties,"C. del Conquistador, 7, Local Izquierda, Distrito Centro, 07001 Palma, Illes Balears, España",+34971810176,http://mallorcanextproperties.com/,5.0,4.0,es,Google reviews: 5* / 4,OPERATIONAL,"('real_estate_agency', 'point_of_interest', 'establishment')",7001.0,,,,,error:no contact info found
HOMA Inmobiliaria Mallorca,"Carrer Manuel Guasp, 17, local A, Llevant, 07006 Palma, Illes Balears, España",+34644429259,https://www.homainmobiliaria.com/,4.6,19.0,es,Google reviews: 4.6* / 19,OPERATIONAL,"('real_estate_agency', 'point_of_interest', 'establishment')",7006.0,,,,,error:no contact info found
Mallorca House,"Carrer Manuel Guasp, 10, Bajos, Llevant, 07006 Palma, Illes Balears, España",,http://www.mallorcahouse.com/,4.4,8.0,es,Google reviews: 4.4* / 8,OPERATIONAL,"('real_estate_agency', 'point_of_interest', 'establishment')",7006.0,+34971463100,+34971463200,loli@mallorcahouse.com,,success
Inmobiliaria Estarellas Broker,"Carrer d'Enric Alzamora, 1, Centre, 07002 Palma, Illes Balears, España",,http://www.estarellasbroker.com/,4.7,49.0,es,Google reviews: 4.7* / 49,OPERATIONAL,"('real_estate_agency', 'point_of_interest', 'establishment')",7002.0,+34971722737,,,,success
Living Blue Mallorca - Palma,"C. del Conquistador, 4, Centre, 07001 Palma, Illes Balears, España",+34971625375,https://www.livingblue-mallorca.com/,5.0,21.0,es,Google reviews: 5* / 21,OPERATIONAL,"('real_estate_agency', 'consultant', 'point_of_interest', 'establishment')",7001.0,+34971510609,+34971510881,info@livingblue-mallorca.com,,success
AVS Inmobiliaria,"Plaça de l'Esglesia, 11, 07350 Binissalem, Illes Balears, España",+34696792091,https://www.avs.immo/,4.2,71.0,es,Google reviews: 4.2* / 71,OPERATIONAL,"('real_estate_agency', 'point_of_interest', 'establishment')",7350.0,+34633839925,,,,success
Inmobiliaria Nadal,"Avinguda d'Alexandre Rosselló, 29, 1, 5, Centre, 07002 Palma, Illes Balears, España",+34685741699,,5.0,2.0,es,Google reviews: 5* / 2,OPERATIONAL,"('real_estate_agency', 'point_of_interest', 'establishment')",7002.0,,,,,error:no contact info found
REMAX EXPERIENCE Inmobiliaria especializada en obra nueva,"Carrer de Gilabert de Centelles, 8, Esc. derecha, Llevant, 07005 Palma, Illes Balears, España",+34871853053,https://www.remaxexperience.es/,4.6,71.0,es,Google reviews: 4.6* / 71,OPERATIONAL,"('real_estate_agency', 'consultant', 'point_of_interest', 'establishment')",7005.0,,,,,error:no contact info found
Balear Invest - Real Estate,"Avinguda de l'Argentina, 21, Ponent, 07013 Palma, Illes Balears, España",,http://www.balearinvest.com/,3.8,104.0,es,Google reviews: 3.8* / 104,OPERATIONAL,"('real_estate_agency', 'consultant', 'point_of_interest', 'establishment')",7013.0,+34971719191,,info@balearinvest.com,,success
Agencia Fernández,"1, Plaça de Weyler, 10, Centre, 07001 Palma, Illes Balears, España",+34971712624,,4.3,18.0,es,Google reviews: 4.3* / 18,OPERATIONAL,"('real_estate_agency', 'point_of_interest', 'establishment')",7001.0,,,,,error:no contact info found
BARNES Mallorca,"Carrer Constitució, 7, Centre, 07001 Palma, Illes Balears, España",+34971483967,https://www.barnes-mallorca.com/,5.0,2.0,es,Google reviews: 5* / 2,OPERATIONAL,"('real_estate_agency', 'point_of_interest', 'establishment')",7001.0,,,,,error:no contact info found
CEM Majorque,"Plaça de Santa Eulàlia, 7, Centre, 07001 Palma, Illes Balears, España",+34666003665,https://www.cem-majorque.fr/,5.0,1.0,es,Google reviews: 5* / 1,OPERATIONAL,"('real_estate_agency', 'consultant', 'point_of_interest', 'establishment')",7001.0,,,info@cem-majorque.fr,,success
Inmo 83,"Carrer d'Eusebi Estada, 29, Nord, 07004 Palma, Illes Balears, España",,https://www.inmo83.com/,4.8,461.0,es,Google reviews: 4.8* / 461,OPERATIONAL,"('real_estate_agency', 'point_of_interest', 'establishment')",7004.0,+34971071081,,info@inmo83.com,,success
PALMA ORIGEN BY INMOIB,"Carrer de Pere Dezcallar i Net, 11, local 9, Distrito Centro, 07003 Palma, Illes Balears, España",,http://www.inmoib.com/,4.9,37.0,es,Google reviews: 4.9* / 37,OPERATIONAL,"('real_estate_agency', 'point_of_interest', 'establishment')",7003.0,+34644353626,,administracion@inmoib.com,,success
Agencia Inmobiliaria BPH,"Carrer de la Reina Maria Cristina, 4, 1º1ª, Norte, 07003 Palma, Illes Balears, España",+34871902705,https://inmobiliariabph.com/,4.5,39.0,es,Google reviews: 4.5* / 39,OPERATIONAL,"('real_estate_agency', 'consultant', 'point_of_interest', 'establishment')",7003.0,,,,,error:no contact info found
🗝️ Cool Homes Mallorca ,"Av. del Gran i General Consell, 6, 2 Planta, Nord, 07004 Palma, Illes Balears, España",,https://coolhomesmallorca.com/?utm_source=google&utm_medium=organic&utm_campaign=my_business,4.5,23.0,es,Google reviews: 4.5* / 23,OPERATIONAL,"('real_estate_agency', 'point_of_interest', 'establishment')",7004.0,+34699404183,+34639570996,info@coolhomesmallorca.com,,success
Inmobiliaria Brossa,,,http://www.inmobrossa.com/,3.8,5.0,es,Google reviews: 3.8* / 5,OPERATIONAL,"('real_estate_agency', 'establishment')",,+34665128011,,info@inmobrossa.com,,success
Palmer Inmobiliaria - Portixol,"Carrer de Llucmajor, nº 61, Platja de Palma, 07006 Palma, Illes Balears, España",,https://palmerinmobiliaria.com/,4.7,307.0,es,Google reviews: 4.7* / 307,OPERATIONAL,"('real_estate_agency', 'point_of_interest', 'establishment')",7006.0,+34971240121,,,,success
Forcadell Palma,"Carrer de Bartomeu Ferrà, 2, Centre, 07002 Palma, Illes Balears, España",+34971718852,https://www.forcadell.com/inmobiliaria-palma/,4.0,100.0,es,Google reviews: 4* / 100,OPERATIONAL,"('real_estate_agency', 'consultant', 'point_of_interest', 'finance', 'establishment')",7002.0,+34934965400,+34931549692,info@forcadell.com,info@forcadellsantgervasi.com,"error:too many offices, not giving contacts to avoid misunderstanding"
LaBoutiqueInmobiliaria,"C/ Francesc Sancho, 2, Nord, 07004 Palma, Illes Balears, España",+34618063061,http://laboutiqueinmobiliaria.com/,4.8,32.0,es,Google reviews: 4.8* / 32,OPERATIONAL,"('real_estate_agency', 'point_of_interest', 'establishment')",7004.0,+34871809938,,,,success
AFRIPAY INMOBILIARIA,"Carrer del 31 de Desembre, 11, Nord, 07003 Palma, Illes Balears, España",,https://www.afripayinmobiliaria.com/,4.4,121.0,es,Google reviews: 4.4* / 121,OPERATIONAL,"('real_estate_agency', 'consultant', 'point_of_interest', 'establishment')",7003.0,+34971465706,,info@afripay.es,,success
Coldwell Banker Select Real Estate Inmobiliaria en Palma de Mallorca,"Carrer del Temple, 5, Centre, 07002 Palma, Illes Balears, España",+34971701172,https://www.coldwellbanker.es/selectrealestate,5.0,5.0,es,Google reviews: 5* / 5,OPERATIONAL,"('real_estate_agency', 'point_of_interest', 'establishment')",7002.0,,,,,error:no contact info found
RBK Prime,,+34680885136,http://www.rbkprime.com/,5.0,12.0,es,Google reviews: 5* / 12,OPERATIONAL,"('real_estate_agency', 'establishment')",,,,,,error:no contact info found
Inmotrust Inmobiliaria,"Plaça de la Porta Pintada, Nº 7, 1º, Centre, 07002 Palma, Illes Balears, España",+34605555277,http://inmotrust.com/,5.0,1.0,es,Google reviews: 5* / 1,OPERATIONAL,"('real_estate_agency', 'point_of_interest', 'establishment')",7002.0,+34971761919,,,,success
Housing Properties,"Av. del Comte de Sallent, 10, Planta 4, Oficina 4, Norte, 07003 Palma, Illes Balears, España",+34600582990,http://housingp.com/,5.0,22.0,es,Google reviews: 5* / 22,OPERATIONAL,"('real_estate_agency', 'point_of_interest', 'establishment')",7003.0,,,,,error:no contact info found
Stüde & Blas : Servicios inmobiliarios,"Passatge Particular Joan XXIII, 2, 4C, Centre, 07002 Palma, Illes Balears, España",,http://www.studeblas.com/,5.0,8.0,ca,Google reviews: 5* / 8,OPERATIONAL,"('real_estate_agency', 'point_of_interest', 'establishment')",7002.0,+34627450709,+34871960507,info@studeblas.com,,success
Privatgest Mallorca S.L.,"Carrer de Josep Anselm Clavé, 3, Centre, 07002 Palma, Illes Balears, España",+34971495169,http://www.pgmallorca.com/,4.0,6.0,es,Google reviews: 4* / 6,OPERATIONAL,"('real_estate_agency', 'point_of_interest', 'establishment')",7002.0,+34971914570,+34601311461,info@nexuspalma.com,,success
Agencia Mallorca ( 07002 ),"Plaça de la Mercè, Centre, 07002 Palma, Illes Balears, España",+34625668194,https://www.agenciamallorca.com/sobre-nosotros/,3.7,6.0,es,Google reviews: 3.7* / 6,OPERATIONAL,"('real_estate_agency', 'point_of_interest', 'establishment')",7002.0,+34971724580,+34971723324,info@agenciamallorca.com,,success
Mía Inmobiliaria Mallorca,"Avinguda d'Antoni Maura, 6, 07141 Marratxí, Illes Balears, España",+34657824759,http://www.mia-inmobiliaria.com/,5.0,25.0,es,Google reviews: 5* / 25,OPERATIONAL,"('real_estate_agency', 'point_of_interest', 'establishment')",7141.0,,,,,error:no contact info found
Inmobiliaria Fincas Mallorca ,"Carrer de Joaquim Togores, 7, local 2, Norte, 07010 Palma, Illes Balears, España",,http://inmobiliariapalma.com/,4.7,104.0,es,Google reviews: 4.7* / 104,OPERATIONAL,"('real_estate_agency', 'point_of_interest', 'establishment')",7010.0,+34971750165,,fincasmallorca@hotmail.com,fincasmallorca.palma@gmail.com,success
Nappo Real Estate I Inmobiliaria en Mallorca y Madrid I Oficina Palma  ( 07006 ),"Carrer Manuel Guasp, 10, Llevant, 07006 Palma, Illes Balears, España",,http://napporealestate.com/,5.0,5.0,es,Google reviews: 5* / 5,OPERATIONAL,"('real_estate_agency', 'point_of_interest', 'establishment')",7006.0,+34971370846,+34642894387,,,success
Inmobiliaria Frau,"Carrer de Pere Dezcallar i Net, 13, Centre, 07003 Palma, Illes Balears, España",+34971710294,,4.1,12.0,es,Google reviews: 4.1* / 12,OPERATIONAL,"('real_estate_agency', 'point_of_interest', 'establishment')",7003.0,,,,,error:no contact info found
Meli Properties,,+34611690143,,5.0,24.0,es,Google reviews: 5* / 24,OPERATIONAL,"('real_estate_agency', 'establishment')",,,,,,error:no contact info found
DJ Real Estate Solutions,"Carrer de Velázquez, 7, Centre, 07002 Palma, Illes Balears, España",,https://www.djsolucionesinmobiliarias.com/,5.0,9.0,es,Google reviews: 5* / 9,OPERATIONAL,"('real_estate_agency', 'consultant', 'point_of_interest', 'establishment')",7002.0,+34971625025,,info@djsolucionesinmobiliarias.com,,success
Ros Inmobiliaria,"Edificio Europa, Carrer dels Caputxins, 3C, Centre, 07002 Palma, Illes Balears, España",,http://www.rosinmobiliaria.com/,2.5,2.0,es,Google reviews: 2.5* / 2,OPERATIONAL,"('real_estate_agency', 'point_of_interest', 'establishment')",7002.0,+34606344436,+34971461818,marivi@rosinmobiliaria.com,,success
Fischer Prime Mallorca: Real Estate Bouitique,"Carrer d'En Vilanova, 2, 2º A, Centre, 07002 Palma, Illes Balears, España",,http://fischerprime.com/,5.0,4.0,en,Google reviews: 5* / 4,OPERATIONAL,"('real_estate_agency', 'point_of_interest', 'establishment')",7002.0,+34620334582,,info@fischerprime.com,,success
Rústica Mallorca,"c, La Rambla, 11, Distrito Centro, 07003 Palma, Illes Balears, España",+34971106706,http://www.rusticamallorca.com/,4.4,17.0,es,Google reviews: 4.4* / 17,OPERATIONAL,"('real_estate_agency', 'point_of_interest', 'establishment')",7003.0,,,,,error:no contact info found
Linkey Consultora Inmobiliaria,"Carrer de Velázquez, 10, Centre, 07002 Palma, Illes Balears, España",,http://www.linkey.es/,5.0,8.0,en,Google reviews: 5* / 8,OPERATIONAL,"('real_estate_agency', 'point_of_interest', 'establishment')",7002.0,+34647557574,+34610170891,sbennasara@gmail.com,,success
Gestbalear Servicios inmobiliarios,"Carrer de Velázquez, 6, Centre, 07002 Palma, Illes Balears, España",,http://www.gestbalear.com/,,,es,Google reviews: * / None,OPERATIONAL,"('real_estate_agency', 'point_of_interest', 'establishment')",7002.0,+34606344929,+123456789,info@gestbalear.com,sales@yourwebsite.com,success
Coco Inmobiliaria,"Carrer de Ticià, 47, Nord, 07003 Palma, Illes Balears, España",,http://cocoinmobiliaria.com/,5.0,197.0,es,Google reviews: 5* / 197,OPERATIONAL,"('real_estate_agency', 'point_of_interest', 'establishment')",7003.0,+34871534961,+34871732503,info@cocoinmobiliaria.com,,success
Molina Homes Inmobiliaria,"Carrer de Joan Lluís Estelrich, 18, Centre, 07003 Palma, Illes Balears, España",+34871037032,http://molinahomes.es/,5.0,218.0,es,Google reviews: 5* / 218,OPERATIONAL,"('real_estate_agency', 'point_of_interest', 'establishment')",7003.0,,,,,error:no contact info found
Inmobiliaria en Mallorca ,"Avinguda de l'Argentina, 32, 07011 Palma, Illes Balears, España",,https://www.mundopisos.com/?utm_source=googlemybusiness&utm_medium=organic&utm_campaign=organicmap,4.8,257.0,es,Google reviews: 4.8* / 257,OPERATIONAL,"('real_estate_agency', 'point_of_interest', 'establishment')",7011.0,+34971910801,+34686121248,info@mundopisos.com,,success
Inmuebles CBPisos,"C/ del General Riera, 12, Nord, 07003 Palma, Illes Balears, España",,http://www.cbpisos.com/,4.9,84.0,es,Google reviews: 4.9* / 84,OPERATIONAL,"('real_estate_agency', 'point_of_interest', 'establishment')",7003.0,+34971711216,,CENTRAL@CBPISOS.COM,,success
Inmobiliaria Living Palma,"Carrer de Josep d'Oleza, 4, Nord, 07010 Palma, Illes Balears, España",,https://living-palma.com/es,4.9,168.0,es,Google reviews: 4.9* / 168,OPERATIONAL,"('real_estate_agency', 'point_of_interest', 'establishment')",7010.0,+34971418800,+34626706165,,,success
Inmobiliaria Palma,"Carrer de Joan Lluís Estelrich, 12, 6A, Distrito Centro, 07003 Palma, Illes Balears, España",,https://www.inmobiliariapalma.es/,4.2,5.0,es,Google reviews: 4.2* / 5,OPERATIONAL,"('real_estate_agency', 'point_of_interest', 'establishment')",7003.0,+34611190309,+34971724231,info@inmobiliariapalma.es,,success
Grup Direct Real Estate,"Calle Santiago Rusiñol 11 esquina con, Carrer de Joaquim Botia, 5, Centre, 07012 Palma, Illes Balears, España",,http://www.grupdirect.com/,4.6,123.0,es,Google reviews: 4.6* / 123,OPERATIONAL,"('real_estate_agency', 'point_of_interest', 'establishment')",7012.0,+34971722722,+34667762676,info@grupdirect.com,infosanfernando@grupdirect.com,success
UFFELMANN Properties,"Carrer d'Ausiàs March, 36, Nord, 07003 Palma, Illes Balears, España",+34871045529,http://www.uffelmann.es/,5.0,16.0,es,Google reviews: 5* / 16,OPERATIONAL,"('real_estate_agency', 'point_of_interest', 'establishment')",7003.0,,,,,error:no contact info found
Mundo Pisos Plaza París,"Plaça de París, 3, Nord, 07010 Palma, Illes Balears, España",+34971902011,https://www.mundopisos.com/es,4.6,62.0,es,Google reviews: 4.6* / 62,OPERATIONAL,"('real_estate_agency', 'point_of_interest', 'establishment')",7010.0,+34971910801,+34686121248,info@mundopisos.com,,success
Futura Propiedades Mallorca,"Carrer de Femenies, 9, 07013 Palma, Illes Balears, España",+34971105523,https://www.futurapropiedadesmallorca.com/,4.8,92.0,es,Google reviews: 4.8* / 92,OPERATIONAL,"('real_estate_agency', 'point_of_interest', 'establishment')",7013.0,+34661349530,,luis.cabezas@futurapropiedadesmallorca.com,,success
Aina Rabassa Propiedades,,,http://www.ainarabassa.com/,5.0,24.0,es,Google reviews: 5* / 24,OPERATIONAL,"('real_estate_agency', 'establishment')",,+34681910692,,info@ainarabassa.com,,success
INTIAA ,"C/ del General Riera, 56, Nord, 07010 Palma, Illes Balears, España",,http://www.intiaa.com/,4.8,113.0,es,Google reviews: 4.8* / 113,OPERATIONAL,"('real_estate_agency', 'consultant', 'point_of_interest', 'establishment')",7010.0,+34871903477,,info@intiaa.com,,success
Nicolás Iriarte ,"Carrer Joan Maria Thomàs, 2, 1°, Poniente, 07014 Palma, Illes Balears, España",,https://nicolasiriarte.com/,5.0,33.0,es,Google reviews: 5* / 33,OPERATIONAL,"('real_estate_agency', 'lodging', 'general_contractor', 'point_of_interest', 'establishment')",7014.0,+34659280879,,,,success
Zaino's Capital | Inmobiliaria,,,https://www.zainoscapital.com/,5.0,11.0,es,Google reviews: 5* / 11,OPERATIONAL,"('real_estate_agency', 'establishment')",,+34871264131,+34971965737,info@zainoscapital.com,,success
DarderInmo,"Carrer del Pare Bartomeu Pou, 36, Nord, 07003 Palma, Illes Balears, España",,http://darderinmo.com/,4.9,14.0,es,Google reviews: 4.9* / 14,OPERATIONAL,"('real_estate_agency', 'point_of_interest', 'establishment')",7003.0,+34671904540,+34639935926,,,success
Vidamar Consultors Immobiliaris,"C/ de Miquel dels Sants Oliver, 21A, Ponent, 07011 Palma, Illes Balears, España",,http://www.vidamar.net/,4.6,230.0,es,Google reviews: 4.6* / 230,OPERATIONAL,"('real_estate_agency', 'point_of_interest', 'establishment')",7011.0,+34871515303,+34645332255,vidamar@vidamar.net,,success
JD Residences,"Pg. de Mallorca, 16, Centre, 07012 Palma, Illes Balears, España",+34606824162,http://www.jd-residences.com/,5.0,26.0,es,Google reviews: 5* / 26,OPERATIONAL,"('real_estate_agency', 'point_of_interest', 'establishment')",7012.0,,,,,error:no contact info found
Grupo Inmobiliario TJR,"Carrer de Francesc Martí i Móra, 3A, Ponent, 07011 Palma, Illes Balears, España",+34971094502,https://www.idealista.com/pro/grupo-inmobiliario-tjr/venta-viviendas/,4.8,21.0,es,Google reviews: 4.8* / 21,OPERATIONAL,"('real_estate_agency', 'point_of_interest', 'establishment')",7011.0,,,,,error:no contact info found
Inmoilles Real Estate,"Carrer de les Parellades, 10, Local Izq, Distrito Centro, 07003 Palma, Illes Balears, España",+34686904261,https://www.inmoilles.com/,5.0,3.0,es,Google reviews: 5* / 3,OPERATIONAL,"('real_estate_agency', 'point_of_interest', 'establishment')",7003.0,+34971918891,,,,success
Inmobiliaria S'escorxador,"Carrer de Joan Fuster i Ortells, 2, Nord, 07010 Palma, Illes Balears, España",,http://www.sescorxador.com/,4.4,45.0,es,Google reviews: 4.4* / 45,OPERATIONAL,"('real_estate_agency', 'point_of_interest', 'establishment')",7010.0,+34971917507,,info@sescorxador.com,,success
Algot Properties,"Carrer del Bisbe Rafael Josep Verger, 2, Nord, 07010 Palma, Illes Balears, España",,http://www.algotproperties.es/,4.9,21.0,es,Google reviews: 4.9* / 21,OPERATIONAL,"('real_estate_agency', 'point_of_interest', 'establishment')",7010.0,+34629574538,,,,success
Inmobiliaria Grup Omega,"Carrer Isaac Peral, 10, Nord, 07004 Palma, Illes Balears, España",+34971206162,,5.0,1.0,es,Google reviews: 5* / 1,OPERATIONAL,"('real_estate_agency', 'consultant', 'point_of_interest', 'finance', 'establishment')",7004.0,,,,,error:no contact info found
Aragon gestión,"C/ Aragó, 81, bajos. Llevant, Llevant, 07005 Palma, Illes Balears, España",,http://www.aragongestion.com/,4.3,47.0,es,Google reviews: 4.3* / 47,OPERATIONAL,"('real_estate_agency', 'point_of_interest', 'establishment')",7005.0,+34971243569,,aragongestion81sl@gmail.com,,success
LEXLEY INMOBILIARIA,"Carrer del Bisbe Rafael Josep Verger, 2, Nord, 07010 Palma, Illes Balears, España",+34633371001,https://www.idealista.com/pro/lexley/?fbclid=PAY2xjawJZxQNleHRuA2FlbQIxMQABppuJlhHM7qbZ8TA5hmYt-HleCg_mt1FiHM2cX_7e6EQl8XD-Bq2RYYLmXw_aem_XSp1stszixJTclFvlEF0Ow,5.0,26.0,es,Google reviews: 5* / 26,OPERATIONAL,"('real_estate_agency', 'point_of_interest', 'establishment')",7010.0,,,,,error:no contact info found
Patrimonio Mallorca S.L.U.,"Carrer d'Eusebi Estada, 19, Nord, 07004 Palma, Illes Balears, España",,https://www.patrimoniomallorca.com/,5.0,1.0,en,Google reviews: 5* / 1,OPERATIONAL,"('real_estate_agency', 'point_of_interest', 'establishment')",7004.0,+34971906500,+34687494918,info@patrimoniomallorca.com,,success
Inmobiliaria MUT,"C/ del Marquès de la Fontsanta, 53, Llevant, 07005 Palma, Illes Balears, España",+34971900006,https://inmobiliariamutbymarian.es/,4.5,72.0,es,Google reviews: 4.5* / 72,OPERATIONAL,"('real_estate_agency', 'insurance_agency', 'point_of_interest', 'establishment')",7005.0,,,,,error:no contact info found
Inés Costa Asesor SAFTI Inmobiliaria Mallorca,,+34637967124,https://www.safti.es/consultor/27840505/ines-costa-reyes,5.0,5.0,es,Google reviews: 5* / 5,OPERATIONAL,"('real_estate_agency', 'establishment')",,,,,,error:no contact info found
INMOBILIARIA GRUPO ROMA,"Carrer de la Indústria, 46, 07013 Palma, Illes Balears, España",,http://www.grupo-roma.com/,4.4,103.0,es,Google reviews: 4.4* / 103,OPERATIONAL,"('real_estate_agency', 'point_of_interest', 'establishment')",7013.0,+34971717800,,central@grupo-roma.com,,success
P&p Inmobiliaria Cb,"Carrer d'Eusebi Estada, 91, Nord, 07004 Palma, Illes Balears, España",+34678444212,https://www.pypinmobiliaria.es/,4.4,28.0,es,Google reviews: 4.4* / 28,OPERATIONAL,"('real_estate_agency', 'point_of_interest', 'establishment')",7004.0,+34871736919,,,,success
Asymas Inmobiliaria,"C/ Aragó, 40, Entresuelo, Oficina 5, Levante, 07005 Palma, Illes Balears, España",,https://www.asymasinmobiliaria.com/,5.0,13.0,es,Google reviews: 5* / 13,OPERATIONAL,"('real_estate_agency', 'point_of_interest', 'establishment')",7005.0,+34605247374,,info@asymasinmobiliaria.com,,success
Brial Inmobiliaria Palma de Mallorca,"Carrer Músic Josep Balaguer, 22, Nord, 07004 Palma, Illes Balears, España",+34971070983,http://www.brial.es/,5.0,4.0,es,Google reviews: 5* / 4,OPERATIONAL,"('real_estate_agency', 'point_of_interest', 'establishment')",7004.0,+34976231666,+34627241798,info@brial.es,dpd@brial.es,success
ILF ADMINISTRACIONES,"Carrer d'Eusebi Estada, 38, Nord, 07004 Palma, Illes Balears, España",+34971667270,http://ilfinmobiliaria.com/,4.3,162.0,es,Google reviews: 4.3* / 162,OPERATIONAL,"('real_estate_agency', 'point_of_interest', 'establishment')",7004.0,,,,,error:no contact info found
BECKER & BECKER IMMOBILIEN MALLORCA,"Carrer Arxiduc Lluís Salvador, 7, Nord, 07004 Palma, Illes Balears, España",,http://bbi-mallorca.immo/,4.9,14.0,es,Google reviews: 4.9* / 14,OPERATIONAL,"('real_estate_agency', 'point_of_interest', 'establishment')",7004.0,+34971440660,,,,success
INMOURBAN ,"Levante, 07005 Palma, Illes Balears, España",,http://www.inmourban.com/,4.7,28.0,es,Google reviews: 4.7* / 28,OPERATIONAL,"('real_estate_agency', 'point_of_interest', 'establishment')",7005.0,+34971075502,+34632659429,palma@inmourban.com,,success
Inmobiliaria Mallorca ( None ),,+34722739281,,1.0,2.0,es,Google reviews: 1* / 2,OPERATIONAL,"('real_estate_agency', 'establishment')",,,,,,error:no contact info found
PROPIEDADES SV,"C/ Aragó, 52, Llevant, 07005 Palma, Illes Balears, España",,http://propiedadessv.com/,5.0,1.0,es,Google reviews: 5* / 1,OPERATIONAL,"('real_estate_agency', 'point_of_interest', 'establishment')",7005.0,+34636858630,,info@propiedadessv.com,,success
Real State Seguí Properties S.L.U.,"Carrer de Gabriel Maura, 13, Bajos A, Levante, 07005 Palma, Illes Balears, España",+34699661437,,5.0,1.0,en,Google reviews: 5* / 1,OPERATIONAL,"('real_estate_agency', 'point_of_interest', 'establishment')",7005.0,,,,,error:no contact info found
Inmo-Balear Agencia Inmobiliaria – Real Estate Agency (G.A.T. Consultors),"Carrer de Gabriel Maura, Nº 17, Llevant, 07005 Palma, Illes Balears, España",+34617267032,http://www.inmo-balear.es/,1.0,1.0,es,Google reviews: 1* / 1,OPERATIONAL,"('real_estate_agency', 'point_of_interest', 'establishment')",7005.0,,,,,error:no contact info found
Illes House Real State SL,"Plaça Pere Garau, s/n, Puesto 52, Llevant, 07007 Palma, Illes Balears, España",+34603187735,https://www.illeshouse.com/,4.8,21.0,es,Google reviews: 4.8* / 21,OPERATIONAL,"('real_estate_agency', 'point_of_interest', 'establishment')",7007.0,,,,,error:no contact info found
Hozmallorca,,+34971725047,,2.3,3.0,es,Google reviews: 2.3* / 3,OPERATIONAL,"('real_estate_agency', 'establishment')",,,,,,error:no contact info found
Nappo Real Estate I Inmobiliaria en Mallorca y Madrid I Oficina Palma  ( 07015 ),"Avinguda de Joan Miró, 286, Ponent, 07015 Palma, Illes Balears, España",,http://www.napporealestate.com/,4.7,112.0,es,Google reviews: 4.7* / 112,OPERATIONAL,"('real_estate_agency', 'point_of_interest', 'establishment')",7015.0,+34971370846,+34642894387,,,success
Inmobiliaria Huading,"Carrer Faust Morell, 28, local esquina, Llevant, 07005 Palma, Illes Balears, España",,http://hdinmo.com/,4.1,37.0,es,Google reviews: 4.1* / 37,OPERATIONAL,"('real_estate_agency', 'point_of_interest', 'establishment')",7005.0,+34971447640,,,,success
. ( None ),,+34626170642,,3.3,3.0,es,Google reviews: 3.3* / 3,OPERATIONAL,"('real_estate_agency', 'establishment')",,,,,,error:no contact info found
Fincas Ribó & Asociados,"C. de Manacor, 14, Llevant, 07006 Palma, Illes Balears, España",,https://www.fincasribo.com/,4.3,33.0,es,Google reviews: 4.3* / 33,OPERATIONAL,"('real_estate_agency', 'point_of_interest', 'establishment')",7006.0,+34971774680,,,,success
PISO en MALLORCA,"C/ Aragó, 24, Entlo. B, Levante, 07006 Palma, Illes Balears, España",,http://pisoenmallorca.com/,5.0,1.0,es,Google reviews: 5* / 1,OPERATIONAL,"('real_estate_agency', 'point_of_interest', 'establishment')",7006.0,+34636003863,+34616422122,info@pisoenmallorca.com,,success
Inmobiliaria Can Pastilla,"Calle Ovidio, 9, bajos, Platja de Palma, 07610 Can Pastilla, Illes Balears, España",,http://www.inmocanpastilla.com/,4.6,14.0,es,Google reviews: 4.6* / 14,OPERATIONAL,"('real_estate_agency', 'point_of_interest', 'establishment')",7610.0,+34670911272,+34971262702,cristobal@inmocanpastilla.com,,success
PERE GARAU INMOBILIARIA,"Carrer Torcuato Luca Tena, 30, Llevant, 07005 Palma, Illes Balears, España",+34606757127,http://peregarauinmobiliaria.com/,4.0,1.0,es,Google reviews: 4* / 1,OPERATIONAL,"('real_estate_agency', 'point_of_interest', 'establishment')",7005.0,,,,,error:no contact info found
JNF ASESORIA INMOBILIARIA,"Carrer Joan Burgués Zaforteza, 25, Llevant, 07005 Palma, Illes Balears, España",+34971250598,,5.0,1.0,es,Google reviews: 5* / 1,OPERATIONAL,"('real_estate_agency', 'point_of_interest', 'establishment')",7005.0,,,,,error:no contact info found
Mallorca Decorhome,"C. dels Foners, 24, Llevant, 07006 Palma, Illes Balears, España",,https://mallorcadh.com/,4.6,9.0,es,Google reviews: 4.6* / 9,OPERATIONAL,"('real_estate_agency', 'point_of_interest', 'establishment')",7006.0,+34695487942,+34613917195,fincasmunar@gmail.com,,success
DinsMallorca,"Carrer Joan Maragall, 48, Platja de Palma, 07006 Palma, Illes Balears, España",+34871700001,http://www.dinsmallorca.com/,5.0,20.0,es,Google reviews: 5* / 20,OPERATIONAL,"('real_estate_agency', 'point_of_interest', 'establishment')",7006.0,,,,,error:no contact info found
Grupo JD Real Estate & Construction,"Carrer de Llucmajor, 44, Platja de Palma, 07006 Palma, Illes Balears, España",,https://grupojuandelgado.com/,4.8,14.0,es,Google reviews: 4.8* / 14,OPERATIONAL,"('real_estate_agency', 'home_goods_store', 'general_contractor', 'point_of_interest', 'store', 'establishment')",7006.0,+34667580693,+34667580693,,,success
Mallorca Mietbörse S.L. ,"Carrer del Vicari Joaquim Fuster, 105, Platja de Palma, 07006 Palma, Illes Balears, España",+34971796082,https://www.mallorca-mietboerse.com/,4.8,69.0,es,Google reviews: 4.8* / 69,OPERATIONAL,"('real_estate_agency', 'point_of_interest', 'establishment')",7006.0,,,,,error:no contact info found
VillaInvest,"C/ de Lluís Martí, 11, Llevant, 07006 Palma, Illes Balears, España",,http://www.villainvest.es/,4.3,12.0,es,Google reviews: 4.3* / 12,OPERATIONAL,"('real_estate_agency', 'consultant', 'point_of_interest', 'establishment')",7006.0,+34971598674,,info@villainvest.es,,success
Mallorca Gestión Inmobiliaria,"Avinguda d'Antoni Maura, 16, 07141 Marratxí, Illes Balears, España",+34696906733,https://www.mallorcagestion.com/,4.5,49.0,es,Google reviews: 4.5* / 49,OPERATIONAL,"('real_estate_agency', 'finance', 'point_of_interest', 'establishment')",7141.0,+34971902500,,,,success
donpiso,"Career Nuredduna, 6, Llevant, 07006 Palma, Illes Balears, España",+34656790393,https://www.donpiso.com/,5.0,29.0,es,Google reviews: 5* / 29,OPERATIONAL,"('real_estate_agency', 'point_of_interest', 'establishment')",7006.0,,,,,error:no contact info found
GestPropiedad Ciudad Jardín,"Carrer del Cardenal Rossell, 26, Platja de Palma, 07007 Palma, Illes Balears, España",+34971778759,http://www.gestpropiedad.com/,4.6,398.0,es,Google reviews: 4.6* / 398,OPERATIONAL,"('real_estate_agency', 'point_of_interest', 'establishment')",7007.0,+34600886384,,info@gestpropiedad.com,,success
Berkshire Hathaway HomeServices Nova Mallorca ( 07012 ),"Pg. de Mallorca, 14, A, Distrito Centro, 07012 Palma, Illes Balears, España",+34670615955,https://www.bhhsmallorca.com/,4.4,25.0,es,Google reviews: 4.4* / 25,OPERATIONAL,"('real_estate_agency', 'point_of_interest', 'establishment')",7012.0,+34912771071,+34910228442,info.aravaca@bhhsmadrid.com,info@bhhsmadrid.com,success
Palmer Inmobiliaria,"Carrer del Vicari Joaquim Fuster, 251a, Platja de Palma, 07007 Palma, Illes Balears, España",+34971919712,https://palmerinmobiliaria.com/,4.9,37.0,es,Google reviews: 4.9* / 37,OPERATIONAL,"('real_estate_agency', 'point_of_interest', 'establishment')",7007.0,+34971240121,,,,success
Solvia Inmobiliaria,"C/ de la Llibertat, 23, Ponent, 07013 Palma, Illes Balears, España",+34670786168,http://www.solvia.es/,2.4,20.0,es,Google reviews: 2.4* / 20,OPERATIONAL,"('real_estate_agency', 'point_of_interest', 'establishment')",7013.0,,,,,error:no contact info found
Mallorca Home Project,"C/ Aragó, 22, Entresuelo, Levante, 07006 Palma, Illes Balears, España",+34871240328,http://www.mallorcahomeproject.com/,5.0,2.0,es,Google reviews: 5* / 2,OPERATIONAL,"('real_estate_agency', 'point_of_interest', 'establishment')",7006.0,+34602445950,+34971928891,info@mallorcahomeproject.com,,success
Eigentum Mallorca Immobilien,"Avinguda de ses Palmeres, 81, 07560 Sa Coma, Illes Balears, España",+34971810261,https://eigentum-mallorca.com/?utm_source=googlemybusiness&utm_medium=organic&utm_campaign=organicmap,4.3,24.0,es,Google reviews: 4.3* / 24,OPERATIONAL,"('real_estate_agency', 'point_of_interest', 'establishment')",7560.0,,,,,error:no contact info found
INMOBILIARIA EN MALLORCA,,,http://www.inmobiliariaenmallorca.com/,4.6,39.0,es,Google reviews: 4.6* / 39,OPERATIONAL,"('real_estate_agency', 'establishment')",,+34637020200,,,,success
Casa Nova Properties S.L.,"Avinguda del Rei Jaume I, 109, 07180 Santa Ponça, Illes Balears, España",,https://www.mallorcaimmobilien.com/,4.8,36.0,en,Google reviews: 4.8* / 36,OPERATIONAL,"('real_estate_agency', 'consultant', 'point_of_interest', 'establishment')",7180.0,+34971698076,+34679594328,info@mallorcaimmobilien.com,,success
First Mallorca,"Pg. de Mallorca, 10, Centre, 07012 Palma, Illes Balears, España",+34871005800,https://www.firstmallorca.com/,4.2,44.0,es,Google reviews: 4.2* / 44,OPERATIONAL,"('real_estate_agency', 'consultant', 'point_of_interest', 'establishment')",7012.0,+34971007007,,,,success
DAHLER Mallorca Palma / Son Vida,"Pg. de Mallorca, 12, Centre, 07012 Palma, Illes Balears, España",,https://www.dahlercompany.com/de/mallorca/immobilienmakler/palma,4.7,12.0,de,Google reviews: 4.7* / 12,OPERATIONAL,"('real_estate_agency', 'consultant', 'point_of_interest', 'establishment')",7012.0,+34636844265,,palma@dahler.com,,success
PRIVILEGE-PROPERTY,,+34637861618,http://www.privilege-property.com/,4.6,9.0,es,Google reviews: 4.6* / 9,OPERATIONAL,"('real_estate_agency', 'establishment')",,,,,,error:no contact info found
First Mallorca Costa d'en Blanes,"Av. Tomàs Blanes Tolosa, 41, 07181 Costa d'en Blanes, Illes Balears, España",,https://www.firstmallorca.com/en/sales/costa-den-blanes-properties,4.0,51.0,es,Google reviews: 4* / 51,OPERATIONAL,"('real_estate_agency', 'consultant', 'point_of_interest', 'establishment')",7181.0,+34971007007,,,,success
DAHLER Mallorca Santanyí,"Plaça de sa Canal, 19, 07650 Santanyí, Illes Balears, España",+34649505127,http://www.dahler.com/santanyi,4.9,16.0,de,Google reviews: 4.9* / 16,OPERATIONAL,"('real_estate_agency', 'point_of_interest', 'establishment')",7650.0,+34871252196,,mallorca-southeast@dahler.com,,success
Coll aguilar. Inmobiliaria & galeria de arte,"Carrer del Call, 4, Centre, 07001 Palma, Illes Balears, España",,http://www.collaguilar.com/,3.9,9.0,es,Google reviews: 3.9* / 9,OPERATIONAL,"('real_estate_agency', 'point_of_interest', 'establishment')",7001.0,+34971712948,+34655283894,,,success
Cabanellas Balear,"Carrer de la Missió, 31, Centre, 07003 Palma, Illes Balears, España",+34971716959,http://cabanellasbalear.es/,2.8,13.0,es,Google reviews: 2.8* / 13,OPERATIONAL,"('real_estate_agency', 'point_of_interest', 'establishment')",7003.0,,,,,error:no contact info found
Inmopropiedad ,"Carrer de la Blatera, 32A, Llevant, 07198 Palma, Illes Balears, España",,http://www.inmopropiedad.com/,4.9,31.0,es,Google reviews: 4.9* / 31,OPERATIONAL,"('real_estate_agency', 'finance', 'lawyer', 'consultant', 'point_of_interest', 'establishment')",7198.0,+34971773479,+34605370537,info@inmopropiedad.com,,success
Evamar Real Home ,"Carrer del Fluvià, 1, Llevant, 07009 Palma, Illes Balears, España",,http://www.evamar-rh.com/,5.0,38.0,es,Google reviews: 5* / 38,OPERATIONAL,"('real_estate_agency', 'point_of_interest', 'establishment')",7009.0,+34871185293,,hola@evamar-realhome.com,,success
Mendopiso,"Carrer del Cardenal Rossell, 24, Platja de Palma, 07007 Palma, Illes Balears, España",+34971902400,http://www.mendopiso.es/,4.3,45.0,es,Google reviews: 4.3* / 45,OPERATIONAL,"('real_estate_agency', 'point_of_interest', 'establishment')",7007.0,,,,,error:no contact info found
LAB Properties,"Carrer de la Blatera, 23A, Llevant, 07198 Palma, Illes Balears, España",,https://www.labproperties.es/,5.0,46.0,es,Google reviews: 5* / 46,OPERATIONAL,"('real_estate_agency', 'point_of_interest', 'establishment')",7198.0,+34644166761,,info@labproperties.es,,success
Finques RBJ,"Carrer del Cardenal Rossell, 60, Platja de Palma, 07007 Palma, Illes Balears, España",,http://www.finquesrbj.com/,4.9,98.0,es,Google reviews: 4.9* / 98,OPERATIONAL,"('real_estate_agency', 'point_of_interest', 'establishment')",7007.0,+34971745470,,rbj@finquesrbj.com,,success
Cervantes Inmobiliaria,"Carrer de Bilbao, 14A, Platja de Palma, 07006 Palma, Illes Balears, España",,http://www.cervantesinmobiliaria.com/,4.4,10.0,es,Google reviews: 4.4* / 10,OPERATIONAL,"('real_estate_agency', 'point_of_interest', 'establishment')",7006.0,+34652454663,,CERVANTESINMO@GMAIL.COM,,success
DE PRADA & MOYA Abogados ( 07007 ),"C. del Cardenal Rossell, 15, A, Playa de Palma, 07007 Palma, Illes Balears, España",+34617672105,http://www.depradamoya-realestate.com/,4.9,227.0,es,Google reviews: 4.9* / 227,OPERATIONAL,"('real_estate_agency', 'consultant', 'point_of_interest', 'establishment')",7007.0,+34971623516,+34638307085,,,success
Habitam Palma,,+34611518949,http://www.habitampalma.es/,5.0,39.0,es,Google reviews: 5* / 39,OPERATIONAL,"('real_estate_agency', 'establishment')",,,,,,error:no contact info found
+34 MALLORCA REAL ESTATE,"Carrer de l'Alga, 9, Platja de Palma, 07006 Palma, Illes Balears, España",,http://34mallorca.com/,4.5,26.0,es,Google reviews: 4.5* / 26,OPERATIONAL,"('real_estate_agency', 'point_of_interest', 'general_contractor', 'establishment')",7006.0,+34971946902,+34673670909,info@34mallorca.com,,success
Az inmobiliaria Palma de Mallorca,"Avinguda d'Antoni Maura, 10, 07141 Marratxí, Illes Balears, España",,http://az-inmobiliaria.com/,4.5,4.0,es,Google reviews: 4.5* / 4,OPERATIONAL,"('real_estate_agency', 'point_of_interest', 'establishment')",7141.0,+34651862010,,,,success
ENHABITAT PROPIEDADES,"Carrer del Ter, 27, 2º Planta, oficina 10, Levante, 07009 Palma, Illes Balears, España",,https://www.enhabitat.com/,5.0,8.0,es,Google reviews: 5* / 8,OPERATIONAL,"('real_estate_agency', 'point_of_interest', 'establishment')",7009.0,+34971570697,,,,success
Inmobiliaria Marianela Mateos,"Carrer del Fluvià, 1, Llevant, 07009 Palma, Illes Balears, España",,http://www.marianelamateos.com/,4.7,15.0,es,Google reviews: 4.7* / 15,OPERATIONAL,"('real_estate_agency', 'point_of_interest', 'establishment')",7009.0,+34639742551,,inmo.marianela@gmail.com,,success
Viviendas Jose Gómez,"Carrer de Pere Ripoll i Palou, 26, Llevant, 07008 Palma, Illes Balears, España",,http://www.viviendasjosegomez.es/,4.4,59.0,en,Google reviews: 4.4* / 59,OPERATIONAL,"('real_estate_agency', 'finance', 'point_of_interest', 'establishment')",7008.0,+34651982785,+34871946363,josegomez@viviendasjosegomez.es,,success
Studio 3 Properties,"C/ Aragó, 372, local C, Levante, 07008 Palma, Illes Balears, España",,http://www.studiotres2021.com/,4.6,37.0,es,Google reviews: 4.6* / 37,OPERATIONAL,"('real_estate_agency', 'point_of_interest', 'establishment')",7008.0,+34645865657,,,,success
Espacio y Vida,"Carrer del Fluvià, 1, Mallorca Office - Planta Baja, Despacho 44, Llevant, 07009 Palma, Illes Balears, España",,http://espacioyvida.com/,4.6,18.0,es,Google reviews: 4.6* / 18,OPERATIONAL,"('real_estate_agency', 'consultant', 'point_of_interest', 'establishment')",7009.0,+34659555333,,hola@espacioyvida.com,,success
Unión confianza consultora ( UCC S.L.),"Carrer de Biniali, 5, Llevant, 07008 Palma, Illes Balears, España",+34971904141,http://www.uccsl.com/contacto/,4.6,127.0,es,Google reviews: 4.6* / 127,OPERATIONAL,"('real_estate_agency', 'point_of_interest', 'establishment')",7008.0,,,,,error:no contact info found
LIFE MALLORCA,"Carrer del Fluvià, 1, 2ºA, Llevant, 07009 Palma, Illes Balears, España",,http://www.lifemallorca.com/,3.5,2.0,en,Google reviews: 3.5* / 2,OPERATIONAL,"('real_estate_agency', 'consultant', 'point_of_interest', 'establishment')",7009.0,,,,,error:no contact info found
Agiv Administraciones y gestión inmovalcosta,"Passatge de Cala Figuera, numero 5, piso 3 puerta 1, Llevant, 07009 Palma, Illes Balears, España",+34636613299,,5.0,7.0,es,Google reviews: 5* / 7,OPERATIONAL,"('real_estate_agency', 'consultant', 'point_of_interest', 'establishment')",7009.0,,,,,error:no contact info found
Grupo RLA,"C. del Regal, 20, Llevant, 07008 Palma, Illes Balears, España",+34642300662,,,,es,Google reviews: * / None,OPERATIONAL,"('real_estate_agency', 'point_of_interest', 'establishment')",7008.0,,,,,error:no contact info found
Inmobiliaria Pastor,"Carrer del Ter, 12, Bajos, Levante, 07009 Palma, Illes Balears, España",,http://www.pastorserviciosinmobiliarios.es/,5.0,1.0,es,Google reviews: 5* / 1,OPERATIONAL,"('real_estate_agency', 'point_of_interest', 'establishment')",7009.0,+34667800253,+34610208887,,,success
AMG INMOBILIARIA,"AMG INMOBILIARIA, Camí de Sant Llatzet, 3, 07141 Es Pont d'Inca, Illes Balears, España",,https://www.amginmobiliaria.com/,4.1,164.0,es,Google reviews: 4.1* / 164,OPERATIONAL,"('real_estate_agency', 'point_of_interest', 'establishment')",7141.0,+34630815306,+34971601199,,,success
Via Blava,"Carrer del Ter, 27, planta 2, oficina 7, Llevant, 07009 Palma, Illes Balears, España",,http://www.viablava.com/,4.2,30.0,ca,Google reviews: 4.2* / 30,OPERATIONAL,"('real_estate_agency', 'point_of_interest', 'establishment')",7009.0,+34871776688,+34615663782,info@viablava.com,,success
INMOBILIARIA PROINMOS,"Carrer del Fluvià, 1, Llevant, 07009 Palma, Illes Balears, España",+34665253621,https://www.proinmos.com/,3.7,13.0,es,Google reviews: 3.7* / 13,OPERATIONAL,"('real_estate_agency', 'point_of_interest', 'establishment')",7009.0,,,,,error:no contact info found
NEXEIMMO,"Career Nuredduna, 10, 2B, Llevant, 07006 Palma, Illes Balears, España",,http://www.nexeimmo.com/,4.7,14.0,es,Google reviews: 4.7* / 14,OPERATIONAL,"('real_estate_agency', 'point_of_interest', 'establishment')",7006.0,+34683156221,+34971963640,info@nexeimmo.com,,success
Inmomalia,"Polígono Son Fuste, Carrer del Fluvià, 1, Llevant, 07009 Palma, Illes Balears, España",+34971924369,,3.0,2.0,es,Google reviews: 3* / 2,OPERATIONAL,"('real_estate_agency', 'point_of_interest', 'establishment')",7009.0,,,,,error:no contact info found
Inmobiliaria Portixol,"Carrer del Vicari Joaquim Fuster, 49, Platja de Palma, 07006 Palma, Illes Balears, España",,https://immobilienportixol.com/,3.2,5.0,ca,Google reviews: 3.2* / 5,OPERATIONAL,"('real_estate_agency', 'point_of_interest', 'establishment')",7006.0,+34971242290,,anfragenportixol@gmail.com,,success
Inmobiliaria Villas Munar,"Carrer de Llucmajor, 13A, Platja de Palma, 07006 Palma, Illes Balears, España",+34871113828,http://villasmunar.com/,3.0,2.0,es,Google reviews: 3* / 2,OPERATIONAL,"('real_estate_agency', 'point_of_interest', 'establishment')",7006.0,,,,,error:no contact info found
GE Grupo Inmobiliario ,"Carrer de Sant Marc, 11A, Nord, 07009 Palma, Illes Balears, España",+34637174257,,5.0,23.0,es,Google reviews: 5* / 23,OPERATIONAL,"('real_estate_agency', 'consultant', 'point_of_interest', 'finance', 'establishment')",7009.0,,,,,error:no contact info found
inmo,,+34639000000,,5.0,3.0,es,Google reviews: 5* / 3,OPERATIONAL,"('real_estate_agency', 'establishment')",,,,,,error:no contact info found
Fincalux Inmobiliaria,"Carrer de Son Bessó, 4, Nord, 07120 Palma, Illes Balears, España",+34630418401,,5.0,4.0,es,Google reviews: 5* / 4,OPERATIONAL,"('real_estate_agency', 'point_of_interest', 'establishment')",7120.0,,,,,error:no contact info found
NEW HOME MALLORCA REAL ESTATE SL,,+34618391342,https://www.newhomemallorca.com/,5.0,9.0,es,Google reviews: 5* / 9,OPERATIONAL,"('real_estate_agency', 'establishment')",,0034618391342,,,,success
SIM Inmobiliaria,"Plaça de la Sitja, 5, Nord, 07010 Palma, Illes Balears, España",+34656560198,http://www.siminmobiliaria.es/,4.8,21.0,es,Google reviews: 4.8* / 21,OPERATIONAL,"('real_estate_agency', 'point_of_interest', 'establishment')",7010.0,,,,,error:no contact info found
La Real Inmobiliaria,"Avinguda del Císter, 13, Local, Nord, 07010 Es Secar de la Real, Illes Balears, España",,https://www.larealinmobiliaria.es/,3.6,12.0,es,Google reviews: 3.6* / 12,OPERATIONAL,"('real_estate_agency', 'point_of_interest', 'establishment')",7010.0,+34971234676,+34620951284,,,success
Agencia Inmobiliaria Mir ( 07013 ),"Camí de Son Rapinya, 45A, Ponent, 07013 Sa Vileta-Son Rapinya, Illes Balears, España",+34971606489,https://inmobiliariamir.es/,4.6,50.0,es,Google reviews: 4.6* / 50,OPERATIONAL,"('real_estate_agency', 'point_of_interest', 'establishment')",7013.0,+34971441396,,,,success
Nova Balear,"C/ del General Riera, 68, Nord, 07010 Palma, Illes Balears, España",+34971755474,,2.2,52.0,es,Google reviews: 2.2* / 52,OPERATIONAL,"('real_estate_agency', 'point_of_interest', 'establishment')",7010.0,,,,,error:no contact info found
Casas de Mallorca,"Camí de Can Guillot, 35, Nord, 07010 Palma, Illes Balears, España",+34616667070,https://casasdemallorca.es/,4.4,17.0,es,Google reviews: 4.4* / 17,OPERATIONAL,"('real_estate_agency', 'point_of_interest', 'establishment')",7010.0,+34650118765,+34623537826,,,success
InMallorca Inmobiliaria ( None ),,,https://www.inmallorcainmobiliaria.com/,5.0,3.0,es,Google reviews: 5* / 3,OPERATIONAL,"('real_estate_agency', 'establishment')",,+34682800907,,inmallorca.inmobiliaria@gmail.com,,success
Easy Homes Grupo Inmobiliario,"Carrer de Pascual Ribot, 1, 07011 Palma, Illes Balears, España",,http://www.easyhomes.es/,4.1,54.0,es,Google reviews: 4.1* / 54,OPERATIONAL,"('real_estate_agency', 'point_of_interest', 'establishment')",7011.0,+34971079163,,info@easyhomes.com.es,,success
Tramuntana Gestores Inmobiliarios,"Carrer de Guillem Forteza, 24, BAJOS A, Nord, 07010 Palma, Illes Balears, España",+34638219919,,3.0,2.0,es,Google reviews: 3* / 2,OPERATIONAL,"('real_estate_agency', 'point_of_interest', 'establishment')",7010.0,,,,,error:no contact info found
Inmobiliaria La Vileta,"Camí dels Reis, 187, BJ, Ponent, 07013 Sa Vileta-Son Rapinya, Illes Balears, España",,https://www.inmobiliarialavileta.com/,3.9,87.0,es,Google reviews: 3.9* / 87,OPERATIONAL,"('real_estate_agency', 'point_of_interest', 'establishment')",7013.0,+34971793535,,info@inmobiliarialavileta.com,,success
Chic Mallorca Real Estate,"Carrer de Joan Crespí, 14, Ponent, 07014 Palma, Illes Balears, España",,http://www.chicmallorca.com/,4.7,130.0,es,Google reviews: 4.7* / 130,OPERATIONAL,"('real_estate_agency', 'consultant', 'point_of_interest', 'establishment')",7014.0,+34685989198,,info@chicmallorca.com,,success
Mallorca Property Vida Balear Real Estate ,"Av. de Gabriel Roca, 9, Ponent, 07014 Palma, Illes Balears, España",,http://www.mallorcapropertyvb.com/,5.0,3.0,es,Google reviews: 5* / 3,OPERATIONAL,"('real_estate_agency', 'point_of_interest', 'establishment')",7014.0,+34971450422,+34971450422,info@vidabalear.com,info@vidabalear.com,success
Neptunus International,"Pg. de Mallorca, 14, Centre, 07011 Palma, Illes Balears, España",+34971227626,http://www.neptunus-international.com/,4.7,42.0,es,Google reviews: 4.7* / 42,OPERATIONAL,"('real_estate_agency', 'point_of_interest', 'establishment')",7011.0,0034971227626,,info@neptunus-international.com,,success
Nestseekers ,"JUAN DE CREMONA, 6, Centre, 07012 Palma, Illes Balears, España",+34666544649,https://www.nestseekers.com/Sales/spain/?utm_source=GMB&utm_medium=WEB&utm_id=Palma,5.0,5.0,es,Google reviews: 5* / 5,OPERATIONAL,"('real_estate_agency', 'point_of_interest', 'establishment')",7012.0,,,,,error:no contact info found
MABERTY,"2D, Pasaje Galerias Jaume III, 2, Centre, 07012 Palma, Illes Balears, España",,http://www.maberty.com/,5.0,3.0,es,Google reviews: 5* / 3,OPERATIONAL,"('real_estate_agency', 'point_of_interest', 'establishment')",7012.0,+34971425725,,info@maberty.com,,success
SkandiaMäklarna Mallorca,"Carrer Comte de Barcelona, 29 PB, Ponent, 07013 Palma, Illes Balears, España",,https://www.skandiamaklarna.com/sv/hitta-maklare/mallorca/,4.9,17.0,sv,Google reviews: 4.9* / 17,OPERATIONAL,"('real_estate_agency', 'point_of_interest', 'establishment')",7013.0,+46735083737,+34711032955,mallorca@skandiamaklarna.com,seth.forrester@skandiamaklarna.com,success
Ocean Seven Real Estate,"Carrer de Can Sales, 1, Centre, 07012 Palma, Illes Balears, España",,http://www.ocean-seven.com/,4.9,20.0,es,Google reviews: 4.9* / 20,OPERATIONAL,"('real_estate_agency', 'point_of_interest', 'establishment')",7012.0,+34634305876,,info@ocean-seven.com,,success
Gesteam Properties,"Pg. de Mallorca, 8, Entresuelo 1 B, Distrito Centro, 07012 Palma, Illes Balears, España",,http://www.gesteamproperties.com/,4.9,10.0,es,Google reviews: 4.9* / 10,OPERATIONAL,"('real_estate_agency', 'point_of_interest', 'establishment')",7012.0,+34871045671,+34663686347,,,success
Grupo FERRAN Mallorca ,"Pl. del Rei Joan Carles I, 3, 1º izq, Centre, 07012 Palma, Illes Balears, España",+34971712054,https://www.ferran.es/,4.5,15.0,es,Google reviews: 4.5* / 15,OPERATIONAL,"('real_estate_agency', 'finance', 'general_contractor', 'lawyer', 'consultant', 'point_of_interest', 'establishment')",7012.0,+34936004800,+34914316033,info@ferran.es,,success
Palm Beach Mallorca Real Estate,"Pg. de Mallorca, 20, Centre, 07012 Palma, Illes Balears, España",+34674444470,,4.5,21.0,es,Google reviews: 4.5* / 21,OPERATIONAL,"('real_estate_agency', 'point_of_interest', 'establishment')",7012.0,,,,,error:no contact info found
Pisos Mallorca,"Pg. de Mallorca, 18, entresuelo 2ºA, Distrito Centro, 07012 Palma, Illes Balears, España",,http://www.pisosmallorca.com/,4.3,24.0,es,Google reviews: 4.3* / 24,OPERATIONAL,"('real_estate_agency', 'point_of_interest', 'establishment')",7012.0,+34971222022,,info@pisosmallorca.com,,success
Kingsber Property Mallorca,"Calle Berenguer de Sant Joan 3bjs, Distrito Centro, 07012 Palma, Illes Balears, España",+34659737330,http://www.kingsberproperty.com/,4.7,27.0,es,Google reviews: 4.7* / 27,OPERATIONAL,"('real_estate_agency', 'point_of_interest', 'establishment')",7012.0,,,,,error:no contact info found
S.A.E Real Estate,"Plaça de la Porta de Santa Catalina, 20, Centre, 07012 Palma, Illes Balears, España",+34604114919,http://www.sae-mallorca.com/,4.7,33.0,es,Google reviews: 4.7* / 33,OPERATIONAL,"('real_estate_agency', 'point_of_interest', 'establishment')",7012.0,,,,,error:no contact info found
Casa Mia Real Estate SL,"Pg. de Mallorca, 18E, Centre, 07012 Palma, Illes Balears, España",+34971128392,http://casamia-mallorca.com/,5.0,30.0,es,Google reviews: 5* / 30,OPERATIONAL,"('real_estate_agency', 'lawyer', 'consultant', 'point_of_interest', 'establishment')",7012.0,,,,,error:no contact info found
5 ISLAS,"Carrer d'Avinyó, 2, Ponent, 07014 Palma, Illes Balears, España",+34871571015,http://www.5islas.es/,4.7,53.0,es,Google reviews: 4.7* / 53,OPERATIONAL,"('real_estate_agency', 'point_of_interest', 'establishment')",7014.0,,,,,error:no contact info found
Fincas Cala Major,"Avinguda de Joan Miró, 275, Ponent, 07015 Palma, Illes Balears, España",+34971404077,http://fincascalamajor.com/,5.0,49.0,es,Google reviews: 5* / 49,OPERATIONAL,"('real_estate_agency', 'point_of_interest', 'establishment')",7015.0,0034971404077,,info@fincascalamajor.com,,success
Inmobiliaria Film Houses,"Av. de Gabriel Roca, 35, 07014 Palma, Illes Balears, España",,https://www.filmhouses.com/,4.9,48.0,es,Google reviews: 4.9* / 48,OPERATIONAL,"('real_estate_agency', 'point_of_interest', 'establishment')",7014.0,+34971222787,,info@filmhouses.com,,success
Inmoluxy Real Estate Mallorca,"Avinguda de Sant Ferran, 41, 07013 Palma, Illes Balears, España",+34658701353,http://www.inmoluxy.com/,5.0,15.0,es,Google reviews: 5* / 15,OPERATIONAL,"('real_estate_agency', 'point_of_interest', 'establishment')",7013.0,+34668561123,+34679676422,info@inmoluxy.com,Pareja@borjagroup.es,success
INMO-LIVE HOMES,"Camí de Son Rapinya, 55, Ponent, 07013 Palma, Illes Balears, España",,http://inmolivehomes.com/,5.0,54.0,es,Google reviews: 5* / 54,OPERATIONAL,"('real_estate_agency', 'point_of_interest', 'establishment')",7013.0,+34871185534,+34633076738,info@inmolivehomes.com,inmolivehomes@gmail.com,success
DURENDESA,"Av. de Gabriel Roca, 16, Ponent, 07014 Palma, Illes Balears, España",,http://www.durendesa.com/,4.8,25.0,es,Google reviews: 4.8* / 25,OPERATIONAL,"('real_estate_agency', 'point_of_interest', 'establishment')",7014.0,+34971906068,,info@durendesa.com,,success
Inmobiliaria Daynes,"Avinguda de Joan Miró, 354, Ponent, 07015 Palma, Illes Balears, España",,http://www.inmobiliariadaynes.com/,4.3,6.0,es,Google reviews: 4.3* / 6,OPERATIONAL,"('real_estate_agency', 'consultant', 'point_of_interest', 'establishment')",7015.0,+34971401900,,info@inmobiliariadaynes.com,,success
MARCEL REMUS REAL ESTATE,"Camí de Gènova, 4, loc 4, Poniente, 07014 Palma, Illes Balears, España",,http://www.marcelremus.com/,4.4,56.0,es,Google reviews: 4.4* / 56,OPERATIONAL,"('real_estate_agency', 'point_of_interest', 'establishment')",7014.0,+34971450019,,,,success
RE/MAX ROYAL,"Carrer d'Andrea Doria, 48, Bajos, Poniente, 07014 Palma, Illes Balears, España",+34634534888,http://www.remaxroyal.es/,5.0,42.0,es,Google reviews: 5* / 42,OPERATIONAL,"('real_estate_agency', 'point_of_interest', 'establishment')",7014.0,,,,,error:no contact info found
Sageco,,,http://www.sageco.es/,4.6,30.0,es,Google reviews: 4.6* / 30,OPERATIONAL,"('real_estate_agency', 'establishment')",,+34650623856,,info@sageco.es,,success
Richmallorca real estate,"Passeig Illetes, 16, 07181 ses Illetes, Illes Balears, España",,https://richmallorca.com/,4.9,36.0,es,Google reviews: 4.9* / 36,OPERATIONAL,"('real_estate_agency', 'point_of_interest', 'establishment')",7181.0,+34685294911,,info@richmallorca.com,,success
LJ Balearic Properties,,+34669672301,http://www.ljproperties.es/,4.8,11.0,es,Google reviews: 4.8* / 11,OPERATIONAL,"('real_estate_agency', 'establishment')",,,,,,error:no contact info found
Zen Homes Mallorca,"Avinguda de Joan Miró, 188, Ponent, 07015 Palma, Illes Balears, España",,https://zenhomesmallorca.com/,2.9,10.0,es,Google reviews: 2.9* / 10,OPERATIONAL,"('real_estate_agency', 'point_of_interest', 'establishment')",7015.0,+34971091119,,info@zenhomesmallorca.com,,success
INMOBILIARIA MALLORCA SERVICE. OFERTA INMOBILIARIA,"Camí na Burguesa, 7, piso 1B, Ponent, 07015 Palma, Illes Balears, España",,http://www.mallorcaservice.es/,3.7,3.0,es,Google reviews: 3.7* / 3,OPERATIONAL,"('real_estate_agency', 'point_of_interest', 'establishment')",7015.0,+34617384573,+34971133532,info@mallorcaservice.es,,success
El Terreno Immo,"Avinguda de Joan Miró, 82, Ponent, 07015 Palma, Illes Balears, España",+34971284026,http://www.el-terreno-immo.com/,4.1,23.0,en,Google reviews: 4.1* / 23,OPERATIONAL,"('real_estate_agency', 'point_of_interest', 'establishment')",7015.0,,,,,error:no contact info found
Buy a Home Mallorca ( 07015 ),"Avinguda de Joan Miró, 340, Ponent, 07015 Palma, Illes Balears, España",+34971379561,http://www.buyahomemallorca.com/,5.0,2.0,en,Google reviews: 5* / 2,OPERATIONAL,"('real_estate_agency', 'point_of_interest', 'establishment')",7015.0,,,,,error:no contact info found
KSA ESTATE MALLORCA,"Avinguda de Joan Miró, 348, Ponent, 07015 Palma, Illes Balears, España",,http://www.ksa-estates.com/,4.3,6.0,es,Google reviews: 4.3* / 6,OPERATIONAL,"('real_estate_agency', 'point_of_interest', 'establishment')",7015.0,+34971227810,+34609615797,mjustiniano@ksa-estates.com,,success
One Mallorca ,"Passeig Illetes, 2, Primera planta Local 7, 07181 Cas Català, Illes Balears, España",+34871023803,,4.7,49.0,es,Google reviews: 4.7* / 49,OPERATIONAL,"('real_estate_agency', 'point_of_interest', 'establishment')",7181.0,,,,,error:no contact info found
Molier Estates,"Av. Joan Miró, 297, local 7, Poniente, 07015 Palma, Illes Balears, España",,http://www.molierestates.com/,4.7,27.0,nl,Google reviews: 4.7* / 27,OPERATIONAL,"('real_estate_agency', 'point_of_interest', 'establishment')",7015.0,+34692068320,,info@molierestates.com,ryan@molierestates.com,success
MI LIVING PROPERTIES,"C/ de Saridakis, 3, Ponent, 07015 Palma, Illes Balears, España",,https://www.milivingproperties.com/,5.0,7.0,en,Google reviews: 5* / 7,OPERATIONAL,"('real_estate_agency', 'point_of_interest', 'establishment')",7015.0,+34695684948,+34646226224,Alessandro@milivingproperties.com,Sydney@milivingproperties.com,success
Vista Collection,,,https://vistacollection.es/,5.0,4.0,es,Google reviews: 5* / 4,OPERATIONAL,"('real_estate_agency', 'finance', 'consultant', 'establishment')",,+34638070421,,,,success
Genova Inmobiliaria,"Carrer de la Coma, 6, Ponent, 07015 Gènova, Illes Balears, España",+34615825620,,,,es,Google reviews: * / None,OPERATIONAL,"('real_estate_agency', 'point_of_interest', 'establishment')",7015.0,,,,,error:no contact info found
Guver Homes Real Estate,"Carrer de Dinamarca, 9, Ponent, 07015 Palma, Illes Balears, España",,https://www.guverhomes.com/,5.0,5.0,es,Google reviews: 5* / 5,OPERATIONAL,"('real_estate_agency', 'point_of_interest', 'establishment')",7015.0,+34722471626,,j.guver@guverhomes.com,,success
Manage for You,"Av. de Gabriel Roca, 44, Ponent, 07015 Palma, Illes Balears, España",+34677271224,,4.0,1.0,en,Google reviews: 4* / 1,OPERATIONAL,"('real_estate_agency', 'point_of_interest', 'establishment')",7015.0,,,,,error:no contact info found
Checkpoint Inmobiliaria,"Passeig Illetes, 85, 07181 ses Illetes, Illes Balears, España",,https://www.checkpointinmo.com/,3.8,67.0,es,Google reviews: 3.8* / 67,OPERATIONAL,"('real_estate_agency', 'point_of_interest', 'establishment')",7181.0,+34627219958,,,,success
Mallorca IN ,,+34871804744,,3.7,3.0,es,Google reviews: 3.7* / 3,OPERATIONAL,"('real_estate_agency', 'consultant', 'establishment')",,,,,,error:no contact info found
Oliver Mateu ( 07014 ),"Av. de Gabriel Roca, 3, planta baja, Ponent, 07014 Palma, Illes Balears, España",,http://www.olivermateu.com/,3.9,46.0,es,Google reviews: 3.9* / 46,OPERATIONAL,"('real_estate_agency', 'point_of_interest', 'establishment')",7014.0,+34971222444,,maritimo@olivermateu.net,,success
Iconic Properties Mallorca,"Carrer de Son Armadans, Ponent, 07014 Palma, Illes Balears, España",,https://www.iconicpropertiesmallorca.com/,5.0,9.0,es,Google reviews: 5* / 9,OPERATIONAL,"('real_estate_agency', 'point_of_interest', 'establishment')",7014.0,+34685475120,,marina@iconicpropertiesmallorca.com,,success
Gnauck & Garcia Real Estate Mallorca S.L,"Av. Joan Miró, 326, Local H, Poniente, 07015 Palma, Illes Balears, España",+34666643617,https://www.gg-estate-mallorca.com/,5.0,5.0,es,Google reviews: 5* / 5,OPERATIONAL,"('real_estate_agency', 'point_of_interest', 'establishment')",7015.0,+34634646962,,,,success
ImmoConceptBalear,"Passeig Illetes, 4, 07181 ses Illetes, Illes Balears, España",,http://www.immoconceptbalear.com/,5.0,7.0,de,Google reviews: 5* / 7,OPERATIONAL,"('real_estate_agency', 'consultant', 'point_of_interest', 'establishment')",7181.0,+34693739566,+34871711940,info@immoconceptbalear.com,,success
Lucas Froese Real Estate,"Carrer de ses Eres, 4, 07200 Felanitx, Illes Balears, España",,https://www.lucasfroeserealestate.com/,4.9,79.0,es,Google reviews: 4.9* / 79,OPERATIONAL,"('real_estate_agency', 'consultant', 'point_of_interest', 'establishment')",7200.0,+34971092634,,,,success
Mallorca Site,"Polígon Son Bugadelles, Carrer de les Illes Balears, 14, 07180 Santa Ponça, Illes Balears, España",,http://www.mallorcasite.com/es,4.9,34.0,es,Google reviews: 4.9* / 34,OPERATIONAL,"('real_estate_agency', 'consultant', 'point_of_interest', 'establishment')",7180.0,+34971712165,,info@mallorcasite.com,,success
Inmobiliaria Mallorca ( 07180 ),"Carrer de Ramon de Montcada, 23, 07180 Santa Ponça, Illes Balears, España",+34971692763,https://www.inmobiliariamallorca-api.com/,3.3,13.0,es,Google reviews: 3.3* / 13,OPERATIONAL,"('real_estate_agency', 'point_of_interest', 'establishment')",7180.0,+34667745084,,,,success
YES MALLORCA PROPERTY,"Avinguda del Rei Jaume I, 109, 07180 Santa Ponça, Illes Balears, España",,https://yes-mallorca-immobilien.de/,4.8,35.0,en,Google reviews: 4.8* / 35,OPERATIONAL,"('real_estate_agency', 'point_of_interest', 'establishment')",7180.0,+34971695828,,info@yes-mp.com,,success
Inmobiliaria J. Munar,"Carrer de Rocinante, 6, Llevant, 07198 Son Ferriol, Illes Balears, España",,https://www.grupjm.es/,4.6,5.0,es,Google reviews: 4.6* / 5,OPERATIONAL,"('real_estate_agency', 'point_of_interest', 'establishment')",7198.0,+34971427472,+34617065602,inmo@grupjm.es,,success
INMOBILIARIA TOÑI RUIZ,"Carrer, Via Mallorca, nº 9, 07590 Cala Rajada, Illes Balears, España",,http://www.toniruiz.com/,4.6,47.0,en,Google reviews: 4.6* / 47,OPERATIONAL,"('real_estate_agency', 'point_of_interest', 'establishment')",7590.0,+34971566654,+34626031581,inmobiliaria@toniruiz.com,,success
Inmobiliaria en Baleares,"Es Coll d'en Rabassa, Playa de Palma, 07014 Palma, Illes Balears, España",,https://www.inmobiliariaenbaleares.com/,,,es,Google reviews: * / None,OPERATIONAL,"('real_estate_agency', 'point_of_interest', 'establishment')",7014.0,+34657472783,,info@regainternational.com,,success
First Mallorca Andratx,"Av. Mateo Bosch, 5, 07157 Port d'Andratx, Illes Balears, España",+34971698888,https://www.firstmallorca.com/en/sales/andratx-properties,3.7,13.0,es,Google reviews: 3.7* / 13,OPERATIONAL,"('real_estate_agency', 'consultant', 'point_of_interest', 'establishment')",7157.0,+34971007007,,,,success
FIRST Inmobiliaria,"Edif. Sa Carroca Park, Carretera de Ibiza a San José, Km 0.9, 07817 San Jordi, Illes Balears, España",,http://www.real-estate-ibiza.com/,4.7,10.0,es,Google reviews: 4.7* / 10,OPERATIONAL,"('real_estate_agency', 'point_of_interest', 'establishment')",7817.0,+34971197830,,info@first-inmobiliaria.com,,success
Home Menorca ,"Carrer de l'Àngel, 25, 07703 Maó, Illes Balears, España",,http://www.homemenorca.com/,4.7,58.0,es,Google reviews: 4.7* / 58,OPERATIONAL,"('real_estate_agency', 'point_of_interest', 'establishment')",7703.0,+34971357070,,info@homemenorca.com,,success
Sandberg Estates,"Carrer Garcilaso de la Vega, 1, Local 5, 07181 Portals Nous, Illes Balears, España",+34871853907,https://sandberg-estates.com/,4.9,52.0,es,Google reviews: 4.9* / 52,OPERATIONAL,"('real_estate_agency', 'consultant', 'general_contractor', 'point_of_interest', 'establishment')",7181.0,,,,,error:no contact info found
LLH Solucions Immobiliàries,"Carrer de la Pursiana, 24, Ponent, 07013 Palma, Illes Balears, España",,http://llhsolucionsimmobiliaries.com/,4.8,14.0,es,Google reviews: 4.8* / 14,OPERATIONAL,"('real_estate_agency', 'point_of_interest', 'establishment')",7013.0,+34667561359,+34615063627,info@llhsolucionsimmobiliaries.com,,success
ELEVENHOMES,"Av. de Gabriel Roca, 14, local B, 07014 Palma, Illes Balears, España",+34667648413,http://elevenhomes.com/,4.8,25.0,es,Google reviews: 4.8* / 25,OPERATIONAL,"('real_estate_agency', 'point_of_interest', 'establishment')",7014.0,+34971876638,+34627498515,,,success
Casas Mallorca,"Carrer de sa Lluna, 41, 07100 Sóller, Illes Balears, España",,http://www.casasmallorca.com/,4.2,14.0,es,Google reviews: 4.2* / 14,OPERATIONAL,"('real_estate_agency', 'point_of_interest', 'establishment')",7100.0,+34971638011,,immo@casasmallorca.com,,success
Illes Asesores Inmobiliarios,"Carrer de les Parellades, 10, Bajos, Centre, 07003 Palma, Illes Balears, España",,http://illesasesores.com/,3.0,25.0,es,Google reviews: 3* / 25,OPERATIONAL,"('real_estate_agency', 'point_of_interest', 'establishment')",7003.0,+34971918891,,administracion@illesasesores.com,,success
My-Casa Real Estate,"Carrer del Convent, 3, 07184 Calvià, Illes Balears, España",,http://my-casa.es/,5.0,5.0,en,Google reviews: 5* / 5,OPERATIONAL,"('real_estate_agency', 'point_of_interest', 'establishment')",7184.0,+34971135405,+34678630776,,cmora@fmsb.eu,success
Buy a Home Mallorca ( 07006 ),"Carrer de Joan Nicolau i Barceló, 23, Platja de Palma, 07006 Palma, Illes Balears, España",+34971247276,http://www.buyahomemallorca.com/,4.7,22.0,sv,Google reviews: 4.7* / 22,OPERATIONAL,"('real_estate_agency', 'point_of_interest', 'establishment')",7006.0,,,,,error:no contact info found
Monica Fidalgo ,,+34687847242,https://www.safti.es/tu-asesor-safti/monica-fidalgo-fontao,5.0,1.0,es,Google reviews: 5* / 1,OPERATIONAL,"('real_estate_agency', 'establishment')",,,,,,error:no contact info found
Agencia Inmobiliaria ,,+34626278975,https://www.safti.es/tu-asesor-safti/jean-francois-monmarque,5.0,3.0,fr,Google reviews: 5* / 3,OPERATIONAL,"('real_estate_agency', 'establishment')",,,,,,error:no contact info found
Servicasa Baleares,"Gremi des Fusters, 33, Local 2, Nord, 07009 Palma, Illes Balears, España",,http://www.servicasabaleares.com/,5.0,26.0,es,Google reviews: 5* / 26,OPERATIONAL,"('real_estate_agency', 'consultant', 'point_of_interest', 'establishment')",7009.0,+34871244659,+34665044131,servicasabaleares@gmail.com,,success
inmobiliaria alcobendas,"Carrer Gremi de Traginers d'Oli, 4-A, Nord, 07009 Son Castelló, Illes Balears, España",+34692128105,,1.0,2.0,es,Google reviews: 1* / 2,OPERATIONAL,"('real_estate_agency', 'point_of_interest', 'establishment')",7009.0,,,,,error:no contact info found
Inmobiliaria Boutique Pons,"Carrer San Francisco de Sales, 4, Nord, 07004 Palma, Illes Balears, España",+34651070364,http://instagram.com/inmoboutique_pons/,5.0,3.0,es,Google reviews: 5* / 3,OPERATIONAL,"('real_estate_agency', 'point_of_interest', 'establishment')",7004.0,,,,,success
SHF Inmobiliaria,"Plaça de Monsenyor Mairata, 4, Nord, 07120 Son Sardina, Illes Balears, España",+34871052960,,,,es,Google reviews: * / None,OPERATIONAL,"('real_estate_agency', 'point_of_interest', 'establishment')",7120.0,,,,,error:no contact info found
INSER ,"Camí de la Cabana, 62, 07141 Marratxí, Illes Balears, España",+34630558584,,4.8,17.0,es,Google reviews: 4.8* / 17,OPERATIONAL,"('real_estate_agency', 'point_of_interest', 'establishment')",7141.0,,,,,error:no contact info found
Gestiones Inmobiliarias Illes,"Pl. Sant Cosme, 7, Ponent, 07011 Palma, Illes Balears, España",+34612291364,,4.0,1.0,es,Google reviews: 4* / 1,OPERATIONAL,"('real_estate_agency', 'point_of_interest', 'establishment')",7011.0,,,,,error:no contact info found
Marino Habitat,"Carr. de Valldemossa, Norte, 07120 Palma, Illes Balears, España",+34630663904,,,,es,Google reviews: * / None,OPERATIONAL,"('real_estate_agency', 'point_of_interest', 'establishment')",7120.0,,,,,error:no contact info found
Tresidence Servicios Inmobiliarios,"Camí de la Cabana, 24, 07141 Marratxí, Illes Balears, España",,https://tresidence.es/,5.0,19.0,es,Google reviews: 5* / 19,OPERATIONAL,"('real_estate_agency', 'point_of_interest', 'establishment')",7141.0,+34656307517,+34656360788,marc@tresidence.es,susana@tresidence.es,success
Portassa Properties,,,https://portassaproperties.com/,,,es,Google reviews: * / None,OPERATIONAL,"('real_estate_agency', 'establishment')",,+34602566996,+34666242772,portassa@portassaproperties.com,,success
hyalo,"Isaac Newton Ed. Disset, Primera Planta, Local B2. Parc Bit, Norte, 07121 Palma, Illes Balears, España",+34605782238,,1.0,2.0,es,Google reviews: 1* / 2,OPERATIONAL,"('real_estate_agency', 'point_of_interest', 'establishment')",7121.0,,,,,error:no contact info found
Minkner & Bonitz Mallorca Immobilien,"Avinguda del Rei Jaume I, 109, 07180 Santa Ponça, Illes Balears, España",,https://www.minkner.com/,4.5,31.0,es,Google reviews: 4.5* / 31,OPERATIONAL,"('real_estate_agency', 'consultant', 'point_of_interest', 'establishment')",7180.0,+34971671250,+34971695255,,,success
Minkner & Bonitz Andratx,"Av. Mateo Bosch, 8, 07157 Port d'Andratx, Illes Balears, España",,https://www.minkner.com/,4.8,5.0,de,Google reviews: 4.8* / 5,OPERATIONAL,"('real_estate_agency', 'point_of_interest', 'establishment')",7157.0,+34971671250,+34971695255,,,success
IRS INMOBILIARIA,"C/ Aragó, 28, Llevant, 07006 Palma, Illes Balears, España",,https://www.inmo-irs.com/,,,es,Google reviews: * / None,OPERATIONAL,"('real_estate_agency', 'point_of_interest', 'establishment')",7006.0,+34690253851,,info@inmo-irs.com,,success
+QPISOS,,,https://www.qpisos.com/,5.0,13.0,es,Google reviews: 5* / 13,OPERATIONAL,"('real_estate_agency', 'establishment')",,+34640696896,+34668570480,info@qpisos.com,,success
House in Mallorca,,+34659555670,https://www.houseinmallorca.com/,4.8,6.0,es,Google reviews: 4.8* / 6,OPERATIONAL,"('real_estate_agency', 'establishment')",,,,,,error:no contact info found
Realtor Inmobiliaria,,+34669441442,,5.0,2.0,es,Google reviews: 5* / 2,OPERATIONAL,"('real_estate_agency', 'establishment')",,,,,,error:no contact info found
Grup Rebassa,"Carrer de General Weyler, 49, 07141 Pla de na Tesa, Illes Balears, España",+34971794959,http://www.gruprebassa.com/,4.8,43.0,es,Google reviews: 4.8* / 43,OPERATIONAL,"('real_estate_agency', 'electrician', 'general_contractor', 'consultant', 'point_of_interest', 'establishment')",7141.0,,,,,error:no contact info found
Arenal Invest CB,"Carrer Bartomeu Oliver de Can Tunis, 24, Llevant, 07198 Son Ferriol, Illes Balears, España",,https://www.arenal-invest.com/,4.9,13.0,es,Google reviews: 4.9* / 13,OPERATIONAL,"('real_estate_agency', 'point_of_interest', 'establishment')",7198.0,+34680492738,,info@arenal-invest.com,,success
Ecoquantic Grup Inmobiliaria,"Carrer Can Mas, 4, 07141 Pla de na Tesa, Illes Balears, España",,http://www.ecoquanticgrup.com/,4.7,37.0,es,Google reviews: 4.7* / 37,OPERATIONAL,"('real_estate_agency', 'point_of_interest', 'establishment')",7141.0,+34971416916,,,,success
GestPropiedad Sant Jordi,"Carrer Neira, 23, Llevant, 07199 Palma, Illes Balears, España",+34971742908,https://gestpropiedad.com/santjordi,4.8,58.0,es,Google reviews: 4.8* / 58,OPERATIONAL,"('real_estate_agency', 'point_of_interest', 'establishment')",7199.0,+34600886384,,info@gestpropiedad.com,,success
Dins Mallorca,,+34627942564,,5.0,4.0,es,Google reviews: 5* / 4,OPERATIONAL,"('real_estate_agency', 'consultant', 'establishment')",,,,,,error:no contact info found
Mallorcabusinesslife ( 07198 ),"Avinguda del Cid, 82, 4 izquierda, Llevant, 07198 Palma, Illes Balears, España",,http://inmomallorcabusiness.com/,3.0,16.0,es,Google reviews: 3* / 16,OPERATIONAL,"('real_estate_agency', 'point_of_interest', 'establishment')",7198.0,+34686904042,,mallorcabusinesslife10@gmail.com,,success
Inmobiliaria Alda Casa,"Carrer Músic Antoni Torrandell, 15, 07141 Marratxí, Illes Balears, España",+34600916852,,3.6,5.0,es,Google reviews: 3.6* / 5,OPERATIONAL,"('real_estate_agency', 'point_of_interest', 'establishment')",7141.0,,,,,error:no contact info found
Mallorca Engel Services,"Avingida de Son Noguera, 1, Llevant, 07620 Llucmajor, Illes Balears, España",+34659400476,http://mallorcaengel.com/,2.7,3.0,es,Google reviews: 2.7* / 3,OPERATIONAL,"('real_estate_agency', 'point_of_interest', 'establishment')",7620.0,,,,,error:no contact info found
Namasté Inmobiliaria,"Cam. de Montana, 9, Local 7, 07141 Marratxinet, Illes Balears, España",+34654443087,,4.7,36.0,es,Google reviews: 4.7* / 36,OPERATIONAL,"('real_estate_agency', 'point_of_interest', 'establishment')",7141.0,,,,,error:no contact info found
Grupo Milana,"Camí de Muntanya, 10, 07141 Poligono Industrial de Marratxi, Illes Balears, España",+34971725782,http://www.grupomilana.com/,5.0,9.0,es,Google reviews: 5* / 9,OPERATIONAL,"('real_estate_agency', 'point_of_interest', 'establishment')",7141.0,,,,,error:no contact info found
INMOBILIARIA SOLIDARIA,"Carrer Licorers, pol 2 b, 07141 Es Pont d'Inca, Illes Balears, España",+34678412913,https://www.facebook.com/inmobiliariasolidariasl,4.6,17.0,es,Google reviews: 4.6* / 17,OPERATIONAL,"('real_estate_agency', 'point_of_interest', 'establishment')",7141.0,,,,,error:no contact info found
stephan scheef Mallorca ,,+34671226115,,5.0,8.0,es,Google reviews: 5* / 8,OPERATIONAL,"('real_estate_agency', 'establishment')",,,,,,error:no contact info found
Mallorcabusinesslife ( None ),,,https://www.mallorcabusinesslife.com/,,,es,Google reviews: * / None,OPERATIONAL,"('real_estate_agency', 'establishment')",,+34686904042,,mallorcabusinesslife10@gmail.com,,success
Fincas Molina,"Carrer de les Illes Pitiüses, 11, Platja de Palma, 07007 Palma, Illes Balears, España",,https://www.fincasmolina.com/,3.4,15.0,es,Google reviews: 3.4* / 15,OPERATIONAL,"('real_estate_agency', 'point_of_interest', 'establishment')",7007.0,+34971909565,,INFO@FINCASMOLINA.COM,,success
ESPAI AMG,"Camí de la Cabana, 24, 07141 Marratxí, Illes Balears, España",+34871232825,http://www.amginmobiliaria.com/,5.0,5.0,es,Google reviews: 5* / 5,OPERATIONAL,"('real_estate_agency', 'finance', 'consultant', 'point_of_interest', 'establishment')",7141.0,+34630815306,+34971601199,,,success
NEXTHOUSE,"Carrer Licorers, 2, 07141 Marratxí, Illes Balears, España",+34871704010,,4.2,18.0,es,Google reviews: 4.2* / 18,OPERATIONAL,"('real_estate_agency', 'point_of_interest', 'establishment')",7141.0,,,,,error:no contact info found
Agencia Mallorca ( 07007 ),"Carrer del Cardenal Rossell, 97, Platja de Palma, 07007 Palma, Illes Balears, España",+34971724580,https://www.agenciamallorca.com/,5.0,1.0,ca,Google reviews: 5* / 1,OPERATIONAL,"('real_estate_agency', 'point_of_interest', 'establishment')",7007.0,,,,,error:no contact info found
Falc Real Estate,,+34971204242,http://www.falcrealestate.com/,,,es,Google reviews: * / None,OPERATIONAL,"('real_estate_agency', 'establishment')",,,,,,error:no contact info found
Rector Vives S L,"Camí de les Bateries, 5, Llevant, 07198 Palma, Illes Balears, España",+34971426697,,2.0,4.0,es,Google reviews: 2* / 4,OPERATIONAL,"('real_estate_agency', 'point_of_interest', 'establishment')",7198.0,,,,,error:no contact info found
Gestión Inmobiliaria JMA (Baleares),,,http://www.gestioninmobiliariajma.com/,4.9,38.0,es,Google reviews: 4.9* / 38,OPERATIONAL,"('real_estate_agency', 'establishment')",,+34633518792,,jmaredez@gestioninmobiliariajma.com,,success
Isla Bonita Mallorca Gestión Inmobiliaria,,,http://www.islabonitamallorca.com/,5.0,7.0,es,Google reviews: 5* / 7,OPERATIONAL,"('real_estate_agency', 'establishment')",,+34611165241,,,,success
Mallorca Makler,"Carrer Gregal Vial K, Levante, 07199 Palma, Illes Balears, España",+34602410407,,5.0,1.0,de,Google reviews: 5* / 1,OPERATIONAL,"('real_estate_agency', 'point_of_interest', 'establishment')",7199.0,,,,,error:no contact info found
Green Living Mallora Inmobiliaria Real Estate,"Disseminat Puntiro, Llevant, 07199 Palma, Illes Balears, España",+491713816375,http://www.green-living-mallorca.com/,,,de,Google reviews: * / None,OPERATIONAL,"('real_estate_agency', 'point_of_interest', 'establishment')",7199.0,,,,,error:no contact info found
Living Blue Mallorca  ( 07320 ),"Plaça Hostals, 8, 07320 Santa Maria del Camí, Illes Balears, España",,https://www.livingblue-mallorca.com/,5.0,174.0,es,Google reviews: 5* / 174,OPERATIONAL,"('real_estate_agency', 'consultant', 'point_of_interest', 'establishment')",7320.0,+34971510609,+34971510881,info@livingblue-mallorca.com,,success
Sa Roqueta Living,,+34623990210,https://www.idealista.com/pro/sa-roqueta-living/venta-viviendas/,1.0,2.0,es,Google reviews: 1* / 2,OPERATIONAL,"('real_estate_agency', 'establishment')",,,,,,error:no contact info found
Engel & Völkers Palma Beach,"Carrer de Marbella, 71, Platja de Palma, 07610 Palma, Illes Balears, España",+34971412925,https://www.engelvoelkers.com/es/en/shops/palma-beach,4.9,53.0,en,Google reviews: 4.9* / 53,OPERATIONAL,"('real_estate_agency', 'point_of_interest', 'establishment')",7610.0,+34900747281,,spain.dp@engelvoelkers.com,,success
AM PROPERTIES MALLORCA,"Ctra. Llucmajor, 210, bajo, Llevant, 07199 S'Aranjassa, Illes Balears, España",+34650058893,http://ampropertiesmallorca.com/,3.0,2.0,es,Google reviews: 3* / 2,OPERATIONAL,"('real_estate_agency', 'point_of_interest', 'establishment')",7199.0,,,,,error:no contact info found
Inmobiliaria Santa Maria,"Plaça Hostals, 21c, 07320 Santa Maria del Camí, Illes Balears, España",,http://www.inmobiliariasantamaria.com/,3.8,4.0,es,Google reviews: 3.8* / 4,OPERATIONAL,"('real_estate_agency', 'point_of_interest', 'establishment')",7320.0,+34971621652,,,,success
Mallorca Immobilien Carone & Winter Real Estate,"Apartado, 14, 07210 Algaida, Illes Balears, España",+34647711121,,5.0,1.0,de,Google reviews: 5* / 1,OPERATIONAL,"('real_estate_agency', 'point_of_interest', 'establishment')",7210.0,,,,,error:no contact info found
CALIDOHOME,"Carretera de l'Arenal, 48, Platja de Palma, 07600 París, Illes Balears, España",+34673431105,https://www.calidohome.com/,5.0,1.0,es,Google reviews: 5* / 1,OPERATIONAL,"('real_estate_agency', 'point_of_interest', 'establishment')",7600.0,,,ucalidohome@gmail.com,,success
Agencia Inmobiliaria Mir ( 07600 ),"Plaça Reina Maria Cristina, 12, 07600 El Arenal, Illes Balears, España",,http://www.inmobiliariamir.com/,4.1,34.0,es,Google reviews: 4.1* / 34,OPERATIONAL,"('real_estate_agency', 'point_of_interest', 'establishment')",7600.0,+34971441396,,,,success
Itola C B,"C. de s'Aranjassa, 5, Llevant, 07199 S'Aranjassa, Illes Balears, España",+34971747722,,,,es,Google reviews: * / None,OPERATIONAL,"('real_estate_agency', 'point_of_interest', 'establishment')",7199.0,,,,,error:no contact info found
L&B INMOSERVICES,"Carrer de Bellamar, 11e, Platja de Palma, 07610 Can Pastilla, Illes Balears, España",+34971266823,,3.5,4.0,es,Google reviews: 3.5* / 4,OPERATIONAL,"('real_estate_agency', 'point_of_interest', 'establishment')",7610.0,,,,,error:no contact info found
Vering Immobiliaria,"Carrer del Bergantí, 1, Platja de Palma, 07610 Can Pastilla, Illes Balears, España",+34634334031,,5.0,1.0,de,Google reviews: 5* / 1,OPERATIONAL,"('real_estate_agency', 'point_of_interest', 'establishment')",7610.0,,,,,error:no contact info found
ENHABITAT propiedades,"Carrer de la Balanguera, 8, 07142 Santa Eugènia, Illes Balears, España",+34971570697,,4.7,3.0,es,Google reviews: 4.7* / 3,OPERATIONAL,"('real_estate_agency', 'point_of_interest', 'establishment')",7142.0,,,,,error:no contact info found
Engel & Völkers Santa Maria del Camí,"Carrer Marquès de la Fontsanta, 45, 07320 Santa Maria del Camí, Illes Balears, España",+34971621629,https://www.engelvoelkers.com/es/en/shops/santa-maria,4.8,82.0,en,Google reviews: 4.8* / 82,OPERATIONAL,"('real_estate_agency', 'finance', 'consultant', 'point_of_interest', 'establishment')",7320.0,+34900747281,,spain.dp@engelvoelkers.com,,success
Premium Balear Real Estate,"Carrer de Marbella, 22, Platja de Palma, 07610 Palma, Illes Balears, España",,http://www.premium-balear.com/,4.0,18.0,de,Google reviews: 4* / 18,OPERATIONAL,"('real_estate_agency', 'point_of_interest', 'establishment')",7610.0,+34971090514,,,,success
Inmocasa Arenal,"Carrer Balears, 19, 07600 El Arenal, Illes Balears, España",+34971443342,http://inmocasaarenal.es/,3.8,17.0,en,Google reviews: 3.8* / 17,OPERATIONAL,"('real_estate_agency', 'store', 'point_of_interest', 'establishment')",7600.0,,,,,error:no contact info found
PERICÀS PROPERTIES INMOBILIARIA,"C. de Cartago, 21, 1 F, Playa de Palma, 07600 Palma, Illes Balears, España",+34971490402,http://www.pericasproperties.es/,4.2,5.0,es,Google reviews: 4.2* / 5,OPERATIONAL,"('real_estate_agency', 'point_of_interest', 'establishment')",7600.0,,,,,error:no contact info found
gestiones inmobiliarias eva,"Carrer de Trasimè, 48, Platja de Palma, 07600 Palma, Balearic Isles, España",+34669341954,,3.8,22.0,es,Google reviews: 3.8* / 22,OPERATIONAL,"('real_estate_agency', 'point_of_interest', 'establishment')",7600.0,,,,,error:no contact info found
Homeing Mallorca · Inmobiliaria · Real Estate,"Carrer del Bisbe Roig, 87, bajos, 07620 Llucmajor, Illes Balears, España",,https://www.homeingmallorca.com/,4.9,84.0,es,Google reviews: 4.9* / 84,OPERATIONAL,"('real_estate_agency', 'consultant', 'point_of_interest', 'establishment')",7620.0,+34971125277,,info@homeingmallorca.com,,success
Schanz & Kohne Immobilien Mallorca,"Carrer de l'Ametler, 1, 07609 Llucmajor, Illes Balears, España",+34628120681,http://www.schanzundkohne.de/,4.4,64.0,es,Google reviews: 4.4* / 64,OPERATIONAL,"('real_estate_agency', 'point_of_interest', 'establishment')",7609.0,0034/871904927,0034/601922368,info@schanzundkohne.com,,success
Inmobiliaria OK,"Ctra. Militar, 221, Platja de Palma, 07600 Palma, Illes Balears, España",+34666116982,,3.0,2.0,es,Google reviews: 3* / 2,OPERATIONAL,"('real_estate_agency', 'point_of_interest', 'establishment')",7600.0,,,,,error:no contact info found
FINCAS S'ARENAL,"Carre Maria Antònia Salvà, 48, 07600 ARENAL DE LLUCMAJOR, Illes Balears, España",+34610164644,http://fincassarenal.es.tl/,3.0,1.0,es,Google reviews: 3* / 1,OPERATIONAL,"('real_estate_agency', 'consultant', 'point_of_interest', 'establishment')",7600.0,,,,,error:no contact info found
Cala Cristal S.A.,"Carretera de l'Arenal, 48, Platja de Palma, 07600 Palma, Illes Balears, España",+34971267197,,5.0,1.0,es,Google reviews: 5* / 1,OPERATIONAL,"('real_estate_agency', 'point_of_interest', 'establishment')",7600.0,,,,,error:no contact info found
Fincas Somveri,"Carrer Terral, 6, 07600 El Arenal, Illes Balears, España",+34971442011,,1.0,1.0,es,Google reviews: 1* / 1,OPERATIONAL,"('real_estate_agency', 'point_of_interest', 'establishment')",7600.0,,,,,error:no contact info found
Opportunities Mallorca,,+34626652723,https://www.opportunitiesmallorca.com/,,,es,Google reviews: * / None,OPERATIONAL,"('real_estate_agency', 'consultant', 'general_contractor', 'establishment')",,,,,,error:no contact info found
Inmobiliaria CercHabit,"Carrer del Taronger, 7, 07609 Son Verí Nou, Illes Balears, España",,http://www.cerchabit.com/,3.0,3.0,es,Google reviews: 3* / 3,OPERATIONAL,"('real_estate_agency', 'point_of_interest', 'establishment')",7609.0,+34610217863,,Info@cerchabit.com,,success
Feelhome Mallorca,,+34640860029,,,,es,Google reviews: * / None,OPERATIONAL,"('real_estate_agency', 'establishment')",,,,,,error:no contact info found
Arlene Gómez,"Rambla, 6, esc 4 1A, 07609 Son Verí Nou, Illes Balears, España",+34606969595,http://www.remaxisland.es/,,,es,Google reviews: * / None,OPERATIONAL,"('real_estate_agency', 'point_of_interest', 'establishment')",7609.0,,,,,error:no contact info found
My House Mallorca Ibiza,"Carrer de Marbella, 20, Platja de Palma, 07600 Palma, Illes Balears, España",,https://www.mallorcaibiza.com/,,,es,Google reviews: * / None,OPERATIONAL,"('real_estate_agency', 'point_of_interest', 'establishment')",7600.0,+34649284105,,info@mallorcaibiza.com,,success
Vivir Mallorca,"Camí de la Torre Redona, 3, Platja de Palma, 07610 Can Pastilla, Illes Balears, España",+34685381928,,,,it,Google reviews: * / None,OPERATIONAL,"('real_estate_agency', 'point_of_interest', 'establishment')",7610.0,,,,,error:no contact info found
Coast Projects Mallorca,"Carrer del Balandre, 2, 2A, Playa de Palma, 07610 Can Pastilla, Illes Balears, España",,https://coastprojectsmallorca.com/,5.0,4.0,es,Google reviews: 5* / 4,OPERATIONAL,"('real_estate_agency', 'lawyer', 'consultant', 'point_of_interest', 'establishment')",7610.0,+34601991478,,coastprojectsmallorca@gmail.com,,success
Immobilien,"Carrer Alegria, 18, 07610 Can Pastilla, Illes Balears, España",+34647914909,,5.0,1.0,de,Google reviews: 5* / 1,OPERATIONAL,"('real_estate_agency', 'point_of_interest', 'establishment')",7610.0,,,,,error:no contact info found
Oliver & Co.,"Carrer de Marbella, 22, Platja de Palma, 07610 Palma, Illes Balears, España",+34676448383,,,,es,Google reviews: * / None,OPERATIONAL,"('real_estate_agency', 'point_of_interest', 'establishment')",7610.0,,,,,error:no contact info found
Casa Del Escultor,"Carrer dels Pins, 17, Platja de Palma, 07610 Palma, Illes Balears, España",,https://www.panchorentals.es/,,,es,Google reviews: * / None,OPERATIONAL,"('real_estate_agency', 'point_of_interest', 'establishment')",7610.0,+34661775020,+34664320928,panchorentals@gmail.com,panchorentalsadm@gmail.com,success
Fabaritx Invest Sl,"Carrer de la Goleta, 0, Platja de Palma, 07610 Can Pastilla, Illes Balears, España",+34971260077,,5.0,1.0,es,Google reviews: 5* / 1,OPERATIONAL,"('real_estate_agency', 'point_of_interest', 'establishment')",7610.0,,,,,error:no contact info found
EuroFinques Mallorca,"C. del Cardenal Rossell, 96, Bajos A, Playa de Palma, 07007 Palma, Illes Balears, España",+34971914343,http://www.eurofinquesmallorca.es/,5.0,1.0,es,Google reviews: 5* / 1,OPERATIONAL,"('real_estate_agency', 'point_of_interest', 'establishment')",7007.0,,,,,error:no contact info found
Kuhn & Partner,"Carrer de Sant Antoni de la Platja, 2, Platja de Palma, 07610 Can Pastilla, Illes Balears, España",+34971137728,,,,es,Google reviews: * / None,OPERATIONAL,"('real_estate_agency', 'point_of_interest', 'establishment')",7610.0,,,,,error:no contact info found
teutenberg-immobilien,"Calle Alegre, Platja de Palma, 07610 Can Pastilla, Illes Balears, España",+34647914909,,,,de,Google reviews: * / None,OPERATIONAL,"('real_estate_agency', 'point_of_interest', 'establishment')",7610.0,,,,,error:no contact info found
Actividades de la familia Wolter S.L.,"Camí de Son Fangos, 100, Planta 3, Levante, 07007 Palma, Illes Balears, España",+34641514343,,,,es,Google reviews: * / None,OPERATIONAL,"('real_estate_agency', 'point_of_interest', 'establishment')",7007.0,,,,,error:no contact info found
KENSINGTON Finest Properties International  ( 07320 ),"Carrer Bernat de Santa Eugènia, 23, 07320 Santa Maria del Camí, Illes Balears, España",+34871716887,https://www.kensington-international.com/mallorca/de/filialen/mallorca-inselmitte/,5.0,3.0,de,Google reviews: 5* / 3,OPERATIONAL,"('real_estate_agency', 'point_of_interest', 'establishment')",7320.0,,,,,error:no contact info found
Fincas Sant Lluís ,"Carrer del Comte de Lannion, 95, 07710 Sant Lluís, Illes Balears, España",,https://www.fincassantlluis.com/,4.9,56.0,es,Google reviews: 4.9* / 56,OPERATIONAL,"('real_estate_agency', 'point_of_interest', 'establishment')",7710.0,+34971151812,+34686425715,ventas@fincassantlluis.com,,success
Inmobiliaria Menorca ,"Carrer de Biniarroca, 12, 07710 Sant Lluís, Illes Balears, España",,https://www.sesmoreres.com/,4.8,38.0,es,Google reviews: 4.8* / 38,OPERATIONAL,"('real_estate_agency', 'point_of_interest', 'establishment')",7710.0,+34971351530,+34971354813,info@sesmoreres.com,,success
Comas Inmobiliaria Menorca,"Carrer de Sant Lluís, 69, 07710 Sant Lluís, Illes Balears, España",+34971722236,http://menorcainmobiliaria.com/,5.0,14.0,es,Google reviews: 5* / 14,OPERATIONAL,"('real_estate_agency', 'point_of_interest', 'establishment')",7710.0,,,,,error:no contact info found
Move Menorca,,,https://movemenorca.com/es/,5.0,1.0,es,Google reviews: 5* / 1,OPERATIONAL,"('real_estate_agency', 'establishment')",,+34971150027,+34649176713,roy@movemenorca.com,info@movemenorca.com,success
Sa Immobiliària,"Carrer Cala Padera, 39, 07720 Es Castell, Illes Balears, España",,https://www.saimmobiliaria.com/,4.7,3.0,es,Google reviews: 4.7* / 3,OPERATIONAL,"('real_estate_agency', 'point_of_interest', 'establishment')",7720.0,+34650365965,+34616432989,info@saimmobiliaria.com,,success
KENSINGTON Finest Properties International  ( 07570 ),"C. de Ciutat, 22, 07570 Artà, Illes Balears, España",,https://kensington-international.com/de/es/mallorca/arta,4.9,69.0,de,Google reviews: 4.9* / 69,OPERATIONAL,"('real_estate_agency', 'consultant', 'point_of_interest', 'establishment')",7570.0,+34670275663,,,,success
Casas en Menorca - Es Castell,"Carrer Victori, 39, 07720 Es Castell, Illes Balears, España",+34971368008,http://www.casasenmenorca.com/,4.2,5.0,es,Google reviews: 4.2* / 5,OPERATIONAL,"('real_estate_agency', 'point_of_interest', 'establishment')",7720.0,,,,,error:no contact info found
John Taylor Menorca,"Moll de Llevant, 258, 07701 Maó, Illes Balears, España",+34639457444,https://www.john-taylor.es/agencia-inmobiliaria-lujo/,5.0,1.0,fr,Google reviews: 5* / 1,OPERATIONAL,"('real_estate_agency', 'point_of_interest', 'establishment')",7701.0,,,,,error:no contact info found
Timan Investments España S L,"Lugar Urbanització, 304, 07700 Cala Llonga, Illes Balears, España",+34971359980,,,,es,Google reviews: * / None,OPERATIONAL,"('real_estate_agency', 'point_of_interest', 'establishment')",7700.0,,,,,error:no contact info found
Palma Pisos,"Carrer de Lope de Vega, 5, 07013 Palma, Illes Balears, España",,http://www.palmapisos.net/,3.2,66.0,es,Google reviews: 3.2* / 66,OPERATIONAL,"('real_estate_agency', 'point_of_interest', 'establishment')",7013.0,+34971220055,,,,success
Kensington Finest Properties International,"Calle Conquistador N°8 bajo, Distrito Centro, 07001 Palma, Illes Balears, España",+34971674306,https://www.kensington-international.com/de/mallorca/,3.5,29.0,es,Google reviews: 3.5* / 29,OPERATIONAL,"('real_estate_agency', 'point_of_interest', 'establishment')",7001.0,,,,,error:no contact info found
Alor Menorca,"Carrer Gran, 117, 07720 Es Castell, Illes Balears, España",+34620884184,http://alormenorca.com/,4.5,2.0,es,Google reviews: 4.5* / 2,OPERATIONAL,"('real_estate_agency', 'point_of_interest', 'establishment')",7720.0,+34971423474,,,,success
Lonlas Investment,"Carrer Gran, 117, 07720 Es Castell, Illes Balears, España",,http://lonlasinvestment.com/Contacto/,,,es,Google reviews: * / None,OPERATIONAL,"('real_estate_agency', 'point_of_interest', 'establishment')",7720.0,+34971423474,+34620884184,info@lonlasinvestment.com,,success
Menorca Last Minute.,"Carrer Sant Jaume, 33, 07720 Es Castell, Illes Balears, España",+34971368265,,,,es,Google reviews: * / None,OPERATIONAL,"('real_estate_agency', 'point_of_interest', 'establishment')",7720.0,,,,,error:no contact info found
menorcapropertysales,"Carrer Gran, 07720 Es Castell, Illes Balears, España",+34675329325,https://menorcapropertysales.com/,,,en,Google reviews: * / None,OPERATIONAL,"('real_estate_agency', 'point_of_interest', 'establishment')",7720.0,,,,,error:no contact info found
KENSINGTON Finest Properties International  ( 07460 ),"Carrer de Philip Newman, 17, 07460 Pollença, Illes Balears, España",,https://kensington-international.com/de/es/mallorca/pollensa,4.9,39.0,es,Google reviews: 4.9* / 39,OPERATIONAL,"('real_estate_agency', 'consultant', 'point_of_interest', 'establishment')",7460.0,+34971533323,,,,success
Aduanas Agente Fernando J Andreu García,"Lugar Moll De Llevant, 6, 07701 Maó-Mahón, Illes Balears, España",+34971353333,,,,es,Google reviews: * / None,OPERATIONAL,"('real_estate_agency', 'point_of_interest', 'establishment')",7701.0,,,,,error:no contact info found
Inmobiliaria Nova Ávila,"Av. Ramon de Sant Martí, 1, local 1, 07620 Llucmajor, Illes Balears, España",+34692803144,http://inmobiliariaavilagestiones.com/,4.9,84.0,es,Google reviews: 4.9* / 84,OPERATIONAL,"('real_estate_agency', 'point_of_interest', 'establishment')",7620.0,,,,,error:no contact info found
Imperial Properties Inmobiliaria CB,"Avinguda del Rei Jaume I, 111, Local 5, 07180 Santa Ponça, Illes Balears, España",,http://www.imperial-properties.com/,4.7,77.0,es,Google reviews: 4.7* / 77,OPERATIONAL,"('real_estate_agency', 'point_of_interest', 'establishment')",7180.0,+34971692434,,,,success
GestPropiedad Maioris,"Carrer Imperial, 2, 07609 Llucmajor, Illes Balears, España",+34971237812,https://www.gestpropiedad.com/maioris,4.9,86.0,ru,Google reviews: 4.9* / 86,OPERATIONAL,"('real_estate_agency', 'finance', 'lawyer', 'consultant', 'point_of_interest', 'establishment')",7609.0,+34600886384,,info@gestpropiedad.com,,success
Xarxa Homes  ( 07181 ),"Carrer Miguel de Cervantes, 23, Local 3, 07181 Costa d'en Blanes, Illes Balears, España",,https://www.xarxahomes.com/,5.0,8.0,es,Google reviews: 5* / 8,OPERATIONAL,"('real_estate_agency', 'consultant', 'general_contractor', 'point_of_interest', 'establishment')",7181.0,+34971684108,+34667725980,inmobiliaria@xarxahomes.com,,success
Inmobiliaria Sud Mallorca,"Carrer Gabriel Roca, 33, 07638 Colònia de Sant Jordi, Illes Balears, España",,http://www.sudmallorca.com/,4.6,19.0,es,Google reviews: 4.6* / 19,OPERATIONAL,"('real_estate_agency', 'point_of_interest', 'establishment')",7638.0,+34636582993,+34680343820,,,success
b&m inmobiliaria,"Ctra. Andratx, 43, 07181 Portals Nous, Illes Balears, España",,http://www.bminmobiliaria.com/es/contacto,5.0,2.0,es,Google reviews: 5* / 2,OPERATIONAL,"('real_estate_agency', 'point_of_interest', 'establishment')",7181.0,+34971676592,+34676378522,portalsnous@bminmobiliaria.com,,success
BB IMMOBILIEN MALLORCA,"Carrer D'es Convent, 23, 07620 Llucmajor, Illes Balears, España",,https://www.bb-mallorca.com/,4.9,31.0,es,Google reviews: 4.9* / 31,OPERATIONAL,"('real_estate_agency', 'consultant', 'point_of_interest', 'establishment')",7620.0,+34611323191,+491633462522,linda@bb-mallorca.com,,success
TOPP MALLORCA INMOBILIARIA,"Carretera Palma-Andratx, 35, 07181 Calviá, Illes Balears, España",+34971403699,http://www.toppmallorca.com/,5.0,4.0,es,Google reviews: 5* / 4,OPERATIONAL,"('real_estate_agency', 'point_of_interest', 'establishment')",7181.0,,,,,error:no contact info found
Inverloc Baleares,"Avinguda dels Ocells, 25, 07609 Puigderrós, Illes Balears, España",+34971665577,,5.0,1.0,es,Google reviews: 5* / 1,OPERATIONAL,"('real_estate_agency', 'point_of_interest', 'establishment')",7609.0,,,,,error:no contact info found
Fincas Faro Menorca inmobiliaria,"Avinguda de Josep A. Clavé, 38, 07702 Maó, Illes Balears, España",,http://www.fincasfaro.net/,4.7,140.0,es,Google reviews: 4.7* / 140,OPERATIONAL,"('real_estate_agency', 'point_of_interest', 'establishment')",7702.0,+34971354509,+34660043053,,,success
Casas en Menorca,"Pl. Reial, 4, 07702 Maó, Illes Balears, España",+34971363300,http://www.casasenmenorca.com/,4.6,157.0,es,Google reviews: 4.6* / 157,OPERATIONAL,"('real_estate_agency', 'point_of_interest', 'establishment')",7702.0,,,,,error:no contact info found
Palmer inmobiliaria - Menorca,,+34639872715,http://www.palmerinmobiliaria.com/,5.0,1.0,es,Google reviews: 5* / 1,OPERATIONAL,"('real_estate_agency', 'establishment')",,+34971240121,,,,success
Inmobiliaria Fincas Bonnin Sanso Mahon,"Carrer Nou, 14, 07701 Maó, Illes Balears, España",+34971350405,https://www.bonninsanso.com/,4.4,127.0,es,Google reviews: 4.4* / 127,OPERATIONAL,"('real_estate_agency', 'consultant', 'point_of_interest', 'establishment')",7701.0,0034971350405,0034971482200,,,success
ATIPIKA Lifestyle Properties Inmobiliaria en Menorca,"Avinguda de Fort de l'Eau, 64, 07701 Maó, Illes Balears, España",+34971576961,http://www.atipika.com/,4.8,32.0,es,Google reviews: 4.8* / 32,OPERATIONAL,"('real_estate_agency', 'jewelry_store', 'store', 'point_of_interest', 'establishment')",7701.0,+34934815032,+34936344341,info@atipika.com,castelldefels@atipika.com,"error:too many offices, not giving contacts to avoid misunderstanding"
Spain Sotheby's International Realty  ( 07701 ),"Plaça de la Constitució, 11, 07701 Maó, Illes Balears, España",+34971250340,https://www.spain-sothebysrealty.com/,4.8,4.0,es,Google reviews: 4.8* / 4,OPERATIONAL,"('real_estate_agency', 'finance', 'consultant', 'point_of_interest', 'establishment')",7701.0,+34919041929,,,,success
Autèntic Menorca ,,,https://www.autenticmenorca.com/,5.0,12.0,es,Google reviews: 5* / 12,OPERATIONAL,"('real_estate_agency', 'finance', 'consultant', 'establishment')",,+34613550874,,info@historicmenorca.com,,success
Illa Condal Inmobiliaria,"Carrer d'en Deià, 2 Principal, 2, 07702 Maó, Illes Balears, España",+34686656454,http://www.illacondal.com/,5.0,1.0,es,Google reviews: 5* / 1,OPERATIONAL,"('real_estate_agency', 'point_of_interest', 'establishment')",7702.0,,,,,error:no contact info found
Micol Homes & Property,"Carrer de Sant Lluís Gonçaga, 5B, 07702 Maó, Illes Balears, España",,http://www.micolhomesproperty.com/,5.0,8.0,es,Google reviews: 5* / 8,OPERATIONAL,"('real_estate_agency', 'point_of_interest', 'establishment')",7702.0,+34693019509,,info@micolhomesproperty.com,,success
FINCAS VENALIS ,"Carrer d'Alaior, 17, 07703 Maó, Illes Balears, España",,http://www.venalismenorca.com/,4.7,11.0,es,Google reviews: 4.7* / 11,OPERATIONAL,"('real_estate_agency', 'point_of_interest', 'establishment')",7703.0,+34971355757,,info@venalismenorca.com,,success
Fincas Mantolán ,"Carrer Nou, 3, 07701 Maó, Illes Balears, España",,https://www.fincasmantolan.com/,4.8,80.0,es,Google reviews: 4.8* / 80,OPERATIONAL,"('real_estate_agency', 'point_of_interest', 'establishment')",7701.0,+34971352896,,info@fincasmantolan.com,,success
PM Inmobiliaria,"Av. de Vives Llull, 54, 07703 Maó, Illes Balears, España",+34629101486,,5.0,1.0,es,Google reviews: 5* / 1,OPERATIONAL,"('real_estate_agency', 'point_of_interest', 'establishment')",7703.0,,,,,error:no contact info found
Menorcasa,"Plaça del Príncep, 4, 07701 Maó, Illes Balears, España",,http://www.menorcasa.com/,5.0,39.0,es,Google reviews: 5* / 39,OPERATIONAL,"('real_estate_agency', 'consultant', 'point_of_interest', 'general_contractor', 'finance', 'establishment')",7701.0,+34971355789,,hello@menorcasa.com,,success
Alfa Baleares Inmobiliaria,,,http://www.alfabaleares.es/,2.7,6.0,es,Google reviews: 2.7* / 6,OPERATIONAL,"('real_estate_agency', 'establishment')",,+34670273798,,,,success
Fincas llonga's,"Pl. de s'Esplanada, 75, 07703 Maó, Illes Balears, España",,https://fincasllongas.com/,5.0,1.0,es,Google reviews: 5* / 1,OPERATIONAL,"('real_estate_agency', 'point_of_interest', 'establishment')",7703.0,+34971385202,,,,success
Engel & Völkers Real Estate Inmobiliaria Mahón,"Carrer de ses Moreres, 34, 07703 Maó, Illes Balears, España",,http://www.engelvoelkers.com/menorca,4.3,40.0,en,Google reviews: 4.3* / 40,OPERATIONAL,"('real_estate_agency', 'consultant', 'point_of_interest', 'establishment')",7703.0,+34900747281,,spain.dp@engelvoelkers.com,,success
Grupo Inmobiliario Tutzo,"Carrer de ses Moreres, 54, 07703 Maó, Illes Balears, España",,http://www.tutzoinmobiliaria.com/,3.1,42.0,es,Google reviews: 3.1* / 42,OPERATIONAL,"('real_estate_agency', 'point_of_interest', 'establishment')",7703.0,+34971350818,+34659467674,info@tutzoinmobiliaria.com,,success
Finques Toyo Pons,"Carrer de Borja Moll, 43, 07702 Maó, Illes Balears, España",,https://www.finquestoyopons.com/,5.0,1.0,es,Google reviews: 5* / 1,OPERATIONAL,"('real_estate_agency', 'consultant', 'point_of_interest', 'establishment')",7702.0,+34657936288,+34971379267,info@finquestoyopons.com,,success
We build Menorca,"Carrer de Sant Sebastià, 91, 07701 Maó, Illes Balears, España",+34617412478,http://www.webuildmenorca.com/,5.0,17.0,es,Google reviews: 5* / 17,OPERATIONAL,"('real_estate_agency', 'consultant', 'point_of_interest', 'finance', 'establishment')",7701.0,,,,,error:no contact info found
Inmobiliaria Riera & Taylor,"Rambla del Rei en Jaume, 5, 07500 Manacor, Illes Balears, España",,https://www.rierataylor.com/,4.3,231.0,en,Google reviews: 4.3* / 231,OPERATIONAL,"('real_estate_agency', 'point_of_interest', 'establishment')",7500.0,+34680915499,,info@rierataylor.com,,success
"Fincas Armengol Mahón, Menorca","Avinguda de Fort de l'Eau, 123, 07701 Maó, Illes Balears, España",,https://fincasarmengol.com/,4.4,24.0,es,Google reviews: 4.4* / 24,OPERATIONAL,"('real_estate_agency', 'consultant', 'point_of_interest', 'establishment')",7701.0,+34971362622,,mao@fincasarmengol.com,,success
INMOBILIARIA MENORCA ( 07703 ),"Carrer del Bisbe Sever, 15, A, 07703 Maó-Mahón, Illes Balears, España",+34971355708,http://www.inmobiliariamenorca.com/,3.0,2.0,es,Google reviews: 3* / 2,OPERATIONAL,"('real_estate_agency', 'lodging', 'finance', 'insurance_agency', 'consultant', 'point_of_interest', 'establishment')",7703.0,0034609651585,,,,success
INMOBILIARIA MAHON,"CARRER SANTA ROSA 28 MAHON MENORCA, 07702 MENORCA, Illes Balears, España",+34603140181,,,,it,Google reviews: * / None,OPERATIONAL,"('real_estate_agency', 'consultant', 'point_of_interest', 'establishment')",7702.0,,,,,error:no contact info found
Grupo Portal Menorca  ( 07703 ),"Carrer de l'Àngel, 25, 2ª Planta, 07703 Maó-Mahón, Illes Balears, España",,https://portalmenorca.com/,5.0,4.0,es,Google reviews: 5* / 4,OPERATIONAL,"('real_estate_agency', 'point_of_interest', 'establishment')",7703.0,+34971351221,,,,success
Fincas Moncloa,"Avinguda de Fort de l'Eau, 153, 07701 Maó, Illes Balears, España",,http://www.fincasmoncloa.com/,3.8,12.0,es,Google reviews: 3.8* / 12,OPERATIONAL,"('real_estate_agency', 'point_of_interest', 'establishment')",7701.0,+34680680680,,esther.moncloa@gmail.com,,success
3LUX MENORCA,"Avda, Avinguda de Fort de l'Eau, 131, 07712 Maó, Illes Balears, España",+34685363836,,5.0,1.0,es,Google reviews: 5* / 1,OPERATIONAL,"('real_estate_agency', 'point_of_interest', 'establishment')",7712.0,,,,,error:no contact info found
Menorca Secret Properties,"Plaça del Príncep, 07702 Maó, Illes Balears, España",,https://www.menorcasecret.com/,1.0,1.0,en,Google reviews: 1* / 1,OPERATIONAL,"('real_estate_agency', 'point_of_interest', 'establishment')",7702.0,+34639648543,,kimberley@menorcasecret.com,,success
Finques S'avinguda Estate Agency,"Plaça Padronet, 07703 Maó, Illes Balears, España",+34613032608,,3.0,2.0,es,Google reviews: 3* / 2,OPERATIONAL,"('real_estate_agency', 'point_of_interest', 'establishment')",7703.0,,,,,error:no contact info found
Oliver Mateu ( 07702 ),"Pl. Reial, 4, 07702 Maó, Illes Balears, España",+34971363300,http://www.casasenmenorca.com/,,,es,Google reviews: * / None,OPERATIONAL,"('real_estate_agency', 'point_of_interest', 'establishment')",7702.0,,,,,error:no contact info found
Mansiones de Menorca,"Avinguda de Fort de l'Eau, 1, 07701 Maó, Illes Balears, España",+34657501769,,5.0,1.0,es,Google reviews: 5* / 1,OPERATIONAL,"('real_estate_agency', 'point_of_interest', 'establishment')",7701.0,,,,,error:no contact info found
Trepuco S.L.,"Calle, Camí de ses Vinyes, 19, 07703 Maó-Mahón, Illes Balears, España",+34971361367,http://www.trepuco.es/,4.0,2.0,es,Google reviews: 4* / 2,OPERATIONAL,"('real_estate_agency', 'point_of_interest', 'establishment')",7703.0,,,trepuco@hotmail.com,trepuco@hotmail.com,success
Casas en Menorca oficina 2,"Carrer s'Arravaleta, 33, 07702 Maó, Illes Balears, España",+34971362991,http://casasenmenorca.com/,,,es,Google reviews: * / None,OPERATIONAL,"('real_estate_agency', 'point_of_interest', 'establishment')",7702.0,,,,,error:no contact info found
SOM Menorca - Inmobiliaria ( 07701 ),"Avinguda de Fort de l'Eau, 44, 07701 Maó, Illes Balears, España",,https://www.sommenorca.es/,,,es,Google reviews: * / None,OPERATIONAL,"('real_estate_agency', 'point_of_interest', 'establishment')",7701.0,+34971376568,+34636972890,info@sommenorca.es,,success
Marès Solutions,"Pl. de s'Esplanada, 26, 07703 Maó, Illes Balears, España",,https://www.solutions-mares.com/,,,es,Google reviews: * / None,OPERATIONAL,"('real_estate_agency', 'consultant', 'point_of_interest', 'establishment')",7703.0,+34623933631,,info@solutions-mares.com,,success
Inmobiliaria Santa Eugenia Propiedades,"Carrer de Font i Vidal, 13, 07703 Maó, Illes Balears, España",+34620037435,,4.0,1.0,en,Google reviews: 4* / 1,OPERATIONAL,"('real_estate_agency', 'point_of_interest', 'establishment')",7703.0,,,,,error:no contact info found
J'achète en Espagne - Minorque,,+34650648642,https://jacheteenespagne.com/immobilier-minorque/,5.0,56.0,fr,Google reviews: 5* / 56,OPERATIONAL,"('real_estate_agency', 'finance', 'general_contractor', 'consultant', 'establishment')",,+34961127666,+3496127666,info@jacheteenespagne.com,,success
Realcare Villa Services,"Carrer d'Artrutx, 10, G, 07714 Maó, Illes Balears, España",+34971369617,,5.0,3.0,es,Google reviews: 5* / 3,OPERATIONAL,"('real_estate_agency', 'point_of_interest', 'establishment')",7714.0,,,,,error:no contact info found
Santa Eugenia Propiedades,"Carrer d'Alaior, 8, 07703 Maó, Illes Balears, España",+34620037435,,,,es,Google reviews: * / None,OPERATIONAL,"('real_estate_agency', 'point_of_interest', 'establishment')",7703.0,,,,,error:no contact info found
3Villas inmobiliaria,"Carrer de Hannover, 43, 07703 Maó, Illes Balears, España",,https://www.3villas.es/,,,es,Google reviews: * / None,OPERATIONAL,"('real_estate_agency', 'point_of_interest', 'establishment')",7703.0,+34644673494,+34659933434,,,success
MyM Inmobiliarias de Menorca ,"Carrer de Sant Joan Bosco, 33, 07760 Ciutadella de Menorca, Illes Balears, España",+34656368330,http://www.inmomenorca.net/%20%20%20%7C%20https://reformasamjmenorca.com/,4.4,8.0,es,Google reviews: 4.4* / 8,OPERATIONAL,"('real_estate_agency', 'point_of_interest', 'establishment')",7760.0,,,,,error:no contact info found
Fincas Sunshine ,"Via de Ronda de S'estancia, 10, 07740 Es Mercadal, Illes Balears, España",,http://www.fincas-sunshine.com/,4.7,59.0,es,Google reviews: 4.7* / 59,OPERATIONAL,"('real_estate_agency', 'point_of_interest', 'establishment')",7740.0,+34971154417,+34971376518,fincas-sunshine@telefonica.net,info@fincas-sunshine.com,success
Inmo Menorca Centro,"Avinguda de Jaume I el Conqueridor, 13, 07760 Ciutadella de Menorca, Illes Balears, España",,http://inmomenorcacentro.com/,4.9,180.0,es,Google reviews: 4.9* / 180,OPERATIONAL,"('real_estate_agency', 'point_of_interest', 'establishment')",7760.0,+34675413075,+34971383483,info@inmomenorcacentro.com,,success
Fincas Menorca,"Carrer Nou, 14, 07701 Maó, Illes Balears, España",+34971350405,http://www.fincasmenorca.com/,,,es,Google reviews: * / None,OPERATIONAL,"('real_estate_agency', 'point_of_interest', 'establishment')",7701.0,,,,,error:no contact info found
"PIMAR BUILDING, S.L.","Pl. de España, 9 A, 07701 Maó-Mahón, Illes Balears, España",+34971364972,,,,es,Google reviews: * / None,OPERATIONAL,"('real_estate_agency', 'point_of_interest', 'establishment')",7701.0,,,,,error:no contact info found
Comosa,"Carrer d'Artrutx, 10, Poima, 07714 Maó-Mahón, Illes Balears, España",+34971353319,,,,es,Google reviews: * / None,OPERATIONAL,"('real_estate_agency', 'point_of_interest', 'establishment')",7714.0,,,,,error:no contact info found
Boxinfiniti Trasters En Lloguer,"Carrer d'Artrutx, 20, 07714 Maó, Illes Balears, España",+34902002725,,,,es,Google reviews: * / None,OPERATIONAL,"('real_estate_agency', 'point_of_interest', 'establishment')",7714.0,,,,,error:no contact info found
Residencial Es Caló Blanc,"Carrer d'Isabel II, 5, 07701 Maó, Illes Balears, España",+34629720120,,,,es,Google reviews: * / None,OPERATIONAL,"('real_estate_agency', 'point_of_interest', 'establishment')",7701.0,,,,,error:no contact info found
Inmosoller,"Camí des Murterar, S/N, 07100, Illes Balears, España",,https://www.inmosoller.com/,5.0,40.0,es,Google reviews: 5* / 40,OPERATIONAL,"('real_estate_agency', 'lodging', 'finance', 'consultant', 'point_of_interest', 'establishment')",7100.0,+34646368526,,info@inmosoller.com,,success
Inmobiliària Hàbitat Sóller,"Plaça d'Espanya, 12, 07100 Sóller, Illes Balears, España",,http://www.habitatsoller.es/,4.9,28.0,es,Google reviews: 4.9* / 28,OPERATIONAL,"('real_estate_agency', 'point_of_interest', 'establishment')",7100.0,+34679355811,+34971638516,habitatsoller@yahoo.es,,success
Mallorca Dream Homes,"Ctra. de Desviament, 62, 07100 Sóller, Illes Balears, España",,http://www.mallorca-dreamhomes.com/,4.4,67.0,es,Google reviews: 4.4* / 67,OPERATIONAL,"('real_estate_agency', 'point_of_interest', 'establishment')",7100.0,+34971634918,+34619707479,info@mallorca-dreamhomes.com,pere.crespi@mallorca-dreamhomes.com,success
Xisca Coll Immobiliària,"Carrer de la Rectoria, 13, 07100 Sóller, Illes Balears, España",,http://www.xiscacoll.com/,4.9,14.0,es,Google reviews: 4.9* / 14,OPERATIONAL,"('real_estate_agency', 'point_of_interest', 'establishment')",7100.0,+34971633901,+34646885830,info@xiscacoll.com,,success
Living Blue Mallorca  ( 07108 ),"Passeig Es Traves, 25, 07108 Port de Sóller, Illes Balears, España",+34871000500,https://www.livingblue-mallorca.com/,5.0,86.0,es,Google reviews: 5* / 86,OPERATIONAL,"('real_estate_agency', 'consultant', 'point_of_interest', 'establishment')",7108.0,+34971510609,+34971510881,info@livingblue-mallorca.com,,success
Enseñat immobiliària,"Carrer de Bauçà, 5A, 07100 Sóller, Illes Balears, España",,https://ensenatinmobiliaria.com/,5.0,11.0,es,Google reviews: 5* / 11,OPERATIONAL,"('real_estate_agency', 'point_of_interest', 'establishment')",7100.0,+34971630398,+34634671033,info@ensenatinmobiliaria.com,,success
Esther Guesdon Inmobiliaria,"Carrer de Sant Joan, 4A, 07100 Sóller, Illes Balears, España",,http://www.guesdoninmobiliaria.com/,5.0,11.0,es,Google reviews: 5* / 11,OPERATIONAL,"('real_estate_agency', 'point_of_interest', 'establishment')",7100.0,+34680434887,,esther@guesdoninmobiliaria.com,,success
Sóller Studio Real Estate,"Carrer de la Rectoria, 3, 07100 Sóller, Illes Balears, España",,http://www.sollerstudio.com/,4.8,36.0,es,Google reviews: 4.8* / 36,OPERATIONAL,"('real_estate_agency', 'point_of_interest', 'establishment')",7100.0,+34871872105,,info@sollerstudio.com,,success
Cabot Immobiliària,"Plaça d'Espanya, 2, 07100 Sóller, Illes Balears, España",,http://www.inmocabot.com/,5.0,1.0,es,Google reviews: 5* / 1,OPERATIONAL,"('real_estate_agency', 'lawyer', 'consultant', 'point_of_interest', 'establishment')",7100.0,+34971633843,+34620963014,acabot@inmocabot.com,,success
Berkshire Hathaway HomeServices Nova Mallorca ( 07100 ),"Av. de Cristòfol Colom, 2, 07100 Sóller, Illes Balears, España",+34971638785,https://www.bhhsmallorca.com/,5.0,3.0,es,Google reviews: 5* / 3,OPERATIONAL,"('real_estate_agency', 'point_of_interest', 'establishment')",7100.0,+34912771071,+34910228442,info.aravaca@bhhsmadrid.com,info.moraleja@bhhsmadrid.com,success
IMMOBILIÀRIA SÓLLER HOMES,"18 de noviembre, 2005, 01, 07100 Sóller, Illes Balears, España",,http://www.sollerhomes.com/,4.2,13.0,es,Google reviews: 4.2* / 13,OPERATIONAL,"('real_estate_agency', 'point_of_interest', 'establishment')",7100.0,+34616807592,,info@sollerhomes.com,,success
Engel & Völkers Sóller,"Carrer de Bauçà, 4, 07100 Sóller, Illes Balears, España",+34971633063,https://www.engelvoelkers.com/majorca/soller/,4.8,17.0,es,Google reviews: 4.8* / 17,OPERATIONAL,"('real_estate_agency', 'consultant', 'point_of_interest', 'finance', 'establishment')",7100.0,+34900747281,,spain.dp@engelvoelkers.com,,success
Inmovisual Mallorca,"Camí Pujol d'en Banya, 2, 07100 Sóller, Illes Balears, España",+4916097606533,https://inmovisual-mallorca.com/,5.0,5.0,es,Google reviews: 5* / 5,OPERATIONAL,"('real_estate_agency', 'point_of_interest', 'establishment')",7100.0,,,,,error:no contact info found
Axana Vasquez ,,+34645185076,https://www.safti.es/tu-asesor-safti/axana-vasquez-martinez,5.0,2.0,es,Google reviews: 5* / 2,OPERATIONAL,"('real_estate_agency', 'establishment')",,,,,,error:no contact info found
Agencia MALLORCA SWEET HOME,"Carrer de Pons, 18, 07100 Sóller, Illes Balears, España",+34649305348,,,,es,Google reviews: * / None,OPERATIONAL,"('real_estate_agency', 'point_of_interest', 'establishment')",7100.0,,,,,error:no contact info found
Cases de Sóller S.L,"Carrer de sa Romaguera, 30, 07100 Sóller, Illes Balears, España",,http://casesdesoller.com/,5.0,1.0,es,Google reviews: 5* / 1,OPERATIONAL,"('real_estate_agency', 'point_of_interest', 'establishment')",7100.0,+34971631571,,,,success
Charles Marlow,"Carrer Arxiduc Luís Salvador, 2A, 07179 Deià, Illes Balears, España",+34971636427,https://www.charlesmarlow.com/,4.9,74.0,en,Google reviews: 4.9* / 74,OPERATIONAL,"('real_estate_agency', 'point_of_interest', 'establishment')",7179.0,,,,,error:no contact info found
Morey Inmobiliaria,"Carrer de la Venerable Sor Aina, 8, 07170 Valldemossa, Illes Balears, España",,http://www.moreyinmobiliaria.com/,4.8,38.0,es,Google reviews: 4.8* / 38,OPERATIONAL,"('real_estate_agency', 'point_of_interest', 'establishment')",7170.0,+34639493031,+34650429501,,,success
First Mallorca Sóller,"Av. de Jeroni Estades, 6, 07100 Sóller, Illes Balears, España",+34871590454,https://www.firstmallorca.com/en/sales/soller-properties,,,en,Google reviews: * / None,OPERATIONAL,"('real_estate_agency', 'consultant', 'point_of_interest', 'establishment')",7100.0,+34971007007,,,,success
Sampol Riera S A,"Camino Cala, 9, 07179 Deià, Illes Balears, España",+34971636622,,5.0,1.0,es,Google reviews: 5* / 1,OPERATIONAL,"('real_estate_agency', 'point_of_interest', 'establishment')",7179.0,,,,,error:no contact info found
Marandvillas Holiday Homes,"Plaça de sa Constitució, 3, 1º A, 07100 Sóller, Illes Balears, España",,http://www.marandvillas.com/,3.8,10.0,es,Google reviews: 3.8* / 10,OPERATIONAL,"('real_estate_agency', 'point_of_interest', 'establishment')",7100.0,+34616159155,,info@marandvillas.com,,success
Sóller Properties,,+34871153666,https://www.soller-properties.com/,4.0,2.0,es,Google reviews: 4* / 2,OPERATIONAL,"('real_estate_agency', 'establishment')",,,,,,error:no contact info found
Es Llorer,"Cami de sa Cala, 8, 07179 Cala, Illes Balears, España",+34600717996,,5.0,3.0,ca,Google reviews: 5* / 3,OPERATIONAL,"('real_estate_agency', 'consultant', 'point_of_interest', 'establishment')",7179.0,,,,,error:no contact info found
PETIT DEIÀ,"Sa Vinya des Molí, Carrer Es Clot, 45, 07179 Deià, Illes Balears, España",+34691422688,https://petitdeiamallorca.com/,5.0,3.0,es,Google reviews: 5* / 3,OPERATIONAL,"('real_estate_agency', 'point_of_interest', 'establishment')",7179.0,+34900208080,,comercial@marcapital.es,,success
Nd Gestión Inmobiliaria,"07141 Es Pont d'Inca, Illes Balears, España",+34971927463,,3.9,8.0,es,Google reviews: 3.9* / 8,OPERATIONAL,"('real_estate_agency', 'point_of_interest', 'establishment')",7141.0,,,,,error:no contact info found
NOU PORTAL,"07680 Porto Cristo, Illes Balears, España",+34692601344,http://www.nouportal.com/,3.0,8.0,ca,Google reviews: 3* / 8,OPERATIONAL,"('real_estate_agency', 'point_of_interest', 'establishment')",7680.0,+34938606574,+34919227762,,,success
KENSINGTON Finest Properties International  ( 07180 ),"Avinguda del Rei Jaume I, 109, local 2, 07180 Santa Ponça, Illes Balears, España",+34971690421,https://kensington-santaponsa.com/,3.9,26.0,es,Google reviews: 3.9* / 26,OPERATIONAL,"('real_estate_agency', 'point_of_interest', 'establishment')",7180.0,,,,,error:no contact info found
Marietta Homes,,,http://www.mariettahomes.es/,5.0,15.0,es,Google reviews: 5* / 15,OPERATIONAL,"('real_estate_agency', 'establishment')",,+34660184273,,info@mariettahomes.es,,success
Inmobiliaria Inca ,"Av. Jaume I, 37, A, 07300 Inca, Illes Balears, España",,http://www.a8inmobiliaria.com/,4.6,325.0,es,Google reviews: 4.6* / 325,OPERATIONAL,"('real_estate_agency', 'lawyer', 'consultant', 'point_of_interest', 'establishment')",7300.0,+34871919192,,,,success
Villas y Fincas Mallorca,"Carrer Joan March, 2, 07640 Ses Salines, Illes Balears, España",,http://www.villasyfincasmallorca.com/,3.5,24.0,es,Google reviews: 3.5* / 24,OPERATIONAL,"('real_estate_agency', 'point_of_interest', 'establishment')",7640.0,+34971641758,,,,success
Mallorca Dream ,"Ronda Oeste, 40, 07680 Porto Cristo, Illes Balears, España",+34606347074,http://www.mallorca-dream.eu/,4.0,27.0,de,Google reviews: 4* / 27,OPERATIONAL,"('real_estate_agency', 'point_of_interest', 'establishment')",7680.0,0034629531644,0034606347074,grafmallorcadream@gmail.com,,success
DomoPlan,"Carrer de l'Omeladès, 1, local 4, Centre, 07012 Palma, Illes Balears, España",,http://www.domo-plan.com/,3.4,5.0,es,Google reviews: 3.4* / 5,OPERATIONAL,"('real_estate_agency', 'point_of_interest', 'establishment')",7012.0,+34971228034,,info@domo-plan.com,,success
Gran Muleta,"Lugar, 1, 07108 Sóller, Illes Balears, España",+34971630841,,,,es,Google reviews: * / None,OPERATIONAL,"('real_estate_agency', 'point_of_interest', 'establishment')",7108.0,,,,,error:no contact info found
Prialtum Real Estate,"07110 Buñola, Illes Balears, España",,http://www.prialtum.com/,5.0,56.0,es,Google reviews: 5* / 56,OPERATIONAL,"('real_estate_agency', 'point_of_interest', 'establishment')",7110.0,+34644761702,,info@prialtum.com,,success
Inmobiliaria Fernando Dameto,"Costa de s'Estació, 2, 07110 Bunyola, Illes Balears, España",,https://www.fernandodameto.com/,3.3,12.0,es,Google reviews: 3.3* / 12,OPERATIONAL,"('real_estate_agency', 'point_of_interest', 'establishment')",7110.0,+34971615424,,,,success
inmobiliaria alvarez gomez,"Carrer Llarg, 76, 07320 Santa Maria del Camí, Illes Balears, España",+34609686400,http://www.inmobiliariaalvarezgomez.es/,4.3,3.0,es,Google reviews: 4.3* / 3,OPERATIONAL,"('real_estate_agency', 'point_of_interest', 'establishment')",7320.0,,,,,error:no contact info found
INMOTARDOR Inmobiliaria social,"Carrer Celleters, 33, 07141 Marratxí, Illes Balears, España",+34622006163,,5.0,16.0,es,Google reviews: 5* / 16,OPERATIONAL,"('real_estate_agency', 'point_of_interest', 'establishment')",7141.0,,,,,error:no contact info found
Jaume Alorda,"Carrer de l'Església, 23, 07140 Sencelles, Illes Balears, España",,https://www.jalorda.com/,4.2,5.0,ca,Google reviews: 4.2* / 5,OPERATIONAL,"('real_estate_agency', 'insurance_agency', 'point_of_interest', 'establishment')",7140.0,+34696961012,,jaumelorda@jalorda.com,,success
Vivomallorca,"Carrer des Bons Aires, 42, 07140 Sencelles, Illes Balears, España",,http://www.vivomallorca.net/,5.0,1.0,es,Google reviews: 5* / 1,OPERATIONAL,"('real_estate_agency', 'point_of_interest', 'establishment')",7140.0,+34662358766,+34630233099,info@vivomallorca.net,,success
INMOBILIARIA LLABRÉS,"Carrer de Costa i Llobera, 07300 Inca, Illes Balears, España",,http://www.inmollabres.com/,4.4,29.0,es,Google reviews: 4.4* / 29,OPERATIONAL,"('real_estate_agency', 'consultant', 'point_of_interest', 'establishment')",7300.0,+34971509999,,info@inmollabres.com,,success
REMAX Better Life ,"Carrer de, Carrer Joan d'Austria, 34, 07300 Inca, Illes Balears, España",+34871042110,http://betterliferemax.es/,4.7,63.0,ca,Google reviews: 4.7* / 63,OPERATIONAL,"('real_estate_agency', 'point_of_interest', 'establishment')",7300.0,,,,,error:no contact info found
Dray and Partners Mallorca,"Camí de Pedaç, 55, 07350 Binissalem, Illes Balears, España",,https://draypartners.com/?utm_source=gmb&utm_medium=lien&utm_campaign=fichegmb,4.5,63.0,es,Google reviews: 4.5* / 63,OPERATIONAL,"('real_estate_agency', 'consultant', 'point_of_interest', 'establishment')",7350.0,+34658931705,+34659633194,contact@dray-partners.com,,success
Inmobiliaria King,"Camí Coma, 18, 07350 Binissalem, Illes Balears, España",+34971520022,http://inmobiliariaking.com/,4.5,34.0,es,Google reviews: 4.5* / 34,OPERATIONAL,"('real_estate_agency', 'point_of_interest', 'establishment')",7350.0,+34648805866,,,,success
Gestoria Valles,"Carrer Anselm Turmeda, 16, 07350 Binissalem, Illes Balears, España",+34971870286,,,,en,Google reviews: * / None,OPERATIONAL,"('real_estate_agency', 'point_of_interest', 'establishment')",7350.0,,,,,error:no contact info found
Mallorca Property Guru,"Carrer de la Pau, 7, 07350 Binissalem, Illes Balears, España",,http://www.mallorcaguru.es/,4.8,4.0,en,Google reviews: 4.8* / 4,OPERATIONAL,"('real_estate_agency', 'point_of_interest', 'establishment')",7350.0,+34667515185,+34671798832,,,success
AGENTEINMOBILIARIO REMAX JAHDER,"07003 Mallorca, Balearic Islands, España",+34722631728,https://www.remax.es/buscador-de-agentes/baleares-islas-baleares/sa-pobla/todos/jahder-roberto-rodriguez-jimenez-30432/,,,es,Google reviews: * / None,OPERATIONAL,"('real_estate_agency', 'point_of_interest', 'establishment')",7003.0,,,,,error:no contact info found
Abi 4 Consultors,"Carrer de ses Germanies, 16, 07350 Binissalem, Illes Balears, España",+34971512322,https://www.abi4.net/es/,4.7,34.0,es,Google reviews: 4.7* / 34,OPERATIONAL,"('real_estate_agency', 'point_of_interest', 'establishment')",7350.0,+34971511178,,,,success
Nou espai Inmobiliaria,"C/ de Sant Miquel, 2, 07300 Inca, Illes Balears, España",,http://www.nouespaiinmobiliaria.com/,3.5,14.0,es,Google reviews: 3.5* / 14,OPERATIONAL,"('real_estate_agency', 'consultant', 'point_of_interest', 'establishment')",7300.0,+34659764274,,info@nouespaiinmobiliaria.com,,success
GestPropiedad Inca,"Calle del Gral. Luque, 442, Local 1, 07300 Inca, Illes Balears, España",,https://gestpropiedad.com/,4.8,66.0,es,Google reviews: 4.8* / 66,OPERATIONAL,"('real_estate_agency', 'point_of_interest', 'establishment')",7300.0,+34600886384,,info@gestpropiedad.com,,success
ADGESTINMO,"B-24, 07140 Cas Canar, Illes Balears, España",+34602215084,,,,es,Google reviews: * / None,OPERATIONAL,"('real_estate_agency', 'point_of_interest', 'establishment')",7140.0,,,,,error:no contact info found
Inmobiliaria IB Inca Mallorca,"Carrer Quarter, 3, 07300 Inca, Illes Balears, España",+34633410847,,1.0,1.0,es,Google reviews: 1* / 1,OPERATIONAL,"('real_estate_agency', 'point_of_interest', 'establishment')",7300.0,,,,,error:no contact info found
AmorProperty,"Carrer d'Anselm Turmeda, 07300 Inca, Illes Balears, España",+34611738932,,5.0,1.0,en,Google reviews: 5* / 1,OPERATIONAL,"('real_estate_agency', 'point_of_interest', 'establishment')",7300.0,,,,,error:no contact info found
ECOMOLINS,"Carrer Ponent, 10, 07144 Costitx, Illes Balears, España",+34627004210,,,,es,Google reviews: * / None,OPERATIONAL,"('real_estate_agency', 'point_of_interest', 'establishment')",7144.0,,,,,error:no contact info found
Berendsen,"Carrer de sa Quartera, Plaça, nº 1, 07350 Binissalem, Illes Balears, España",+34871858724,http://www.berendsen-realestate.com/,4.3,8.0,es,Google reviews: 4.3* / 8,OPERATIONAL,"('real_estate_agency', 'point_of_interest', 'establishment')",7350.0,+3434871858724,,,,success
VILLA CAN BERRUBI,"07300 Inca, Illes Balears, España",+34663482376,,,,es,Google reviews: * / None,OPERATIONAL,"('real_estate_agency', 'point_of_interest', 'establishment')",7300.0,,,,,error:no contact info found
GabyLoyam Inmobiliaria,"Carrer Joan d'Austria, 39, 07300 Inca, Illes Balears, España",,http://www.gabyloyam.com/,3.2,14.0,es,Google reviews: 3.2* / 14,OPERATIONAL,"('real_estate_agency', 'point_of_interest', 'establishment')",7300.0,+34971507299,,,,success
Pollença Alcúdia Sa,"Carrer dels Menestrals, 5, 07300 Inca, Illes Balears, España",+34971888400,,5.0,4.0,ca,Google reviews: 5* / 4,OPERATIONAL,"('real_estate_agency', 'point_of_interest', 'establishment')",7300.0,,,,,error:no contact info found
HSM profesionales in Mallorca,"Carrer del General Weyler, 29, 1º, 07300 Inca, Illes Balears, España",+34971503936,http://homestagingmallorca.es/,4.0,1.0,es,Google reviews: 4* / 1,OPERATIONAL,"('real_estate_agency', 'point_of_interest', 'establishment')",7300.0,,,,,error:no contact info found
INMODIGITAL21,"Gran Via Colom, 199, 07300 Inca, Illes Balears, España",+34657871013,,5.0,1.0,es,Google reviews: 5* / 1,OPERATIONAL,"('real_estate_agency', 'point_of_interest', 'establishment')",7300.0,,,,,error:no contact info found
Charming House Booking S.L,"Carrer de sa Portallada, núm 16, Bajos, 07144 Costitx, Illes Balears, España",,http://www.charminghousemallorca.es/,4.2,59.0,es,Google reviews: 4.2* / 59,OPERATIONAL,"('real_estate_agency', 'insurance_agency', 'lodging', 'finance', 'point_of_interest', 'establishment')",7144.0,+34971891826,,,,success
Risc Broker,"Camí de s'Aigua, 101, 07350 Binissalem, Illes Balears, España",+34871912912,https://riscbroker.com/,,,es,Google reviews: * / None,OPERATIONAL,"('real_estate_agency', 'point_of_interest', 'establishment')",7350.0,,,,,error:no contact info found
Real Estate Tina Stanciu,,+34665137178,https://tinaelenastanciu.century21.es/,,,es,Google reviews: * / None,OPERATIONAL,"('real_estate_agency', 'establishment')",,,,,,error:no contact info found
Exvalia,"Carrer del General Weyler, 134, 07300 Inca, Illes Balears, España",+34622375096,https://www.exvalia.com/,,,fr,Google reviews: * / None,OPERATIONAL,"('real_estate_agency', 'point_of_interest', 'establishment')",7300.0,+34667406719,+34971349261,exvalia@exvalia.com,,success
Percoll Baleares Sl,"Ctra. Palma Alcúdia, 95, 07300 Inca, Illes Balears, España",+34971500886,,,,es,Google reviews: * / None,OPERATIONAL,"('real_estate_agency', 'point_of_interest', 'establishment')",7300.0,,,,,error:no contact info found
MPS Estate Palma de Mallorca,"C/San Creu, 3, 07350 Binissalem, Illes Balears, España",+34658715737,,,,es,Google reviews: * / None,OPERATIONAL,"('real_estate_agency', 'point_of_interest', 'establishment')",7350.0,,,,,error:no contact info found
Cas Julians - The Old Cottage,"Carrer Ruberts, 07511 Ruberts, Illes Balears, España",,https://www.fincasgloria.com/cas-julians,4.2,11.0,es,Google reviews: 4.2* / 11,OPERATIONAL,"('real_estate_agency', 'lodging', 'point_of_interest', 'establishment')",7511.0,+34643369058,+34643399058,contact@fincasgloria.com,contact@fincasgloria.com,success
Realty Mallorca,"Carrer Son Net, 6A, 07300 Inca, Illes Balears, España",+34971707039,,,,en,Google reviews: * / None,OPERATIONAL,"('real_estate_agency', 'point_of_interest', 'establishment')",7300.0,,,,,error:no contact info found
Nappo Real Estate I Inmobiliaria en Mallorca y Madrid I Oficina Marratxí,"Camí de la Cabana, 40, 07141 Marratxinet, Illes Balears, España",,https://www.napporealestate.com/,4.6,9.0,es,Google reviews: 4.6* / 9,OPERATIONAL,"('real_estate_agency', 'point_of_interest', 'establishment')",7141.0,+34971370846,+34642894387,,,success
RE/MAX DEL MAR Centro de Negocios Inmobiliarios,"Camí de la Cabana, 67, Local 1, 07141 Marratxí, Illes Balears, España",+34674851648,https://www.delmar.remax.es/,5.0,29.0,es,Google reviews: 5* / 29,OPERATIONAL,"('real_estate_agency', 'point_of_interest', 'establishment')",7141.0,,,,,error:no contact info found
Agencia Inmobiliaria Llobera,"D'es Canyar, 9, bajos, Cas Miot, 07141 Marratxí, Illes Balears, España",+34610651822,,1.0,6.0,es,Google reviews: 1* / 6,OPERATIONAL,"('real_estate_agency', 'point_of_interest', 'establishment')",7141.0,,,,,error:no contact info found
Prestige Spain Real Estate,"Carrer Licorers, 2B, 07141 Marratxinet, Illes Balears, España",,https://www.prestigespain.com/,,,es,Google reviews: * / None,OPERATIONAL,"('real_estate_agency', 'point_of_interest', 'establishment')",7141.0,+34656972719,,info@prestigespain.com,,success
PRIMASA (nave 4 B),"Carrer Teixidors (nave 4 B), Marratxí, Illes Balears, 07141 Marratxí, Illes Balears, España",+34971731046,http://www.primasa.es/,3.0,1.0,en,Google reviews: 3* / 1,OPERATIONAL,"('real_estate_agency', 'point_of_interest', 'establishment')",7141.0,,,,,error:no contact info found
Santsan Promocions S L,"Carrer Can Barrera, 26, 07141 Marratxí, Illes Balears, España",+34665917472,,4.0,1.0,es,Google reviews: 4* / 1,OPERATIONAL,"('real_estate_agency', 'point_of_interest', 'general_contractor', 'establishment')",7141.0,,,,,error:no contact info found
Arquitecnova properties,"Carrer dels Hostals, Nº2, 07141 Es Pont d'Inca, Illes Balears, España",+34871030009,,5.0,1.0,es,Google reviews: 5* / 1,OPERATIONAL,"('real_estate_agency', 'point_of_interest', 'establishment')",7141.0,,,,,error:no contact info found
Ucc,"Carrer son Caulelles, 4, 07141 Marratxinet, Illes Balears, España",+34672403737,https://www.uccsl.es/,,,en,Google reviews: * / None,OPERATIONAL,"('real_estate_agency', 'point_of_interest', 'establishment')",7141.0,+34971904141,,,,success
Inversora De Viviendas Sub S A,"Camí de la Cabana, 12, 07141 Marratxí, Illes Balears, España",+34971795265,,,,es,Google reviews: * / None,OPERATIONAL,"('real_estate_agency', 'point_of_interest', 'establishment')",7141.0,,,,,error:no contact info found
Del Mar Real Estate,,+34650018715,,,,es,Google reviews: * / None,OPERATIONAL,"('real_estate_agency', 'establishment')",,,,,,error:no contact info found
RE/MAX Calm Inmobiliaria Mallorca,"Carrer d'Alcúdia, 2, 07460 Pollença, Illes Balears, España",+34971536335,https://remax-calm.es/,4.9,65.0,ca,Google reviews: 4.9* / 65,OPERATIONAL,"('real_estate_agency', 'point_of_interest', 'establishment')",7460.0,,,,,error:no contact info found
REMAX Aura inmobiliaria Mallorca,"Carrer d'Antoni Blanes Joan, 17, 07570 Artà, Illes Balears, España",+34636826461,http://aura.remax.es/,4.9,29.0,es,Google reviews: 4.9* / 29,OPERATIONAL,"('real_estate_agency', 'point_of_interest', 'establishment')",7570.0,,,,,error:no contact info found
Inmobiliaria RED Premium Real Estate  ( 07650 ),"Carrer d'en Sebastia Vila, 07650 Santanyí, Illes Balears, España",,https://www.redpremium.es/,5.0,2.0,es,Google reviews: 5* / 2,OPERATIONAL,"('real_estate_agency', 'point_of_interest', 'establishment')",7650.0,+34971888018,,info@redpremium.es,,success
RE/MAX Island,"Carrer Menorca, 20, 07011 Palma, Illes Balears, España",+34871591863,http://www.remaxisland.es/,4.6,50.0,en,Google reviews: 4.6* / 50,OPERATIONAL,"('real_estate_agency', 'point_of_interest', 'establishment')",7011.0,,,,,error:no contact info found
IISABODEGA,"Plaça Nova, 5e, 07320 Santa Maria del Camí, Illes Balears, España",,http://inmosabodega.com/,,,es,Google reviews: * / None,OPERATIONAL,"('real_estate_agency', 'point_of_interest', 'establishment')",7320.0,+34674354330,,propiedades@inmosabodega.com,,success
KUNZE & PARTNER Immobilien auf ganz Mallorca,"Av. de Jaume III, 8, 2, Centre, 07012 Palma, Illes Balears, España",+34871003809,https://www.kunze-partner.com/,5.0,9.0,es,Google reviews: 5* / 9,OPERATIONAL,"('real_estate_agency', 'point_of_interest', 'establishment')",7012.0,,,,,error:no contact info found
Martin & Huhn Mallorca Real Estate,"Carrer son Esteva, 5, Local 1, 07150 Andratx, Illes Balears, España",,http://www.martinhuhn.com/,4.8,86.0,es,Google reviews: 4.8* / 86,OPERATIONAL,"('real_estate_agency', 'point_of_interest', 'establishment')",7150.0,+34971337941,,,,success
F. Alemany,"Plaça España, 1, local 1, 07150 Andratx, Illes Balears, España",,http://www.inmobiliaria-alemany.es/,4.5,16.0,es,Google reviews: 4.5* / 16,OPERATIONAL,"('real_estate_agency', 'point_of_interest', 'establishment')",7150.0,+34971672106,,info@inmobiliaria-alemany.es,,success
My Blue Mallorca ,"Coworking Offices, Carrer Brismar, 6, 07157 Port d'Andratx, Illes Balears, España",,https://mybluemallorca.com/,4.9,18.0,es,Google reviews: 4.9* / 18,OPERATIONAL,"('real_estate_agency', 'point_of_interest', 'establishment')",7157.0,+34639520896,,info@mybluemallorca.com,,success
Terra Balear,"Cami de sa Fona Font d'en Xina 10, 07150 Andratx, Illes Balears, España",,https://www.terrabalear.com/,,,de,Google reviews: * / None,OPERATIONAL,"('real_estate_agency', 'point_of_interest', 'establishment')",7150.0,+34660097892,+34674855393,info@terrabalear.com,,success
InmoPort - Andratx,,+34607442496,,5.0,9.0,es,Google reviews: 5* / 9,OPERATIONAL,"('real_estate_agency', 'establishment')",,,,,,error:no contact info found
Lietz Immobilien SL,"Carrer de Isaac Peral, 50, 07157 Port d'Andratx, Illes Balears, España",+34971671342,https://www.lietzmallorca.com/,4.7,53.0,es,Google reviews: 4.7* / 53,OPERATIONAL,"('real_estate_agency', 'point_of_interest', 'establishment')",7157.0,0034678777799,0034634313355,,,success
PHOENIX MALLORCA,"Avinguda de Sa Platja, 2, Local 3, 07160 Es Camp de Mar, Illes Balears, España",+34628771184,http://www.phoenixmallorca.com/,5.0,18.0,es,Google reviews: 5* / 18,OPERATIONAL,"('real_estate_agency', 'point_of_interest', 'establishment')",7160.0,+34971235843,+34961152449,info@phoenixmallorca.com,,success
Ona-Real,"Carrer Pere Seriol, 28, 07150 Andratx, Illes Balears, España",+34608830040,,,,en,Google reviews: * / None,OPERATIONAL,"('real_estate_agency', 'point_of_interest', 'establishment')",7150.0,,,,,error:no contact info found
Mallorca Top 10 Properties S.L.,"Ctra. des Port, 147, 07157 Port d'Andratx, Illes Balears, España",,http://www.mallorcatop10.com/,4.2,5.0,es,Google reviews: 4.2* / 5,OPERATIONAL,"('real_estate_agency', 'point_of_interest', 'establishment')",7157.0,+34971238706,+34650985274,info@mallorcatop10.com,,success
INMOBILIARIA ANDREU FELIPE,"Carrer de sa Fábrica, 12, 07157 Port d'Andratx, Illes Balears, España",+34971671592,http://www.andreufelipe.com/,4.4,31.0,es,Google reviews: 4.4* / 31,OPERATIONAL,"('real_estate_agency', 'point_of_interest', 'establishment')",7157.0,,,,,error:no contact info found
luxusimmomallorca.com,"Cami des Comellar, 7, 07157 Port d'Andratx, Illes Balears, España",+34633878774,http://www.luxusimmomallorca.com/,5.0,3.0,de,Google reviews: 5* / 3,OPERATIONAL,"('real_estate_agency', 'consultant', 'point_of_interest', 'establishment')",7157.0,,,,,error:no contact info found
APART BALEAR ,"Cami des Comellar, 07157 Port d'Andratx, Illes Balears, España",,http://www.apartbalear.com/,4.9,12.0,de,Google reviews: 4.9* / 12,OPERATIONAL,"('real_estate_agency', 'point_of_interest', 'establishment')",7157.0,+34617636426,+34871043475,info@apartbalear.com,,success
ONLY MALLORCA™ ,"Carrer Cristófol Colom, 3, 07157 Port d'Andratx, Illes Balears, España",,http://www.onlymallorca.com/,5.0,4.0,en,Google reviews: 5* / 4,OPERATIONAL,"('real_estate_agency', 'point_of_interest', 'establishment')",7157.0,+34690616425,,info@onlymallorca.com,,success
Inmobiliaria Ericsus & Falk,"Carrer de la Talaia, 1, 07160 Peguera, Illes Balears, España",,http://www.ericsusandfalk.com/,4.4,31.0,es,Google reviews: 4.4* / 31,OPERATIONAL,"('real_estate_agency', 'point_of_interest', 'finance', 'establishment')",7160.0,+34971686617,,falk@grupofalk.com,,success
Mallorca Development S A,"Camino Guixeria, 5, 07150 Andratx, Illes Balears, España",+34971137759,,5.0,1.0,es,Google reviews: 5* / 1,OPERATIONAL,"('real_estate_agency', 'point_of_interest', 'establishment')",7150.0,,,,,error:no contact info found
DAHLER Mallorca Puerto de Andratx,"Av. Mateo Bosch, 16, 07157 Port d'Andratx, Illes Balears, España",+34971672020,https://www.dahlercompany.com/de/mallorca/immobilienmakler/andratx,4.3,26.0,de,Google reviews: 4.3* / 26,OPERATIONAL,"('real_estate_agency', 'consultant', 'point_of_interest', 'establishment')",7157.0,+34871890007,,mallorca-southwest@dahler.com,,success
Living Feeling Mallorca,"Pl. dels Patrons Cristino, 8A, 07157 Port d'Andratx, Illes Balears, España",,http://www.lfmallorca.com/,5.0,10.0,de,Google reviews: 5* / 10,OPERATIONAL,"('real_estate_agency', 'point_of_interest', 'establishment')",7157.0,+34634331006,+491626500002,ak@lfmallorca.com,nl@lfmallorca.com,success
Marlon Keller Luxury Real Estate,"Carrer Naveta, 6, 07160 Andratx, Illes Balears, España",+34642193050,https://www.instagram.com/marlon.keller?igsh=M2p3M3BheHd5azJ4&utm_source=qr,,,de,Google reviews: * / None,OPERATIONAL,"('real_estate_agency', 'point_of_interest', 'establishment')",7160.0,,,,,success
Spain Sotheby's International Realty  ( 07157 ),"Av. Mateo Bosch, 8, 07157 Port d'Andratx, Illes Balears, España",+34971674807,https://www.spain-sothebysrealty.com/,5.0,2.0,de,Google reviews: 5* / 2,OPERATIONAL,"('real_estate_agency', 'consultant', 'point_of_interest', 'finance', 'establishment')",7157.0,+34919041929,,,,success
Green Point Commercial Property,"Carrer de sa Constitució, 18, 07150 Andratx, Illes Balears, España",,http://www.greenpointcp.com/,5.0,1.0,en,Google reviews: 5* / 1,OPERATIONAL,"('real_estate_agency', 'point_of_interest', 'establishment')",7150.0,+34618724514,,,,success
Ziob Immobilien & Versicherungen,"Carrer des Peix, 2, 07157 Port d'Andratx, Illes Balears, España",,http://www.ziob-immobilien.com/,4.9,46.0,es,Google reviews: 4.9* / 46,OPERATIONAL,"('real_estate_agency', 'insurance_agency', 'point_of_interest', 'establishment')",7157.0,+34651861336,+34656976367,ziob@ziob-immobilien.com,viviane.ziob@casas-cdm.com,success
M21 Realty House - Mallorca,"Avinguda de, Av. Mateo Bosch, 7, 07157 Port d'Andratx, Illes Balears, España",,https://www.m21realtyhouse.com/,,,en,Google reviews: * / None,OPERATIONAL,"('real_estate_agency', 'point_of_interest', 'establishment')",7157.0,+34687727628,,,,success
Sunshinehomes Mallorca by Bettina Zeibig,"Bulevar de Peguera, 10, Local 2, 07160 Peguera, Illes Balears, España",,https://sunshinehomes-mallorca.com/,5.0,2.0,es,Google reviews: 5* / 2,OPERATIONAL,"('real_estate_agency', 'point_of_interest', 'establishment')",7160.0,+34635071057,+34871503004,,,success
Porta Mallorquina Real Estate Puerto Andratx,"Carrer de Isaac Peral, 49, local 3, 07157 Port d'Andratx, Illes Balears, España",,https://www.porta-mallorquina.de/,5.0,8.0,en,Google reviews: 5* / 8,OPERATIONAL,"('real_estate_agency', 'point_of_interest', 'establishment')",7157.0,+34971698242,,info@portamallorquina.com,,success
Fara Homes SL,"Carrer Cristófol Colom, 1, 07157 Port d'Andratx, Illes Balears, España",,http://www.fara-homes.com/,5.0,13.0,de,Google reviews: 5* / 13,OPERATIONAL,"('real_estate_agency', 'point_of_interest', 'establishment')",7157.0,+34971672455,,,,success
Engel & Völkers Port Andratx,"Carrer de Isaac Peral, 50, 07157 Port d'Andratx, Illes Balears, España",+34971674780,https://www.engelvoelkers.com/es/en/shops/puerto-andratx,4.7,31.0,de,Google reviews: 4.7* / 31,OPERATIONAL,"('real_estate_agency', 'point_of_interest', 'establishment')",7157.0,+34900747281,,spain.dp@engelvoelkers.com,,success
Andratx Property Sales,"Avinguda de Gabriel Roca i Garcías, 14, 07157 Port d'Andratx, Illes Balears, España",,http://www.andratxpropertysales.com/,,,en,Google reviews: * / None,OPERATIONAL,"('real_estate_agency', 'point_of_interest', 'establishment')",7157.0,+34971674384,,karenhadley@andratxpropertymanagement.com,,success
Property Sales Mallorca. Estate Agents.,"Carrer d'Antoni Calafat Toni Pino, 10a, 07157 Port d'Andratx, Illes Balears, España",+34971236501,http://www.propertysalesmallorca.com/,,,es,Google reviews: * / None,OPERATIONAL,"('real_estate_agency', 'point_of_interest', 'establishment')",7157.0,+348558884EFS,,,,success
Luxury Estates Mallorca ®  ( 07157 ),"Ctra. des Port, 118, Local 3, 07157 Port d'Andratx, Illes Balears, España",+34871520283,https://www.luxury-estates-mallorca.com/,4.5,16.0,de,Google reviews: 4.5* / 16,OPERATIONAL,"('real_estate_agency', 'consultant', 'point_of_interest', 'establishment')",7157.0,,,,,error:no contact info found
BOHLENS IMMOBILIEN ,"Bulevar de Peguera, 16A, 07160 Peguera, Illes Balears, España",+34971689541,https://www.bohlens-immobilien.com/,4.4,15.0,es,Google reviews: 4.4* / 15,OPERATIONAL,"('real_estate_agency', 'point_of_interest', 'establishment')",7160.0,,,,,error:no contact info found
Mallorca Prime,"Carrer de sa Fábrica, 12A, 07157 Port d'Andratx, Illes Balears, España",+34971672163,,,,es,Google reviews: * / None,OPERATIONAL,"('real_estate_agency', 'point_of_interest', 'establishment')",7157.0,,,,,error:no contact info found
A1 VILLAS MALLORCA,"Farmaceutico Gonzalez, 6, 07157 Puerto de Andratx, Illes Balears, España",+34971673513,,1.0,1.0,en,Google reviews: 1* / 1,OPERATIONAL,"('real_estate_agency', 'point_of_interest', 'establishment')",7157.0,,,,,error:no contact info found
EXKLUSIV KONZEPT ,"Carrer de Isaac Peral, 33, 07157 Port d'Andratx, Illes Balears, España",,https://www.exklusiv-konzept.com/,4.6,9.0,es,Google reviews: 4.6* / 9,OPERATIONAL,"('real_estate_agency', 'consultant', 'point_of_interest', 'establishment')",7157.0,+34690881130,,,,success
S&T Your Personal Real Estate,"Bulevar de Peguera, 10, 07160 Peguera, Illes Balears, España",+34658786306,http://st-mallorca.com/,3.7,3.0,en,Google reviews: 3.7* / 3,OPERATIONAL,"('real_estate_agency', 'point_of_interest', 'establishment')",7160.0,+436763333885,,,,success
KENSINGTON Finest Properties International  ( 07157 ),"Carrer d'Antoni Calafat Toni Pino, 7, 07157 Port d'Andratx, Illes Balears, España",+34971698924,https://kensington-andratx.com/,4.2,5.0,de,Google reviews: 4.2* / 5,OPERATIONAL,"('real_estate_agency', 'point_of_interest', 'establishment')",7157.0,,,,,error:no contact info found
Global BMA Inmobiliaria & Administración de Fincas,"Av. Mateo Bosch, 7, 1º, 1ª, 07157 Port d’Andratx, Illes Balears, España",,https://globalbma.com/,,,es,Google reviews: * / None,OPERATIONAL,"('real_estate_agency', 'consultant', 'point_of_interest', 'establishment')",7157.0,+34871515275,,inmobiliaria@globalbma.com,,success
e con Folks Smart Real Estate,"Avinguda de la Curia, 5, 07150 Andratx, Illes Balears, España",,https://folks-smartrealestate.com/contactar/,,,ca,Google reviews: * / None,OPERATIONAL,"('real_estate_agency', 'point_of_interest', 'establishment')",7150.0,+34678497228,,admin@folks.es,,success
Mallorca Infinity,"Carrer d'Orient, 1, 07160 Peguera, Illes Balears, España",,https://mallorca-infinity.com/,5.0,1.0,es,Google reviews: 5* / 1,OPERATIONAL,"('real_estate_agency', 'point_of_interest', 'establishment')",7160.0,+34628918942,,mallorcainfinity@icloud.com,,success
Folks,"Avinguda de la Curia, 5, 07150 Andratx, Illes Balears, España",+34650175802,,,,ca,Google reviews: * / None,OPERATIONAL,"('real_estate_agency', 'point_of_interest', 'establishment')",7150.0,,,,,error:no contact info found
Inmobiliaria Homely Mallorca,"Carrer D’es, Carrer de's Centre, 1, 07183 Costa de la Calma, Illes Balears, España",,http://www.homelymallorca.com/,4.8,9.0,es,Google reviews: 4.8* / 9,OPERATIONAL,"('real_estate_agency', 'point_of_interest', 'establishment')",7183.0,+34649299250,+3434649299250,,,success
Claudia Kuhrau Immobilien,"Carrer Putxet, 29, 07160 Peguera, Illes Balears, España",+34639035585,https://claudiakuhrau-immobilien.com/,4.8,24.0,de,Google reviews: 4.8* / 24,OPERATIONAL,"('real_estate_agency', 'point_of_interest', 'establishment')",7160.0,0034639035585,0034971137859,c.kuhrau@gmx.de,,success
maxmallorca.com Proyectos & Villas Maximilian SL Port Andratx Real Estate since 1989 Immobilien Makler,"Carrer de Isaac Peral, 67, 07157 Port d'Andratx, Illes Balears, España",,http://www.maxmallorca.com/,5.0,1.0,es,Google reviews: 5* / 1,OPERATIONAL,"('real_estate_agency', 'point_of_interest', 'establishment')",7157.0,+34971671115,+34610271670,info@maxmallorca.com,,success
REMallorca,"Carrer Azcarate, 07157 Port d'Andratx, Illes Balears, España",+34633832189,,5.0,1.0,es,Google reviews: 5* / 1,OPERATIONAL,"('real_estate_agency', 'consultant', 'point_of_interest', 'establishment')",7157.0,,,,,error:no contact info found
InmoNeizan,"Carretera de Cala Fornells, 56, Bl.1- 1B, 07160 Peguera, Illes Balears, España",+34673477609,https://inmoneizan.com/,,,es,Google reviews: * / None,OPERATIONAL,"('real_estate_agency', 'point_of_interest', 'establishment')",7160.0,,,,,error:no contact info found
Orada Villas S.L.,"Carrer Siurell, 29, 07157 Port d'Andratx, Illes Balears, España",+34971671066,,4.0,1.0,es,Google reviews: 4* / 1,OPERATIONAL,"('real_estate_agency', 'point_of_interest', 'establishment')",7157.0,,,,,error:no contact info found
Chezri S L,"Carrer Rossinyol, 9, 07157 Port d'Andratx, Illes Balears, España",+34971098829,,4.5,2.0,es,Google reviews: 4.5* / 2,OPERATIONAL,"('real_estate_agency', 'point_of_interest', 'establishment')",7157.0,,,,,error:no contact info found
Properties & More,"Camí Sant Carles, 1, 07157 Port d'Andratx, Illes Balears, España",,https://www.propertiesandmore.eu/kontakt,,,en,Google reviews: * / None,OPERATIONAL,"('real_estate_agency', 'point_of_interest', 'establishment')",7157.0,+34971573775,+34613599550,info@propertiesandmore.de,,success
Real Deal Mallorca Andratx,"Carrer d'Antoni Calafat Toni Pino, 7, 07157 Port d'Andratx, Illes Balears, España",+34902018538,,,,nl,Google reviews: * / None,OPERATIONAL,"('real_estate_agency', 'point_of_interest', 'establishment')",7157.0,,,,,error:no contact info found
Luxproperties SL,"Carrer de Isaac Peral, 36, 07157 Port d'Andratx, Illes Balears, España",+34630049809,,,,es,Google reviews: * / None,OPERATIONAL,"('real_estate_agency', 'point_of_interest', 'establishment')",7157.0,,,,,error:no contact info found
Binder Andratx S L U,"Carrer Miró, 4, 07157 Port d'Andratx, Illes Balears, España",+34971238869,,3.0,3.0,es,Google reviews: 3* / 3,OPERATIONAL,"('real_estate_agency', 'point_of_interest', 'establishment')",7157.0,,,,,error:no contact info found
Best Mallorca Real Estate,"Ctra. Aldea Blanca, 14D, 07157 Andratx, Illes Balears, España",+34629145051,,,,es,Google reviews: * / None,OPERATIONAL,"('real_estate_agency', 'point_of_interest', 'establishment')",7157.0,,,,,error:no contact info found
locations,"Camí Sant Carles, 43, E, 07157 Andratx, Illes Balears, España",+498000200072,,,,de,Google reviews: * / None,OPERATIONAL,"('real_estate_agency', 'point_of_interest', 'establishment')",7157.0,,,,,error:no contact info found
HARBOUR LOFTS,"07157 Port d’Andratx, Illes Balears, España",,http://harbour-lofts.com/,5.0,2.0,es,Google reviews: 5* / 2,OPERATIONAL,"('real_estate_agency', 'point_of_interest', 'establishment')",7157.0,+34965245554,,info@lobocom.es,,success
Inmobiliaria Espacio,"Carrer Congre, 2, 07157 Port d'Andratx, Illes Balears, España",+34971671925,,,,es,Google reviews: * / None,OPERATIONAL,"('real_estate_agency', 'point_of_interest', 'establishment')",7157.0,,,,,error:no contact info found
POD Palma Object Design,"Carrer Brismar, 13, Local 1, 07157 Port d'Andratx, Illes Balears, España",+34661330395,https://palmaobjectdesign.com/,5.0,1.0,de,Google reviews: 5* / 1,OPERATIONAL,"('real_estate_agency', 'consultant', 'point_of_interest', 'establishment')",7157.0,,,,,error:no contact info found
Mallorca Property Finders,,,http://mallorcapropertyfinders.com/,5.0,1.0,es,Google reviews: 5* / 1,OPERATIONAL,"('real_estate_agency', 'establishment')",,+34666943806,+34971673988,,,success
Private Residences Mallorca,"Pl. dels Patrons Cristino, 8, 07157 Port d'Andratx, Illes Balears, España",+34971672216,,1.0,1.0,es,Google reviews: 1* / 1,OPERATIONAL,"('real_estate_agency', 'point_of_interest', 'establishment')",7157.0,,,,,error:no contact info found
Investa Clasic Plus S L U,"Carrer Congre, 10, 07157 Port d'Andratx, Illes Balears, España",+34971672266,,,,es,Google reviews: * / None,OPERATIONAL,"('real_estate_agency', 'point_of_interest', 'establishment')",7157.0,,,,,error:no contact info found
Luxery Management Leibold,"Mallorca, Carrer de sa Fábrica, 14, 07157 Port d'Andratx, Illes Balears, España",+34600924238,http://luxery-management-leibold.com/,,,es,Google reviews: * / None,OPERATIONAL,"('real_estate_agency', 'point_of_interest', 'establishment')",7157.0,,,,,error:no contact info found
International Mallorca,"Carrer Major, 173, 07620 Llucmajor, Illes Balears, España",,http://www.international-mallorca.com/,5.0,34.0,es,Google reviews: 5* / 34,OPERATIONAL,"('real_estate_agency', 'consultant', 'point_of_interest', 'general_contractor', 'establishment')",7620.0,+34971121009,,,,success
Inmobiliaria Cala Gaviota,"Carrer Estanys, 24, 07638 Colònia de Sant Jordi, Illes Balears, España",,http://www.calagaviota.com/,4.1,30.0,es,Google reviews: 4.1* / 30,OPERATIONAL,"('real_estate_agency', 'point_of_interest', 'establishment')",7638.0,+34971655722,+34971649094,inmo@calagaviota.com,sessalines@calagaviota.com,success
Inmobiliaria Llucmajor,"Ronda Carlos V, 56, 07620 Llucmajor, Illes Balears, España",,http://www.inmollucmajor.com/,4.3,32.0,es,Google reviews: 4.3* / 32,OPERATIONAL,"('real_estate_agency', 'point_of_interest', 'establishment')",7620.0,+34629229225,+34971662402,info@inmollucmajor.com,,success
INMOBILIARIA ES TRENC,"Plaça Espanya, 49, 07620 Llucmajor, Illes Balears, España",+34971664213,http://www.inmobiliariaestrenc.es/,3.1,9.0,es,Google reviews: 3.1* / 9,OPERATIONAL,"('real_estate_agency', 'point_of_interest', 'establishment')",7620.0,,,,,error:no contact info found
Surmallorca,"Av. de Miramar, 44, 07639 Sa Ràpita, Illes Balears, España",+34971641494,http://www.surmallorca.com/,4.4,12.0,es,Google reviews: 4.4* / 12,OPERATIONAL,"('real_estate_agency', 'point_of_interest', 'establishment')",7639.0,+3434971641494,,info@surmallorca.com,,success
inmobiliaria Ca Na Neus,"Carrer d'es Born, 5, 07620 Llucmajor, Illes Balears, España",,http://inmobiliariacananeus.es/,4.3,11.0,es,Google reviews: 4.3* / 11,OPERATIONAL,"('real_estate_agency', 'point_of_interest', 'establishment')",7620.0,+34971660577,,neus@inmobiliariacananeus.es,,success
PALSmallorca Real Estate Agency,"Passeig de Jaume III, 1, A PLANTA BAJA, 07620 Llucmajor, Illes Balears, España",,http://www.palsmallorca.com/,4.5,31.0,es,Google reviews: 4.5* / 31,OPERATIONAL,"('real_estate_agency', 'point_of_interest', 'establishment')",7620.0,+34971596128,+34607641852,,,success
Vibon Real Estate,"Ronda de Migjorn, 80, 07620 Llucmajor, Illes Balears, España",,https://www.vibonrealestate.com/es-es,5.0,1.0,es,Google reviews: 5* / 1,OPERATIONAL,"('real_estate_agency', 'point_of_interest', 'establishment')",7620.0,+34644400263,+4915780795382,llucmajor@vibonrealestate.com,,success
Globo21 Exclusive Service Group S.L.,"Camino de Cabo Blanco, Km.7, 07609 Llucmajor, Illes Balears, España",+34871201168,https://globo21.com/,5.0,1.0,de,Google reviews: 5* / 1,OPERATIONAL,"('real_estate_agency', 'point_of_interest', 'establishment')",7609.0,,,,,error:no contact info found
MALLORCA SEA HOMES & PARTNER,"Carrer Major, 28, 07184 Calvià, Illes Balears, España",,http://www.mallorcaseahomes.com/,5.0,2.0,es,Google reviews: 5* / 2,OPERATIONAL,"('real_estate_agency', 'point_of_interest', 'establishment')",7184.0,+34971138031,,info@mallorcaseahomes.com,,success
Mallorca Estate Agency,"Ctra. Julià Bujosa Sans Batle, 6, 07184 Calvià, Illes Balears, España",+34971612226,http://www.mallorca.agency/,,,es,Google reviews: * / None,OPERATIONAL,"('real_estate_agency', 'point_of_interest', 'establishment')",7184.0,+34655092000,,,,success
pura vida estate :: Your trusted Real Estate Agency in Mallorca,"Avinguda del Rei Jaume I, 107, 07180 Santa Ponça, Illes Balears, España",,https://puravida-estate.com/,5.0,4.0,de,Google reviews: 5* / 4,OPERATIONAL,"('real_estate_agency', 'consultant', 'point_of_interest', 'establishment')",7180.0,+34670826478,+34871778473,info@puravida-estate.com,,success
Finest Properties Mallorca S.L.,"Carretera Palma a Andratx, km 18, 07183 Costa de la Calma, Islas Baleares, Illes Balears, España",,http://www.finestpropertiesmallorca.com/,4.7,23.0,es,Google reviews: 4.7* / 23,OPERATIONAL,"('real_estate_agency', 'point_of_interest', 'establishment')",7183.0,+34971698149,,info@finestpropertiesmallorca.com,,success
Mallorca Prime Homes,"Avinguda del Rei Jaume I, 116, Local 3, 07180 Santa Ponça, Illes Balears, España",+34971692121,https://www.mallorcaprimehomes.com/,4.0,70.0,es,Google reviews: 4* / 70,OPERATIONAL,"('real_estate_agency', 'point_of_interest', 'establishment')",7180.0,,,,,error:no contact info found
Immobilienmallorca.com,"Avinguda del Rei Jaume I, 111, 07180 Santa Ponça, Illes Balears, España",+4915153543136,https://www.immobilienmallorca.com/,5.0,39.0,de,Google reviews: 5* / 39,OPERATIONAL,"('real_estate_agency', 'point_of_interest', 'establishment')",7180.0,,,,,error:no contact info found
Lenssen & Partner Inmobiliaria,"Carrer Huguet des Far, 16, 07183 Santa Ponça, Illes Balears, España",,http://www.lenssenpartner.com/,4.0,17.0,de,Google reviews: 4* / 17,OPERATIONAL,"('real_estate_agency', 'point_of_interest', 'establishment')",7183.0,+34971670440,,info@lenssenpartner.com,,success
CR&S Baleares SL,"Avinguda del Rei Jaume I, 90, Local 2, 07180 Santa Ponça, Illes Balears, España",,http://www.crsbaleares.com/,5.0,5.0,en,Google reviews: 5* / 5,OPERATIONAL,"('real_estate_agency', 'lawyer', 'finance', 'consultant', 'point_of_interest', 'establishment')",7180.0,+34609630022,+34971693967,,,success
Engel & Völkers Santa Ponsa,"Gran Via Puig des Castellet, 1, Bloque 1, Local, 2-A, 07180 Santa Ponça, Illes Balears, España",+34971699063,https://www.engelvoelkers.com/es/en/shops/santa-ponsa,4.6,34.0,es,Google reviews: 4.6* / 34,OPERATIONAL,"('real_estate_agency', 'consultant', 'point_of_interest', 'establishment')",7180.0,+34900747281,,spain.dp@engelvoelkers.com,,success
LOVIAN PROPERTIES S.L.,"Avinguda del Rei Jaume I, 109, D5, 07180 Santa Ponsa, Illes Balears, España",,https://www.lovianproperties.com/,4.9,10.0,es,Google reviews: 4.9* / 10,OPERATIONAL,"('real_estate_agency', 'general_contractor', 'point_of_interest', 'establishment')",7180.0,+34971694055,,info@lovianproperties.com,,success
Illa Prunera S L,"Carrer Prunera, 25, 07160 Camp de Mar, Illes Balears, España",+34971136688,,,,es,Google reviews: * / None,OPERATIONAL,"('real_estate_agency', 'point_of_interest', 'establishment')",7160.0,,,,,error:no contact info found
Esmeralda Mallorca Home,"Gran Via del Puig de Teix, 6, local 7, 07180 Santa Ponça, Illes Balears, España",+34674302070,https://esmeraldamallorcahome.com/,4.0,4.0,es,Google reviews: 4* / 4,OPERATIONAL,"('real_estate_agency', 'point_of_interest', 'establishment')",7180.0,+3434674302070,,info@esmeraldamallorcahome.com,,success
"Soluxuslife "" Exclusive Real Estate ""","Carrer de les Malgrats, 5, 07160 Peguera, Illes Balears, España",+34663450332,,,,es,Google reviews: * / None,OPERATIONAL,"('real_estate_agency', 'point_of_interest', 'establishment')",7160.0,,,,,error:no contact info found
Mallorca Dream Living,"Carrer Figueral, 6, 07183 Rotes Velles, Illes Balears, España",,http://www.mallorca-dream-living.com/,5.0,2.0,de,Google reviews: 5* / 2,OPERATIONAL,"('real_estate_agency', 'point_of_interest', 'establishment')",7183.0,+34646489251,+34971126108,,,success
Dom Mallorca,"Carrer Figueral, 07183 Rotes Velles, Illes Balears, España",+34646489251,,,,en,Google reviews: * / None,OPERATIONAL,"('real_estate_agency', 'point_of_interest', 'establishment')",7183.0,,,,,error:no contact info found
Mallorca10.com,"Carrer de Joan Riutort, 24, 07190 Esporles, Illes Balears, España",,http://www.mallorca10.com/,5.0,29.0,es,Google reviews: 5* / 29,OPERATIONAL,"('real_estate_agency', 'point_of_interest', 'establishment')",7190.0,+34661129606,,hola@mallorca10.com,,success
Engel & Völkers Deià ,"Carrer de l'Arxiduc Lluís Salvador, 1, 07179 Deià, Illes Balears, España",+34971636363,https://www.engelvoelkers.com/es/en/propertysearch?businessArea[]=residential&currency=EUR&hasSessionBounds=true&measurementSystem=metric&page=1&placeId=ChIJt0bW_7LvlxIRJsznFWai-PY&placeName=Dei%C3%A0%2C%20Balearic%20Islands%2C%20Spain&propertyMarketingType[]=sale&searchRadius=0&sortingOptions[]=SALES_PRICE_DESC,4.6,10.0,es,Google reviews: 4.6* / 10,OPERATIONAL,"('real_estate_agency', 'finance', 'consultant', 'point_of_interest', 'establishment')",7179.0,+34900747281,,spain.dp@engelvoelkers.com,,success
TALIS WALDREN S.L.,"Carrer del Porxo, 1, 07179 Deià, Illes Balears, España",,http://www.taliswaldren.com/,,,es,Google reviews: * / None,OPERATIONAL,"('real_estate_agency', 'point_of_interest', 'establishment')",7179.0,+34971639244,+34609205274,info@taliswaldren.com,taliswaldrensl@gmail.com,success
Art&RealEstate,,+34652601154,http://www.artrealestatemallorca.com/,,,es,Google reviews: * / None,OPERATIONAL,"('real_estate_agency', 'establishment')",,,,,,error:no contact info found
Inmohogarsoñado,"Norte, 07011 Palma, Illes Balears, España",+34600085327,,,,es,Google reviews: * / None,OPERATIONAL,"('real_estate_agency', 'point_of_interest', 'establishment')",7011.0,,,,,error:no contact info found
Inmobiliaria Servinord,"Carrer Rector Tomàs Serra, 4, 07420 Sa Pobla, Illes Balears, España",+34677703416,http://www.buscovivienda.es/servinord/,2.5,4.0,es,Google reviews: 2.5* / 4,OPERATIONAL,"('real_estate_agency', 'point_of_interest', 'establishment')",7420.0,,,,,error:no contact info found
Tramuntana living,"Carrer de Joanot Colom, 8, 07190 Esporles, Illes Balears, España",+34971570961,,,,es,Google reviews: * / None,OPERATIONAL,"('real_estate_agency', 'point_of_interest', 'establishment')",7190.0,,,,,error:no contact info found
Bernat Paris,,+34672780685,https://bernatparis.com/,,,es,Google reviews: * / None,OPERATIONAL,"('real_estate_agency', 'establishment')",,,,,,error:no contact info found
John Taylor Santa Ponça,"Gran Via Puig des Castellet, 1, Bloque 4, Local 5, 07180 Santa Ponsa, Illes Balears, España",+34971691089,https://www.john-taylor.es/agencia-inmobiliaria-lujo/santa-ponsa/,4.8,4.0,es,Google reviews: 4.8* / 4,OPERATIONAL,"('real_estate_agency', 'point_of_interest', 'establishment')",7180.0,,,,,error:no contact info found
Exclusiva Mallorca,"Carrer Mont Aneto, 2, 25, 07180 Santa Ponça, Illes Balears, España",+34649668899,http://www.exclusiva-mallorca.com/,5.0,1.0,es,Google reviews: 5* / 1,OPERATIONAL,"('real_estate_agency', 'consultant', 'point_of_interest', 'establishment')",7180.0,,,,,error:no contact info found
Auniquemallorca S.L.,"Carrer Gran Via, 43, 07180 El Toro, Illes Balears, España",,http://www.uniquemallorca.com/,4.4,66.0,es,Google reviews: 4.4* / 66,OPERATIONAL,"('real_estate_agency', 'point_of_interest', 'establishment')",7180.0,+34971699329,+34615231731,,,success
Private Property Mallorca ,"Gran Via Puig des Castellet, 1, Bloque 6, Local 1, 07180 Santa Ponça, Illes Balears, España",,https://www.privatepropertymallorca.com/,5.0,28.0,es,Google reviews: 5* / 28,OPERATIONAL,"('real_estate_agency', 'consultant', 'point_of_interest', 'establishment')",7180.0,+34602681704,+34871967967,info@privatepropertymallorca.com,,success
BELZ & PARTNER S.L.U.,"Carrer de les Illes Balears, 21, 07180 Santa Ponça, Illes Balears, España",+34971137013,http://belz-partner.com/,5.0,1.0,es,Google reviews: 5* / 1,OPERATIONAL,"('real_estate_agency', 'point_of_interest', 'establishment')",7180.0,+34971047785,,info@belz-partner.com,,success
Hola Reality,"Carrer de Diego Salvà Lezaún, 2, 07181 Calvià, Illes Balears, España",+34640816932,https://www.holareality.com/,5.0,13.0,es,Google reviews: 5* / 13,OPERATIONAL,"('real_estate_agency', 'point_of_interest', 'establishment')",7181.0,,,,,error:no contact info found
Interdom Mallorca,"Avinguda del Rei Jaume I, 109, 07180 Santa Ponça, Illes Balears, España",,https://www.interdom-mallorca.com/,3.7,3.0,es,Google reviews: 3.7* / 3,OPERATIONAL,"('real_estate_agency', 'point_of_interest', 'establishment')",7180.0,+34971234575,+34639842155,info@interdom-mallorca.com,,success
Porta Mallorquina Real Estate Santa Ponsa,"Carrer de Son Thomàs, 2, 07183 Calvià, Illes Balears, España",+34971711228,https://www.porta-mallorquina.de/suedwest-santa-ponsa/,4.5,8.0,de,Google reviews: 4.5* / 8,OPERATIONAL,"('real_estate_agency', 'point_of_interest', 'establishment')",7183.0,+34971698242,+34871610255,info@portamallorquina.com,,success
Calvià Properties,"Carrer Saragossa, 1, 07181 Calvià, Illes Balears, España",+34971097875,http://calviaproperties.com/,4.8,22.0,en,Google reviews: 4.8* / 22,OPERATIONAL,"('real_estate_agency', 'point_of_interest', 'establishment')",7181.0,0034971097875,,,,success
Mallorca Service Center,"Poligono son Bugadelles, Mar Mediterraneo 59 local 8, 07180 Santa Ponsa, Illes Balears, España",+34971686836,http://www.mallorca-servicecenter.com/,5.0,7.0,es,Google reviews: 5* / 7,OPERATIONAL,"('real_estate_agency', 'sports_activity_location', 'point_of_interest', 'establishment')",7180.0,,,,,error:no contact info found
Mallorca Properties ,"Carrer de Son Bugadelles, 8, 07180 Santa Ponça, Illes Balears, España",+34971704008,,,,de,Google reviews: * / None,OPERATIONAL,"('real_estate_agency', 'point_of_interest', 'establishment')",7180.0,,,,,error:no contact info found
Private Hideaway Property,"Plaça de, Plaça Santa Ponça, 1, Local 12, 07180 Santa Ponsa, Illes Balears, España",+34616591339,https://www.privatehideaway.com/,,,en,Google reviews: * / None,OPERATIONAL,"('real_estate_agency', 'point_of_interest', 'establishment')",7180.0,+49722259467999,,kontakt@privatehideaway.com,,success
Montfair Estates,"Gran Via Puig des Castellet, 1, 07180 Santa Ponça, Illes Balears, España",+34871046271,https://www.montfairestates.com/,5.0,13.0,en,Google reviews: 5* / 13,OPERATIONAL,"('real_estate_agency', 'point_of_interest', 'establishment')",7180.0,,,,,error:no contact info found
First Balear Luxury Real Estate By Toni Da Silva,"Avinguda del Rei Jaume I, 65, 07180 Santa Ponça, Illes Balears, España",,http://www.tonidasilva-mallorcaimmobilien.com/,3.1,17.0,es,Google reviews: 3.1* / 17,OPERATIONAL,"('real_estate_agency', 'finance', 'consultant', 'point_of_interest', 'establishment')",7180.0,+34871045644,,info@dasilva-mallorcaimmobilien.com,,success
Steffek und Partner,"Av. son Pillo, 2, 6, 07180 Santa Ponça, Illes Balears, España",,https://www.sp-mallorca.com/,4.7,13.0,de,Google reviews: 4.7* / 13,OPERATIONAL,"('real_estate_agency', 'consultant', 'point_of_interest', 'establishment')",7180.0,+34639872689,,,,success
DAHLER & COMPANY Mallorca Santa Ponsa,"Carrer de la Mar Mediterrània, 44, 07180 Calvià, Illes Balears, España",+34971672020,https://www.dahlercompany.com/de/mallorca/immobilienmakler/santa-ponsa,,,es,Google reviews: * / None,OPERATIONAL,"('real_estate_agency', 'consultant', 'point_of_interest', 'establishment')",7180.0,+34871890007,,mallorca-southwest@dahler.com,,success
Lifestyle Properties Mallorca,"Avinguda del Rei Jaume I, 64C, 07180 Santa Ponça, Illes Balears, España",+34871570775,http://www.lifestyle-propertiesmallorca.com/,,,es,Google reviews: * / None,OPERATIONAL,"('real_estate_agency', 'point_of_interest', 'establishment')",7180.0,,,enquiries@lifestyle-propertiesmallorca.com,,success
Gesponsa,"Carrer de Ramon de Montcada, 21, 07180 Santa Ponça, Illes Balears, España",+34971690067,http://gesponsa.com/,5.0,2.0,es,Google reviews: 5* / 2,OPERATIONAL,"('real_estate_agency', 'point_of_interest', 'establishment')",7180.0,,,,,error:no contact info found
RYH - Finest Real Estate,"07180 Santa Ponsa, Illes Balears, España",+34971695917,http://www.finest-real-estate.com/,5.0,3.0,de,Google reviews: 5* / 3,OPERATIONAL,"('real_estate_agency', 'point_of_interest', 'establishment')",7180.0,+4904095064060,,info@finest-real-estate.com,,success
Just Belavent,"Av. Blai Bonet, 8, 07180 Santa Ponça, Illes Balears, España",+34664886046,http://www.justbelavent.com/,5.0,15.0,en,Google reviews: 5* / 15,OPERATIONAL,"('real_estate_agency', 'consultant', 'point_of_interest', 'establishment')",7180.0,+34664886648,+447973845044,info@justbelavent.com,,success
Mallorca Sol Properties,"Carrer de les Sirenes, 30, 07181 Cala Vinyes, Illes Balears, España",,http://www.mallorcasolproperties.com/,5.0,22.0,es,Google reviews: 5* / 22,OPERATIONAL,"('real_estate_agency', 'point_of_interest', 'establishment')",7181.0,+34639204171,,mallorca.sol.properties@gmail.com,info@mallorcasolproperties.com,success
Scout Mallorca,"Gran Via Puig de Galatzó, 18, 07180 Santa Ponça, Illes Balears, España",,http://www.scoutmallorca.com/,5.0,2.0,en,Google reviews: 5* / 2,OPERATIONAL,"('real_estate_agency', 'point_of_interest', 'establishment')",7180.0,+34662029226,,info@scoutmallorca.com,,success
Villas For Sale Mallorca,"Carrer de Chopin, 5, 07180 Santa Ponça, Illes Balears, España",+34627342392,,,,es,Google reviews: * / None,OPERATIONAL,"('real_estate_agency', 'point_of_interest', 'establishment')",7180.0,,,,,error:no contact info found
Com.Prop Mirador de Santa Ponça,"Carrer Bartolomé Calatayud, 1, 07180 Santa Ponça, Illes Balears, España",+34971691558,,3.6,5.0,ca,Google reviews: 3.6* / 5,OPERATIONAL,"('real_estate_agency', 'point_of_interest', 'establishment')",7180.0,,,,,error:no contact info found
IMMODOMI,"C. de la Reina Constança, 3, 07180 Santa Ponça, Illes Balears, España",+34633390608,http://immodomi.com/,,,en,Google reviews: * / None,OPERATIONAL,"('real_estate_agency', 'point_of_interest', 'establishment')",7180.0,,,,,error:no contact info found
Aurin Y Partner,"Carrer Murillo, 1, 07180 Santa Ponça, Illes Balears, España",+34971692694,,,,es,Google reviews: * / None,OPERATIONAL,"('real_estate_agency', 'point_of_interest', 'establishment')",7180.0,,,,,error:no contact info found
Crocodile Properties,"Avinguda del Rei Jaume I, 104, Local 1, 07180 Santa Ponsa, Illes Balears, España",+34971489118,https://crocodileproperties.com/,,,en,Google reviews: * / None,OPERATIONAL,"('real_estate_agency', 'point_of_interest', 'establishment')",7180.0,,,,,error:no contact info found
Home Project,"Avinguda del Rei Jaume I, 111, 07180 Santa Ponça, Illes Balears, España",+34971699360,,,,es,Google reviews: * / None,OPERATIONAL,"('real_estate_agency', 'point_of_interest', 'establishment')",7180.0,,,,,error:no contact info found
Berkshire Hathaway HomeServices Nova Mallorca ( 07181 ),"Carrer Benito Jerónimo Feijóo, 13, Local 9, 07181 Calviá, Illes Balears, España",+34605944852,https://www.bhhsmallorca.com/,4.8,24.0,es,Google reviews: 4.8* / 24,OPERATIONAL,"('real_estate_agency', 'point_of_interest', 'establishment')",7181.0,+34912771071,+34910228442,info.aravaca@bhhsmadrid.com,info.moraleja@bhhsmadrid.com,success
Gestpropiedad-Cas Català,"Ctra. Andratx, 2, local 5, 07181 Cas Català, Illes Balears, España",+34871620777,https://www.gestpropiedad.com/cascatala,4.8,43.0,ca,Google reviews: 4.8* / 43,OPERATIONAL,"('real_estate_agency', 'point_of_interest', 'establishment')",7181.0,+34600886384,,info@gestpropiedad.com,,success
Costa Calvia Inmobiliaria,"Carrer Voranova, 10, 07181 Son Caliu, Illes Balears, España",+34672435015,http://inmocostacalvia.com/,4.5,2.0,es,Google reviews: 4.5* / 2,OPERATIONAL,"('real_estate_agency', 'point_of_interest', 'establishment')",7181.0,+34971681101,,,,success
Coastal Properties Mallorca,"Av. de la Platja, 5, 07181 Palmanova, Illes Balears, España",+34971681930,https://www.coastalpropertiesmallorca.com/,4.0,15.0,es,Google reviews: 4* / 15,OPERATIONAL,"('real_estate_agency', 'point_of_interest', 'establishment')",7181.0,0034971681930,,info@coastalpropertiesmallorca.com,,success
Homeseeker Mallorca,"Ctra. Andratx, 2, 07181 Cas Català, Illes Balears, España",,http://www.homeseekermallorca.com/,4.2,67.0,en,Google reviews: 4.2* / 67,OPERATIONAL,"('real_estate_agency', 'point_of_interest', 'establishment')",7181.0,+34619824079,+34971937262,,,success
Portal REU ,"Carrer Saragossa, 1, 07181 Calvià, Illes Balears, España",+34971097874,https://www.portalreu.com/,5.0,5.0,es,Google reviews: 5* / 5,OPERATIONAL,"('real_estate_agency', 'point_of_interest', 'establishment')",7181.0,,,,,error:no contact info found
SOL DE MALLORCA,"Ctra. Andratx, 32, 07181 Portals Nous, Illes Balears, España",+34971679393,http://sol-de-mallorca.es/,5.0,2.0,es,Google reviews: 5* / 2,OPERATIONAL,"('real_estate_agency', 'point_of_interest', 'establishment')",7181.0,,,,,error:no contact info found
Inmobiliaria CJ Bestard,"Carrer Pinada, 5, Local 6, 07181 Magaluf, Illes Balears, España",+34620616665,https://www.cjbestard.com/esp/,3.8,5.0,es,Google reviews: 3.8* / 5,OPERATIONAL,"('real_estate_agency', 'consultant', 'point_of_interest', 'establishment')",7181.0,,,,,error:no contact info found
Inmobiliaria Best Sellers,"Plaça de Portals, 3, local 7, 07181 Portals Nous, Illes Balears, España",+34650401199,http://www.inmobestsellers.com/,5.0,2.0,es,Google reviews: 5* / 2,OPERATIONAL,"('real_estate_agency', 'consultant', 'point_of_interest', 'establishment')",7181.0,,,,,error:no contact info found
The Mallorca Deal,"Plaça de Portals, 3, local 4, 07181 Portals Nous, Illes Balears, España",,http://www.themallorcadeal.com/,4.1,14.0,es,Google reviews: 4.1* / 14,OPERATIONAL,"('real_estate_agency', 'point_of_interest', 'establishment')",7181.0,+34693516446,,home@themallorcadeal.com,,success
Engel & Völkers Portals,"Carrer Benito Jerónimo Feijóo, 10, 07181 Portals Nous, Illes Balears, España",+34971676836,https://www.engelvoelkers.com/es/en/shops/portals,4.5,43.0,es,Google reviews: 4.5* / 43,OPERATIONAL,"('real_estate_agency', 'point_of_interest', 'establishment')",7181.0,+34900747281,,spain.dp@engelvoelkers.com,,success
Team Jan Mulder - Mallorca,"Carrer de París, 8, local 4-5, 07181 Palmanova, Illes Balears, España",+34698235322,,3.9,21.0,es,Google reviews: 3.9* / 21,OPERATIONAL,"('real_estate_agency', 'point_of_interest', 'establishment')",7181.0,,,,,error:no contact info found
First Mallorca Puerto Portals,"Puerto Portals, Local 82, 83, 07181 Portals Nous, Illes Balears, España",+34871006500,http://www.firstmallorca.com/,5.0,24.0,es,Google reviews: 5* / 24,OPERATIONAL,"('real_estate_agency', 'point_of_interest', 'establishment')",7181.0,+34971007007,,,,success
KENSINGTON Finest Properties International  ( 07181 ),"Ma-1, 32, Local 2, 07181 Portals Nous, Illes Balears, España",,https://kensington-portals.com/,5.0,13.0,de,Google reviews: 5* / 13,OPERATIONAL,"('real_estate_agency', 'point_of_interest', 'establishment')",7181.0,+34971680476,,,,success
Properties Bendinat ,"Camí Serra, 1, 07181 Bendinat, Illes Balears, España",,http://www.sw-mallorca.com/,4.8,5.0,de,Google reviews: 4.8* / 5,OPERATIONAL,"('real_estate_agency', 'point_of_interest', 'establishment')",7181.0,+34971707813,+34637526692,info@sw-mallorca.com,,success
Heritage Homes Mallorca,"Ma-1, 32, Local 5, 07181 Portals Nous, Illes Balears, España",+34686121959,https://www.heritagehomesmallorca.com/,5.0,6.0,en,Google reviews: 5* / 6,OPERATIONAL,"('real_estate_agency', 'point_of_interest', 'establishment')",7181.0,+34971185866,,office@heritagehomesmallorca.com,,success
Martin Burri Real Estate S.L.,"Carrer de Còrdova, 5, 07181 Palmanova, Illes Balears, España",,http://www.martin-burri.com/,5.0,2.0,de,Google reviews: 5* / 2,OPERATIONAL,"('real_estate_agency', 'point_of_interest', 'establishment')",7181.0,+34673828739,,info@martin-burri.com,,success
Imperial Properties Portals Nous,"Ctra. Andratx, 35, 07181 Portals Nous, Illes Balears, España",+34871153548,http://www.imperial-properties.com/,5.0,6.0,en,Google reviews: 5* / 6,OPERATIONAL,"('real_estate_agency', 'point_of_interest', 'establishment')",7181.0,+34971692434,,,,success
Inmobiliaria Escrivà,"Plaça de Portals, 3, 07181 Portals Nous, Illes Balears, España",+34971677731,,5.0,4.0,ca,Google reviews: 5* / 4,OPERATIONAL,"('real_estate_agency', 'point_of_interest', 'establishment')",7181.0,,,,,error:no contact info found
Luxury Estates Mallorca ®  ( 07181 ),"Ma-1, 26, local 4, 07181 Portals Nous, Illes Balears, España",+34871520281,http://www.luxury-estates-mallorca.com/,5.0,2.0,de,Google reviews: 5* / 2,OPERATIONAL,"('real_estate_agency', 'consultant', 'point_of_interest', 'establishment')",7181.0,,,,,error:no contact info found
Inmokir Tasaciones Oficiales,"Carrer Santa Lavinia, 53, 07181 Costa d'en Blanes, Illes Balears, España",,http://www.inmokir.com/,5.0,1.0,es,Google reviews: 5* / 1,OPERATIONAL,"('real_estate_agency', 'point_of_interest', 'establishment')",7181.0,+34629371618,,franciscokir@gmail.com,,success
Lifestyle Properties ,"Carrer d'en Blanes, 1, 07181 Portals Nous, Illes Balears, España",+34971675035,https://lifestyle-propertiesmallorca.com/,3.9,9.0,es,Google reviews: 3.9* / 9,OPERATIONAL,"('real_estate_agency', 'point_of_interest', 'establishment')",7181.0,,,enquiries@lifestyle-propertiesmallorca.com,,success
Living By Carlos,"Carrer Benito Jerónimo Feijóo, 07181 Portals Nous, Illes Balears, España",,http://www.livingbycarlos.com/,4.0,4.0,es,Google reviews: 4* / 4,OPERATIONAL,"('real_estate_agency', 'point_of_interest', 'establishment')",7181.0,+34971679196,,info@livingbycarlos.com,,success
Bconnected ,"Plaça Espanya, 3, 07181 Portals Nous, Illes Balears, España",,https://bconnectedmallorca.com/es/,4.2,39.0,en,Google reviews: 4.2* / 39,OPERATIONAL,"('real_estate_agency', 'consultant', 'general_contractor', 'point_of_interest', 'establishment')",7181.0,+34971221066,,info@bconnectedmallorca.com,,success
Savills Estate Agency ,"Carrer Benito Jerónimo Feijóo, 13, 07181 Calvià (Mallorca, Illes Balears, España",+34971684000,http://www.balearic-properties.com/,,,es,Google reviews: * / None,OPERATIONAL,"('real_estate_agency', 'point_of_interest', 'establishment')",7181.0,+34971532984,+34638475726,,,success
Nash Homes Mallorca,"by taxis, first floor, Plaça de Portals, 3, local 7, 07181 Portals Nous, Illes Balears, España",,https://www.nashhomesmallorca.com/,3.5,8.0,es,Google reviews: 3.5* / 8,OPERATIONAL,"('real_estate_agency', 'point_of_interest', 'establishment')",7181.0,+34636475549,+34971675969,info@nashhomesmallorca.com,,success
Michael Perkins Finest Properties,"Av. Mallorca, 49, 07181 Mallorca, Illes Balears, España",+34971130831,,5.0,1.0,es,Google reviews: 5* / 1,OPERATIONAL,"('real_estate_agency', 'point_of_interest', 'establishment')",7181.0,,,,,error:no contact info found
Administraciones Calvia S.L.,"Carrer Voranova, 10, Local 6, 07181 Palmanova, Illes Balears, España",+34971681101,http://www.admincalvia.com/,3.8,20.0,es,Google reviews: 3.8* / 20,OPERATIONAL,"('real_estate_agency', 'point_of_interest', 'establishment')",7181.0,,,,,error:no contact info found
Mallorca Properties Consulting,"Avinguda de Bendinat, 1, local 1, 07181 Portals Nous, Illes Balears, España",,http://www.mallorcaproperties.es/,5.0,5.0,es,Google reviews: 5* / 5,OPERATIONAL,"('real_estate_agency', 'consultant', 'point_of_interest', 'establishment')",7181.0,+34971676515,+34605554966,info@mallorcaproperties.es,,success
Bertorelli Properties,"Carrer Duc Estremera, 7, local 7, 07181 Palmanova, Illes Balears, España",+34871252500,http://www.bertorelliproperties.com/,5.0,2.0,en,Google reviews: 5* / 2,OPERATIONAL,"('real_estate_agency', 'point_of_interest', 'establishment')",7181.0,,,,,error:no contact info found
Mallorca Agent ,"Passeig Illetes, 4, local 6, 07181 Illetes, Illes Balears, España",,http://www.mallorcaagent.com/,5.0,18.0,de,Google reviews: 5* / 18,OPERATIONAL,"('real_estate_agency', 'point_of_interest', 'establishment')",7181.0,+34634334277,,info@mallorcaagent.com,,success
Immobilien Portals,"Local X Puerto Portals, 07181 Portals Nous, Illes Balears, España",+34630400897,http://www.immobilien-portals.de/,4.0,2.0,de,Google reviews: 4* / 2,OPERATIONAL,"('real_estate_agency', 'consultant', 'point_of_interest', 'establishment')",7181.0,,,,,error:no contact info found
Selection Properties,"Carrer des Barranc, 19, 07181 Palma, Illes Balears, España",+34971083208,http://selectionproperties.com/,4.0,4.0,en,Google reviews: 4* / 4,OPERATIONAL,"('real_estate_agency', 'point_of_interest', 'establishment')",7181.0,,,,,error:no contact info found
Lavin-Estates Fastighetsmäklare Mallorca & Ibiza,"Carrer Ginesta, 5, 07181 Calvià, Illes Balears, España",+34680986872,http://www.lavin-estates.se/,,,en,Google reviews: * / None,OPERATIONAL,"('real_estate_agency', 'point_of_interest', 'establishment')",7181.0,,,,,error:no contact info found
Kühn Properties,"Local 32 puerto portals, 07181 Palma, Illes Balears, España",+34607208358,http://www.kuhn-properties.com/,4.0,4.0,en,Google reviews: 4* / 4,OPERATIONAL,"('real_estate_agency', 'point_of_interest', 'establishment')",7181.0,,,,,error:no contact info found
Fran Property Solutions,,+34618989848,,5.0,1.0,es,Google reviews: 5* / 1,OPERATIONAL,"('real_estate_agency', 'establishment')",,,,,,error:no contact info found
Iberdrola Inmobiliaria S.A.,"Avinguda de Bendinat, 5, 07181 Portals Nous, Illes Balears, España",+34971400159,,3.0,1.0,es,Google reviews: 3* / 1,OPERATIONAL,"('real_estate_agency', 'point_of_interest', 'establishment')",7181.0,,,,,error:no contact info found
Lux Properties Mallorca,"Carrer de les Illes Balears, 22, 07183 Santa Ponça, Illes Balears, España",,http://www.lux-mallorca.com/,,,es,Google reviews: * / None,OPERATIONAL,"('real_estate_agency', 'point_of_interest', 'establishment')",7183.0,+34658095092,,info@lux-mallorca.com,,success
AVANTI! IMMOBILIEN,"Carrer Mireia, 20 E, 07183 Costa de la Calma, Illes Balears, España",+34971694279,http://immoavanti.com/,4.3,6.0,es,Google reviews: 4.3* / 6,OPERATIONAL,"('real_estate_agency', 'point_of_interest', 'establishment')",7183.0,0034971694279,0034619196320,info@immoavanti.com,,success
FincaCasa-Mallorca,"Plaça Santa Ponça, 1, 1° Local 15, 07180 Santa Ponsa, Illes Balears, España",,http://www.fincacasa-mallorca.com/,,,de,Google reviews: * / None,OPERATIONAL,"('real_estate_agency', 'general_contractor', 'point_of_interest', 'establishment')",7180.0,+34696222187,,info@fincacasa-mallorca.com,,success
Mallorca Best Homes SL,"07180 Santa Ponsa, Illes Balears, España",+34971694055,,,,de,Google reviews: * / None,OPERATIONAL,"('real_estate_agency', 'point_of_interest', 'establishment')",7180.0,,,,,error:no contact info found
Casa Emma Inversiones S L,"Casa bella Vista, Carrer de la Bella Vista, 42, 07183 Costa de la Calma, Illes Balears, España",+34971696669,,4.0,1.0,es,Google reviews: 4* / 1,OPERATIONAL,"('real_estate_agency', 'point_of_interest', 'establishment')",7183.0,,,,,error:no contact info found
Casas/Fincas,"Gran Via del Port, 25, 07180 Santa Ponsa, Illes Balears, España",+34636921001,http://casasfincas.es/,,,es,Google reviews: * / None,OPERATIONAL,"('real_estate_agency', 'point_of_interest', 'establishment')",7180.0,,,,,error:no contact info found
EMB Mallorca Investments,,+34689500315,,,,es,Google reviews: * / None,OPERATIONAL,"('real_estate_agency', 'finance', 'general_contractor', 'consultant', 'establishment')",,,,,,error:no contact info found
In-side Properties Mallorca,"Edificio Astro, Av.Rey Jaume I, 78, Local 11b, 1º, 07180 Santa Ponça, Illes Balears, España",+34971695537,,,,en,Google reviews: * / None,OPERATIONAL,"('real_estate_agency', 'point_of_interest', 'establishment')",7180.0,,,,,error:no contact info found
UFS Management S.L.,"Carrer Serral, 46A, 07184 Calvià, Illes Balears, España",+34626627403,https://www.ufs-management.com/,,,de,Google reviews: * / None,OPERATIONAL,"('real_estate_agency', 'consultant', 'point_of_interest', 'establishment')",7184.0,,,c.leckebusch@ufs-management.com,,success
NOVOFORMA Construcciones,"Carrer de la Mar Mediterrània, 8, 07180 Calvià, Illes Balears, España",,http://novoforma.net/,4.1,20.0,es,Google reviews: 4.1* / 20,OPERATIONAL,"('real_estate_agency', 'point_of_interest', 'general_contractor', 'establishment')",7180.0,+34971691380,+34605273153,info@novoforma.es,,success
Luxury Villas Mallorca by Kay SL,,+34627477589,https://www.luxuryvillasmallorca.com/,,,es,Google reviews: * / None,OPERATIONAL,"('real_estate_agency', 'establishment')",,,,,,error:no contact info found
Mar Torres & Real Estate World,"Carrer Comte de Sallent, 30, 07191 Banyalbufar, Illes Balears, España",+34685549888,,,,es,Google reviews: * / None,OPERATIONAL,"('real_estate_agency', 'point_of_interest', 'establishment')",7191.0,,,,,error:no contact info found
Mallorca Urban Group Real Estate,"Avinguda Príncep d'Espanya, 4A, 07400 Alcúdia, Illes Balears, España",+34699227286,https://www.mallorcaurbangroup.com/%20https://www.mallorcaurban.group/,4.3,29.0,es,Google reviews: 4.3* / 29,OPERATIONAL,"('real_estate_agency', 'point_of_interest', 'establishment')",7400.0,,,,,error:no contact info found
GestPropiedad Blanquerna,"C. de Blanquerna, 57, Nord, 07003 Palma, Illes Balears, España",+34600886384,https://www.gestpropiedad.com/,4.8,26.0,es,Google reviews: 4.8* / 26,OPERATIONAL,"('real_estate_agency', 'point_of_interest', 'establishment')",7003.0,,,,,error:no contact info found
Net Link 2002 Sl,"Carrer Margalides, 0, 07193 Palmanyola, Illes Balears, España",+34971681101,,,,es,Google reviews: * / None,OPERATIONAL,"('real_estate_agency', 'point_of_interest', 'establishment')",7193.0,,,,,error:no contact info found
HabiTuya Inmobiliaria,"Carrer del Pujol, 8, 07141 Es Caulls, Illes Balears, España",+34639951651,,,,es,Google reviews: * / None,OPERATIONAL,"('real_estate_agency', 'point_of_interest', 'establishment')",7141.0,,,,,error:no contact info found
. ( 07141 ),"Carrer Celleters, 33, 07141 Palma, Illes Balears, España",+34622006163,,,,es,Google reviews: * / None,OPERATIONAL,"('real_estate_agency', 'point_of_interest', 'establishment')",7141.0,,,,,error:no contact info found
CIM - Consultoría de Inversiones Mallorca,,+34696303821,,,,es,Google reviews: * / None,OPERATIONAL,"('real_estate_agency', 'consultant', 'finance', 'establishment')",,,,,,error:no contact info found
José Antonio Lozano Navarro,"Carrer del Celler, 4, 07141 Cabaneta (Sa), Illes Balears, España",+34971605482,,,,es,Google reviews: * / None,OPERATIONAL,"('real_estate_agency', 'point_of_interest', 'establishment')",7141.0,,,,,error:no contact info found
Inmo-working Bonafinca,"Pg. de Mallorca, 36, Centre, 07012 Palma, Illes Balears, España",,https://bonafinca.com/,4.7,15.0,es,Google reviews: 4.7* / 15,OPERATIONAL,"('real_estate_agency', 'point_of_interest', 'establishment')",7012.0,+34971100080,,,,success
Marabú Properties S L,"Carrer Biniatro, 6, Ponent, 07013 Palma, Illes Balears, España",+34971406659,,4.5,4.0,es,Google reviews: 4.5* / 4,OPERATIONAL,"('real_estate_agency', 'point_of_interest', 'establishment')",7013.0,,,,,error:no contact info found
Queen Mallorca Real Estate,"Carrer de Pascual Ribot, 15, 07011 Palma, Illes Balears, España",,http://www.queenmallorca.es/,5.0,10.0,es,Google reviews: 5* / 10,OPERATIONAL,"('real_estate_agency', 'point_of_interest', 'establishment')",7011.0,+34682526247,+34603778376,,,success
ProMallorca Property Search,"Carrer dels Ametllers, 24, 07196 Es Capdellà, Illes Balears, España",,http://propertymallorca.com/,,,es,Google reviews: * / None,OPERATIONAL,"('real_estate_agency', 'consultant', 'point_of_interest', 'establishment')",7196.0,+34971233207,,info@propertymallorca.com,,success
Mallorca Excellence,"Carrer Raixa, 15, Ponent, 07013 Son Vida, Illes Balears, España",,http://propertiesmallorcaexcellence.com/,1.0,4.0,es,Google reviews: 1* / 4,OPERATIONAL,"('real_estate_agency', 'point_of_interest', 'establishment')",7013.0,+34871030838,+34722349473,info@propertiesmallorcaexcellence.com,,success
Fincas Ferre,"Pg. de Mallorca, 16, 2, entresuelo derecha, Distrito Centro, 07012 Palma, Illes Balears, España",,https://www.fincasferre.com/,4.0,4.0,es,Google reviews: 4* / 4,OPERATIONAL,"('real_estate_agency', 'point_of_interest', 'establishment')",7012.0,+34971909590,+34656341365,info@fincasferre.com,,success
Immo.Mallorca | Helga Duschl,"Carrer Llenaire, 3, E, Ponent, 07013 Son Vida, Illes Balears, España",,http://immomallorca.es/,,,es,Google reviews: * / None,OPERATIONAL,"('real_estate_agency', 'point_of_interest', 'establishment')",7013.0,+34609629788,,info@immomallorca.es,,success
Stein homes,,,https://steinhomes.es/,,,es,Google reviews: * / None,OPERATIONAL,"('real_estate_agency', 'establishment')",,+34696847890,+34618236530,info@steinhomes.es,,success
Actividades Insula,"Carrer Pula, 0, Ponent, 07013 Palma, Illes Balears, España",+34971606659,,2.5,2.0,es,Google reviews: 2.5* / 2,OPERATIONAL,"('real_estate_agency', 'point_of_interest', 'establishment')",7013.0,,,,,error:no contact info found
Mallorca Sea Homes,,+34971670721,,,,es,Google reviews: * / None,OPERATIONAL,"('real_estate_agency', 'establishment')",,,,,,error:no contact info found
Nova Gestio Inmobiliaria,"Rambla del Rei en Jaume, 11, bajos, 07500 Manacor, Illes Balears, España",,https://www.novagestioinmobiliaria.com/,4.8,150.0,en,Google reviews: 4.8* / 150,OPERATIONAL,"('real_estate_agency', 'point_of_interest', 'establishment')",7500.0,+34607820315,+34616992477,info@novagestioinmobiliaria.com,,success
BlauMallorca,"Plaça del Rector Rubí, 6, 07500 Manacor, Illes Balears, España",,http://blaumallorca.com/,4.2,56.0,es,Google reviews: 4.2* / 56,OPERATIONAL,"('real_estate_agency', 'point_of_interest', 'establishment')",7500.0,+34659075326,+34971094789,info@blaumallorca.com,mantonia@blaumallorca.com,success
InfoHouseServices,"Carrer Col·legi Públic Xaloc, 07160 Peguera, Illes Balears, España",+34676365657,,,,es,Google reviews: * / None,OPERATIONAL,"('real_estate_agency', 'point_of_interest', 'establishment')",7160.0,,,,,error:no contact info found
Wish Mallorca ,"Carrer Nou, 45, 07210 Algaida, Illes Balears, España",+34871251722,https://www.wishmallorca.com/,5.0,1.0,de,Google reviews: 5* / 1,OPERATIONAL,"('real_estate_agency', 'point_of_interest', 'establishment')",7210.0,,,contact@wishmallorca.com,,success
Global AnKat Inmobiliaria ,"Plaça de Pax, 5, bajo izquierdo, local, 07200 Felanitx, Illes Balears, España",+34645212353,http://www.global-ankat.com/,5.0,104.0,es,Google reviews: 5* / 104,OPERATIONAL,"('real_estate_agency', 'consultant', 'point_of_interest', 'establishment')",7200.0,+34871710344,,info@global-ankat.com,,success
M2 Mallorca - Inmobiliaria,"Carrer del Rei En Jaume I, 8, 07200 Felanitx, Illes Balears, España",,http://www.m2mallorca.com/,4.5,2.0,es,Google reviews: 4.5* / 2,OPERATIONAL,"('real_estate_agency', 'finance', 'consultant', 'general_contractor', 'point_of_interest', 'establishment')",7200.0,+34971827359,+34601906349,info@m2mallorca.com,,success
AP INVEST REAL ESTATE,"Passeig de la República Argentina, 31, 07200 Felanitx, Illes Balears, España",+34660554913,https://www.apinvestinmobiliaria.com/,4.5,17.0,es,Google reviews: 4.5* / 17,OPERATIONAL,"('real_estate_agency', 'point_of_interest', 'establishment')",7200.0,,,,,error:no contact info found
Inmobiliaria Felanitx,"C/ de la Mar, 8, 07200 Felanitx, Illes Balears, España",+34971581458,,5.0,2.0,es,Google reviews: 5* / 2,OPERATIONAL,"('real_estate_agency', 'point_of_interest', 'establishment')",7200.0,,,,,error:no contact info found
Viola Ranglack,"Plaça d'Espanya, 5, 07200 Felanitx, Illes Balears, España",,http://www.viola-ranglack.com/,4.0,56.0,es,Google reviews: 4* / 56,OPERATIONAL,"('real_estate_agency', 'point_of_interest', 'establishment')",7200.0,+34663722063,,viola@vr-inmobiliaria.com,,success
Anderson West ,"Plaça de Pax, 24, 07200 Felanitx, Illes Balears, España",,https://andersonwestrealestate.com/,5.0,10.0,en,Google reviews: 5* / 10,OPERATIONAL,"('real_estate_agency', 'point_of_interest', 'establishment')",7200.0,+34646595535,,,,success
MT FINCAS MALLORCA,"Carrer de Santueri, 40, 07200 Felanitx, Illes Balears, España",+34672017780,,,,es,Google reviews: * / None,OPERATIONAL,"('real_estate_agency', 'general_contractor', 'point_of_interest', 'establishment')",7200.0,,,,,error:no contact info found
INMOBILIARIA INMOXISCA,"Carrer de l'Hospici, 28, 07200 Felanitx, Illes Balears, España",,https://www.inmoxisca.com/,1.0,1.0,es,Google reviews: 1* / 1,OPERATIONAL,"('real_estate_agency', 'consultant', 'health', 'point_of_interest', 'establishment')",7200.0,+34627404245,,,,success
Reformas y Mantenimientos Xavi Seco S.L. JS LUXE HOMES & JS LUXE CARS,"Carrer de Zavellà, 73, 07200 Felanitx, Illes Balears, España",+34680727659,https://luxe-mallorca-voyage.lovable.app/?fbclid=PAZnRzaANL-zdleHRuA2FlbQIxMQABpyL2TGndwHTGlh7mgJouMgo3ddOThnkQVY32t65PCDROtyEOUsacscfCy1_W_aem_-iv5p81TI0c6qlsBIl3tlA,5.0,10.0,es,Google reviews: 5* / 10,OPERATIONAL,"('real_estate_agency', 'general_contractor', 'point_of_interest', 'establishment')",7200.0,,,,,error:no contact info found
Inmobiliaria Cala d'Or,"Plaça Eivissa, 30, 07660 Cala D'or, Illes Balears, España",,http://www.calador.es/,4.5,31.0,es,Google reviews: 4.5* / 31,OPERATIONAL,"('real_estate_agency', 'point_of_interest', 'establishment')",7660.0,+34971659200,,SALES@CALADOR.ES,,success
GestPropiedad Porreres,"Av. del Bisbe Campins, 14, 07260 Porreres, Illes Balears, España",,https://www.gestpropiedad.com/,4.9,136.0,es,Google reviews: 4.9* / 136,OPERATIONAL,"('real_estate_agency', 'point_of_interest', 'establishment')",7260.0,+34600886384,,info@gestpropiedad.com,,success
INMOBILIARIA BONO,"C/ de la Mar, 6, 07200 Felanitx, Illes Balears, España",+34637542480,https://www.immobono.com/,,,es,Google reviews: * / None,OPERATIONAL,"('real_estate_agency', 'point_of_interest', 'establishment')",7200.0,+34616703812,,,,success
AM77 Mallorca,"Carrer de ses Eres, 10, 07200 Felanitx, Illes Balears, España",,https://am77mallorca.com/contacto/,1.0,1.0,ca,Google reviews: 1* / 1,OPERATIONAL,"('real_estate_agency', 'point_of_interest', 'establishment')",7200.0,+34665625774,,info@am77mallorca.com,,success
Antonio Blanes Mayor,"Plaça d'Espanya, 3, 07200 Felanitx, Illes Balears, España",+34971827479,,,,es,Google reviews: * / None,OPERATIONAL,"('real_estate_agency', 'point_of_interest', 'establishment')",7200.0,,,,,error:no contact info found
"Salvador Pastor, Constructora","Carrer de Santueri, 68, 07200 Felanitx, Illes Balears, España",,http://www.salvador-pastor.org/,5.0,10.0,es,Google reviews: 5* / 10,OPERATIONAL,"('real_estate_agency', 'general_contractor', 'point_of_interest', 'establishment')",7200.0,+34971064989,+34971583068,info@behome-mallorca.com,maribel@salvador-pastor.org,success
Zimmermann Kai,"Carrer de n'Alou, 2, 07200 Felanitx, Illes Balears, España",+34971825524,,,,es,Google reviews: * / None,OPERATIONAL,"('real_estate_agency', 'point_of_interest', 'establishment')",7200.0,,,,,error:no contact info found
Polis Agora 2006,"Carrer de Santanyí, 0, 07200 Felanitx, Illes Balears, España",+34971557781,,1.0,1.0,es,Google reviews: 1* / 1,OPERATIONAL,"('real_estate_agency', 'point_of_interest', 'establishment')",7200.0,,,,,error:no contact info found
Angela's Home,"C. Cala Llonga, 1, 07669 Calonge, Illes Balears, España",+34622365630,http://www.angelashome.es/,4.9,27.0,es,Google reviews: 4.9* / 27,OPERATIONAL,"('real_estate_agency', 'point_of_interest', 'establishment')",7669.0,,,,,error:no contact info found
CAS CONCOS REAL ESTATE SL,"Carrer del Metge Obrador, 9, 07208 Cas Concos des Cavaller, Illes Balears, España",+34672220191,http://www.casconcosrealestate.com/,3.7,3.0,es,Google reviews: 3.7* / 3,OPERATIONAL,"('real_estate_agency', 'point_of_interest', 'establishment')",7208.0,,,,,error:no contact info found
Quina García gestió immobilària,"Puig de l'Anar 14, 07509 Son Maciá, Illes Balears, España",+34696064934,,4.5,8.0,ca,Google reviews: 4.5* / 8,OPERATIONAL,"('real_estate_agency', 'point_of_interest', 'establishment')",7509.0,,,,,error:no contact info found
beHome Mallorca,"Pl. de Sant Josep, 10, 07691 S'Alqueria Blanca, Balearic Isles, España",+34971064999,http://www.behome-mallorca.com/,,,es,Google reviews: * / None,OPERATIONAL,"('real_estate_agency', 'point_of_interest', 'establishment')",7691.0,+34971064989,,info@behome-mallorca.com,,success
SOM Serveis,"Pl. de Sant Josep, 2, 07691 S'Alqueria Blanca, Illes Balears, España",+34871608400,,5.0,1.0,es,Google reviews: 5* / 1,OPERATIONAL,"('real_estate_agency', 'consultant', 'point_of_interest', 'establishment')",7691.0,,,,,error:no contact info found
PORTO PETRO LIVING,"Carrer Passeig d'es Port, 52, 07691 Portopetro, Illes Balears, España",+34971863602,http://www.portopetro-living.es/,5.0,39.0,es,Google reviews: 5* / 39,OPERATIONAL,"('real_estate_agency', 'store', 'point_of_interest', 'establishment')",7691.0,,,,,error:no contact info found
Mallorca Properties.co.uk ,"Carrer Passeig d'es Port, 52, 07691 Santanyí, Illes Balears, España",+34661915549,,5.0,4.0,de,Google reviews: 5* / 4,OPERATIONAL,"('real_estate_agency', 'finance', 'consultant', 'point_of_interest', 'establishment')",7691.0,,,,,error:no contact info found
360 Mallorca Property,"Carrer de Cristòfor Colom, 37, bajos, 07691 Portopetro, Illes Balears, España",+34620243090,http://www.360mallorcaproperty.com/,4.8,6.0,es,Google reviews: 4.8* / 6,OPERATIONAL,"('real_estate_agency', 'point_of_interest', 'establishment')",7691.0,+34871906322,+34971161025,info@360mallorcaproperty.com,,success
ImmobilienBau Mallorca,"Carrer de l'Església, 6, 07509 Manacor, Illes Balears, España",+34609814326,http://www.immobilienbau-mallorca.de/,5.0,2.0,de,Google reviews: 5* / 2,OPERATIONAL,"('real_estate_agency', 'general_contractor', 'consultant', 'point_of_interest', 'establishment')",7509.0,,,,,error:no contact info found
Javier y Elennys,"C/ de la Reina Constança, 51, 07500 Manacor, Illes Balears, España",,https://www.javieryelennys.com/,,,en,Google reviews: * / None,OPERATIONAL,"('real_estate_agency', 'point_of_interest', 'establishment')",7500.0,+34695972976,+34695972976,,,success
AMBIENTE BALEARES,"Av. del Bisbe Campins, 22, 07260 Porreres, Illes Balears, España",,http://ambiente-baleares.com/,5.0,5.0,es,Google reviews: 5* / 5,OPERATIONAL,"('real_estate_agency', 'point_of_interest', 'establishment')",7260.0,+34678700734,+34678604449,info@ambiente-baleares.com,,success
Assessoria immobiliària ImmoPorreres,"Carrer Major, 1, 07260 Porreres, Illes Balears, España",,http://www.inmoporreres.com/,5.0,2.0,es,Google reviews: 5* / 2,OPERATIONAL,"('real_estate_agency', 'point_of_interest', 'establishment')",7260.0,+34647726506,,,,success
Bohabi Promocions,"Camí de s'Estació, 07210 Algaida, Illes Balears, España",,https://www.bohabi.com/,5.0,1.0,es,Google reviews: 5* / 1,OPERATIONAL,"('real_estate_agency', 'point_of_interest', 'establishment')",7210.0,+34971710468,+34971710458,comercial@bohabi.com,,success
Acaparat Sl,"Carrer des Sitjar, 0, 07210 Algaida, Illes Balears, España",+34971441138,,5.0,1.0,es,Google reviews: 5* / 1,OPERATIONAL,"('real_estate_agency', 'point_of_interest', 'establishment')",7210.0,,,,,error:no contact info found
ULI & LISA ,"Camí de Son Mendívil, 12, 07620 Llucmajor, Illes Balears, España",+34604182999,https://www.uli-lisa.com/,5.0,10.0,en,Google reviews: 5* / 10,OPERATIONAL,"('real_estate_agency', 'finance', 'consultant', 'point_of_interest', 'establishment')",7620.0,,,,,error:no contact info found
AS Home Real Estate,,+34661745490,https://ashomerealestate.com/,5.0,8.0,es,Google reviews: 5* / 8,OPERATIONAL,"('real_estate_agency', 'establishment')",,,,,,error:no contact info found
GestPropiedad Llucmajor,"Ronda de Migjorn, 113, local 3, 07620 Llucmajor, Illes Balears, España",+34971660302,https://gestpropiedad.com/llucmajor,4.8,32.0,es,Google reviews: 4.8* / 32,OPERATIONAL,"('real_estate_agency', 'point_of_interest', 'establishment')",7620.0,+34600886384,,info@gestpropiedad.com,,success
Rustic House Mallorca,"Ronda de Ponent, 3, 07620 Llucmajor, Illes Balears, España",+34971661409,http://rustichousemallorca.com/,4.6,5.0,es,Google reviews: 4.6* / 5,OPERATIONAL,"('real_estate_agency', 'point_of_interest', 'establishment')",7620.0,+34605862833,+34690295211,,,success
EuroMarketing Mallorca SL,,+34971662250,https://www.immobilien-angebote-mallorca.com/de-de/immobilien,4.6,24.0,es,Google reviews: 4.6* / 24,OPERATIONAL,"('real_estate_agency', 'establishment')",,,,,,error:no contact info found
OSA Inmobiliaria,"Ronda Carlos V, 32, BAJOS, 07620 Llucmajor, Illes Balears, España",+34971969563,http://www.inmobiliariaosa.com/,3.6,26.0,en,Google reviews: 3.6* / 26,OPERATIONAL,"('real_estate_agency', 'point_of_interest', 'establishment')",7620.0,+34640625294,,inmobiliaria@proyectososa.com,,success
Engel & Völkers Llucmajor,"Ronda de Migjorn, 147, 07620 Llucmajor, Illes Balears, España",+34871570000,https://www.engelvoelkers.com/es/en/shops/llucmajor,4.9,75.0,de,Google reviews: 4.9* / 75,OPERATIONAL,"('real_estate_agency', 'consultant', 'point_of_interest', 'establishment')",7620.0,+34900747281,,spain.dp@engelvoelkers.com,,success
¡TODO! Mallorca Immobilien,"Ronda de Migjorn, 145B, 07620 Llucmajor, Illes Balears, España",+34971628850,https://immobilien.todo-mallorca.es/,4.8,37.0,de,Google reviews: 4.8* / 37,OPERATIONAL,"('real_estate_agency', 'consultant', 'point_of_interest', 'establishment')",7620.0,+34634303883,,immo@todo-mallorca.es,,success
Bekkers Estates ,"Ronda de Migjorn, 64, 07620 Llucmajor, Illes Balears, España",+34663430066,http://www.bekkers.es/,5.0,8.0,es,Google reviews: 5* / 8,OPERATIONAL,"('real_estate_agency', 'point_of_interest', 'establishment')",7620.0,,,,,error:no contact info found
First Mallorca Llucmajor,"Plaça Espanya, 14, 07620 Llucmajor, Illes Balears, España",,https://www.firstmallorca.com/,5.0,7.0,en,Google reviews: 5* / 7,OPERATIONAL,"('real_estate_agency', 'point_of_interest', 'establishment')",7620.0,+34971007007,,,,success
Mallorca Estates,"Diseminado Sa Serra, 656, 07260, Illes Balears, España",+34635017722,https://mallorcaestates.net/,,,en,Google reviews: * / None,OPERATIONAL,"('real_estate_agency', 'point_of_interest', 'establishment')",7260.0,,,,,error:no contact info found
Immobilien Sineu ,"Carrer Concòrdia, 35, 07510 Sineu, Illes Balears, España",+34971521116,https://immobilien-sineu.com/,4.6,10.0,de,Google reviews: 4.6* / 10,OPERATIONAL,"('real_estate_agency', 'point_of_interest', 'establishment')",7510.0,,,,,error:no contact info found
SINIUM VILLAGE,"Carrer d'Avall, 1, 07510 Sineu, Illes Balears, España",,http://www.siniumvillage.com/,5.0,4.0,es,Google reviews: 5* / 4,OPERATIONAL,"('real_estate_agency', 'point_of_interest', 'establishment')",7510.0,+34654712842,,info@siniumvillage.com,,success
Aron S.l.,"Carrer de la Santa Creu, 0, 07260 Porreres, Illes Balears, España",+34971647198,,,,es,Google reviews: * / None,OPERATIONAL,"('real_estate_agency', 'point_of_interest', 'establishment')",7260.0,,,,,error:no contact info found
Inmobiliaria GM S.L.,"Camí de son Baró, 07240 Sant Joan, Illes Balears, España",+34971576506,http://www.mallorca--immobilien.de/,,,de,Google reviews: * / None,OPERATIONAL,"('real_estate_agency', 'consultant', 'point_of_interest', 'establishment')",7240.0,0034971526489,0034987520919,,,success
HITO ESPACIOS S.L.,"Carrer de Bonany, 90, 07250 Vilafranca de Bonany, Illes Balears, España",+34971560053,,4.0,2.0,es,Google reviews: 4* / 2,OPERATIONAL,"('real_estate_agency', 'point_of_interest', 'establishment')",7250.0,,,,,error:no contact info found
"Luxury Properties, S.L.",,+34682617642,,,,es,Google reviews: * / None,OPERATIONAL,"('real_estate_agency', 'finance', 'lawyer', 'consultant', 'establishment')",,,,,,error:no contact info found
G&Partner,"Carrer Des Sol, 45, 07520 Petra, Illes Balears, España",+34609619544,http://www.gandpartner.com/,4.3,8.0,es,Google reviews: 4.3* / 8,OPERATIONAL,"('real_estate_agency', 'point_of_interest', 'establishment')",7520.0,+34678432447,+34626129729,tgibert@gandpartner.com,mgibert@gandpartner.com,success
Inmogestión Balear Campos Curro López,"Plaça Major, 3, 07630 Campos, Illes Balears, España",+34650880798,https://www.inmogestionbalear.com/,5.0,90.0,es,Google reviews: 5* / 90,OPERATIONAL,"('real_estate_agency', 'point_of_interest', 'establishment')",7630.0,+34971666527,+34689010406,info@inmogestionbalear.com,,success
inmobiliaria Preciosa Homes,"Carrer de sa Creu, 2, 07630 Campos, Illes Balears, España",,http://www.preciosahomes.com/,4.9,20.0,es,Google reviews: 4.9* / 20,OPERATIONAL,"('real_estate_agency', 'point_of_interest', 'establishment')",7630.0,+34601150591,,info@preciosahomes.com,,success
Hernán Nogués Real Estate ,"Carrer de Costa i Llobera, 39, 07630 Campos, Illes Balears, España",+34625910057,https://hernan-nogues.com/,5.0,14.0,es,Google reviews: 5* / 14,OPERATIONAL,"('real_estate_agency', 'point_of_interest', 'establishment')",7630.0,,,,,error:no contact info found
GestPropiedad Manacor,"Carrer d'En Joan Lliteras, 41, 07500 Manacor, Illes Balears, España",+34971778759,https://gestpropiedad.com/,5.0,127.0,es,Google reviews: 5* / 127,OPERATIONAL,"('real_estate_agency', 'point_of_interest', 'establishment')",7500.0,+34600886384,,info@gestpropiedad.com,,success
Living Blue Mallorca - Campos,"Carrer de Plaça, 30, 07630 Campos, Illes Balears, España",+34871200804,https://www.livingblue-mallorca.com/,5.0,53.0,es,Google reviews: 5* / 53,OPERATIONAL,"('real_estate_agency', 'consultant', 'point_of_interest', 'establishment')",7630.0,+34971510609,+34971510881,info@livingblue-mallorca.com,,success
Inmogest Mallorca Real Estate,"Carrer des Hostals, 60, 07300 Inca, Illes Balears, España",,http://www.inmogestmallorca.com/,4.9,115.0,es,Google reviews: 4.9* / 115,OPERATIONAL,"('real_estate_agency', 'point_of_interest', 'establishment')",7300.0,+34655408067,+34656819350,info@inmogestmallorca.com,,success
Inmobiliaria Lliteras,"Carrer des Hostals, 39, 07300 Inca, Illes Balears, España",,http://www.gestlliteras.com/,4.8,26.0,es,Google reviews: 4.8* / 26,OPERATIONAL,"('real_estate_agency', 'accounting', 'lawyer', 'consultant', 'point_of_interest', 'finance', 'establishment')",7300.0,+34971880376,,,,success
ROYAL HAUS -Inmobiliaria Inca,"Carrer de Can Vidal, 5, 07300 Inca, Illes Balears, España",+34689391564,http://www.royalhaus.es/,4.8,70.0,es,Google reviews: 4.8* / 70,OPERATIONAL,"('real_estate_agency', 'lawyer', 'consultant', 'point_of_interest', 'general_contractor', 'finance', 'establishment')",7300.0,,,,,error:no contact info found
NICOLAS MESSIAS Real Estate,"Mallorca, Carrer de Can Dureta, 28-30, 07300 Inca, Illes Balears, España",+34636260109,http://www.nicolasmessias.com/,4.7,67.0,es,Google reviews: 4.7* / 67,OPERATIONAL,"('real_estate_agency', 'point_of_interest', 'establishment')",7300.0,+34871513881,,info@nicolasmessias.com,,success
INMOVYP Gestiones y promociones inmobiliarias ( 07300 ),"Avinguda del General Luque, 94, 07300 Inca, Illes Balears, España",+34971329735,http://www.inmovyp.es/,4.6,159.0,es,Google reviews: 4.6* / 159,OPERATIONAL,"('real_estate_agency', 'point_of_interest', 'establishment')",7300.0,+34627468515,+34648858531,,,success
Engel & Völkers Inca,"Avinguda del General Luque, 7, 07300 Inca, Illes Balears, España",+34971507720,https://www.engelvoelkers.com/es/en/shops/inca,5.0,61.0,de,Google reviews: 5* / 61,OPERATIONAL,"('real_estate_agency', 'consultant', 'point_of_interest', 'finance', 'establishment')",7300.0,+34900747281,,spain.dp@engelvoelkers.com,,success
Futurinca,"Plaça de l'Angel, 26, 07300 Inca, Illes Balears, España",+34971884164,,4.6,99.0,es,Google reviews: 4.6* / 99,OPERATIONAL,"('real_estate_agency', 'point_of_interest', 'establishment')",7300.0,,,,,error:no contact info found
Remax Major Inca Inmobiliaria,"Carrer Major, 43, 07300 Inca, Illes Balears, España",+34623412598,https://www.remaxmajor.com/,5.0,5.0,es,Google reviews: 5* / 5,OPERATIONAL,"('real_estate_agency', 'point_of_interest', 'establishment')",7300.0,,,,,error:no contact info found
Mallorca Sun Homes,"Carrer de Can Vidal, 6, 07300 Inca, Illes Balears, España",+34636011248,http://mallorcasunhomes.com/,5.0,1.0,en,Google reviews: 5* / 1,OPERATIONAL,"('real_estate_agency', 'point_of_interest', 'establishment')",7300.0,+345097288632,,,,success
Bulldog Properties,,,https://www.bulldogproperties.es/,5.0,9.0,es,Google reviews: 5* / 9,OPERATIONAL,"('real_estate_agency', 'establishment')",,+34600507166,,info@bulldogproperties.es,,success
Villafinca,"Avinguda d'Alcúdia, 25, 07300 Inca, Illes Balears, España",,https://www.villafinca.com/es,4.2,13.0,es,Google reviews: 4.2* / 13,OPERATIONAL,"('real_estate_agency', 'point_of_interest', 'establishment')",7300.0,+34871520025,,info@villafinca.com,,success
INMOURBAN / MALLORCAFINANCE,"Carrer de Can Vidal, 6, 07300 Inca, Illes Balears, España",,http://www.inmourban.com/,5.0,1.0,es,Google reviews: 5* / 1,OPERATIONAL,"('real_estate_agency', 'point_of_interest', 'establishment')",7300.0,+34971075502,+34632659429,palma@inmourban.com,,success
Inser Inmobiliaria,"Avinguda de Lluc, 58, 07300 Inca, Illes Balears, España",+34629601106,http://www.somosinser.com/,1.0,1.0,es,Google reviews: 1* / 1,OPERATIONAL,"('real_estate_agency', 'point_of_interest', 'establishment')",7300.0,+34646432508,,hola@somosinser.com,,success
Inmobiliaria Pujadas,"Pl. d'Espanya, 30, 07300 Inca, Illes Balears, España",+34971500658,,2.9,24.0,es,Google reviews: 2.9* / 24,OPERATIONAL,"('real_estate_agency', 'point_of_interest', 'establishment')",7300.0,,,,,error:no contact info found
ACP INMOBILIARIA,"Carrer de Sant Antoni, 129, 07300 Inca, Illes Balears, España",+34654236171,,3.5,2.0,es,Google reviews: 3.5* / 2,OPERATIONAL,"('real_estate_agency', 'point_of_interest', 'establishment')",7300.0,,,,,error:no contact info found
Madina Mallorca,"Carrer de Sant Domingo, 6, 07300 Inca, Illes Balears, España",+34633755722,https://madinamallorca.com/,,,es,Google reviews: * / None,OPERATIONAL,"('real_estate_agency', 'point_of_interest', 'establishment')",7300.0,,,,,error:no contact info found
House Mallorca,"Pl. d'Espanya, 29-30, 07300 Inca, Illes Balears, España",,https://www.housemallorca.com/contact,,,ca,Google reviews: * / None,OPERATIONAL,"('real_estate_agency', 'point_of_interest', 'establishment')",7300.0,+34665234960,,info@housemallorca.com,,success
Emerald Luxury Real Estate,"C. Mairata, Carrer de la Glòria, 15, bajos, 07300 Inca, Illes Balears, España",+34671498279,,,,es,Google reviews: * / None,OPERATIONAL,"('real_estate_agency', 'point_of_interest', 'establishment')",7300.0,,,,,error:no contact info found
CAMPS I VILES ,,+34617430826,,5.0,1.0,es,Google reviews: 5* / 1,OPERATIONAL,"('real_estate_agency', 'finance', 'establishment')",,,,,,error:no contact info found
Inmobiliaria Portal Mallorca,,+34633430650,http://www.portalmallorca.com/,,,es,Google reviews: * / None,OPERATIONAL,"('real_estate_agency', 'establishment')",,+34871738982,,info@portalmallorca.com,,success
Inmobiliaria Crespí,"Carrer d'en Palmer, 18, 07300 Inca, Illes Balears, España",+34971881500,,,,es,Google reviews: * / None,OPERATIONAL,"('real_estate_agency', 'point_of_interest', 'establishment')",7300.0,,,,,error:no contact info found
Inversiones Son Amonda S.L.,"Carrer de Miquel Àngel, 19, 07300 Inca, Illes Balears, España",+34971502646,,1.0,1.0,es,Google reviews: 1* / 1,OPERATIONAL,"('real_estate_agency', 'point_of_interest', 'establishment')",7300.0,,,,,error:no contact info found
Inmobiliaria Svprojectes Asesores Inmobiliarios,"Carrer Ca'n Vidal, 3, 07300 Inca, Illes Balears, España",+34663880072,,,,es,Google reviews: * / None,OPERATIONAL,"('real_estate_agency', 'point_of_interest', 'establishment')",7300.0,,,,,error:no contact info found
Sebas Bisbal ,"Carrer sa Carretera, 40, 07310 Campanet, Illes Balears, España",,http://www.sociesifills.es/,4.6,12.0,es,Google reviews: 4.6* / 12,OPERATIONAL,"('real_estate_agency', 'general_contractor', 'point_of_interest', 'establishment')",7310.0,+34610616798,,,,success
For all your Property needs,"Pl. d'Espanya, 30, 07300 Inca, Illes Balears, España",+34616375004,,,,en,Google reviews: * / None,OPERATIONAL,"('real_estate_agency', 'point_of_interest', 'establishment')",7300.0,,,,,error:no contact info found
T&T SERVICIOS INMOBILIARIOS,"Carrer d'en Palmer, 18, 07300 Inca, Illes Balears, España",+34971881500,,,,es,Google reviews: * / None,OPERATIONAL,"('real_estate_agency', 'finance', 'lawyer', 'consultant', 'point_of_interest', 'establishment')",7300.0,,,,,error:no contact info found
Inca Jardín S L,"Carrer del Canonge Payeras, 0, 07300 Inca, Illes Balears, España",+34971500079,,,,es,Google reviews: * / None,OPERATIONAL,"('real_estate_agency', 'point_of_interest', 'establishment')",7300.0,,,,,error:no contact info found
Moscari Finca Service S.L.,"Carrer des Pou, 1, A, 07316 Moscari, Illes Balears, España",,http://www.moscari-finca-service.es/,4.8,34.0,de,Google reviews: 4.8* / 34,OPERATIONAL,"('real_estate_agency', 'point_of_interest', 'establishment')",7316.0,+34971875260,+34648185146,,,success
INMOGAP,"Ctra. de Lluc, 9, 07313 Selva, Illes Balears, España",+34971515333,https://www.inmogap.es/,4.7,6.0,es,Google reviews: 4.7* / 6,OPERATIONAL,"('real_estate_agency', 'point_of_interest', 'establishment')",7313.0,,,,,error:no contact info found
IBhabitat inmobiliaria ,"Carrer Gran, 77, 07420 Sa Pobla, Illes Balears, España",+34615989551,http://www.ibhabitat.es/,4.4,156.0,es,Google reviews: 4.4* / 156,OPERATIONAL,"('real_estate_agency', 'point_of_interest', 'establishment')",7420.0,+34871252828,,oficina@ibhabitat.es,,success
Immobles Crespí,"Carrer Marquès de la Romana, 39, 07420 Sa Pobla, Illes Balears, España",,https://www.immoblescrespi.com/,5.0,19.0,es,Google reviews: 5* / 19,OPERATIONAL,"('real_estate_agency', 'point_of_interest', 'establishment')",7420.0,+34722457788,,,,success
Domus54,"Rda. Albufera, 54, local 3, 07420 Sa Pobla, Illes Balears, España",,http://www.domus54.com/,4.7,123.0,es,Google reviews: 4.7* / 123,OPERATIONAL,"('real_estate_agency', 'point_of_interest', 'establishment')",7420.0,+34659771454,+34971862575,info@domus54.com,,success
Selva,"Plaça Major, 5, 07313 Selva, Illes Balears, España",+34616763428,,4.8,5.0,de,Google reviews: 4.8* / 5,OPERATIONAL,"('real_estate_agency', 'point_of_interest', 'establishment')",7313.0,,,,,error:no contact info found
Ca Teva Properties,"Plaça Major, 11a, 07420 Sa Pobla, Illes Balears, España",,http://www.cateva-properties.com/,5.0,9.0,es,Google reviews: 5* / 9,OPERATIONAL,"('real_estate_agency', 'point_of_interest', 'establishment')",7420.0,+34697560836,,,,success
REMAX Land Inmobiliaria Mallorca,"Plaça Major, 4 - 1, 07420 Sa Pobla, Illes Balears, España",+34692472621,https://remaxland.es/,5.0,6.0,es,Google reviews: 5* / 6,OPERATIONAL,"('real_estate_agency', 'point_of_interest', 'establishment')",7420.0,,,,,error:no contact info found
ImmoPoint Mallorca,"Plaça Major, 5, 07313 Selva, Illes Balears, España",+34616763428,http://immopoint-mallorca.com/,5.0,16.0,en,Google reviews: 5* / 16,OPERATIONAL,"('real_estate_agency', 'point_of_interest', 'establishment')",7313.0,0034616763428,,,,success
Mallorca nemovitosti na prodej,"Carrer d'es Castellet, 1, 07311 Búger, Illes Balears, España",,https://firstclass-estate.com/en,,,cs,Google reviews: * / None,OPERATIONAL,"('real_estate_agency', 'point_of_interest', 'establishment')",7311.0,+34971697934,+4915153543136,jc@firstclass-estate.com,ks@firstclass-estate.com,success
Taylor & Co,"Plaça Mare of Deu de Lluc, 7, 07300 Mallorca, Illes Balears, España",+34696390740,,,,es,Google reviews: * / None,OPERATIONAL,"('real_estate_agency', 'point_of_interest', 'establishment')",7300.0,,,,,error:no contact info found
Vanguardia Real Estate Consulting,"Carrer de l'Església, 14, 07420 Sa Pobla, Illes Balears, España",,https://www.vanguardia360.eu/,,,es,Google reviews: * / None,OPERATIONAL,"('real_estate_agency', 'point_of_interest', 'establishment')",7420.0,+34671218413,,,,success
NextGen Property Solutions,,+34656632604,,,,es,Google reviews: * / None,OPERATIONAL,"('real_estate_agency', 'establishment')",,,,,,error:no contact info found
LEXMALLORCA,,+34685112239,,,,es,Google reviews: * / None,OPERATIONAL,"('real_estate_agency', 'establishment')",,,,,,error:no contact info found
Exclusive Property Mallorca SL,"Carrer Tresorer Cladera, 47, 07420 Sa Pobla, Illes Balears, España",+34971701081,https://epm-sl.com/contact/,,,ca,Google reviews: * / None,OPERATIONAL,"('real_estate_agency', 'point_of_interest', 'establishment')",7420.0,+34661616575,,enquiries@epm-sl.com,,success
casas en ocasion,"Carrer Dr. Fleming, 19, 07360 Lloseta, Illes Balears, España",,http://www.casasenocasion.com/,,,es,Google reviews: * / None,OPERATIONAL,"('real_estate_agency', 'point_of_interest', 'establishment')",7360.0,+34971519628,+34658525629,,,success
Api7inmo,,+34670953871,http://www.api7inmo.es/,,,es,Google reviews: * / None,OPERATIONAL,"('real_estate_agency', 'establishment')",,,,,,error:no contact info found
API7INMO,"Carrer Son Beltrán, 6, 07360 Lloseta, Illes Balears, España",+34627702868,https://www.api7inmo.es/,,,es,Google reviews: * / None,OPERATIONAL,"('real_estate_agency', 'point_of_interest', 'establishment')",7360.0,,,,,error:no contact info found
Living Blue Mallorca - Alaró,"Plaça de la Vila, 13, 07340 Alaró, Illes Balears, España",,http://www.livingblue-mallorca.com/,4.8,101.0,de,Google reviews: 4.8* / 101,OPERATIONAL,"('real_estate_agency', 'consultant', 'point_of_interest', 'establishment')",7340.0,+34971510609,+34971510881,info@livingblue-mallorca.com,,success
Engel & Völkers Alaró ,"Carrer Petit, 2, 07340 Alaró, Illes Balears, España",+34971502363,https://www.engelvoelkers.com/es/en/shops/alaro,5.0,39.0,es,Google reviews: 5* / 39,OPERATIONAL,"('real_estate_agency', 'consultant', 'point_of_interest', 'establishment')",7340.0,+34900747281,,spain.dp@engelvoelkers.com,,success
SAMPOL INMOBILIARIA,"Carrer de Sant Bartomeu, 43, LOCAL, 07330 Consell, Illes Balears, España",,http://www.sampolinmobiliaria.com/,4.7,54.0,es,Google reviews: 4.7* / 54,OPERATIONAL,"('real_estate_agency', 'point_of_interest', 'establishment')",7330.0,+34663880721,,inmosampolgestion@gmail.com,,success
Tramontana Properties Mallorca,"camÍ de Son Fiol, 171, 07340 Alaró, Illes Balears, España",+34971879192,http://www.tramontanaproperties.com/,3.0,1.0,es,Google reviews: 3* / 1,OPERATIONAL,"('real_estate_agency', 'point_of_interest', 'establishment')",7340.0,+34635042782,,pedro@tramontanaproperties.com,info@tramontanaproperties.com,success
GR IMMOBLES ALARO S.L.,"Av. Constitució, 25, 07340 Alaró, Illes Balears, España",,http://www.gr-immobles.com/,4.6,5.0,es,Google reviews: 4.6* / 5,OPERATIONAL,"('real_estate_agency', 'point_of_interest', 'establishment')",7340.0,+34971510203,,oficina@gr-immobles.com,,success
Asesoria Inmobiliaria Balear on line.,"Ma-2021, 07340 Alaró, Illes Balears, España",+34680655225,http://asesoriainmobiliaria.eu/,5.0,1.0,es,Google reviews: 5* / 1,OPERATIONAL,"('real_estate_agency', 'point_of_interest', 'establishment')",7340.0,+34680655226,+34971518662,,,success
L'immobiliària de Mallorca,"Pol.1, Parc.22, Ca´n Corona, Camí de Ses Artigues, 07340 Alaró, Illes Balears, España",+34607162064,http://immobiliariademallorca.com/,,,es,Google reviews: * / None,OPERATIONAL,"('real_estate_agency', 'point_of_interest', 'establishment')",7340.0,,,,,error:no contact info found
Inmobiliaria Grup Ses Cases C.B.,"Carrer d'Alcúdia, 15, 07330 Consell, Illes Balears, España",+34971622726,,,,es,Google reviews: * / None,OPERATIONAL,"('real_estate_agency', 'point_of_interest', 'establishment')",7330.0,,,,,error:no contact info found
Habitatges Ftv S L,"Carrer del Mestre Miquel Deyà, 3, 07330 Palerm, Illes Balears, España",+34971622946,,,,es,Google reviews: * / None,OPERATIONAL,"('real_estate_agency', 'point_of_interest', 'establishment')",7330.0,,,,,error:no contact info found
Advocus Hotel Immobilien Dieter Weidner,"Carrer Puig de sa Comuna, 133, 07340 Alaró, Illes Balears, España",+34971510944,,,,de,Google reviews: * / None,OPERATIONAL,"('real_estate_agency', 'point_of_interest', 'establishment')",7340.0,,,,,error:no contact info found
Aim Property,"Carrer Can Ros, 1, 07340 Alaró, Illes Balears, España",+34646091792,,2.3,3.0,es,Google reviews: 2.3* / 3,OPERATIONAL,"('real_estate_agency', 'point_of_interest', 'establishment')",7340.0,,,,,error:no contact info found
4 winds,,+34608007081,https://4windsproperties.com/,,,es,Google reviews: * / None,OPERATIONAL,"('real_estate_agency', 'establishment')",,,,,,error:no contact info found
Villas Planet inmobiliaria ,"Villas Planet real estate, Carrer Mar i Estany, 1, local A, 07400 Puerto de Alcudia, Illes Balears, España",,https://www.villasplanet.com/,4.9,25.0,es,Google reviews: 4.9* / 25,OPERATIONAL,"('real_estate_agency', 'point_of_interest', 'establishment')",7400.0,+34971545411,+34971547719,info@villasplanet.com,,success
Engel & Völkers Real Estate Inmobiliaria Puerto Alcudia,"Carrer dels Pins, 23, 07400 Port d'Alcúdia, Illes Balears, España",+34971897700,http://www.engelvoelkers.com/mallorca/north,4.9,40.0,en,Google reviews: 4.9* / 40,OPERATIONAL,"('real_estate_agency', 'consultant', 'point_of_interest', 'establishment')",7400.0,+34900747281,,spain.dp@engelvoelkers.com,,success
Inmobiliaria Alcudia.,"Avinguda Príncep d'Espanya, 1, 07400 Alcúdia, Illes Balears, España",,http://www.inmobiliariaalcudia.com/,4.3,8.0,es,Google reviews: 4.3* / 8,OPERATIONAL,"('real_estate_agency', 'consultant', 'point_of_interest', 'establishment')",7400.0,+34971549066,+34696732102,comercial@inmobiliariaalcudia.com,,success
Fincas Roque Inmobiliaria,"Carrer del Marisc, 5, 07400 Alcúdia, Illes Balears, España",+34971548482,https://www.fincasroque.es/,4.7,18.0,es,Google reviews: 4.7* / 18,OPERATIONAL,"('real_estate_agency', 'consultant', 'point_of_interest', 'general_contractor', 'finance', 'establishment')",7400.0,0034971548482,0034607836659,,,success
Inmobiliaria Alcúdia 2000,"pou de, na figola, 1, 07400 Alcúdia, Illes Balears, España",+34699216403,http://www.alcudia2000.com/,4.3,14.0,es,Google reviews: 4.3* / 14,OPERATIONAL,"('real_estate_agency', 'point_of_interest', 'establishment')",7400.0,,,,,error:no contact info found
Xarxa Homes  ( 07400 ),"Carrer del Mercat, 4, 07400 Alcúdia, Illes Balears, España",,https://www.xarxahomes.com/,5.0,4.0,es,Google reviews: 5* / 4,OPERATIONAL,"('real_estate_agency', 'consultant', 'point_of_interest', 'general_contractor', 'establishment')",7400.0,+34971684108,+34667725980,inmobiliaria@xarxahomes.com,,success
Ready to Live,"Carrer de Teodor Canet, 12, local 2, 07400 Puerto de Alcudia, Illes Balears, España",,http://www.readytolive.eu/,5.0,21.0,es,Google reviews: 5* / 21,OPERATIONAL,"('real_estate_agency', 'point_of_interest', 'establishment')",7400.0,+34871717987,,info@readytolive.eu,,success
Comfort Properties,"Carrer de Teodor Canet, 37, bajos derecha, 07400 Alcúdia, Illes Balears, España",,http://www.comfortproperties.es/,4.7,23.0,es,Google reviews: 4.7* / 23,OPERATIONAL,"('real_estate_agency', 'point_of_interest', 'establishment')",7400.0,+34971548445,,info@comfortproperties.es,,success
DAHLER Mallorca Alcúdia,"Carrer del Progrés, 14, 07400 Alcúdia, Illes Balears, España",+491636392225,https://www.dahlercompany.com/de/mallorca/immobilienmakler/alcudia,4.8,26.0,de,Google reviews: 4.8* / 26,OPERATIONAL,"('real_estate_agency', 'consultant', 'point_of_interest', 'establishment')",7400.0,+34871890008,,alcudia@dahler.com,,success
Costa Nord Alcúdia S L,"Passeig Marítim, 32, 07400 Port d'Alcúdia, Illes Balears, España",,http://www.inmobiliariacostanord.com/,5.0,12.0,es,Google reviews: 5* / 12,OPERATIONAL,"('real_estate_agency', 'point_of_interest', 'establishment')",7400.0,+34971546579,,info@inmobiliariacostanord.com,,success
Alcúdia Property,"Carrer dels Pins, 6, 07400 Alcúdia, Illes Balears, España",,http://www.alcudiaproperty.com/,3.3,7.0,es,Google reviews: 3.3* / 7,OPERATIONAL,"('real_estate_agency', 'point_of_interest', 'establishment')",7400.0,+34971547453,,palacios@alcudiaproperty.com,,success
Inmobiliaria Rebassa Alcudia Mallorca,"Carrer de Pollèntia, 21a, 07400 Alcúdia, Illes Balears, España",,http://immobiliariarebassa.com/,4.0,1.0,es,Google reviews: 4* / 1,OPERATIONAL,"('real_estate_agency', 'point_of_interest', 'establishment')",7400.0,+34971547577,,immorebassa@gmail.com,,success
Mallorca Holiday Properties,"Carrer de Pollèntia, 9a, 07400 Alcúdia, Illes Balears, España",+34871042915,http://www.mallorcaholidayproperties.com/,4.4,46.0,es,Google reviews: 4.4* / 46,OPERATIONAL,"('real_estate_agency', 'point_of_interest', 'establishment')",7400.0,,,,,error:no contact info found
Mairata Properties ,"Carrer Gabriel Roca, 19, 07400 Port d'Alcúdia, Illes Balears, España",,http://www.mairataproperties.com/,4.7,17.0,es,Google reviews: 4.7* / 17,OPERATIONAL,"('real_estate_agency', 'consultant', 'point_of_interest', 'general_contractor', 'establishment')",7400.0,+34971539156,+34971679445,info@mairataproperties.com,,success
Serra & Partner,"Av. Pere Mas i Reus, 25 Entrando hacia Hotel Siesta 2, 07400 Alcúdia, Illes Balears, España",,https://www.serrapartner.es/,3.8,18.0,es,Google reviews: 3.8* / 18,OPERATIONAL,"('real_estate_agency', 'point_of_interest', 'establishment')",7400.0,+34659874866,,info@serrapartner.es,,success
SOL immo,"Carrer de Teodor Canet, 20a, 07400 Port d'Alcúdia, Illes Balears, España",+34971208273,,4.2,6.0,es,Google reviews: 4.2* / 6,OPERATIONAL,"('real_estate_agency', 'point_of_interest', 'establishment')",7400.0,,,,,error:no contact info found
Mallorca Sales Properties,"Carrer de Pollèntia, 9a, 07400 Alcúdia, Illes Balears, España",,https://www.mallorcasalesproperties.com/,,,es,Google reviews: * / None,OPERATIONAL,"('real_estate_agency', 'point_of_interest', 'establishment')",7400.0,+34871042915,+34651477777,info@mallorcasalesproperties.com,,success
Inmobiliaria Farrutx,"Carrer de la Creu, 1, 07400 Alcúdia, Illes Balears, España",+34971897272,,3.6,5.0,es,Google reviews: 3.6* / 5,OPERATIONAL,"('real_estate_agency', 'point_of_interest', 'establishment')",7400.0,,,,,error:no contact info found
Palmer Mallorca Properties,"Carrer Rafel, 1, 07400 Port d'Alcúdia, Illes Balears, España",,http://palmer-partners.com/,5.0,2.0,es,Google reviews: 5* / 2,OPERATIONAL,"('real_estate_agency', 'point_of_interest', 'establishment')",7400.0,+34971547140,+34666401943,lpalmer@palmer-mallorca-properties.com,info@palmer-mallorca-properties.com,success
TOPAY INMOBILIARIA,"Carrer de la Roca, 1, 07400 Alcúdia, Illes Balears, España",+34695693085,https://www.topayinmobiliaria.es/,,,es,Google reviews: * / None,OPERATIONAL,"('real_estate_agency', 'point_of_interest', 'establishment')",7400.0,,,,,error:no contact info found
Emerald Stay Mallorca,"Carrer de Xara, 23, 07400 Alcúdia, Illes Balears, España",,https://emeraldstay.com/mallorca/rental-accommodation,4.6,36.0,es,Google reviews: 4.6* / 36,OPERATIONAL,"('real_estate_agency', 'point_of_interest', 'establishment')",7400.0,+330186267462,+34932208589,hello@emeraldstay.com,owners@emeraldstay.com,success
Mai Properties Mallorca,,,https://www.maipropertiesmallorca.com/,5.0,1.0,es,Google reviews: 5* / 1,OPERATIONAL,"('real_estate_agency', 'establishment')",,+34691796145,,info@maipropertiesmallorca.com,,success
Binimarina Real Estate,,+34971718338,https://www.binimarina.com/,3.5,16.0,es,Google reviews: 3.5* / 16,OPERATIONAL,"('real_estate_agency', 'establishment')",,,,,,error:no contact info found
Palmer & Partners Real Estate SL,"Carrer Rafel, 1a, 07400 Alcúdia, Illes Balears, España",,http://www.palmer-mallorca-properties.com/,,,es,Google reviews: * / None,OPERATIONAL,"('real_estate_agency', 'point_of_interest', 'establishment')",7400.0,+34971547140,+34666401943,lpalmer@palmer-mallorca-properties.com,,success
MG Inmomallorca,"1º, Carretera d'Artà, 1, 07400 Port d'Alcúdia, Illes Balears, España",+34629601107,http://mginmomallorca.com/,1.0,3.0,es,Google reviews: 1* / 3,OPERATIONAL,"('real_estate_agency', 'point_of_interest', 'establishment')",7400.0,,,,,error:no contact info found
SveaBalear,"Carrer del Lledoner, 5, 07400 Alcúdia, Illes Balears, España",+34687084703,https://www.sveabalear.com/,,,es,Google reviews: * / None,OPERATIONAL,"('real_estate_agency', 'point_of_interest', 'establishment')",7400.0,,,abuse@one.com,requestblock@group.one,success
Paloma Hernández Rubio,"Carrer de Caraques, 8, 07400 Platja D'Alcudia, Illes Balears, España",+34971893311,http://www.palomarealestate.es/,3.3,7.0,es,Google reviews: 3.3* / 7,OPERATIONAL,"('real_estate_agency', 'point_of_interest', 'establishment')",7400.0,+34644427900,,Cristinapaloma@cristinapaloma.com,,success
Arc Alcudia S.L.,"Passeig de la Mare de Déu de la Victòria, 2, 07400 Alcúdia, Illes Balears, España",+34871577564,,,,es,Google reviews: * / None,OPERATIONAL,"('real_estate_agency', 'point_of_interest', 'establishment')",7400.0,,,,,error:no contact info found
Alcudia Link,,+4917621494512,http://www.alcudialink.com/,5.0,3.0,es,Google reviews: 5* / 3,OPERATIONAL,"('real_estate_agency', 'establishment')",,,,,,error:no contact info found
Mallorca Best Houses,"Carrer del Lledoner, 5, 07400 Alcúdia, Illes Balears, España",+34636985835,https://www.mallorcabesthouses.com/contact,,,ca,Google reviews: * / None,OPERATIONAL,"('real_estate_agency', 'point_of_interest', 'establishment')",7400.0,,,,,error:no contact info found
REMER Inmobiliaria Mallorca SL,"Carrer Mar, 2, 07400 Port d'Alcúdia, Illes Balears, España",,https://www.nr-inmobiliaria.com/en/contact/,,,es,Google reviews: * / None,OPERATIONAL,"('real_estate_agency', 'point_of_interest', 'establishment')",7400.0,+34671650998,+34971576985,info@nr-inmobiliaria.com,,success
NR Inmobiliaria,"Carrer de les Illes Balears, 28, 07400 Port d'Alcúdia, Illes Balears, España",+34630430705,http://nr-inmobiliaria.com/,,,es,Google reviews: * / None,OPERATIONAL,"('real_estate_agency', 'point_of_interest', 'establishment')",7400.0,+34671650998,,info@nr-inmobiliaria.com,,success
Broker Luxury,,+34691949494,https://www.brokerluxury.com/,,,es,Google reviews: * / None,OPERATIONAL,"('real_estate_agency', 'establishment')",,,,,,error:no contact info found
INMOALCUDIA S.L,"Camí de Ronda, 55, 07400 Alcúdia, Illes Balears, España",+34635221689,,,,es,Google reviews: * / None,OPERATIONAL,"('real_estate_agency', 'point_of_interest', 'establishment')",7400.0,,,,,error:no contact info found
Sirra Sunrise Playa de Alcudia,"Carrer dels Àlbers, 5, 07400 Alcúdia, Illes Balears, España",,https://www.fewollorca.de/ferienhaus-ferienwohnung-urlaub-mallorca-korfu-kreta/sirra-sunrise.html,4.0,1.0,de,Google reviews: 4* / 1,OPERATIONAL,"('real_estate_agency', 'point_of_interest', 'establishment')",7400.0,+4941819288340,,,,success
INMOVYP Gestiones y promociones inmobiliarias ( 07460 ),"Carrer de Cecili Metel, 28, 07460 Pollença, Illes Balears, España",,https://www.inmovyp.es/,4.9,26.0,es,Google reviews: 4.9* / 26,OPERATIONAL,"('real_estate_agency', 'point_of_interest', 'establishment')",7460.0,+34627468515,+34648858531,,,success
C&M FINE HOMES ,"Plaça de Ca les Monnares, 1, 07460 Pollença, Illes Balears, España",,http://www.cymfinehomes.com/,5.0,6.0,es,Google reviews: 5* / 6,OPERATIONAL,"('real_estate_agency', 'gift_shop', 'point_of_interest', 'store', 'establishment')",7460.0,+34680210631,+34647094099,clair@luxuryrentalsmallorca.com,info@luxurydestinationmanagement.com,success
Bonanova Properties ,,,https://www.bonanovaproperties.com/,,,es,Google reviews: * / None,OPERATIONAL,"('real_estate_agency', 'establishment')",,+34650761614,,gerencia@bonanovaproperties.com,,success
Mallorca 2000 ( 07420 ),"Carrer Dr. Gómez Ullà, 10, 07420 Sa Pobla, Illes Balears, España",+34971862200,,,,es,Google reviews: * / None,OPERATIONAL,"('real_estate_agency', 'point_of_interest', 'establishment')",7420.0,,,,,error:no contact info found
ReadyToLive,"Carretera de Llubí, 23, 07420 Sa Pobla, Illes Balears, España",,https://www.readytolive.eu/contacto,,,ca,Google reviews: * / None,OPERATIONAL,"('real_estate_agency', 'point_of_interest', 'establishment')",7420.0,+34871717987,,info@readytolive.eu,,success
Mallorca Realtors Exclusive Properties,"Poligono, 10, Parcela 237, 07510 Sineu, Illes Balears, España",,http://www.mallorcarealtors.com/,4.9,9.0,es,Google reviews: 4.9* / 9,OPERATIONAL,"('real_estate_agency', 'point_of_interest', 'establishment')",7510.0,+34639759532,,info@mallorcarealtors.com,,success
RED DE GESTION PATRIMONIAL SL,,,https://www.redpatrimonial.com/,5.0,131.0,es,Google reviews: 5* / 131,OPERATIONAL,"('real_estate_agency', 'consultant', 'establishment')",,+34678317188,,carlos@redpatrimonial.com,comercial@redpatrimonial.com,success
Inmobiliaria Can Picafort Casas Mallorquinas,"Passeig Colón, 32, 07458 Can Picafort, Illes Balears, España",,https://www.casasmallorquinas.com/,5.0,8.0,es,Google reviews: 5* / 8,OPERATIONAL,"('real_estate_agency', 'point_of_interest', 'establishment')",7458.0,+34601995711,,info@casasmallorquinas.com,,success
Mallorhouse Inmobiliaria Mallorca,"Av. Diagonal, 7, 07458 Can Picafort, Illes Balears, España",+34971851903,http://mallorhouse.com/,5.0,40.0,es,Google reviews: 5* / 40,OPERATIONAL,"('real_estate_agency', 'insurance_agency', 'consultant', 'point_of_interest', 'establishment')",7458.0,+3434642845052,,info@mallorhouse.com,,success
CFEMENÍA: Inmobiliaria,"Via França, 3, 07458 Can Picafort, Illes Balears, España",+34656986208,http://www.cfemenia.com/,4.5,48.0,es,Google reviews: 4.5* / 48,OPERATIONAL,"('real_estate_agency', 'home_goods_store', 'consultant', 'point_of_interest', 'general_contractor', 'store', 'establishment')",7458.0,+34971853137,,assessoria@cfemenia.com,construccions@cfemenia.com,success
Inmobiliaria Colònia Sant Pere,"Carrer Major de la Colònia, 4, 07579 Colonia de Sant Pere, Illes Balears, España",,http://www.mallorcacolonia.com/,4.9,105.0,ca,Google reviews: 4.9* / 105,OPERATIONAL,"('real_estate_agency', 'point_of_interest', 'general_contractor', 'establishment')",7579.0,+34971589512,+34689988992,,,success
Villa-mar,"Passeig Colón, 165, 07458 Can Picafort, Illes Balears, España",+34971096217,http://www.villa-mar.es/,3.3,3.0,es,Google reviews: 3.3* / 3,OPERATIONAL,"('real_estate_agency', 'point_of_interest', 'establishment')",7458.0,+34665144716,,maiavilla@hotmail.com,,success
Inmoalquila Group,"Via Suïssa, 12, 07458 Can Picafort, Illes Balears, España",,https://www.inmoalquila.es/,3.0,4.0,es,Google reviews: 3* / 4,OPERATIONAL,"('real_estate_agency', 'point_of_interest', 'establishment')",7458.0,+34620141514,,,,success
Loch&Partner Real Estate,"Ronda Torrent, 20, 07458 Can Picafort, Illes Balears, España",+34671315188,,,,de,Google reviews: * / None,OPERATIONAL,"('real_estate_agency', 'point_of_interest', 'establishment')",7458.0,,,,,error:no contact info found
Voltor Inmo S.L.,"Carrer Isaac Peral, 108, 07458 Can Picafort, Illes Balears, España",+34971852057,,,,es,Google reviews: * / None,OPERATIONAL,"('real_estate_agency', 'point_of_interest', 'establishment')",7458.0,,,,,error:no contact info found
Blau Sauvatje Sl,"Carrer Bosc, 07458 Can Picafort, Illes Balears, España",+34971852747,,1.0,1.0,es,Google reviews: 1* / 1,OPERATIONAL,"('real_estate_agency', 'point_of_interest', 'establishment')",7458.0,,,,,error:no contact info found
Mallorca 2000 ( 07458 ),"Carrer Juià, 16, 07458 Platja de Muro, Illes Balears, España",+34627862000,,,,es,Google reviews: * / None,OPERATIONAL,"('real_estate_agency', 'point_of_interest', 'establishment')",7458.0,,,,,error:no contact info found
ITS Mallorca Inmobiliaria Colonia de San Pedro,"Carrer de la Verge Maria, 51, 07579 Colonia de Sant Pere, Illes Balears, España",,http://www.itsmallorca.com/,4.1,14.0,es,Google reviews: 4.1* / 14,OPERATIONAL,"('real_estate_agency', 'point_of_interest', 'establishment')",7579.0,+34971589375,+34652095760,,,success
DAHLER Mallorca Campos,"Camí de sa Sorda, Poligono 3, Parcela 97, 07630 Campos, Illes Balears, España",,http://www.dahler.com/llucmajor,,,de,Google reviews: * / None,OPERATIONAL,"('real_estate_agency', 'point_of_interest', 'establishment')",7630.0,+34871252196,,campos@dahler.com,,success
"Select Family Villas, S.L.","Carretera Aumadrava km 0.2, 07460 Pollença, Illes Balears, España",,http://www.selectfamilyvillas.com/,5.0,4.0,es,Google reviews: 5* / 4,OPERATIONAL,"('real_estate_agency', 'point_of_interest', 'establishment')",7460.0,+34609654634,,info@selectfamilyvillas.com,,success
Pollentia Properties Mallorca ,"Carrer d'Alcúdia, 14, 07460 Pollença, Illes Balears, España",,https://www.pollentiaproperties.com/,4.8,53.0,es,Google reviews: 4.8* / 53,OPERATIONAL,"('real_estate_agency', 'point_of_interest', 'establishment')",7460.0,+34971534585,+34636803204,,,success
SolMallorca inmobiliaria Puerto de Pollensa,"Passeig Saralegui, 48, 07470 Port de Pollença, Illes Balears, España",+34971865767,http://www.solmallorca.com/,5.0,16.0,es,Google reviews: 5* / 16,OPERATIONAL,"('real_estate_agency', 'finance', 'consultant', 'point_of_interest', 'establishment')",7470.0,+34649586116,,,,success
First Mallorca Pollensa,"Carrer d'Alcúdia, 14, 07460 Pollença, Illes Balears, España",+34871599983,http://www.firstmallorca.com/,4.8,19.0,en,Google reviews: 4.8* / 19,OPERATIONAL,"('real_estate_agency', 'consultant', 'point_of_interest', 'establishment')",7460.0,+34971007007,,,,success
Happy Villas Mail: info@happy,"Carrer de Cervantes, 07460 Pollença, Illes Balears, España",+34620440812,http://www.happy-villas.com/,5.0,5.0,es,Google reviews: 5* / 5,OPERATIONAL,"('real_estate_agency', 'point_of_interest', 'establishment')",7460.0,,,,,error:no contact info found
Prestige Villas,"Carrer del Roser Vell, 38, 07460 Pollença, Illes Balears, España",,http://www.prestigevillas.com/,4.8,9.0,es,Google reviews: 4.8* / 9,OPERATIONAL,"('real_estate_agency', 'point_of_interest', 'establishment')",7460.0,+34971535076,+34971535076,info@prestigevillas.com,,success
Engel & Völkers Real Estate Inmobiliaria Puerto Pollensa,"Carrer de Joan XXIII, 11, 07470 Port de Pollença, Illes Balears, España",+34971868400,http://www.mallorca-north.com/,4.9,36.0,en,Google reviews: 4.9* / 36,OPERATIONAL,"('real_estate_agency', 'point_of_interest', 'establishment')",7470.0,+34900747281,,spain.dp@engelvoelkers.com,,success
Sol Mallorca,"Via Pollentia, 17, 07460 Pollença, Illes Balears, España",,http://www.pollencaproperties-sol.co.uk/,4.6,14.0,es,Google reviews: 4.6* / 14,OPERATIONAL,"('real_estate_agency', 'point_of_interest', 'establishment')",7460.0,+34971535045,+34971865767,pollensa@solmallorca.com,,success
First Mallorca Pollensa 2,"Carrer de Pius XI, 19, 07460 Pollença, Illes Balears, España",+34871599983,http://www.firstmallorca.com/,5.0,1.0,en,Google reviews: 5* / 1,OPERATIONAL,"('real_estate_agency', 'point_of_interest', 'establishment')",7460.0,+34971007007,,,,success
SunVillasMallorca,"Via Argentina, 7, 07460 Pollença, Illes Balears, España",,http://www.sunvillasmallorca.com/en/,4.5,21.0,es,Google reviews: 4.5* / 21,OPERATIONAL,"('real_estate_agency', 'point_of_interest', 'establishment')",7460.0,+34971535473,,info@sunvillasmallorca.com,,success
IB Properties SL,"Carrer de Vicenç Buades, 68, 07470 Port de Pollença, Illes Balears, España",,http://ibproperties.com/,4.8,14.0,en,Google reviews: 4.8* / 14,OPERATIONAL,"('real_estate_agency', 'point_of_interest', 'establishment')",7470.0,+34871180615,,mallorca@ibproperties.com,,success
Mallorca Ferien Finca,"C/Picapedrer, Solar B11. Pol. Industrial, 07460 Pollença, Illes Balears, España",+34871577258,https://www.mallorcaferienfinca.com/,4.8,5.0,en,Google reviews: 4.8* / 5,OPERATIONAL,"('real_estate_agency', 'point_of_interest', 'establishment')",7460.0,+3408001801704,0034871577258,info@mallorcaferienfinca.com,reservierung@mallorcaferienfinca.com,success
Inmobiliaria Port,"Carrer de Joan XXIII, 5, Bajo, 07470 Port de Pollença, Illes Balears, España",+34971865851,https://linktr.ee/inmobiliariaport,4.2,25.0,es,Google reviews: 4.2* / 25,OPERATIONAL,"('real_estate_agency', 'point_of_interest', 'establishment')",7470.0,+34696937056,+34659245722,Info@inmobport.com,,success
JS Villas ,"Carrer de Joan XXIII, 1, 07470 Port de Pollença, Illes Balears, España",,https://www.jsvillas.com/,4.6,28.0,es,Google reviews: 4.6* / 28,OPERATIONAL,"('real_estate_agency', 'finance', 'point_of_interest', 'establishment')",7470.0,+34971866235,+34654425816,rentals@jsproperties.com,,success
Riusech Estate Agents,"Carrer de Formentor, 89, Bloque C, 07470 Port de Pollença, Illes Balears, España",,https://www.riusech.com/,4.9,22.0,es,Google reviews: 4.9* / 22,OPERATIONAL,"('real_estate_agency', 'point_of_interest', 'establishment')",7470.0,+34971864801,,sales@riusech.com,,success
A&R GESTION INMOBILIARIA,"Carrer de Rubén Darío, 12, local, 07470 Port de Pollença, Illes Balears, España",,http://www.ar-casasmodularesbaleares.com/,5.0,3.0,es,Google reviews: 5* / 3,OPERATIONAL,"('real_estate_agency', 'point_of_interest', 'establishment')",7470.0,+34871056848,+34622929600,ar.casasmodulares.baleares@gmail.com,,success
Dickinson Properties,"Carrer de Joan XXIII, 47, 07470 Port de Pollença, Illes Balears, España",+34699761118,https://www.dickinsonproperties.com/,5.0,5.0,es,Google reviews: 5* / 5,OPERATIONAL,"('real_estate_agency', 'point_of_interest', 'establishment')",7470.0,,,,,error:no contact info found
Estate Agency Balearic Properties – Savills Office,"Via Pollentia, 9, 07460 Pollença, Illes Balears, España",,https://www.balearic-properties.com/,,,es,Google reviews: * / None,OPERATIONAL,"('real_estate_agency', 'point_of_interest', 'establishment')",7460.0,+34971532984,+34638475726,,,success
Balearic Properties Savills ,"Via Pollentia, 3, 07460 Pollença, Illes Balears, España",+34971532221,https://www.balearic-properties.com/en/,,,es,Google reviews: * / None,OPERATIONAL,"('real_estate_agency', 'point_of_interest', 'establishment')",7460.0,+34971532984,+34638475726,,,success
Bellresguard ,"URBANIZACION BELLRESGUARD, Carrer de Formentor, 89, BLOQUE C, 07470 Port de Pollença, Illes Balears, España",,http://www.riusech.com/,4.7,18.0,es,Google reviews: 4.7* / 18,OPERATIONAL,"('real_estate_agency', 'point_of_interest', 'general_contractor', 'establishment')",7470.0,+34971864801,,sales@riusech.com,,success
Panda Properties S L,"Carrer del Llevant, 0, 07470 Port de Pollença, Illes Balears, España",+34971868817,,5.0,2.0,es,Google reviews: 5* / 2,OPERATIONAL,"('real_estate_agency', 'point_of_interest', 'establishment')",7470.0,,,,,error:no contact info found
Inmobiliaria Bellamar,"Carrer de Joan XXIII, 49, 07470 Port de Pollença, Illes Balears, España",+34971866666,,5.0,1.0,es,Google reviews: 5* / 1,OPERATIONAL,"('real_estate_agency', 'point_of_interest', 'establishment')",7470.0,,,,,error:no contact info found
Dickinson Villas,"Carrer de Joan XXIII, 45, 07470 Port de Pollença, Illes Balears, España",,http://www.dickinsonvillas.com/,4.3,165.0,es,Google reviews: 4.3* / 165,OPERATIONAL,"('real_estate_agency', 'point_of_interest', 'establishment')",7470.0,+34971867451,,info@dickinsonvillas.com,,success
Miguel Aguilo ,"Carrer del Llaüt, 4, 1º E, 07470 Port de Pollença, Illes Balears, España",+18663483924,https://www.iadespana.es/agente-inmobiliario/miguel.aguilo,5.0,47.0,es,Google reviews: 5* / 47,OPERATIONAL,"('real_estate_agency', 'consultant', 'point_of_interest', 'establishment')",7470.0,,,,,error:no contact info found
Living Pollença - Real estate,"Via Pollentia, 19, bajos izq, 07460 Pollença, Illes Balears, España",,http://www.living-pollensa.com/,3.7,6.0,es,Google reviews: 3.7* / 6,OPERATIONAL,"('real_estate_agency', 'point_of_interest', 'establishment')",7460.0,+34651149122,+34971534344,maria@living-pollensa.com,,success
Jorge Cifre Exp Realty,"Carrer de Colom, 10, 07460 Pollença, Illes Balears, España",,https://www.jorgecifre.de/,5.0,1.0,es,Google reviews: 5* / 1,OPERATIONAL,"('real_estate_agency', 'consultant', 'point_of_interest', 'finance', 'establishment')",7460.0,+34692882030,,contact@jorgecifre.com,,success
Terranova Balearic,"Via Pollentia, 34, 07460 Pollença, Illes Balears, España",+34671411000,,4.0,1.0,es,Google reviews: 4* / 1,OPERATIONAL,"('real_estate_agency', 'point_of_interest', 'establishment')",7460.0,,,,,error:no contact info found
Frank Heinsbroek Real Estate Boutique,"Via Pollentia, 39, 07460 Pollença, Illes Balears, España",+34971543602,https://www.heinsbroekrealestate.com/,4.2,5.0,en,Google reviews: 4.2* / 5,OPERATIONAL,"('real_estate_agency', 'point_of_interest', 'establishment')",7460.0,,,,,error:no contact info found
Portvil S.L.,"Carrer del Temporal, 19, 07469 Cala Sant Vicenç, Illes Balears, España",+34971532209,http://www.portvil.com/,4.4,23.0,es,Google reviews: 4.4* / 23,OPERATIONAL,"('real_estate_agency', 'point_of_interest', 'establishment')",7469.0,0034971534227,0034971532209,info@portvil.com,,success
Gesmorent,"La Rambla, 8, Centre, 07003 Palma, Illes Balears, España",+34971758594,http://www.gesmorent.com/,4.0,44.0,es,Google reviews: 4* / 44,OPERATIONAL,"('real_estate_agency', 'point_of_interest', 'establishment')",7003.0,,,,,error:no contact info found
AZ INMOBILIARIA,"Plaça Alexandre Jaume, 2, 1º, Distrito Centro, 07002 Palma, Illes Balears, España",,https://www.az-inmobiliaria.com/,,,en,Google reviews: * / None,OPERATIONAL,"('real_estate_agency', 'point_of_interest', 'establishment')",7002.0,+34651862010,,,,success
Pine walk Apartments,"falco. gommar, 07470 puertopollensa, Illes Balears, España",+34971866599,,4.3,52.0,es,Google reviews: 4.3* / 52,OPERATIONAL,"('real_estate_agency', 'point_of_interest', 'establishment')",7470.0,,,,,error:no contact info found
MARFRAN Real Estate Agency,"Carrer de Formentor, 42, 07470 Port de Pollença, Illes Balears, España",,http://www.marfran.net/,3.9,7.0,es,Google reviews: 3.9* / 7,OPERATIONAL,"('real_estate_agency', 'consultant', 'point_of_interest', 'establishment')",7470.0,+34971867197,+34656902990,,,success
Inmobiliaria Ponent At Home,"Carrer de les Monges, 8, 22, 07470 Pollença, Illes Balears, España",+34971868302,,,,en,Google reviews: * / None,OPERATIONAL,"('real_estate_agency', 'point_of_interest', 'establishment')",7470.0,,,,,error:no contact info found
McCallum Homes,"Carrer del Migjorn, 3, bajos, 07470 Port de Pollença, Illes Balears, España",+34629540895,http://www.mccallumhomes.es/,4.2,6.0,es,Google reviews: 4.2* / 6,OPERATIONAL,"('real_estate_agency', 'point_of_interest', 'establishment')",7470.0,,,info@mccallumhomes.es,,success
Servera Capó Sl,"Carrer de les Monges, 5, 07470 Port de Pollença, Illes Balears, España",+34971866623,,5.0,1.0,es,Google reviews: 5* / 1,OPERATIONAL,"('real_estate_agency', 'point_of_interest', 'establishment')",7470.0,,,,,error:no contact info found
Pollença Properties,"Camí Can Boyet, 453, 07470 Port de Pollença, Illes Balears, España",+34971866599,,,,es,Google reviews: * / None,OPERATIONAL,"('real_estate_agency', 'point_of_interest', 'establishment')",7470.0,,,,,error:no contact info found
Línea Turística S L,"Carrer de Joan XXIII, 94, 07470 Port de Pollença, Illes Balears, España",+34971867087,http://www.lineaturistica.com/,3.7,3.0,es,Google reviews: 3.7* / 3,OPERATIONAL,"('real_estate_agency', 'point_of_interest', 'establishment')",7470.0,,,,,error:no contact info found
Arrendamientos y Explotaciones Pollentia S.L.,"Carrer de Formentor, 23, 07470 Pollença, Illes Balears, España",+34971866402,,,,es,Google reviews: * / None,OPERATIONAL,"('real_estate_agency', 'point_of_interest', 'establishment')",7470.0,,,,,error:no contact info found
GarCer Properties,"Carrer de l'Almirall Cervera, 24, 07470 Port de Pollença, Illes Balears, España",+34608723804,http://www.garcerproperties.com/,,,es,Google reviews: * / None,OPERATIONAL,"('real_estate_agency', 'point_of_interest', 'establishment')",7470.0,,,,,error:no contact info found
Regato S L,"Lugar Formentor, 0, 07470 Port de Pollença, Illes Balears, España",+34971867769,,,,es,Google reviews: * / None,OPERATIONAL,"('real_estate_agency', 'point_of_interest', 'establishment')",7470.0,,,,,error:no contact info found
James Matthews,"Carrer de Formentor, 10, 07470 Port de Pollença, Illes Balears, España",+34661830304,http://james-broker.com/,,,es,Google reviews: * / None,OPERATIONAL,"('real_estate_agency', 'point_of_interest', 'establishment')",7470.0,0034661830304,,james@james-broker.com,,success
Hamlet & Lond Real Estate,"Carrer de Formentor, 21, 07470 Port de Pollença, Illes Balears, España",,https://www.hamletlond.com/,,,es,Google reviews: * / None,OPERATIONAL,"('real_estate_agency', 'point_of_interest', 'establishment')",7470.0,+34667432000,+34644298330,info@hamletlond.com,,success
Lefraje Luxe,"Carrer de Juan de la Cosa, 43, 07470 Port de Pollença, Illes Balears, España",+34674025686,https://lefrajeluxe.com/contact-us,,,ca,Google reviews: * / None,OPERATIONAL,"('real_estate_agency', 'point_of_interest', 'establishment')",7470.0,,,,,error:no contact info found
Proyectos Pagras S L,"Carrer de Joan XXIII, 194, 07470 Port de Pollença, Illes Balears, España",+34971535542,,,,es,Google reviews: * / None,OPERATIONAL,"('real_estate_agency', 'point_of_interest', 'establishment')",7470.0,,,,,error:no contact info found
Inmobiliaria Casal Mallorquí,"Carrer de Lleó XIII, 11, 07500 Manacor, Illes Balears, España",,https://casalmallorqui.com/,4.8,31.0,es,Google reviews: 4.8* / 31,OPERATIONAL,"('real_estate_agency', 'general_contractor', 'point_of_interest', 'establishment')",7500.0,+34667626823,,info@casalmallorqui.com,,success
Mallorca Open,"Carrer de ses Parres, 1, 07500 Manacor, Illes Balears, España",,https://www.mallorcaopen.es/,4.2,34.0,es,Google reviews: 4.2* / 34,OPERATIONAL,"('real_estate_agency', 'point_of_interest', 'establishment')",7500.0,+34971094549,,info@mallorcaopen.es,Immobilien@mallorcaopen.es,success
Remax Grup Direct II Manacor,"Plaça sa Bassa, 10, 07500 Manacor, Illes Balears, España",+34660872695,http://www.grupdirectremax.es/,4.5,50.0,es,Google reviews: 4.5* / 50,OPERATIONAL,"('real_estate_agency', 'point_of_interest', 'establishment')",7500.0,,,,,error:no contact info found
Fincaria,"Avinguda d'Es Tren, 74, 07500 Manacor, Illes Balears, España",,http://www.fincaria.com/,3.5,58.0,es,Google reviews: 3.5* / 58,OPERATIONAL,"('real_estate_agency', 'consultant', 'point_of_interest', 'establishment')",7500.0,+34871988501,+34871988501,info@fincaria.com,,success
VG Inmobiliaria,"Carrer de l'Amargura, 7, 07500 Manacor, Illes Balears, España",,https://vginmobiliaria.com/,5.0,7.0,es,Google reviews: 5* / 7,OPERATIONAL,"('real_estate_agency', 'point_of_interest', 'establishment')",7500.0,+34971592479,+34640948011,info@vginmobiliaria.com,,success
Inversiones Grup,"Carrer des Pou Fondo, 1, 07500 Manacor, Illes Balears, España",+34871610587,http://www.inversionesgrup.com/,5.0,20.0,en,Google reviews: 5* / 20,OPERATIONAL,"('real_estate_agency', 'point_of_interest', 'establishment')",7500.0,+34931748705,+34871610579,info@inversionesgrup.com,manacor@inversionesgrup.com,success
MT Inmobiliaria Manacor,,+34634810563,https://mtinmobiliariamanacor.es/,5.0,2.0,es,Google reviews: 5* / 2,OPERATIONAL,"('real_estate_agency', 'establishment')",,,,,,error:no contact info found
Mallorca Serveis ( 07500 ),"Carrer de ses Parres, 7, 07500 Manacor, Illes Balears, España",+34971843785,http://mallorcaserveis.com/,3.7,3.0,es,Google reviews: 3.7* / 3,OPERATIONAL,"('real_estate_agency', 'point_of_interest', 'establishment')",7500.0,,,,,error:no contact info found
Ca Vostra,"Carrer des Creuers, 12, 07500 Manacor, Illes Balears, España",,https://www.cavostra.com/,4.2,6.0,es,Google reviews: 4.2* / 6,OPERATIONAL,"('real_estate_agency', 'point_of_interest', 'establishment')",7500.0,+34602241000,,,,success
Habitatge9,"Carrer de l'Amargura, 18, 07500 Manacor, Illes Balears, España",+34699061292,https://www.habitatge9.com/,5.0,2.0,es,Google reviews: 5* / 2,OPERATIONAL,"('real_estate_agency', 'point_of_interest', 'establishment')",7500.0,,,,,error:no contact info found
Pontet,"Passeig d'Antoni Maura, 42, 07500 Manacor, Illes Balears, España",+34698924405,http://www.pontet.casa/,3.9,7.0,es,Google reviews: 3.9* / 7,OPERATIONAL,"('real_estate_agency', 'point_of_interest', 'establishment')",7500.0,,,,,error:no contact info found
MARSANT INMOBILIARIA,"Carrer d'En Joan Lliteras, 7a, 07500 Manacor, Illes Balears, España",+34646103177,https://www.marsant-ib.com/,,,es,Google reviews: * / None,OPERATIONAL,"('real_estate_agency', 'point_of_interest', 'establishment')",7500.0,,,,,error:no contact info found
Fair Mallorca Inmobiliaria,"Carrer d'En Jaume Domenge, 4, 07500 Manacor, Illes Balears, España",+34688959191,http://fair-mallorca.com/,3.8,10.0,es,Google reviews: 3.8* / 10,OPERATIONAL,"('real_estate_agency', 'point_of_interest', 'establishment')",7500.0,,,,,error:no contact info found
Nou Portal,"Carretera Portocristo Son Servera, 22, 07500 Manacor, Illes Balears, España",+34971815139,,2.3,14.0,es,Google reviews: 2.3* / 14,OPERATIONAL,"('real_estate_agency', 'point_of_interest', 'establishment')",7500.0,,,,,error:no contact info found
Hamptonwell Estates,"Carrer de l'Amargura, 1, 07500 Manacor, Illes Balears, España",+34684459711,http://hamptonwell-estates.com/,4.9,11.0,en,Google reviews: 4.9* / 11,OPERATIONAL,"('real_estate_agency', 'point_of_interest', 'establishment')",7500.0,,,,,error:no contact info found
Inmobiliaria casaseñorial,"Carrer d'en Muntaner, 61, 07500 Manacor, Illes Balears, España",,http://www.casaseñorial.com/,3.0,2.0,es,Google reviews: 3* / 2,OPERATIONAL,"('real_estate_agency', 'point_of_interest', 'establishment')",7500.0,+34664308377,+34610881527,info@casasenorial.com,,success
Casa Finca Mallorca,"Carrer de Còrsega, 9a, 07500 Manacor, Illes Balears, España",,https://casafincamallorca.com/,3.0,2.0,es,Google reviews: 3* / 2,OPERATIONAL,"('real_estate_agency', 'consultant', 'point_of_interest', 'establishment')",7500.0,+34672261921,,casafincamallorca@gmail.com,,success
Finca Holiday Mallorca,,,http://www.fincaholidaymallorca.com/,4.9,73.0,es,Google reviews: 4.9* / 73,OPERATIONAL,"('real_estate_agency', 'establishment')",,0034686242482,,info@fincaholidaymallorca.com,,success
AZ Property Hunter Mallorca,"Baix de cox, 07500 Manacor, Illes Balears, España",+34635825652,https://www.azpropertyhuntermallorca.com/,5.0,6.0,fr,Google reviews: 5* / 6,OPERATIONAL,"('real_estate_agency', 'point_of_interest', 'establishment')",7500.0,+3434635825652,,azpropertyhuntermallorca@gmail.com,,success
BVB MALLORCA,"PIO XII, 5ªA-1º, 07500 Manacor, Illes Balears, España",+34638943177,,,,es,Google reviews: * / None,OPERATIONAL,"('real_estate_agency', 'point_of_interest', 'establishment')",7500.0,,,,,error:no contact info found
inmomallorca,,+34671393881,https://m.facebook.com/story.php?story_fbid=454986466429005&id=100057529664573,,,es,Google reviews: * / None,OPERATIONAL,"('real_estate_agency', 'establishment')",,,,,,error:no contact info found
NIVIC Solutions,"Ronda de Felanitx, 5, 07500 Manacor, Illes Balears, España",+34623959441,https://www.nivicsolutions.com/,,,es,Google reviews: * / None,OPERATIONAL,"('real_estate_agency', 'finance', 'point_of_interest', 'establishment')",7500.0,,,,,error:no contact info found
a-mallorca Inmobiliaria,,,https://a-mallorca.com/,5.0,3.0,es,Google reviews: 5* / 3,OPERATIONAL,"('real_estate_agency', 'establishment')",,+34663848493,,info@a-mallorca.com,,success
INMOBLAVET,,+34628357852,,,,es,Google reviews: * / None,OPERATIONAL,"('real_estate_agency', 'establishment')",,,,,,error:no contact info found
690150552,,+34690150552,https://luxmallorca.com/,,,es,Google reviews: * / None,OPERATIONAL,"('real_estate_agency', 'establishment')",,,,,,error:no contact info found
Dufry Baleares Sl,"Via Portugal, 0, 07500 Manacor, Illes Balears, España",+34607394455,,,,es,Google reviews: * / None,OPERATIONAL,"('real_estate_agency', 'point_of_interest', 'establishment')",7500.0,,,,,error:no contact info found
"Niu Iniciatives, sl","Carrer Bas, 2, 07500 Manacor, Illes Balears, España",+34971559064,,,,es,Google reviews: * / None,OPERATIONAL,"('real_estate_agency', 'point_of_interest', 'establishment')",7500.0,,,,,error:no contact info found
Javier Elennys,,+34695972976,,,,es,Google reviews: * / None,OPERATIONAL,"('real_estate_agency', 'establishment')",,,,,,error:no contact info found
Immobilien und Bau Gutachten,"Mallorca, Plaça de Ramon Llull, 20, 9 dr, 07500 Manacor, Illes Balears, España",+34971461210,http://immobilien-bau-gutachter.com/,,,es,Google reviews: * / None,OPERATIONAL,"('real_estate_agency', 'point_of_interest', 'general_contractor', 'establishment')",7500.0,,,,,error:no contact info found
Verger Inmobiliaria,"Carrer Femenies, 07530 Sant Llorenç des Cardassar, Illes Balears, España",+34607731460,https://www.verger-inmobiliaria.com/,,,es,Google reviews: * / None,OPERATIONAL,"('real_estate_agency', 'point_of_interest', 'establishment')",7530.0,0034607731460,,,,success
GNGRUP,"Carrer d'Es Rebumbori, 2, 07500 Manacor, Illes Balears, España",+34971843308,http://gngrup.com/,4.9,10.0,es,Google reviews: 4.9* / 10,OPERATIONAL,"('real_estate_agency', 'consultant', 'point_of_interest', 'establishment')",7500.0,,,hello@gngrup.com,info@gngrup.com,success
"Casa d'OR, C.B.","07680 Polligrono 13, Parcela 233, 07680 Porto Cristo, Illes Balears, España",,http://www.casa-dor.com/,4.2,5.0,es,Google reviews: 4.2* / 5,OPERATIONAL,"('real_estate_agency', 'point_of_interest', 'establishment')",7680.0,+34607319259,,info@casa-dor.com,,success
Loperon and Company,"Av. Parc, 62, 2c, 07500 Manacor, Illes Balears, España",,https://loperonandcompany.es/,5.0,8.0,es,Google reviews: 5* / 8,OPERATIONAL,"('real_estate_agency', 'point_of_interest', 'establishment')",7500.0,+34682170625,+34675765960,loperonandcompany@gmail.com,,success
Vangelderen Real State,,,https://vginmobiliaria.com/,,,es,Google reviews: * / None,OPERATIONAL,"('real_estate_agency', 'establishment')",,+34971592479,+34640948011,info@vginmobiliaria.com,,success
BELMAR-Real Estate,"Carrer Sant Llorenç, 1, 07530 Sant Llorenç des Cardassar, Illes Balears, España",+34606407986,https://www.belmar-realestate.com/,5.0,15.0,de,Google reviews: 5* / 15,OPERATIONAL,"('real_estate_agency', 'point_of_interest', 'establishment')",7530.0,+3434606407986,,,,success
Immo Selection Mallorca,"Passeig Federico García Lorca, S/N, Local D 4, 07680 Cala Mendia, Illes Balears, España",,http://immo-selection-mallorca.com/es/,4.0,4.0,en,Google reviews: 4* / 4,OPERATIONAL,"('real_estate_agency', 'point_of_interest', 'establishment')",7680.0,+34634339672,,immo-selection-mallorca@outlook.com,,success
Inmobiliaria Sa Porta,,+34666295556,,,,es,Google reviews: * / None,OPERATIONAL,"('real_estate_agency', 'establishment')",,,,,,error:no contact info found
Coworking Minds,"Carrer Vial E, Carrer Ferrers, 1, 07510 Sineu, Illes Balears, España",,https://coworkingminds.com/,5.0,11.0,de,Google reviews: 5* / 11,OPERATIONAL,"('real_estate_agency', 'point_of_interest', 'establishment')",7510.0,+34624075693,,info@coworkingminds.com,,success
Finques Sineu,"Carrer de Llebeig, 11, 07510 Sineu, Illes Balears, España",,https://www.finquessineu.com/,,,es,Google reviews: * / None,OPERATIONAL,"('real_estate_agency', 'point_of_interest', 'establishment')",7510.0,+34690881458,,juan@trobacasa.com,,success
InmoGibert,"Av Rei Jaume II, S/N, 07520 Petra, Illes Balears, España",,https://www.inmogibert.com/,5.0,1.0,es,Google reviews: 5* / 1,OPERATIONAL,"('real_estate_agency', 'point_of_interest', 'establishment')",7520.0,+34640667864,,mgibertmora@gmail.com,hi@homez.com,success
Inmobiliaria Sa Coma,"Avinguda de les Savines, 41, 07560 Sa Coma, Illes Balears, España",,http://www.sacoma.es/,4.8,104.0,es,Google reviews: 4.8* / 104,OPERATIONAL,"('real_estate_agency', 'insurance_agency', 'finance', 'consultant', 'point_of_interest', 'establishment')",7560.0,+34971811758,+34672438292,,,success
Project Caro,"Diseminado Poligono 7, 556, 07530, Illes Balears, España",+491787151344,,5.0,1.0,de,Google reviews: 5* / 1,OPERATIONAL,"('real_estate_agency', 'point_of_interest', 'establishment')",7530.0,,,,,error:no contact info found
Cotesa Inmobiliaria,"Av. Bella Vista, 2, 07560 Cala Millor, Illes Balears, España",+34971587520,https://www.cotesa-mallorca.com/,4.5,8.0,es,Google reviews: 4.5* / 8,OPERATIONAL,"('real_estate_agency', 'point_of_interest', 'establishment')",7560.0,+34971584642,+34971586222,candomenge@cotesa-mallorca.com,,success
Serverina Agencia Inmobiliaria,"Plaça de Sant Joan, 9, 07550 Son Servera, Illes Balears, España",+34658358547,https://www.serverina.es/,5.0,13.0,es,Google reviews: 5* / 13,OPERATIONAL,"('real_estate_agency', 'point_of_interest', 'establishment')",7550.0,,,,,error:no contact info found
Inmobiliaria Propiedades Mallorca,"Carrer des Cos, 66, BAJO, 07550 Son Servera, Illes Balears, España",,https://llevant.homes/,5.0,1.0,es,Google reviews: 5* / 1,OPERATIONAL,"('real_estate_agency', 'point_of_interest', 'establishment')",7550.0,+34656363089,,oficina@llevant.homes,,success
Pic-Brokers Grup Servicios Inmobiliarios,,+34871711369,https://pic-brokers.com/,5.0,1.0,es,Google reviews: 5* / 1,OPERATIONAL,"('real_estate_agency', 'establishment')",,+34871022120,,info@pic-brokers.com,,success
Nofre Plomer Premium Real Estate ,"Carrer Sant Lluc, 16, A, 07579 Colonia de Sant Pere, Illes Balears, España",,http://www.nofreplomerpremium.com/,5.0,3.0,es,Google reviews: 5* / 3,OPERATIONAL,"('real_estate_agency', 'point_of_interest', 'establishment')",7579.0,+34971589159,+34699200129,info@nofreplomerpremium.com,,success
Sieron Real Estate,"Carrer de Montuïri, 07560 Cala Millor, Illes Balears, España",+491755997611,https://www.sieronrealestate.com/,5.0,13.0,de,Google reviews: 5* / 13,OPERATIONAL,"('real_estate_agency', 'point_of_interest', 'establishment')",7560.0,,,,,error:no contact info found
ARTAIMMOBILIEN GESTIONS ESMETRO SL,"C. de Ciutat, 44, local 2, 07570 Artà, Illes Balears, España",,http://www.artaimmobilien.com/,4.8,32.0,es,Google reviews: 4.8* / 32,OPERATIONAL,"('real_estate_agency', 'general_contractor', 'point_of_interest', 'establishment')",7570.0,+34971829731,,info@artaimmobilien.com,,success
Mallorca Property Centre ( None ),,+34618428494,https://www.mpcweb.net/,5.0,1.0,es,Google reviews: 5* / 1,OPERATIONAL,"('real_estate_agency', 'establishment')",,+34971829522,,contact@mpcweb.net,,success
Massa Properties,"Carrer de s'Abeurador, 1, bajos, 07570 Artá, Illes Balears, España",,http://www.massaproperties.com/,4.7,24.0,es,Google reviews: 4.7* / 24,OPERATIONAL,"('real_estate_agency', 'point_of_interest', 'establishment')",7570.0,+34656726626,,,,success
German Homes Mallorca SLU,"Carrer de l'Orquídea, 07579 Betlem, Illes Balears, España",+491784117403,,4.8,5.0,de,Google reviews: 4.8* / 5,OPERATIONAL,"('real_estate_agency', 'point_of_interest', 'establishment')",7579.0,,,,,error:no contact info found
Valdenebro & Spinola Properties,"Av. del Romaní, 101, 07579 Colonia de Sant Pere, Illes Balears, España",+34695136910,,5.0,1.0,es,Google reviews: 5* / 1,OPERATIONAL,"('real_estate_agency', 'point_of_interest', 'establishment')",7579.0,,,,,error:no contact info found
Peroti Agencia Inmobiliaria,"Plaça de Sant Joan, 12, 07550 Son Servera, Illes Balears, España",+34638943177,,,,es,Google reviews: * / None,OPERATIONAL,"('real_estate_agency', 'point_of_interest', 'establishment')",7550.0,,,,,error:no contact info found
Mallorca Immo,"Passeig de la Mar, 61, 07579 Colonia de Sant Pere, Illes Balears, España",,http://www.mallorcaimmo.net/,4.7,3.0,es,Google reviews: 4.7* / 3,OPERATIONAL,"('real_estate_agency', 'point_of_interest', 'establishment')",7579.0,+34647988974,+34607405918,mallorcaimmo@gmail.net,,success
Corn Real Estate,"Carrer Costa i Llobera, 17, 07540 Son Carrió, Illes Balears, España",,https://corn-realestate.com/,5.0,1.0,de,Google reviews: 5* / 1,OPERATIONAL,"('real_estate_agency', 'point_of_interest', 'establishment')",7540.0,+34602576483,,office@corn-realestate.com,,success
Inmobiliaria Q Mallorca,"Inmobiliaria Qmallorca, Av. del Bon Temps, 8, 07560 Cala Millor, Illes Balears, España",,https://qmallorca.com/,4.9,23.0,es,Google reviews: 4.9* / 23,OPERATIONAL,"('real_estate_agency', 'point_of_interest', 'establishment')",7560.0,+34663373791,+34629531646,info@qmallorca.com,,success
Your Mallorca ,"Calle Comellar d'es Tarongers 93, 07559 Son Servera, Illes Balears, España",+34871238177,http://www.yourmallorca.com/,4.7,15.0,es,Google reviews: 4.7* / 15,OPERATIONAL,"('real_estate_agency', 'point_of_interest', 'establishment')",7559.0,+34971816581,+34608892524,info@yourmallorca.com,,success
Ultra Aspire,"Pula Golf Resort Reception, 07550 Son Servera, Illes Balears, España",+34711046049,http://www.ultraaspire.com/,4.7,12.0,en,Google reviews: 4.7* / 12,OPERATIONAL,"('real_estate_agency', 'consultant', 'point_of_interest', 'establishment')",7550.0,,,mallorca@ultraaspire.com,mallorca@ultraaspire.com,success
Schober & Partner,"07550, Av. del Bon Temps, 30, 07560 Son Servera, Illes Balears, España",,http://www.schober-mallorca-immobilien.com/,4.3,24.0,es,Google reviews: 4.3* / 24,OPERATIONAL,"('real_estate_agency', 'point_of_interest', 'establishment')",7550.0,+34971586031,+34971813244,info@schober-partner.com,,success
Sa Torre de Port Verd Inmobiliaria S.L.,"Avenida Juan Servera Camps, 93, Urb. Port Verd, Carrer Comellar Tro, 93, 07559 Son Servera, Illes Balears, España",,https://www.yourmallorca.com/,4.8,6.0,de,Google reviews: 4.8* / 6,OPERATIONAL,"('real_estate_agency', 'point_of_interest', 'establishment')",7559.0,+34971816581,+34608892524,info@yourmallorca.com,,success
Perera & Partner INMOBILIARIA,"Carrer Castellet, 52, 07590 Cala Rajada, Illes Balears, España",,https://perera-partner.com/,4.9,120.0,es,Google reviews: 4.9* / 120,OPERATIONAL,"('real_estate_agency', 'point_of_interest', 'establishment')",7590.0,+34971566256,+34607827480,domingo@perera-partner.com,,success
Immobilienagentur Fincas Bonnin Sanso ,"Av. del Bon Temps, 4, 07560 Cala Millor, Illes Balears, España",+34971587597,http://www.bonninsanso.com/,4.7,25.0,es,Google reviews: 4.7* / 25,OPERATIONAL,"('real_estate_agency', 'point_of_interest', 'establishment')",7560.0,0034971350405,0034971482200,,,success
FINQUES ILLES,"Calle J, Av. Joan Servera Camps, 37, 07560 Cala Millor, Illes Balears, España",+34661575048,http://finquesilles.es/,4.0,15.0,es,Google reviews: 4* / 15,OPERATIONAL,"('real_estate_agency', 'point_of_interest', 'establishment')",7560.0,,,,,error:no contact info found
Costa Los Pinos real estate,"Av. del Pinar, 26, 07559 Son Servera, Illes Balears, España",,http://coast-co.com/,4.5,11.0,es,Google reviews: 4.5* / 11,OPERATIONAL,"('real_estate_agency', 'point_of_interest', 'establishment')",7559.0,+34679556484,,,,success
NowHouse,,,https://nowhouse.es/,4.7,3.0,es,Google reviews: 4.7* / 3,OPERATIONAL,"('real_estate_agency', 'establishment')",,+34633909572,,,,success
Graf Mallorca Inmobiliaria,"Avda. Des bon Temps 8, 07560 Cala Millor, Illes Balears, España",+34629531644,,5.0,1.0,de,Google reviews: 5* / 1,OPERATIONAL,"('real_estate_agency', 'point_of_interest', 'establishment')",7560.0,,,,,error:no contact info found
Inmosolidary,"Plaça de Sant Joan, 12, 07550 Son Servera, Illes Balears, España",+34638943177,https://inmosolidary.com/,1.0,1.0,es,Google reviews: 1* / 1,OPERATIONAL,"('real_estate_agency', 'point_of_interest', 'establishment')",7550.0,,,,,error:no contact info found
Divine House Mallorca,"Carrer de s'Auba, 14, 07580 Capdepera, Illes Balears, España",,https://divinehousemallorca.com/,5.0,9.0,es,Google reviews: 5* / 9,OPERATIONAL,"('real_estate_agency', 'point_of_interest', 'establishment')",7580.0,+34607934440,,info@divinehousemallorca.com,,success
Blaumallorca Cala Millor,"Carrer des Prat, 1, 07560 Cala Millor, Illes Balears, España",+34625952042,http://www.blaumallorca.com/,4.7,13.0,es,Google reviews: 4.7* / 13,OPERATIONAL,"('real_estate_agency', 'point_of_interest', 'establishment')",7560.0,+34659075326,+34691463121,info@blaumallorca.com,dunia@blaumallorca.com,success
Sa Canova Associats Inmobiliaría ,"Carrer de les Parres, 86, 07570 Artà, Illes Balears, España",+34971829505,https://inmosacanova.com/,5.0,3.0,en,Google reviews: 5* / 3,OPERATIONAL,"('real_estate_agency', 'point_of_interest', 'establishment')",7570.0,,,,,error:no contact info found
Perfect Properties Mallorca S.L.,"Avinguda de Costa i Llobera, 46, 07570 Artá, Illes Balears, España",+34971836494,http://www.perfect-properties-mallorca.com/,5.0,2.0,en,Google reviews: 5* / 2,OPERATIONAL,"('real_estate_agency', 'point_of_interest', 'establishment')",7570.0,0034971836494,,regina.ferreira@perfect-properties-mallorca.com,,success
Mallorca Dream Immobilien,"Av des, Av. del Bon Temps, 5, 07560 Cala Millor, Illes Balears, España",+34629531644,https://www.mallorca-dream.eu/es/index_0__1_sp1_1.html,4.4,13.0,en,Google reviews: 4.4* / 13,OPERATIONAL,"('real_estate_agency', 'point_of_interest', 'establishment')",7560.0,0034629531644,0034971820510,grafmallorcadream@gmail.com,,success
Mallorca Serveis ( 07560 ),"Avinguda de les Savines, 41, 07560 Sa Coma, Illes Balears, España",+34660427047,http://mallorcaserveis.com/,4.2,5.0,es,Google reviews: 4.2* / 5,OPERATIONAL,"('real_estate_agency', 'point_of_interest', 'establishment')",7560.0,,,,,error:no contact info found
"Portobello Properties, S.L.","Av. Magnolia, 26, 07559 Son Servera, Illes Balears, España",+34693001758,http://portobellomallorca.com/,,,es,Google reviews: * / None,OPERATIONAL,"('real_estate_agency', 'point_of_interest', 'establishment')",7559.0,+34639765853,+34639001758,info@portobellomallorca.com,,success
Vivancos Gestión Inmobiliaria,"Carrer de Vicenç Joan i Rosselló, 44, Ponent, 07013 Palma, Illes Balears, España",,http://www.inmobiliariavivancos.com/,4.1,18.0,es,Google reviews: 4.1* / 18,OPERATIONAL,"('real_estate_agency', 'point_of_interest', 'establishment')",7013.0,+34971919194,,vivancos01@inmobiliariavivancos.com,,success
Sa Punta Comunidad De Bienes,"Carretera Cala Bona, 0, Km 0001 0, 07559 Costa dels Pins, Illes Balears, España",+34971585537,,,,es,Google reviews: * / None,OPERATIONAL,"('real_estate_agency', 'point_of_interest', 'establishment')",7559.0,,,,,error:no contact info found
Mallorca Rooms Cala Millor,"Carrer de la Dàlia, 22, 07560 Cala Millor, Illes Balears, España",+34648000746,https://mallorca-rooms-cala-millor.hotelescuatroestrellas.website/,2.6,64.0,es,Google reviews: 2.6* / 64,OPERATIONAL,"('real_estate_agency', 'point_of_interest', 'establishment')",7560.0,,,,,error:no contact info found
Can Mallorca,,+34687092717,,3.0,1.0,es,Google reviews: 3* / 1,OPERATIONAL,"('real_estate_agency', 'establishment')",,,,,,error:no contact info found
grupo celaneo s.l,"Carrer Platja, 12, 07560 Cala Millor, Illes Balears, España",+34971814185,,,,es,Google reviews: * / None,OPERATIONAL,"('real_estate_agency', 'point_of_interest', 'establishment')",7560.0,,,,,error:no contact info found
Immobalear ,"Carrer Lluc 87, 07687 S'Illot-Cala Morlanda, Illes Balears, España",+34660770665,http://www.immobalear.net/,3.0,1.0,de,Google reviews: 3* / 1,OPERATIONAL,"('real_estate_agency', 'point_of_interest', 'establishment')",7687.0,+34621024481,,,,success
FINCA-SCOUT,"Apartado de Correso, 161, 07560 Son Servera, Illes Balears, España",+34672113142,,,,es,Google reviews: * / None,OPERATIONAL,"('real_estate_agency', 'point_of_interest', 'establishment')",7560.0,,,,,error:no contact info found
Schumacher Immobilien Consulting,"Carrer des Camps, 28, 07550 Son Servera, Illes Balears, España",+34971568013,,,,de,Google reviews: * / None,OPERATIONAL,"('real_estate_agency', 'point_of_interest', 'establishment')",7550.0,,,,,error:no contact info found
Immo search Mallorca,"C. de Ciutat, 36, 07570 Artà, Illes Balears, España",+34637373210,http://www.immo-search-mallorca.de/,4.3,6.0,en,Google reviews: 4.3* / 6,OPERATIONAL,"('real_estate_agency', 'point_of_interest', 'establishment')",7570.0,,,,,error:no contact info found
de Haas & Partner,"C. de Ciutat, 21, 07570 Artà, Illes Balears, España",,http://www.dehaas-immobilien.com/,5.0,22.0,de,Google reviews: 5* / 22,OPERATIONAL,"('real_estate_agency', 'consultant', 'point_of_interest', 'establishment')",7570.0,+34971836972,,info@dehaas-immobilien.com,,success
Balearic Island Property Mallorca,"Carrer de son Servera, 16, 07570 Artà, Illes Balears, España",+34971829574,,4.0,1.0,es,Google reviews: 4* / 1,OPERATIONAL,"('real_estate_agency', 'point_of_interest', 'establishment')",7570.0,,,,,error:no contact info found
solyfincas,"Carrer de Josep Melià i Pericàs, 32, 07570 Artà, Illes Balears, España",+34971562059,,,,es,Google reviews: * / None,OPERATIONAL,"('real_estate_agency', 'point_of_interest', 'establishment')",7570.0,,,,,error:no contact info found
Pascual Associats,"Avinguda de Costa i Llobera, 18, 07570 Artá, Illes Balears, España",,http://www.immopascual.com/,3.6,7.0,ca,Google reviews: 3.6* / 7,OPERATIONAL,"('real_estate_agency', 'point_of_interest', 'establishment')",7570.0,+34971852238,+34649672554,info@immopascual.com,,success
Idealisla,"Carrer de Montserrat Blanes, 21, 07570 Artà, Illes Balears, España",,http://idealisla.com/,4.0,1.0,ca,Google reviews: 4* / 1,OPERATIONAL,"('real_estate_agency', 'point_of_interest', 'establishment')",7570.0,,,,,error:no contact info found
DAHLER Mallorca Artà,"Carrer de Montserrat Blanes, 21, 07570 Artà, Illes Balears, España",,http://www.dahler.com/arta,,,es,Google reviews: * / None,OPERATIONAL,"('real_estate_agency', 'point_of_interest', 'establishment')",7570.0,+34871252985,,mallorca-northeast@dahler.com,,success
ImmobilienArta,"Carrer de Lleò XIII, 7, 07500 Manacor, Illes Balears, España",+34971835951,http://www.immobilienarta.com/,5.0,3.0,es,Google reviews: 5* / 3,OPERATIONAL,"('real_estate_agency', 'point_of_interest', 'establishment')",7500.0,,,,,error:no contact info found
Domizil C.B.,"Avinguda de Costa i Llobera, 76, 07570 Artá, Illes Balears, España",+34971829239,,,,es,Google reviews: * / None,OPERATIONAL,"('real_estate_agency', 'point_of_interest', 'establishment')",7570.0,,,,,error:no contact info found
Moll Vicens S L,"Carrer de Montserrat Blanes, 5, 07570 Artà, Illes Balears, España",+34971835577,,,,es,Google reviews: * / None,OPERATIONAL,"('real_estate_agency', 'point_of_interest', 'establishment')",7570.0,,,,,error:no contact info found
Trespalmeras Mallorca,"C, Carrer de Santa Margalida, 65, 07570 Artà, Illes Balears, España",+34648886235,,,,es,Google reviews: * / None,OPERATIONAL,"('real_estate_agency', 'point_of_interest', 'establishment')",7570.0,,,,,error:no contact info found
Schober Partner S L,"Carrer de la Creu, 7, 07570 Artà, Illes Balears, España",+34971586031,,,,es,Google reviews: * / None,OPERATIONAL,"('real_estate_agency', 'point_of_interest', 'establishment')",7570.0,,,,,error:no contact info found
Mallorca passion,"Cruce de ses coves buzón 105, 07589 Capdepera, Illes Balears, España",+34678794800,,3.5,4.0,es,Google reviews: 3.5* / 4,OPERATIONAL,"('real_estate_agency', 'point_of_interest', 'establishment')",7589.0,,,,,error:no contact info found
Ca Na Carmen ,"Carrer Sant Joan, 15, 07579 Colonia de Sant Pere, Illes Balears, España",+34616718361,,,,es,Google reviews: * / None,OPERATIONAL,"('real_estate_agency', 'point_of_interest', 'establishment')",7579.0,,,,,error:no contact info found
Kitz Global Living,"Carrer de Sant Pere, 46, 4, 07579 Colonia de Sant Pere, Illes Balears, España",,http://www.kitz-global-living.de/,,,de,Google reviews: * / None,OPERATIONAL,"('real_estate_agency', 'point_of_interest', 'establishment')",7579.0,+34648112984,,info@kitz-global-living.com,,success
INMOBILIARIA DOSAGUI,"Carrer de Juan Sebastián Elcano, &, Carrer Castellet, 15, 07590 Cala Rajada, Illes Balears, España",,http://www.dosagui.com/,3.6,94.0,es,Google reviews: 3.6* / 94,OPERATIONAL,"('real_estate_agency', 'point_of_interest', 'establishment')",7590.0,+34971563999,+34651889721,dosaguisl@gmail.com,,success
IMMOSUR,"Calle Leonor Servera, numero 9, local 2, c.p:, 07590 Cala Rajada, Illes Balears, España",,http://immosur.es/,4.4,11.0,es,Google reviews: 4.4* / 11,OPERATIONAL,"('real_estate_agency', 'point_of_interest', 'establishment')",7590.0,+34635825207,,info@immosur.es,,success
Novar Properties,"Carrer des Port, 9, 07580 Capdepera, Illes Balears, España",+34617849041,http://www.trinumdomos.com/,4.3,10.0,es,Google reviews: 4.3* / 10,OPERATIONAL,"('real_estate_agency', 'general_contractor', 'point_of_interest', 'establishment')",7580.0,+34971566553,,,,success
GestPropiedad Cala Ratjada,"Carrer d'Elionor Servera, 13, 07590 Cala Rajada, Illes Balears, España",+34971778759,https://www.gestpropiedad.com/calaratjada,5.0,4.0,es,Google reviews: 5* / 4,OPERATIONAL,"('real_estate_agency', 'point_of_interest', 'establishment')",7590.0,+34600886384,,info@gestpropiedad.com,,success
PALMER MALLORCA PROPERTIES,"Carrer de sa Font, 3, 07580 Capdepera, Illes Balears, España",,http://www.palmer-mallorca-properties.com/,,,es,Google reviews: * / None,OPERATIONAL,"('real_estate_agency', 'point_of_interest', 'establishment')",7580.0,+34971547140,+34666401943,lpalmer@palmer-mallorca-properties.com,,success
Neubaufinca,"Poligono 3, Parcela 234, 07580 Capdepera, Illes Balears, España",+34696755650,http://www.wellnessfinca.de/,,,de,Google reviews: * / None,OPERATIONAL,"('real_estate_agency', 'point_of_interest', 'establishment')",7580.0,+34601987259,,info@wellnessfinca.de,,success
Coral Blau,"Av. Juan Carlos I, 24, 07580 Capdepera, Illes Balears, España",,https://coralblau.com/,,,es,Google reviews: * / None,OPERATIONAL,"('real_estate_agency', 'point_of_interest', 'establishment')",7580.0,+34629924061,,info@coralblau.com,,success
Business Balear Mallorca S.L.,"Polígon Fusters, 12, 07580 Capdepera, Illes Balears, España",+34971566196,,,,es,Google reviews: * / None,OPERATIONAL,"('real_estate_agency', 'point_of_interest', 'establishment')",7580.0,,,,,error:no contact info found
Ars Vivendi inmobiliari,"Carrer Magallanes, 47, 07590 Mallorca, Illes Balears, España",,http://arsvivendi-mallorca.com/,4.0,4.0,es,Google reviews: 4* / 4,OPERATIONAL,"('real_estate_agency', 'point_of_interest', 'establishment')",7590.0,+34655872000,,,,success
Don Quijote C B,"Calle Leonor Servera, 37, Carrer d'Elionor Servera, 29, 07590 Cala Rajada, Illes Balears, España",+34971563394,,3.0,1.0,es,Google reviews: 3* / 1,OPERATIONAL,"('real_estate_agency', 'point_of_interest', 'establishment')",7590.0,,,,,error:no contact info found
Cap Vermell Estate,"Carrer B, 07589, Illes Balears, España",,https://www.capvermellestate.com/,5.0,4.0,es,Google reviews: 5* / 4,OPERATIONAL,"('real_estate_agency', 'point_of_interest', 'establishment')",7589.0,+34871811911,,info@grupocapvermell.com,,success
Banana Partner S L,"Via Mallorca, 0, 07590 Cala Rajada, Illes Balears, España",+34971588823,,,,es,Google reviews: * / None,OPERATIONAL,"('real_estate_agency', 'point_of_interest', 'establishment')",7590.0,,,,,error:no contact info found
Son Mas De La Marina,"Via Costa i Llobera, 107, 07589 Capdepera, Illes Balears, España",+34971816601,,,,es,Google reviews: * / None,OPERATIONAL,"('real_estate_agency', 'point_of_interest', 'establishment')",7589.0,,,,,error:no contact info found
Am Capdepera S.L.,"07590 Capdepera, Illes Balears, España",+34677049756,,,,es,Google reviews: * / None,OPERATIONAL,"('real_estate_agency', 'point_of_interest', 'establishment')",7590.0,,,,,error:no contact info found
Francisca Díez Orpí,"Carrer d'Elionor Servera, 82, 07590 Cala Rajada, Illes Balears, España",+34971563465,,,,es,Google reviews: * / None,OPERATIONAL,"('real_estate_agency', 'point_of_interest', 'establishment')",7590.0,,,,,error:no contact info found
Gz Inmobilien,"Carrer Tramuntana, 07590 Cala Lliteres, Illes Balears, España",+34676787757,,,,es,Google reviews: * / None,OPERATIONAL,"('real_estate_agency', 'point_of_interest', 'establishment')",7590.0,,,,,error:no contact info found
Inmosenna ,"C/ de la Llibertat, 35, Ponent, 07013 Palma, Illes Balears, España",+34971911919,http://inmosenna.com/,3.9,135.0,es,Google reviews: 3.9* / 135,OPERATIONAL,"('real_estate_agency', 'point_of_interest', 'finance', 'establishment')",7013.0,,,,,error:no contact info found
FOCUS Real Estate,"Carrer de la Xalana, 54, A, 07609 Llucmajor, Illes Balears, España",+34648606819,,5.0,2.0,en,Google reviews: 5* / 2,OPERATIONAL,"('real_estate_agency', 'point_of_interest', 'establishment')",7609.0,,,,,error:no contact info found
Porta Mallorquina Real Estate,"Ronda de Migjorn, 115, 07620 Llucmajor, Illes Balears, España",,https://www.porta-mallorquina.de/,3.9,13.0,de,Google reviews: 3.9* / 13,OPERATIONAL,"('real_estate_agency', 'point_of_interest', 'establishment')",7620.0,+34971698242,,info@portamallorquina.com,,success
KENSINGTON Finest Properties International  ( 07620 ),"Ronda de Migjorn, 76, 07620 Llucmajor, Illes Balears, España",,https://kensington-llucmajor.com/,4.6,5.0,de,Google reviews: 4.6* / 5,OPERATIONAL,"('real_estate_agency', 'point_of_interest', 'establishment')",7620.0,+34971660731,,,,success
José Vallejo González,"Carrer d'Andorra, 6, 07609 Llucmajor, Illes Balears, España",+34971260002,,5.0,2.0,es,Google reviews: 5* / 2,OPERATIONAL,"('real_estate_agency', 'point_of_interest', 'establishment')",7609.0,,,,,error:no contact info found
First Invest Mallorca,"Carrer de Júpiter, 32, 07609 Mallorca, Illes Balears, España",+34971748781,http://firstinvestmallorca.com/,5.0,3.0,es,Google reviews: 5* / 3,OPERATIONAL,"('real_estate_agency', 'point_of_interest', 'establishment')",7609.0,,,,,error:no contact info found
MALLORCA RUSDOM,"Carrer d'Andorra, 26, 07609 Llucmajor, Illes Balears, España",+34620819758,http://mallorcarusdom.com/,3.0,3.0,es,Google reviews: 3* / 3,OPERATIONAL,"('real_estate_agency', 'point_of_interest', 'establishment')",7609.0,,,,,error:no contact info found
Villa Luna,"Carrer de Sevilla, 5, 07609 Sa Torre, Illes Balears, España",,https://www.panchorentals.es/,3.7,3.0,es,Google reviews: 3.7* / 3,OPERATIONAL,"('real_estate_agency', 'point_of_interest', 'establishment')",7609.0,+34661775020,+34664320928,panchorentals@gmail.com,panchorentalsadm@gmail.com,success
EDIFICIO MAJOR,"CALLE BISBE ROIG, HISPANIDAT, 07620 Llucmajor, Illes Balears, España",+34672038408,http://edificiomajor.com/,,,es,Google reviews: * / None,OPERATIONAL,"('real_estate_agency', 'point_of_interest', 'establishment')",7620.0,,,,,error:no contact info found
Globalia Activos Inmobiliarios S.A.,"Carrer de Son Noguera, 07620 Llucmajor, Illes Balears, España",+34971664724,,,,es,Google reviews: * / None,OPERATIONAL,"('real_estate_agency', 'point_of_interest', 'establishment')",7620.0,,,,,error:no contact info found
BLUE designio & promocion S.L.U.,"Carrer del Galió, 9, 07609 Llucmajor, Illes Balears, España",+34871237896,http://bluedesignio.com/,,,es,Google reviews: * / None,OPERATIONAL,"('real_estate_agency', 'consultant', 'point_of_interest', 'establishment')",7609.0,,,,,error:no contact info found
Freedays Mallorca,,,https://www.freedaysmallorca.com/,5.0,10.0,es,Google reviews: 5* / 10,OPERATIONAL,"('real_estate_agency', 'establishment')",,+34647803580,+34637559269,info@freedaysmallorca.com,freedaysmallorca@gmail.com,success
Promociones Prats García,"Carrer Santa Càndida, 10, 07620 Llucmajor, Illes Balears, España",+34971120674,,,,es,Google reviews: * / None,OPERATIONAL,"('real_estate_agency', 'point_of_interest', 'establishment')",7620.0,,,,,error:no contact info found
Booking Balear,"Ronda de Migjorn, 12, 07620 Llucmajor, Illes Balears, España",+34971121009,,,,es,Google reviews: * / None,OPERATIONAL,"('real_estate_agency', 'point_of_interest', 'establishment')",7620.0,,,,,error:no contact info found
Immo Dream Mallorca,"Ronda de Migjorn, 113, 07620 Llucmajor, Illes Balears, España",+34628874459,https://www.immodreammallorca.com/,,,de,Google reviews: * / None,OPERATIONAL,"('real_estate_agency', 'point_of_interest', 'establishment')",7620.0,,,,,error:no contact info found
Antonio Monserrat Salvà,"Carrer del Bisbe Taixequet, 1, 07620 Llucmajor, Illes Balears, España",+34971660834,,,,es,Google reviews: * / None,OPERATIONAL,"('real_estate_agency', 'point_of_interest', 'establishment')",7620.0,,,,,error:no contact info found
Finca Amiqueta,"Ctra. s'Estanyol, 3, 07620 Llucmajor, Illes Balears, España",+34687520191,,,,es,Google reviews: * / None,OPERATIONAL,"('real_estate_agency', 'point_of_interest', 'establishment')",7620.0,,,,,error:no contact info found
Graf Bernadotte Immobilien,"Ronda de Migjorn, 64, 07620 Llucmajor, Illes Balears, España",+34871240592,https://graf-bernadotte-immo.de/kontakt/,,,de,Google reviews: * / None,OPERATIONAL,"('real_estate_agency', 'point_of_interest', 'establishment')",7620.0,+34640349917,+491743233322,kontakt@graf-bernadotte-immo.de,,success
Smart Living Mallorca,"07620 Llucmajor, Illes Balears, España",,https://www.smartlivingmallorca.com/,,,es,Google reviews: * / None,OPERATIONAL,"('real_estate_agency', 'point_of_interest', 'establishment')",7620.0,+34971685566,+34971669284,info@smartlivingmallorca.com,,success
Ch Gestió C.B,"Carrer de Jaume I, 55, 07630 Campos, Illes Balears, España",+34971651415,https://www.chgestio.com/,4.6,64.0,es,Google reviews: 4.6* / 64,OPERATIONAL,"('real_estate_agency', 'point_of_interest', 'establishment')",7630.0,,,,,error:no contact info found
Inmobiliaria Campos,"C/ de Santanyí, 15, 07630 Campos, Illes Balears, España",+34636302202,http://www.inmobiliariacampos.com/,5.0,2.0,es,Google reviews: 5* / 2,OPERATIONAL,"('real_estate_agency', 'point_of_interest', 'establishment')",7630.0,,,,,error:no contact info found
DE PRADA & MOYA Abogados ( 07630 ),"Carrer d'Antoni Maura, 2A, 07630 Campos, Illes Balears, España",+34617672105,https://depradamoya-realestate.com/,,,es,Google reviews: * / None,OPERATIONAL,"('real_estate_agency', 'consultant', 'point_of_interest', 'establishment')",7630.0,+34971623516,+34638307085,,,success
180 Inmobiliaria,"Carrer del Nord, 14, 07630 Campos, Illes Balears, España",,https://180inmobiliaria.es/,,,es,Google reviews: * / None,OPERATIONAL,"('real_estate_agency', 'point_of_interest', 'establishment')",7630.0,+34674856900,+34871856907,info@180inmobiliaria.es,,success
Casas & Cosas Real Estate,"Carrer Nou, 30, 07630 Campos, Illes Balears, España",+34607462461,,5.0,1.0,es,Google reviews: 5* / 1,OPERATIONAL,"('real_estate_agency', 'point_of_interest', 'establishment')",7630.0,,,,,error:no contact info found
Casa Holanda,"Carrer Nou, 30, 07630 Campos, Illes Balears, España",,http://www.casa-holanda.com/,4.2,5.0,nl,Google reviews: 4.2* / 5,OPERATIONAL,"('real_estate_agency', 'point_of_interest', 'establishment')",7630.0,+34660183767,+34613504722,info@casa-holanda.com,,success
Serveis Sa Pleta,"Camí Vell de Ciutat, 23, 07630 Campos, Illes Balears, España",+34971160514,,5.0,2.0,es,Google reviews: 5* / 2,OPERATIONAL,"('real_estate_agency', 'point_of_interest', 'establishment')",7630.0,,,,,error:no contact info found
Immallo,"Camí vell, de ciutat, 23, 07630 Campos, Illes Balears, España",,http://www.immallo.com/,,,es,Google reviews: * / None,OPERATIONAL,"('real_estate_agency', 'point_of_interest', 'establishment')",7630.0,+34690287537,,info@immallo.com,,success
MD Immobilien Projekte,"Carrer de ses Sitges, 1, 07630 Campos, Illes Balears, España",+34971160429,http://www.md-immoprojekte.com/,5.0,9.0,de,Google reviews: 5* / 9,OPERATIONAL,"('real_estate_agency', 'point_of_interest', 'establishment')",7630.0,,,,,error:no contact info found
Messerschmidt Homes,"Carrer de Plaça, 18, 07630 Campos, Illes Balears, España",+34601909753,http://www.messerschmidthomes.com/,5.0,8.0,ca,Google reviews: 5* / 8,OPERATIONAL,"('real_estate_agency', 'point_of_interest', 'establishment')",7630.0,+34871251271,,info@messerschmidthomes.com,,success
Fincas Casas Mallorca,"Carrer de Sant Blai, 10, 07630 Campos, Illes Balears, España",+34605549197,,,,es,Google reviews: * / None,OPERATIONAL,"('real_estate_agency', 'point_of_interest', 'establishment')",7630.0,,,,,error:no contact info found
Inmo Conspro J.Guillen,"C/ de Santanyí, 20, 07630 Campos, Illes Balears, España",+34663565709,,,,es,Google reviews: * / None,OPERATIONAL,"('real_estate_agency', 'point_of_interest', 'establishment')",7630.0,,,,,error:no contact info found
Immobiliària Sa Parada,"Carrer del Nord, 8, 07630 Campos, Illes Balears, España",+34971652225,,,,es,Google reviews: * / None,OPERATIONAL,"('real_estate_agency', 'point_of_interest', 'establishment')",7630.0,,,,,error:no contact info found
Magnolia Antic Living,"07630 Campos, Illes Balears, España",+34629884524,,,,es,Google reviews: * / None,OPERATIONAL,"('real_estate_agency', 'point_of_interest', 'establishment')",7630.0,,,,,error:no contact info found
REMAX Exclusive Collection,"Carrer Batle Andreu Burguera Mut, 3, 07640 Ses Salines, Illes Balears, España",+34660990707,,,,es,Google reviews: * / None,OPERATIONAL,"('real_estate_agency', 'point_of_interest', 'establishment')",7640.0,,,,,error:no contact info found
Inmobiliaria Bellacasa Mallorca,"Plaça Sant Bartomeu, 16, 07640 Ses Salines, Illes Balears, España",,http://www.bella-casa.com/,5.0,8.0,es,Google reviews: 5* / 8,OPERATIONAL,"('real_estate_agency', 'point_of_interest', 'establishment')",7640.0,+34662644104,,vw@bella-casa.com,,success
Inmobiliaria Cala Gaviota ,"Carrer Batle Andreu Burguera Mut, 8, 07640 Ses Salines, Illes Balears, España",,http://www.calagaviota.com/,5.0,9.0,es,Google reviews: 5* / 9,OPERATIONAL,"('real_estate_agency', 'point_of_interest', 'establishment')",7640.0,+34971655722,+34971649094,inmo@calagaviota.com,sessalines@calagaviota.com,success
Azur Mallorca Immobilien,"Av. de Miramar, 68, 07639 Sa Ràpita, Illes Balears, España",,https://www.azur-mallorca.com/,4.4,21.0,de,Google reviews: 4.4* / 21,OPERATIONAL,"('real_estate_agency', 'consultant', 'point_of_interest', 'establishment')",7639.0,+34971641505,,info@azur-mallorca.com,,success
Trauminsel ferien,,,https://www.trauminselferien.com/,5.0,28.0,es,Google reviews: 5* / 28,OPERATIONAL,"('real_estate_agency', 'establishment')",,+34630593219,,info@trauminselferien.com,,success
Globalty Mallorca Homes,,+34638956534,,,,es,Google reviews: * / None,OPERATIONAL,"('real_estate_agency', 'establishment')",,,,,,error:no contact info found
Real Estate Mallorca,"Carrer Romeo i Julieta, 17, 07638 Colònia de Sant Jordi, Illes Balears, España",+34663559502,,,,ca,Google reviews: * / None,OPERATIONAL,"('real_estate_agency', 'point_of_interest', 'establishment')",7638.0,,,,,error:no contact info found
INMOBILIARIA INMOBALEAR PISOS Y CASAS EN COLONIA DE SANT JORDI,"Esquina C/ Delfín (Junto a farmacia, Av. Marquès del Palmer, 8, 07638 Colònia de Sant Jordi, Illes Balears, España",+34971655764,,,,es,Google reviews: * / None,OPERATIONAL,"('real_estate_agency', 'point_of_interest', 'establishment')",7638.0,,,,,error:no contact info found
Edificaciones Gudiño2005,"Plaça Mare de Déu, 7, 07638 Colònia de Sant Jordi, Illes Balears, España",,https://www.edificaciones2005.com/,5.0,3.0,es,Google reviews: 5* / 3,OPERATIONAL,"('real_estate_agency', 'point_of_interest', 'establishment')",7638.0,+34690730400,+34669856360,direccion@edificaciones2005.com,oficina@edificaciones2005.com,success
Bona Obra,"Carrer Gabriel Roca, 49, 07638 Colònia de Sant Jordi, Illes Balears, España",+34971655445,,,,es,Google reviews: * / None,OPERATIONAL,"('real_estate_agency', 'point_of_interest', 'establishment')",7638.0,,,,,error:no contact info found
Cala Pí Homes,"Local 3, Carrer Penyes, 9, 07639 Cala Pi, Illes Balears, España",+4969506028298,,3.5,11.0,es,Google reviews: 3.5* / 11,OPERATIONAL,"('real_estate_agency', 'consultant', 'general_contractor', 'point_of_interest', 'establishment')",7639.0,,,,,error:no contact info found
GRÖTSCH Immobilien ,"Carrer Sitjar, 17, 07640 Ses Salines, Illes Balears, España",+34871253273,https://www.groetsch-immobilien.com/,5.0,2.0,de,Google reviews: 5* / 2,OPERATIONAL,"('real_estate_agency', 'point_of_interest', 'establishment')",7640.0,+49086382096737,,office@groetsch-immobilien.com,,success
DC Property,"Carrer de la Tintorera, 05, 07639 Sa Ràpita, Illes Balears, España",,http://dcp-mallorca.com/,5.0,3.0,de,Google reviews: 5* / 3,OPERATIONAL,"('real_estate_agency', 'point_of_interest', 'establishment')",7639.0,+34696615093,,cetin.yarar@dcp-mallorca.com,contact@dcp-mallorca.com,success
Jerome Ledin Inmobiliaria S.L.,"Carrer del Bisbe Verger, 5, 07650 Santanyí, Illes Balears, España",,https://www.jl-immobilien.de/,4.7,16.0,es,Google reviews: 4.7* / 16,OPERATIONAL,"('real_estate_agency', 'consultant', 'general_contractor', 'point_of_interest', 'establishment')",7650.0,+34651100182,,info@jl-inmobiliaria.es,dpd.cliente@conversia.es,success
Eurotalaier World ,"Carrer es Mollet, 24, 07640 Ses Salines, Illes Balears, España",+34678482451,https://eurotalaier.es/,,,es,Google reviews: * / None,OPERATIONAL,"('real_estate_agency', 'general_contractor', 'point_of_interest', 'establishment')",7640.0,,,,,error:no contact info found
Mallorca Immobilien Guide,"Carrer de F. Juníper Serra, 6, 07690 Es Llombards, Illes Balears, España",+34971649413,https://www.mallorca-immobilien-guide.de/,5.0,7.0,en,Google reviews: 5* / 7,OPERATIONAL,"('real_estate_agency', 'point_of_interest', 'establishment')",7690.0,,,,,error:no contact info found
AM Inmobiliaria Mallorca,"Carrer del Bisbe Verger, 28, 07650 Santanyí, Illes Balears, España",,http://www.am-inmobiliaria.com/,3.7,3.0,de,Google reviews: 3.7* / 3,OPERATIONAL,"('real_estate_agency', 'point_of_interest', 'establishment')",7650.0,+34971642096,,,,success
LINDACASAS Mallorca Langzeitmiete,"Carrer de ses Escoles, 11, 07690 Mallorca, Illes Balears, España",+34971163173,https://www.lindacasas.net/,4.2,51.0,en,Google reviews: 4.2* / 51,OPERATIONAL,"('real_estate_agency', 'point_of_interest', 'establishment')",7690.0,0034606598446,0034971163173,linda@lindacasas.net,,success
MCR Mallorca Immobilien,"Islas, Carrer de la Mar, 22, 07650 Santanyí, Illes Balears, España",+34971163293,http://www.mcr-mallorca.com/,4.8,65.0,es,Google reviews: 4.8* / 65,OPERATIONAL,"('real_estate_agency', 'point_of_interest', 'establishment')",7650.0,+34677013576,,mcr@mcr-mallorca.com,,success
First Mallorca Santanyi,"Plaça de la Constitució, 15, 07650 Santanyí, Illes Balears, España",+34871599980,https://www.firstmallorca.com/,4.6,9.0,en,Google reviews: 4.6* / 9,OPERATIONAL,"('real_estate_agency', 'point_of_interest', 'establishment')",7650.0,+34971007007,,,,success
Inmobiliaria ivent S.L.,"Carrer des Rafalet, 3, 07650 Santanyí, Illes Balears, España",,https://www.ivent.es/,4.9,8.0,de,Google reviews: 4.9* / 8,OPERATIONAL,"('real_estate_agency', 'point_of_interest', 'establishment')",7650.0,+34971642003,,,,success
REMAX Drac Mallorca,"Plaça Major, 11, 07650 Santanyí, Illes Balears, España",+34971654300,http://www.remaxdrac.es/,4.5,10.0,es,Google reviews: 4.5* / 10,OPERATIONAL,"('real_estate_agency', 'point_of_interest', 'establishment')",7650.0,,,,,error:no contact info found
HGM House and Property Service Mallorca,"Poligono, 4, 07690 Es Llombards, Illes Balears, España",+34634383834,,,,es,Google reviews: * / None,OPERATIONAL,"('real_estate_agency', 'point_of_interest', 'establishment')",7690.0,,,,,error:no contact info found
Casa & Co immobilien Santanyí,"Carrer del Bisbe Verger, 1, 07650 Santanyí, Illes Balears, España",+34971642200,https://casa-and-co.com/,4.4,5.0,es,Google reviews: 4.4* / 5,OPERATIONAL,"('real_estate_agency', 'point_of_interest', 'establishment')",7650.0,,,,,error:no contact info found
MONTEMAR FERIENIMMOBILIEN,"Carrer de Felanitx, 46, 07650 Santanyí, Illes Balears, España",+34971772197,https://www.montemar-immobilien.de/,4.7,25.0,de,Google reviews: 4.7* / 25,OPERATIONAL,"('real_estate_agency', 'point_of_interest', 'establishment')",7650.0,+34/971772197,,,,success
"J.Burguera, S.L.","Plaça Major, 11, 07650 Santanyí, Illes Balears, España",,http://www.santanyi.net/,,,es,Google reviews: * / None,OPERATIONAL,"('real_estate_agency', 'point_of_interest', 'establishment')",7650.0,+34971654300,,info@santanyi.net,,success
Palazzino Living ,"Carrer del Bisbe Verger, 5, 07650 Santanyí, Illes Balears, España",,https://www.palazzino-living.com/,5.0,4.0,de,Google reviews: 5* / 4,OPERATIONAL,"('real_estate_agency', 'consultant', 'point_of_interest', 'establishment')",7650.0,+34971653404,,info@palazzino-living.com,,success
Engel & Völkers Santanyí,"Plaza Mayor, 18, 07650 Santanyí, Illes Balears, España",+34971642101,https://www.engelvoelkers.com/es/en/mallorca/regions/mallorca-south-east-where-authentic-living-meets-lasting-value,4.8,39.0,de,Google reviews: 4.8* / 39,OPERATIONAL,"('real_estate_agency', 'finance', 'consultant', 'point_of_interest', 'establishment')",7650.0,+34900747281,,spain.dp@engelvoelkers.com,,success
Messerschmidt Homes S.L.,"Carrer de Cas Majoral, 12, 07650 Santanyí, Illes Balears, España",+34601909753,http://www.messerschmidthomes.com/,5.0,1.0,es,Google reviews: 5* / 1,OPERATIONAL,"('real_estate_agency', 'point_of_interest', 'establishment')",7650.0,+34871251271,,,,success
Petra Pekna Real Estate S.L.,"Carrer Verge del Carme, 52, 07659 Cala Figuera, Illes Balears, España",,https://www.petrapekna.com/,5.0,8.0,es,Google reviews: 5* / 8,OPERATIONAL,"('real_estate_agency', 'point_of_interest', 'establishment')",7659.0,+34871532007,,,,success
Obres Can Metles Sl,"Carrer de Sant Andreu, 1, 07650 Santanyí, Illes Balears, España",,http://canmetles.com/,4.0,2.0,es,Google reviews: 4* / 2,OPERATIONAL,"('real_estate_agency', 'point_of_interest', 'establishment')",7650.0,+34609626510,,canmetles@gmail.com,,success
Traces Immobilien Mallorca,"Carrer d'en Sebastia Vila, 9, 11 A-4600 E, 07650 Santanyí, Illes Balears, España",+436767193202,,,,es,Google reviews: * / None,OPERATIONAL,"('real_estate_agency', 'point_of_interest', 'establishment')",7650.0,,,,,error:no contact info found
MPM Construcción y Administración,"Carrer d'en Llaneras, 28, 07650 Santanyí, Illes Balears, España",+34649883249,http://www.mpmmallorca.com/,,,es,Google reviews: * / None,OPERATIONAL,"('real_estate_agency', 'local_government_office', 'government_office', 'general_contractor', 'point_of_interest', 'establishment')",7650.0,0034971164331,0034649883249,imono@mpmallorca.com,,success
SUSCRÍBIR BOLETÍN,"Carrer d'es Tulipa, 12, 07690 Cala Llombards, Illes Balears, España",+34962821509,http://premiumpropertyagents.com/contactos,,,es,Google reviews: * / None,OPERATIONAL,"('real_estate_agency', 'point_of_interest', 'establishment')",7690.0,+34642413220,,info@premiumpropertyagents.com,,success
Proyectos Santanyi SL,"Carrer Fra Romeu Burguera, 14, 07650 Santanyí, Illes Balears, España",,https://www.proyectos-santanyi.com/,4.5,2.0,es,Google reviews: 4.5* / 2,OPERATIONAL,"('real_estate_agency', 'general_contractor', 'point_of_interest', 'establishment')",7650.0,+34630294610,+34971642245,oficina@proyectos-santanyi.com,,success
ISLA PASSIÓ ,"Carrer la Marina, 29, 07659 Cala Figuera, Illes Balears, España",+34680265785,https://isla-passio.com/,5.0,2.0,de,Google reviews: 5* / 2,OPERATIONAL,"('real_estate_agency', 'consultant', 'point_of_interest', 'establishment')",7659.0,,,,,error:no contact info found
Damián Burguera Pons,"Carrer Cova des Drac, 15, 07659 Cala Santanyí, Illes Balears, España",+34971165569,,,,es,Google reviews: * / None,OPERATIONAL,"('real_estate_agency', 'point_of_interest', 'establishment')",7659.0,,,,,error:no contact info found
Investa Real Estate,"Plaça Eivissa, 29, 07660 Santanyí, Illes Balears, España",+34971657124,,3.4,5.0,de,Google reviews: 3.4* / 5,OPERATIONAL,"('real_estate_agency', 'point_of_interest', 'establishment')",7660.0,,,,,error:no contact info found
Inmobiliaria Best d'Or Estates,"Carrer d'Ariel, 19, 07660 Cala D'or, Illes Balears, España",+34971643776,http://www.bestdorestates.com/,5.0,55.0,es,Google reviews: 5* / 55,OPERATIONAL,"('real_estate_agency', 'point_of_interest', 'establishment')",7660.0,+34616450381,,bestdorestates@gmail.com,,success
Baes Inmobiliaria y Inversiones,"Av. d'en Fernando Tarragó, 29, Bajos, 07660 Cala D'or, Illes Balears, España",,https://www.baesrealestate.com/,5.0,11.0,es,Google reviews: 5* / 11,OPERATIONAL,"('real_estate_agency', 'point_of_interest', 'establishment')",7660.0,+34603768947,,info@baesrealestate.com,,success
Baxson S.L.,"Avinguda de Cala Llonga, 323, 07660 Cala D'or, Illes Balears, España",,http://www.baxson.com/,4.8,46.0,en,Google reviews: 4.8* / 46,OPERATIONAL,"('real_estate_agency', 'point_of_interest', 'establishment')",7660.0,+34670442601,+34670248542,info@baxson.com,,success
Inmobiliaria Domus,"Carrer d'Ariel, 34, 07660 Cala D'or, Illes Balears, España",,http://www.domuscalador.com/,4.4,25.0,es,Google reviews: 4.4* / 25,OPERATIONAL,"('real_estate_agency', 'point_of_interest', 'establishment')",7660.0,+34639287680,,domuscalador@gmail.com,,success
Pegels & Partner,"Carrer d'Ariel, 36, 07660 Santanyí, Illes Balears, España",+34971861806,https://www.pegels-partner.com/?utm_source=GMBlisting&utm_medium=organic,4.8,66.0,es,Google reviews: 4.8* / 66,OPERATIONAL,"('real_estate_agency', 'point_of_interest', 'establishment')",7660.0,+34694488144,+34621185071,info@pegels-partner.com,p.meyer@pegels-partner.com,success
Open d'Or Properties,"Mallorca Avinguda d´es Benviguts, Esquina con, Carrer d'Ariel, 21, Local 1, 07660 Cala D'or, Illes Balears, España",,https://www.opendorproperties.com/,4.4,14.0,es,Google reviews: 4.4* / 14,OPERATIONAL,"('real_estate_agency', 'insurance_agency', 'lodging', 'point_of_interest', 'establishment')",7660.0,+34971657254,,info@opendorproperties.com,,success
Mallorca Property Immobilien,"Carrer de sa Vinya, 10, 07660 Cala D'or, Illes Balears, España",+34971648640,http://www.baxson.com/,4.0,1.0,de,Google reviews: 4* / 1,OPERATIONAL,"('real_estate_agency', 'point_of_interest', 'establishment')",7660.0,,,,,error:no contact info found
Mallorca Hidden Treasures,"Av. d'en Fernando Tarragó, 23, 07660 Cala D'or, Illes Balears, España",+34677067901,,,,es,Google reviews: * / None,OPERATIONAL,"('real_estate_agency', 'point_of_interest', 'establishment')",7660.0,,,,,error:no contact info found
Delphine Cerisier ,,+34611448797,https://www.safti.es/tu-asesor-safti/delphine-cerisier,,,es,Google reviews: * / None,OPERATIONAL,"('real_estate_agency', 'establishment')",,,,,,error:no contact info found
Living on Mallorca ,"Carrer de les Barques, 21, 07670 Portocolom, Illes Balears, España",+34971825509,,5.0,1.0,de,Google reviews: 5* / 1,OPERATIONAL,"('real_estate_agency', 'point_of_interest', 'establishment')",7670.0,,,,,error:no contact info found
beHOME Mallorca,"Carrer d'EnTogores, 2, 07670 Portocolom, Illes Balears, España",,https://www.behome-mallorca.com/,4.0,8.0,es,Google reviews: 4* / 8,OPERATIONAL,"('real_estate_agency', 'point_of_interest', 'establishment')",7670.0,+34971064989,,,,success
Tony Martinez Inmobiliaria Portocolom,"Carrer d'En Cristòfor Colom, 1, 07670 Portocolom, Illes Balears, España",,http://www.immobilien-portocolom.com/,4.9,24.0,es,Google reviews: 4.9* / 24,OPERATIONAL,"('real_estate_agency', 'point_of_interest', 'establishment')",7670.0,+34971825918,+34619984114,info@immobilien-portocolom.com,,success
adrover i bonet Inmobiliaria,"Carrer Isaac Albéniz, 2, 07669 Calonge, Illes Balears, España",,http://www.adroveribonet.com/,,,es,Google reviews: * / None,OPERATIONAL,"('real_estate_agency', 'point_of_interest', 'establishment')",7669.0,+34971826200,+34609633813,mail@adroveribonet.com,,success
Confianza Inmuebles Baleares,"Carrer del Dofí, 14, 07670 Portocolom, Illes Balears, España",+34646202263,,5.0,1.0,es,Google reviews: 5* / 1,OPERATIONAL,"('real_estate_agency', 'point_of_interest', 'establishment')",7670.0,,,,,error:no contact info found
"Fincas A. Juan, S.L.","Carrer de l'Assumpció, 4, 07670 Portocolom, Illes Balears, España",+34626251647,http://fincasajuan.com/,4.2,24.0,es,Google reviews: 4.2* / 24,OPERATIONAL,"('real_estate_agency', 'point_of_interest', 'establishment')",7670.0,0034626251647,0034971825300,fincas.ajuan@gmail.com,,success
Lighthouse Living Immobilien Portocolom,"Carrer de la Santa Maria, 48, Local 4, 07670 Portocolom, Illes Balears, España",,http://lighthouse-living.com/,4.6,8.0,es,Google reviews: 4.6* / 8,OPERATIONAL,"('real_estate_agency', 'point_of_interest', 'establishment')",7670.0,+34971824384,,home@lighthouse-living.com,,success
Lidia Ponce de León,"Carrer de la Fotja, 07670 Portocolom, Illes Balears, España",+34649175677,,5.0,7.0,es,Google reviews: 5* / 7,OPERATIONAL,"('real_estate_agency', 'point_of_interest', 'establishment')",7670.0,,,,,error:no contact info found
SM HOLIDAY PROPERTIES SLU,"Rda. Miquel Massutí Alzamora, 07670 Portocolom, Illes Balears, España",+34638455158,https://property.svetlanamallorca.com/,4.0,4.0,es,Google reviews: 4* / 4,OPERATIONAL,"('real_estate_agency', 'point_of_interest', 'establishment')",7670.0,,,,,error:no contact info found
Immobilien Porto Colom SBM Schaak,"Carrer d'es Pescador, 15, 07670 Portocolom, Illes Balears, España",+34971826064,https://www.immobilienportocolom.de/,4.8,45.0,es,Google reviews: 4.8* / 45,OPERATIONAL,"('real_estate_agency', 'point_of_interest', 'establishment')",7670.0,,,,,error:no contact info found
Immobilien PORTO COLOM My Mallorca Real Estate,"Carrer del Port de Palos, 53, 07670 Portocolom, Illes Balears, España",+34672752567,http://www.my-mallorca.de/,,,de,Google reviews: * / None,OPERATIONAL,"('real_estate_agency', 'point_of_interest', 'establishment')",7670.0,,,,,error:no contact info found
Brigitte Herrmann Inmobiliaria,"Carrer de Lepanto, 5, 07670 Portocolom, Illes Balears, España",,http://www.brigitteherrmann.com/,4.6,10.0,de,Google reviews: 4.6* / 10,OPERATIONAL,"('real_estate_agency', 'consultant', 'point_of_interest', 'establishment')",7670.0,+34696467568,,,,success
IPC Real Estate Portocolom,"Carrer del Port de Palos, 3, 07670 Portocolom, Illes Balears, España",+34971824074,,3.9,7.0,es,Google reviews: 3.9* / 7,OPERATIONAL,"('real_estate_agency', 'point_of_interest', 'establishment')",7670.0,,,,,error:no contact info found
Porto Colom Travel Agency,"Carrer de la Gavina, 11, 07670 Portocolom, Illes Balears, España",+34971825300,http://www.fincasajuan.com/,4.5,2.0,es,Google reviews: 4.5* / 2,OPERATIONAL,"('real_estate_agency', 'point_of_interest', 'establishment')",7670.0,0034626251647,0034971825300,fincas.ajuan@gmail.com,,success
Mallorca One S.L.,"Carrer del Vapor Santueri, 37, 07670 Portocolom, Illes Balears, España",+34971825941,,5.0,2.0,es,Google reviews: 5* / 2,OPERATIONAL,"('real_estate_agency', 'point_of_interest', 'establishment')",7670.0,,,,,error:no contact info found
KingButler,"calle asuncion, 4, 07670 Portocolom, Illes Balears, España",+34641505495,https://www.king-butler.com/,,,es,Google reviews: * / None,OPERATIONAL,"('real_estate_agency', 'point_of_interest', 'establishment')",7670.0,,,,,error:no contact info found
Puerto Colón Nautic,"Carrer dels Pescadors, 19, 07670 Portocolom, Illes Balears, España",+34971825527,,4.8,8.0,es,Google reviews: 4.8* / 8,OPERATIONAL,"('real_estate_agency', 'point_of_interest', 'establishment')",7670.0,,,,,error:no contact info found
Antonio Juan Garcías,"Carrer de l'Assumpció, 4, 07670 Portocolom, Illes Balears, España",+34971825300,,,,es,Google reviews: * / None,OPERATIONAL,"('real_estate_agency', 'point_of_interest', 'establishment')",7670.0,,,,,error:no contact info found
infocasacolom,,,https://immobilien-portocolom.com/de/,,,es,Google reviews: * / None,OPERATIONAL,"('real_estate_agency', 'establishment')",,+34971825918,+34619984114,info@immobilien-portocolom.com,,success
FairMallorca,"Carrer dels Germans Pinzon, 1, 07680 Porto Cristo, Illes Balears, España",+34688959191,https://fair-mallorca.com/main-contactenos.htm,5.0,1.0,ca,Google reviews: 5* / 1,OPERATIONAL,"('real_estate_agency', 'point_of_interest', 'establishment')",7680.0,,,,,error:no contact info found
Mallorca Living & More S.L.,"C/ Cuevas, 9, 07680 Porto Cristo, Illes Balears, España",+34672113143,https://www.living-mallorca.com/,,,de,Google reviews: * / None,OPERATIONAL,"('real_estate_agency', 'art_gallery', 'point_of_interest', 'establishment')",7680.0,,,,,error:no contact info found
portocristofineproperties,"Carrer des Velatxo, 1, 07680 Porto Cristo, Illes Balears, España",+34615402948,https://www.portocristofineproperties.com/,,,en,Google reviews: * / None,OPERATIONAL,"('real_estate_agency', 'point_of_interest', 'establishment')",7680.0,,,,,error:no contact info found
Ocean Breeze Realty,,+34633529814,https://oceanbreezerealtymallorca.com/,,,es,Google reviews: * / None,OPERATIONAL,"('real_estate_agency', 'establishment')",,,,,,error:no contact info found
Mallorca-Marbella-Estates,"Carrer les Dàlies, 07689 Romàntica, Illes Balears, España",+34681133880,http://mallorca-marbella-estates.com/,,,es,Google reviews: * / None,OPERATIONAL,"('real_estate_agency', 'point_of_interest', 'establishment')",7689.0,,,,,error:no contact info found
Aci Gmbh,"Carrer Tessàlia, 15, 07688 Cala Murada, Illes Balears, España",+34693661577,http://www.aci-mallorca.de/,5.0,1.0,es,Google reviews: 5* / 1,OPERATIONAL,"('real_estate_agency', 'point_of_interest', 'establishment')",7688.0,,,,,error:no contact info found
Casa Domingos,"Carrer de Cala Domingos, 167, 07689 Cales de Mallorca, Illes Balears, España",+491784979794,http://casadomingos.com/,5.0,1.0,de,Google reviews: 5* / 1,OPERATIONAL,"('real_estate_agency', 'point_of_interest', 'establishment')",7689.0,,,,,error:no contact info found
IMAGINE BALEAR,"Carrer de Sant Roc, 2, 07691 S'Alqueria Blanca, Illes Balears, España",+34686347605,,,,es,Google reviews: * / None,OPERATIONAL,"('real_estate_agency', 'point_of_interest', 'establishment')",7691.0,,,,,error:no contact info found
Chalet son Remei,"Carrer Capricorn de son Remei, 4, 07713 Sant Lluís, Illes Balears, España",+34682249587,https://www.airbnb.es/rooms/1397081880802565791?guests=1&adults=1&s=67&unique_share_id=e6e28570-3925-46f8-b848-b207c1129760,5.0,1.0,es,Google reviews: 5* / 1,OPERATIONAL,"('real_estate_agency', 'point_of_interest', 'establishment')",7713.0,+34,,,,success
Island and Home,"Carrer de Xaloc, 6, 07730 Cala en Porter, Illes Balears, España",,http://www.islandandhome.com/,4.7,66.0,en,Google reviews: 4.7* / 66,OPERATIONAL,"('real_estate_agency', 'point_of_interest', 'establishment')",7730.0,+34971378737,+34669646027,info@islandandhome.com,,success
INMOBILIARIA MENORCA ( 07730 ),"Passeig Marítim, 15, 07730 Cala en Porter, Illes Balears, España",+34971355708,http://www.inmobiliariamenorca.com/,4.0,3.0,es,Google reviews: 4* / 3,OPERATIONAL,"('real_estate_agency', 'insurance_agency', 'lodging', 'finance', 'consultant', 'point_of_interest', 'establishment')",7730.0,0034609651585,,,,success
Engel & Völkers Menorca Real Estate ,"Avinguda de Jaume I el Conqueridor, 58, 07760 Ciutadella de Menorca, Illes Balears, España",+34971179700,http://www.engelvoelkers.com/menorca,4.6,29.0,es,Google reviews: 4.6* / 29,OPERATIONAL,"('real_estate_agency', 'consultant', 'point_of_interest', 'establishment')",7760.0,+34900747281,,spain.dp@engelvoelkers.com,,success
Riera Rossello,"Avinguda de Fort de l'Eau, 44, 07701 Maó, Illes Balears, España",,https://www.rierarossello.com/,,,es,Google reviews: * / None,OPERATIONAL,"('real_estate_agency', 'point_of_interest', 'establishment')",7701.0,+34971376568,+34636972890,info@sommenorca.es,,success
ImmoStyle Menorca. Agencia inmobiliaria en Menorca. Real Estate Menorca,"Camí de Binifamís, S/N, 07730 Alaior, Illes Balears, España",,https://www.immostyle-menorca.com/,4.9,8.0,es,Google reviews: 4.9* / 8,OPERATIONAL,"('real_estate_agency', 'point_of_interest', 'establishment')",7730.0,+34689493757,,,,success
Fincas Gomila – Agencia Inmobiliaria en Menorca,"Carrer des Ramal, 6, A, 07730 Alaior, Illes Balears, España",,http://fincasgomila.com/,4.8,16.0,es,Google reviews: 4.8* / 16,OPERATIONAL,"('real_estate_agency', 'point_of_interest', 'establishment')",7730.0,+34675091805,+34605106984,carlos@fincasgomila.com,,success
Agencia Inmobiliaria Menorquina,"Av. del Pare Huguet, 64, 07730 Alaior, Illes Balears, España",+34971371499,,5.0,1.0,es,Google reviews: 5* / 1,OPERATIONAL,"('real_estate_agency', 'finance', 'consultant', 'general_contractor', 'point_of_interest', 'establishment')",7730.0,,,,,error:no contact info found
FINCAS NOVA,"Carrer des Ramal, 27, 07730 Alaior, Illes Balears, España",,http://www.fincasnova.com/,4.9,16.0,es,Google reviews: 4.9* / 16,OPERATIONAL,"('real_estate_agency', 'point_of_interest', 'establishment')",7730.0,+34971371300,+34659941643,,,success
FINCAS CARDONA,"Plaça des Ramal, 25, 07730 Alaior, Illes Balears, España",+34971378888,https://www.fincascardona.com/,4.3,27.0,es,Google reviews: 4.3* / 27,OPERATIONAL,"('real_estate_agency', 'consultant', 'general_contractor', 'point_of_interest', 'establishment')",7730.0,,,,,error:no contact info found
Casas en Menorca - Alaior,"Carrer des Ramal, 77, 07730 Alaior, Illes Balears, España",+34971363300,https://www.casasenmenorca.com/es/,4.9,8.0,es,Google reviews: 4.9* / 8,OPERATIONAL,"('real_estate_agency', 'point_of_interest', 'establishment')",7730.0,,,,,error:no contact info found
TDJL & Partners Realestate ,,,https://www.realestate-tdjlandpartners.com/,5.0,2.0,fr,Google reviews: 5* / 2,OPERATIONAL,"('real_estate_agency', 'finance', 'establishment')",,+33609171336,+34638945192,,,success
Inmobiliaria Vidal Menorca,"Av. de la Mar, 28A, 07749 Es Migjorn Gran, Illes Balears, España",+34971370202,https://www.vidalmenorca.com/,4.7,15.0,es,Google reviews: 4.7* / 15,OPERATIONAL,"('real_estate_agency', 'point_of_interest', 'establishment')",7749.0,,,,,error:no contact info found
INMOBILIARIA MENORCA DJ SANTOS,"Calle Romaní, 3B, 07740 Arenal d'en Castell, Illes Balears, España",,https://www.djsantos.es/,5.0,15.0,es,Google reviews: 5* / 15,OPERATIONAL,"('real_estate_agency', 'point_of_interest', 'establishment')",7740.0,,,,,error:no contact info found
Menorca Holiday Home,"Playa Son Bou, Local X-38, 07730 Son Bou, Illes Balears, España",+34608941340,http://menorcaholidayhome.com/,4.8,6.0,es,Google reviews: 4.8* / 6,OPERATIONAL,"('real_estate_agency', 'point_of_interest', 'establishment')",7730.0,,,,,error:no contact info found
Binilau Menorca,"Carrer de Bellamirada, 8, 07730 San Jaime Mediterráneo, Illes Balears, España",+34682540654,http://www.binilau.com/,4.9,17.0,es,Google reviews: 4.9* / 17,OPERATIONAL,"('real_estate_agency', 'lodging', 'point_of_interest', 'establishment')",7730.0,,,,,success
Menorca 2001,"Carrer de Mallorca, 8, 07730 Alaior, Illes Balears, España",+34971371013,,,,es,Google reviews: * / None,OPERATIONAL,"('real_estate_agency', 'point_of_interest', 'establishment')",7730.0,,,,,error:no contact info found
MenorcaLand,,+34630416455,http://www.menorcaland.com/,5.0,1.0,es,Google reviews: 5* / 1,OPERATIONAL,"('real_estate_agency', 'establishment')",,,,,,error:no contact info found
Inmobiliaria Fincas Bonnin Sansó ,"Av. Vía Ronda de Ses Costes, 4, 07740 Es Mercadal, Illes Balears, España",+34971154168,http://www.bonninsanso.com/,3.7,9.0,en,Google reviews: 3.7* / 9,OPERATIONAL,"('real_estate_agency', 'point_of_interest', 'establishment')",7740.0,0034971350405,0034971482200,,,success
Coves Noves - Menorca,"Carrer des Baladres, 22, 07740 Es Mercadal, Illes Balears, España",+34934122872,https://www.coves-noves.com/,4.5,23.0,es,Google reviews: 4.5* / 23,OPERATIONAL,"('real_estate_agency', 'point_of_interest', 'establishment')",7740.0,,,,,error:no contact info found
Menorva Servicios Inmobiliarios S.A.,"Urbanización Playas de Fornells, Tramontana I, 110, 07748 Playas de Fornells -Es Mercadal, Illes Balears, España",+34971376755,,3.0,2.0,es,Google reviews: 3* / 2,OPERATIONAL,"('real_estate_agency', 'point_of_interest', 'establishment')",7748.0,,,,,error:no contact info found
MenorcaLand.com,"Avinguda del Dr. Llansó, 49, 07740 Menorca, Illes Balears, España",+34630416455,,,,es,Google reviews: * / None,OPERATIONAL,"('real_estate_agency', 'point_of_interest', 'establishment')",7740.0,,,,,error:no contact info found
Sa Caseta Servicios Inmobiliarios,"Carrer E, 07748 Platges de Fornells, Illes Balears, España",,http://www.sacasetademenorca.es/,4.1,11.0,ca,Google reviews: 4.1* / 11,OPERATIONAL,"('real_estate_agency', 'point_of_interest', 'establishment')",7748.0,+34971376561,+34687853333,info@sacasetademenorca.es,,success
FINCAS SERRA,"Carrer Mallorca, 32, 07750 Ferreries, Illes Balears, España",,http://www.fincasserra.com/,4.5,4.0,es,Google reviews: 4.5* / 4,OPERATIONAL,"('real_estate_agency', 'point_of_interest', 'establishment')",7750.0,+34971155275,+34620939979,,,success
Menorca Maravilla properties s.l,"Carrer Villa Pepa, 23, 07750 Ferreries, Illes Balears, España",,http://www.menorcamaravilla.com/,5.0,6.0,es,Google reviews: 5* / 6,OPERATIONAL,"('real_estate_agency', 'point_of_interest', 'establishment')",7750.0,+34611683278,,recepcion@menorcamaravilla.com,,success
Hommed,"Carrer D, 5, 07748 Platges de Fornells, Illes Balears, España",,https://hommmed.com/,5.0,8.0,es,Google reviews: 5* / 8,OPERATIONAL,"('real_estate_agency', 'consultant', 'point_of_interest', 'establishment')",7748.0,+34662961804,,hello@hommmed.com,,success
Prestaciones Integrales Agrupadas,"Pl. Ses Palmeres, 14, 07740 Es Mercadal, Illes Balears, España",+34971358109,http://prestacions.com/,,,es,Google reviews: * / None,OPERATIONAL,"('real_estate_agency', 'point_of_interest', 'establishment')",7740.0,0034971358109,0034696499432,info@prestacions.com,,success
Finques I Pisos Ferreries,"Carrer Mallorca, 40, 07750 Ferreries, Illes Balears, España",+34971373126,,1.0,1.0,es,Google reviews: 1* / 1,OPERATIONAL,"('real_estate_agency', 'point_of_interest', 'establishment')",7750.0,,,,,error:no contact info found
MenorcaInmo,"C. Goya, 18, BAJOS 1º, 07750 Ferreries, Illes Balears, España",+34628478032,,,,es,Google reviews: * / None,OPERATIONAL,"('real_estate_agency', 'point_of_interest', 'establishment')",7750.0,,,,,error:no contact info found
Inmobiliaria Pons Morales,"Carrer Major des Born, 7 Bis, 07760 Ciutadella de Menorca, Illes Balears, España",,http://www.ponsmorales.com/,4.7,84.0,es,Google reviews: 4.7* / 84,OPERATIONAL,"('real_estate_agency', 'finance', 'point_of_interest', 'establishment')",7760.0,+34971384225,+34650796036,morales@ponsmorales.com,,success
MENORCA IN PERSON ,"Passeig de Sant Nicolau, 61, 07760 Ciutadella de Menorca, Illes Balears, España",,https://www.menorcainperson.com/,5.0,112.0,es,Google reviews: 5* / 112,OPERATIONAL,"('real_estate_agency', 'consultant', 'point_of_interest', 'establishment')",7760.0,+34971382848,+34634531050,ventas@menorcainperson.com,,success
FINCAS LLONGA'S ,"Avinguda de Jaume I el Conqueridor, 89, 07760 Ciutadella de Menorca, Illes Balears, España",,http://www.fincasllongas.com/,4.1,33.0,es,Google reviews: 4.1* / 33,OPERATIONAL,"('real_estate_agency', 'consultant', 'point_of_interest', 'establishment')",7760.0,+34971385202,,,,success
Inmobiliaria Artrutx,"Avinguda de la Constitució, 7, 07760 Ciudadela de Menorca, Illes Balears, España",,http://www.inmobiliariaartrutx.com/,4.6,115.0,es,Google reviews: 4.6* / 115,OPERATIONAL,"('real_estate_agency', 'point_of_interest', 'establishment')",7760.0,+34971380971,+34619362578,info@inmobiliariaartrutx.com,,success
Inmobiliaria Anglada,"Carrer de la Murada d'Artrutx, 2, 07760 Ciutadella de Menorca, Illes Balears, España",+34971383476,,4.0,4.0,es,Google reviews: 4* / 4,OPERATIONAL,"('real_estate_agency', 'point_of_interest', 'establishment')",7760.0,,,,,error:no contact info found
Inmobiliaria Fincas Bonnin Sansó Ciutadella,"Avinguda de Jaume I el Conqueridor, 72, 07760 Ciutadella de Menorca, Illes Balears, España",+34971482200,https://www.bonninsanso.com/,4.2,54.0,es,Google reviews: 4.2* / 54,OPERATIONAL,"('real_estate_agency', 'point_of_interest', 'establishment')",7760.0,0034971350405,0034971482200,,,success
Inmobiliaria RED Premium Real Estate  ( 07760 ),"Carrer de la Murada d'Artrutx, 13, 07760 Ciutadella de Menorca, Illes Balears, España",+34871775505,https://www.redpremium.es/,5.0,1.0,es,Google reviews: 5* / 1,OPERATIONAL,"('real_estate_agency', 'point_of_interest', 'establishment')",7760.0,+34971888018,,info@redpremium.es,,success
Finques Torres Inmobiliaria,"Carrer de Sant Isidre, 40, 07760 Ciutadella de Menorca, Illes Balears, España",+34653106624,https://www.finquestorres.net/,4.8,15.0,es,Google reviews: 4.8* / 15,OPERATIONAL,"('real_estate_agency', 'point_of_interest', 'establishment')",7760.0,0034653106624,0034613011426,,,success
Top Menorca,,,http://www.topmenorca.es/,4.9,18.0,es,Google reviews: 4.9* / 18,OPERATIONAL,"('real_estate_agency', 'establishment')",,+34649939674,,hello@topmenorca.es,,success
Fincas Ciutadella,"Avinguda de Jaume I el Conqueridor, 101, Bajos, 07760 Ciudadela de Menorca, Illes Balears, España",+34871026948,http://www.fincasciutadella.com/,4.2,30.0,es,Google reviews: 4.2* / 30,OPERATIONAL,"('real_estate_agency', 'point_of_interest', 'establishment')",7760.0,+34695136684,,info@fincasciutadella.com,alquileres@fincasciutadella.com,success
Fincas Seminari,"Plaça Nova, 3, 07760 Ciutadella de Menorca, Illes Balears, España",+34971484629,http://www.fincasseminari.com/,4.3,24.0,es,Google reviews: 4.3* / 24,OPERATIONAL,"('real_estate_agency', 'point_of_interest', 'establishment')",7760.0,+34902877192,,infofincasseminari@gmail.com,dpo.cliente@conversia.es,success
Solroda,"Carrer d'Alaior, 32, BAJO, 07760 Ciutadella de Menorca, Illes Balears, España",,https://solrodainmobiliaria.com/,4.5,4.0,es,Google reviews: 4.5* / 4,OPERATIONAL,"('real_estate_agency', 'point_of_interest', 'establishment')",7760.0,+34971481108,+34661940599,juanantonio.solroda@outlook.com,,"error:too many offices, not giving contacts to avoid misunderstanding"
Inmobiliaria Camps Bosch,"Plaça d'Artrutx, 11, 07760 Ciutadella de Menorca, Illes Balears, España",,https://inmocampsbosch.com/,4.6,28.0,es,Google reviews: 4.6* / 28,OPERATIONAL,"('real_estate_agency', 'lawyer', 'consultant', 'point_of_interest', 'establishment')",7760.0,+34971383115,+34609518598,inmocampsbosch@gmail.com,ventascampsbosch@gmail.com,success
Fincas Cala,"Carrer de la Pau, 9, 07760 Ciutadella de Menorca, Illes Balears, España",,https://www.fincascala.com/,5.0,5.0,es,Google reviews: 5* / 5,OPERATIONAL,"('real_estate_agency', 'point_of_interest', 'establishment')",7760.0,+34971482316,,info@fincascala.com,,success
Alfa Inmobiliaria S.L.,"Carrer de ses Parres, 25, 07760 Ciutadella de Menorca, Illes Balears, España",+34971385113,http://www.fincasalfamenorca.com/,5.0,2.0,es,Google reviews: 5* / 2,OPERATIONAL,"('real_estate_agency', 'point_of_interest', 'establishment')",7760.0,,,,,error:no contact info found
Sol Naixent Inmobiliaria Menorca,"Carrer de Sant Eloi, 13, 07760 Ciutadella de Menorca, Illes Balears, España",,http://www.solnaixent.com/,,,es,Google reviews: * / None,OPERATIONAL,"('real_estate_agency', 'general_contractor', 'point_of_interest', 'establishment')",7760.0,+34669520455,+34690734314,info@solnaixent.com,,success
Finques Toni Serra,"Carrer de Sant Isidre, 46, 07760 Ciutadella de Menorca, Illes Balears, España",,https://www.finquestoniserra.com/,5.0,2.0,es,Google reviews: 5* / 2,OPERATIONAL,"('real_estate_agency', 'point_of_interest', 'establishment')",7760.0,+34629254371,,,,success
Villas in Menorca,"Carrer de València, 22, 07760 Ciutadella de Menorca, Illes Balears, España",+34602491493,http://www.villasinmenorca.co.uk/,,,de,Google reviews: * / None,OPERATIONAL,"('real_estate_agency', 'point_of_interest', 'establishment')",7760.0,,,,,success
Lucas Fox — A Dils company,"Carrer del Roser, 13, Bajos, 07760 Ciudadela de Menorca, Illes Balears, España",+34971484121,https://www.lucasfox.com/property/spain/menorca.html?utm_medium=organic&utm_source=google&utm_campaign=mybusiness_menorca,4.6,27.0,es,Google reviews: 4.6* / 27,OPERATIONAL,"('real_estate_agency', 'finance', 'consultant', 'point_of_interest', 'establishment')",7760.0,+34933562989,,info@lucasfox.com,pr@lucasfox.com,success
EPL En Primera Linea,"Avinguda del Capità Negrete, 8, 07760 Ciutadella de Menorca, Illes Balears, España",,https://www.enprimeralinea.immo/,4.7,12.0,es,Google reviews: 4.7* / 12,OPERATIONAL,"('real_estate_agency', 'point_of_interest', 'establishment')",7760.0,+34680159897,,,,success
Maryline Paez,"Carrer de la Puríssima, 9, 07760 Ciutadella de Menorca, Illes Balears, España",+34687543164,http://marylinepaez.com/,5.0,2.0,es,Google reviews: 5* / 2,OPERATIONAL,"('real_estate_agency', 'point_of_interest', 'establishment')",7760.0,,,,,error:no contact info found
Inmobiliaria IAMO,"Carrer de Sant Onofre, 1, 07760 Ciutadella de Menorca, Illes Balears, España",+34971481321,,5.0,1.0,es,Google reviews: 5* / 1,OPERATIONAL,"('real_estate_agency', 'point_of_interest', 'establishment')",7760.0,,,,,error:no contact info found
HSH Luxury Real Estate ,"Carrer de Sant Sebastià, n° 16, 07760 Ciutadella de Menorca, Illes Balears, España",+34658689702,https://www.highstandinghouse.com/propiedades,5.0,6.0,es,Google reviews: 5* / 6,OPERATIONAL,"('real_estate_agency', 'point_of_interest', 'establishment')",7760.0,,,,,error:no contact info found
Casas en Menorca - Ciutadella,"Carrer de Sant Pere d'Alcàntara, 46, 07760 Ciutadella de Menorca, Illes Balears, España",+34971380637,https://www.casasenmenorca.com/es/,5.0,5.0,es,Google reviews: 5* / 5,OPERATIONAL,"('real_estate_agency', 'point_of_interest', 'establishment')",7760.0,,,,,error:no contact info found
Inmobiliaria Sa Caseta,"Carrer de Sant Isidre, 19b, 07760 Ciutadella de Menorca, Illes Balears, España",+34639633975,http://www.sacasetademenorca.es/en/,3.3,4.0,es,Google reviews: 3.3* / 4,OPERATIONAL,"('real_estate_agency', 'point_of_interest', 'establishment')",7760.0,+34971376561,+34687853333,info@sacasetademenorca.es,,success
Blanca de Olivar Real Estate,"Carrer de Santa Clara, 15, 07760 Ciutadella de Menorca, Illes Balears, España",,https://blancadeolivar.com/,,,es,Google reviews: * / None,OPERATIONAL,"('real_estate_agency', 'point_of_interest', 'establishment')",7760.0,+34616077242,,,,success
Grupo Portal Menorca  ( 07760 ),"Passeig de Sant Nicolau, 61, 07760 Ciutadella de Menorca, Illes Balears, España",,https://portalmenorca.com/,5.0,2.0,es,Google reviews: 5* / 2,OPERATIONAL,"('real_estate_agency', 'point_of_interest', 'establishment')",7760.0,+34971351221,,info@portalmenorca.com,,success
Zenhousecredit,"Avinguda de Jaume I el Conqueridor, 69, 07760 Ciutadella de Menorca, Illes Balears, España",,http://zenhouse.es/,2.8,6.0,es,Google reviews: 2.8* / 6,OPERATIONAL,"('real_estate_agency', 'point_of_interest', 'establishment')",7760.0,+34971382577,+34665885233,info@zenhousecredit.com,,success
Es Pou de Torn,"Cam. de Maó, 190, local 5, 07760 Ciudadela de Menorca, Illes Balears, España",+34971382446,https://www.espoudetorn.com/,4.1,13.0,es,Google reviews: 4.1* / 13,OPERATIONAL,"('real_estate_agency', 'point_of_interest', 'establishment')",7760.0,+34660482537,,info@espoudetorn.com,,success
VIVIR MENORCA,"07760 Ciudadela de Menorca, Illes Balears, España",,http://www.vivirmenorca.es/,,,es,Google reviews: * / None,OPERATIONAL,"('real_estate_agency', 'point_of_interest', 'establishment')",7760.0,+34676899062,+34653905980,,,success
Aura Concierge  ( 07760 ),"Carrer de la Puríssima, 31, 07760 Ciutadella de Menorca, Illes Balears, España",+34659365034,https://www.auraconciergegroup.com/,,,es,Google reviews: * / None,OPERATIONAL,"('real_estate_agency', 'point_of_interest', 'establishment')",7760.0,,,,,error:no contact info found
Menorca Home,,,https://menorcacom.online/,4.9,179.0,es,Google reviews: 4.9* / 179,OPERATIONAL,"('real_estate_agency', 'establishment')",,+34650955192,,booking@menorcacom.com,,success
Quim Carretero,"Carrer del Dormidor de les Monges, 5, 07760 Ciutadella de Menorca, Illes Balears, España",+34971481060,,4.0,1.0,es,Google reviews: 4* / 1,OPERATIONAL,"('real_estate_agency', 'point_of_interest', 'establishment')",7760.0,,,,,error:no contact info found
Home Care Menorca,,+34613032795,http://www.homecaremenorca.com/,5.0,1.0,es,Google reviews: 5* / 1,OPERATIONAL,"('real_estate_agency', 'establishment')",,,,info@homecaremenorca.com,,success
Stanza,"Avinguda de Jaume I el Conqueridor, 55, 07760 Ciutadella de Menorca, Illes Balears, España",,https://www.stanza.es/,,,es,Google reviews: * / None,OPERATIONAL,"('real_estate_agency', 'point_of_interest', 'establishment')",7760.0,+34977446208,+34672320771,,,success
Fetosi Desarrollos Sl,"Carrer de Josep Cavaller i Piris, 9, 07760 Ciutadella de Menorca, Illes Balears, España",+34971383427,,3.0,1.0,es,Google reviews: 3* / 1,OPERATIONAL,"('real_estate_agency', 'point_of_interest', 'establishment')",7760.0,,,,,error:no contact info found
MioMenorca,"Carrer del Roser, 13, 07760 Ciutadella de Menorca, Illes Balears, España",+34678949740,,,,it,Google reviews: * / None,OPERATIONAL,"('real_estate_agency', 'point_of_interest', 'establishment')",7760.0,,,,,error:no contact info found
Gestors Immobiliaris,"Carrer de Sant Pere d'Alcàntara, 44 1º, 1ª, 07760 Ciutadella de Menorca, Illes Balears, España",+34649414134,,,,es,Google reviews: * / None,OPERATIONAL,"('real_estate_agency', 'point_of_interest', 'establishment')",7760.0,,,,,error:no contact info found
SantadriaMenorca,"Carrer des Falciot, 2, 07769 Son Carrió, Illes Balears, España",+34675257532,http://santandriamenorca.es/,5.0,2.0,es,Google reviews: 5* / 2,OPERATIONAL,"('real_estate_agency', 'point_of_interest', 'establishment')",7769.0,,,,,error:no contact info found
Menorca MPC,"Carrer Migjorn, 1104, 07769 Cap d'Artrutx, Illes Balears, España",,https://www.menorcampc.com/,4.7,24.0,es,Google reviews: 4.7* / 24,OPERATIONAL,"('real_estate_agency', 'point_of_interest', 'establishment')",7769.0,+34687530584,,hola@menorcampc.com,,success
InmoMenorca Homes ,"cami de sa nacra s/n, 07760, Illes Balears, España",,http://www.inmomenorcahomes.com/,3.7,3.0,es,Google reviews: 3.7* / 3,OPERATIONAL,"('real_estate_agency', 'consultant', 'point_of_interest', 'establishment')",7760.0,+34606606398,,,,success
Mondialité Ibiza,"Via Romana, 52, 07800 Eivissa, Illes Balears, España",+34673481112,https://www.mondialiteibiza.com/,4.9,149.0,es,Google reviews: 4.9* / 149,OPERATIONAL,"('real_estate_agency', 'consultant', 'point_of_interest', 'establishment')",7800.0,,,,,error:no contact info found
Prestige Properties Ibiza,"Av. de Bartomeu de Roselló, 1, 07800 Eivissa, Illes Balears, España",,https://www.ibizaprestige.com/,4.9,100.0,es,Google reviews: 4.9* / 100,OPERATIONAL,"('real_estate_agency', 'point_of_interest', 'establishment')",7800.0,+34971190455,+34640019495,info@ibizaprestige.com,,success
Ibiza Services,"Av. 8 d'Agost, 29, Bajo III, 07800 Eivissa, Illes Balears, España",,https://ibiza-services.com/,4.9,314.0,es,Google reviews: 4.9* / 314,OPERATIONAL,"('real_estate_agency', 'consultant', 'point_of_interest', 'establishment')",7800.0,+34971599111,,,,success
Summum Ibiza,"Carrer de Sant Cristòfol, 13, 07800 Eivissa, Illes Balears, España",,https://www.summumibiza.com/,5.0,76.0,es,Google reviews: 5* / 76,OPERATIONAL,"('real_estate_agency', 'point_of_interest', 'establishment')",7800.0,+34666900980,,info@summumibiza.com,,success
Ibizavende,"Carrer de Pere de Portugal, 5, 07800 Eivissa, Illes Balears, España",+34971934988,http://www.ibizavende.com/,4.7,157.0,es,Google reviews: 4.7* / 157,OPERATIONAL,"('real_estate_agency', 'point_of_interest', 'establishment')",7800.0,,,,,error:no contact info found
Engel & Völkers Ibiza,"Avinguda de Santa Eulària des Riu, 17, 07800 Eivissa, Illes Balears, España",,http://www.ev-ibiza.com/,4.6,82.0,es,Google reviews: 4.6* / 82,OPERATIONAL,"('real_estate_agency', 'finance', 'general_contractor', 'consultant', 'point_of_interest', 'establishment')",7800.0,+34971311336,,ibiza@engelvoelkers.com,,success
Agencia Inmobiliaria Ibiza ,"Via Romana, 17, bajos, 07800 Eivissa, Illes Balears, España",+34629684443,https://www.solanaibiza.com/es/,4.8,19.0,es,Google reviews: 4.8* / 19,OPERATIONAL,"('real_estate_agency', 'consultant', 'point_of_interest', 'establishment')",7800.0,+34971190709,+34607902612,,,success
The Best Ibiza ,"Carrer de Pere Francès, 9, 3ª planta, puerta 308, 07800 Eivissa, Illes Balears, España",,https://www.thebestibiza.com/es/,5.0,25.0,es,Google reviews: 5* / 25,OPERATIONAL,"('real_estate_agency', 'consultant', 'point_of_interest', 'establishment')",7800.0,+34607408540,+34629078285,info@thebestibiza.com,,success
PONENT,"Carrer de Vicent Serra i Orvay, 21, 07800 Eivissa, Illes Balears, España",,http://www.inmobiliaria-ponent.com/,4.7,82.0,es,Google reviews: 4.7* / 82,OPERATIONAL,"('real_estate_agency', 'point_of_interest', 'establishment')",7800.0,+34971194057,+34670.38.01.56,,,success
VIS Inmobiliaria,"Passeig de Vara de Rey, 3, 07800 Eivissa, Illes Balears, España",,http://www.vis-ibiza.com/,4.7,36.0,es,Google reviews: 4.7* / 36,OPERATIONAL,"('real_estate_agency', 'point_of_interest', 'establishment')",7800.0,+34971300738,+34971300912,info@vis-ibiza.com,,success
Inmobiliaria Ibiza,"C/ d'Aragó, 23, 07800 Eivissa, Illes Balears, España",,https://inmobiliaria-ibiza.com/,5.0,9.0,es,Google reviews: 5* / 9,OPERATIONAL,"('real_estate_agency', 'point_of_interest', 'establishment')",7800.0,+34665566644,+34656795188,info@inmobiliaria-ibiza.com,,success
Barcoland Agencia Inmobiliaria,"Carrer de Fray Luis de Leon, 12, 07800 Eivissa, Illes Balears, España",,https://inmobarcoland.com/,5.0,28.0,es,Google reviews: 5* / 28,OPERATIONAL,"('real_estate_agency', 'point_of_interest', 'establishment')",7800.0,+34686922362,,inmobarcoland@gmail.com,jobarcopi@gmail.com,success
Lucas Fox,"Av. Sant Josep de sa Talaia, 66, 07800 Eivissa, Illes Balears, España",+34971590630,https://www.lucasfox.com/property/spain/ibiza.html?utm_medium=organic&utm_source=google&utm_campaign=mybusiness_ibiza,5.0,51.0,en,Google reviews: 5* / 51,OPERATIONAL,"('real_estate_agency', 'finance', 'consultant', 'point_of_interest', 'establishment')",7800.0,+34933562989,,info@lucasfox.com,pr@lucasfox.com,success
Ibiza Genius Real Estate,"Carrer de Vicent Serra i Orvay, 14, Local 2, 07800 Ibiza, Illes Balears, España",+34634710339,http://www.ibizagenius.com/,4.1,69.0,es,Google reviews: 4.1* / 69,OPERATIONAL,"('real_estate_agency', 'point_of_interest', 'establishment')",7800.0,+34871508047,+34623525506,hola@ibizagenius.com,,success
Las Villas Ibiza Agence immobiliere,"Carrer de Vicente Cuervo, 10, Bajo, 07800 Ibiza, Illes Balears, España",,http://lasvillasibiza.com/,4.6,11.0,es,Google reviews: 4.6* / 11,OPERATIONAL,"('real_estate_agency', 'point_of_interest', 'establishment')",7800.0,+34661353765,+34971419538,info@lasvillasibiza.com,,success
Ibiza Royal Agency,"Carrer d'Agapit Llobet, 1, 3º-3ª, 07800 Eivissa, Illes Balears, España",,https://www.ibizaroyalagency.com/,4.5,23.0,es,Google reviews: 4.5* / 23,OPERATIONAL,"('real_estate_agency', 'general_contractor', 'consultant', 'point_of_interest', 'establishment')",7800.0,+34871718850,+34608690138,,,success
LOVE TO LIVE IBIZA,"Carrer de sa Llavanera, 10, Edf. Brisol, esc. 2, loc. 2, 07800 Eivissa, Illes Balears, España",,https://www.lovetoliveibiza.com/es/,5.0,62.0,es,Google reviews: 5* / 62,OPERATIONAL,"('real_estate_agency', 'point_of_interest', 'establishment')",7800.0,+34971508569,,info@lovetoliveibiza.com,,success
Casanovas | Real Estate Ibiza,"Cas Serres, Av. de Sant Jordi, 56, 07800 Eivissa, Illes Balears, España",+34680161414,https://www.casanovasrealestate.com/,5.0,12.0,es,Google reviews: 5* / 12,OPERATIONAL,"('real_estate_agency', 'point_of_interest', 'establishment')",7800.0,+34690880503,,info@casanovasre.com,,success
John Taylor Ibiza,"Passeig Joan Carles I, 39, 07800 Eivissa, Illes Balears, España",+34682152228,https://www.john-taylor.es/agencia-inmobiliaria-lujo/ibiza/,4.7,12.0,es,Google reviews: 4.7* / 12,OPERATIONAL,"('real_estate_agency', 'point_of_interest', 'establishment')",7800.0,,,,,error:no contact info found
CENTURY 21 Nova Vila ,"Passatge de Balàfia, 1, Local 6, 07800 Eivissa, Illes Balears, España",+34971963989,https://www.century21.es/agencias/novavila/,4.1,20.0,es,Google reviews: 4.1* / 20,OPERATIONAL,"('real_estate_agency', 'consultant', 'point_of_interest', 'establishment')",7800.0,,,,,error:no contact info found
Tierras de ibiza,"Av. d'Espanya, 18, 07800 Eivissa, Illes Balears, España",+34633408981,https://www.tierrasdeibiza.com/,3.8,65.0,es,Google reviews: 3.8* / 65,OPERATIONAL,"('real_estate_agency', 'point_of_interest', 'establishment')",7800.0,,,,,error:no contact info found
Singular Ibiza Real Estate,"Patio Blanco, C. de sa Corbeta, 1, 5-5-1, 07800 Eivissa, Illes Balears, España",+34636755324,https://www.singularvillasibiza.com/,5.0,13.0,es,Google reviews: 5* / 13,OPERATIONAL,"('real_estate_agency', 'point_of_interest', 'establishment')",7800.0,,,info@singularvillasibiza.com,,success
EXPRESS NETWORK,"Carrer Gregal, 9, 07800 Eivissa, Illes Balears, España",,https://www.exnw.eu/,5.0,12.0,es,Google reviews: 5* / 12,OPERATIONAL,"('real_estate_agency', 'point_of_interest', 'establishment')",7800.0,+34681226696,+34649210232,info@exnw.eu,,success
CASAVIVA Inmobiliaria Ibiza,"Carrer de Bartomeu Vicent Ramon, 24, 07800 Eivissa, Illes Balears, España",,http://www.casavivaibiza.com/,4.4,7.0,es,Google reviews: 4.4* / 7,OPERATIONAL,"('real_estate_agency', 'point_of_interest', 'establishment')",7800.0,+34971317650,+34649402952,info@casavivaibiza.com,,success
Ibiza Domo,"Av. d'Isidor Macabich, 58, 07800 Eivissa, Illes Balears, España",+34971312527,http://ibizadomo.com/,4.5,30.0,es,Google reviews: 4.5* / 30,OPERATIONAL,"('real_estate_agency', 'point_of_interest', 'establishment')",7800.0,,,,,error:no contact info found
Vive Ibiza Inmobiliaria,"Avenida 8 de agosto 11 (edificio Brisol) esc 10, 07800 Ibiza, Illes Balears, España",+34971590204,https://www.vive-ibiza.es/,3.8,10.0,es,Google reviews: 3.8* / 10,OPERATIONAL,"('real_estate_agency', 'point_of_interest', 'establishment')",7800.0,+34971.59.02.04,,info@vive-ibiza.es,,success
Ibiza Secrets Real Estate SL,"C/ del Bisbe González Abarca, 2, 07800 Eivissa, Illes Balears, España",+34646404806,http://www.ibiza-secrets.com/,4.5,41.0,en,Google reviews: 4.5* / 41,OPERATIONAL,"('real_estate_agency', 'point_of_interest', 'establishment')",7800.0,,,,,error:no contact info found
Botafoch Real Estate,"Paseo Juan Carlos I, 39, Local 6, 07800 Ibiza, Illes Balears, España",+34971316206,http://www.botafoch-realestate.com/,4.5,24.0,es,Google reviews: 4.5* / 24,OPERATIONAL,"('real_estate_agency', 'point_of_interest', 'establishment')",7800.0,+34692277298,,,,success
VIDALES HOUSE & BOAT ,"Carrer de les Campanetes, 52-54, 07817 Sant Jordi de ses Salines, Illes Balears, España",+34633510795,https://www.vidaleshouseboat.com/,5.0,31.0,es,Google reviews: 5* / 31,OPERATIONAL,"('real_estate_agency', 'point_of_interest', 'establishment')",7817.0,,,,,error:no contact info found
DomoStay,"Carrer de Sant Cristòfol, 28, bajo, 07800 Ibiza, Illes Balears, España",+34689488087,,5.0,1.0,es,Google reviews: 5* / 1,OPERATIONAL,"('real_estate_agency', 'point_of_interest', 'establishment')",7800.0,,,,,error:no contact info found
Inmobiliaria en Ibiza - BST ( 07800 ),"Carrer de Formentera, 1, 07800 Eivissa, Illes Balears, España",+34644363116,,5.0,1.0,es,Google reviews: 5* / 1,OPERATIONAL,"('real_estate_agency', 'point_of_interest', 'establishment')",7800.0,,,,,error:no contact info found
Lara Propiedades,"Carrer Antonio M. Alcover, 4, 07800 Eivissa, Illes Balears, España",+34615884979,http://ibizalarapropiedades.com/,5.0,1.0,es,Google reviews: 5* / 1,OPERATIONAL,"('real_estate_agency', 'point_of_interest', 'establishment')",7800.0,+34640624880,,contacto@ibizalarapropiedades.com,,success
RLG Ibiza,"Av. 8 d'Agost, 38, 07800 Eivissa, Illes Balears, España",+34643758060,,4.7,30.0,en,Google reviews: 4.7* / 30,OPERATIONAL,"('real_estate_agency', 'consultant', 'point_of_interest', 'establishment')",7800.0,,,,,error:no contact info found
myibiza estate,"C. de Joan d'Àustria, 5, 07800 Eivissa, Illes Balears, España",+34602646670,http://www.myibiza.estate/,5.0,18.0,es,Google reviews: 5* / 18,OPERATIONAL,"('real_estate_agency', 'point_of_interest', 'establishment')",7800.0,+34602.646.670,+34691.123.964,info@myibiza.estate,info.myibiza.estate@gmail.com,success
Inmobiliaria Cecilio,"Avinguda d'Ignasi Wallis, 40, 07800 Eivissa, Illes Balears, España",,http://www.cecilio.com/,4.0,24.0,es,Google reviews: 4* / 24,OPERATIONAL,"('real_estate_agency', 'point_of_interest', 'establishment')",7800.0,+34971315910,+34971323237,ibiza@cecilio.com,formentera@cecilio.com,success
Luxury Villas Ibiza,"Carrer Riu Támesis, 35, 07800 Eivissa, Illes Balears, España",,http://www.luxuryvillasibiza.net/,4.8,20.0,es,Google reviews: 4.8* / 20,OPERATIONAL,"('real_estate_agency', 'point_of_interest', 'establishment')",7800.0,+34692807756,+34604101816,,a.keil@cw-ibiza.de,success
Prime Lux Ibiza,"Av. 8 d'Agost, 7, esc 7, 07800 Eivissa, Illes Balears, España",+34655018121,https://www.primeluxibiza.com/,5.0,7.0,es,Google reviews: 5* / 7,OPERATIONAL,"('real_estate_agency', 'point_of_interest', 'establishment')",7800.0,+34613694628,,primeluxibiza@gmail.com,,success
Best Experience Real Estate,"Passeig de Vara de Rey, 18, 07800 Eivissa, Illes Balears, España",+34657181035,https://bestexperiencerealestate.com/en/,5.0,9.0,es,Google reviews: 5* / 9,OPERATIONAL,"('real_estate_agency', 'consultant', 'point_of_interest', 'establishment')",7800.0,+34657396866,+34657396866,,,success
Landed In Ibiza Real Estate,"Carrer de Canàries, 41, Bajo 6, 07800 Ibiza, Illes Balears, España",,http://www.landedinibiza.com/,4.8,22.0,es,Google reviews: 4.8* / 22,OPERATIONAL,"('real_estate_agency', 'point_of_interest', 'establishment')",7800.0,+34971877984,+34650773943,,,success
Neverland Properties Ibiza,"C. d'Astúries, 24, 07800 Eivissa, Illes Balears, España",,https://www.neverlandproperties.com/,4.8,22.0,es,Google reviews: 4.8* / 22,OPERATIONAL,"('real_estate_agency', 'point_of_interest', 'establishment')",7800.0,+34971393577,+34647912180,info@neverlandproperties.com,,success
ILiveIbiza ,"Carrer A2 S-16, 5, 07800 Eivissa, Illes Balears, España",+34609922612,,5.0,1.0,es,Google reviews: 5* / 1,OPERATIONAL,"('real_estate_agency', 'point_of_interest', 'establishment')",7800.0,,,,,error:no contact info found
Inmobiliaria-Mayol-Investibiza,"Avda de Isidoro Macabich, N.39, 4 ,B Aptdo Postal, N. 40, 07800 Eivissa, Illes Balears, España",+34871708079,http://www.mayolorganizacion.com/,5.0,1.0,es,Google reviews: 5* / 1,OPERATIONAL,"('real_estate_agency', 'point_of_interest', 'establishment')",7800.0,,,,,error:no contact info found
La Casa Agency | Ibiza,"C/ Alcalde Antonio Guasch, 3, bajos, 07800 Ibiza, Illes Balears, España",+34689047593,http://www.lacasa.net/,4.7,6.0,es,Google reviews: 4.7* / 6,OPERATIONAL,"('real_estate_agency', 'point_of_interest', 'establishment')",7800.0,+34934872824,,info@lacasa.net,,success
JAN SERVICE,"Passeig Joan Carles I, 27, 07800 Eivissa, Illes Balears, España",,http://www.janserviceonlyvip.com/,5.0,1.0,es,Google reviews: 5* / 1,OPERATIONAL,"('real_estate_agency', 'point_of_interest', 'establishment')",7800.0,+34603515817,,info@janserviceonlyvip.com,,success
LYNDO Real Estate & Property Manager ,"Carrer de sa Llavanera, 9, 07800 Eivissa, Illes Balears, España",,http://www.lyndo.es/,5.0,21.0,es,Google reviews: 5* / 21,OPERATIONAL,"('real_estate_agency', 'point_of_interest', 'establishment')",7800.0,+34658468886,,,,success
Horizonte Ibiza Real Estate,,,https://www.horizonteibiza.com/,5.0,3.0,es,Google reviews: 5* / 3,OPERATIONAL,"('real_estate_agency', 'establishment')",,+34727793045,+34609515714,info@horizonteibiza.com,,success
Inmobiliaria Clapes. Inmobiliaria en Ibiza.,"C/ de Catalunya, 15, 07800 Eivissa, Illes Balears, España",,http://www.inmobiliariaclapes.com/,5.0,2.0,es,Google reviews: 5* / 2,OPERATIONAL,"('real_estate_agency', 'point_of_interest', 'establishment')",7800.0,+34971199760,+34640318111,info@inmobiliariaclapes.com,,success
SeaView Ibiza Real Estate Agency,"Carrer del País Basc, 12, 07800 Eivissa, Illes Balears, España",+34642641136,,4.5,2.0,es,Google reviews: 4.5* / 2,OPERATIONAL,"('real_estate_agency', 'point_of_interest', 'establishment')",7800.0,,,,,error:no contact info found
INVER METRO,"Carrer de Vicente Cuervo, 10, 07800 Eivissa, Illes Balears, España",,http://ibizainmobiliaria.com/,5.0,5.0,es,Google reviews: 5* / 5,OPERATIONAL,"('real_estate_agency', 'point_of_interest', 'establishment')",7800.0,+34971310077,,,,success
Ibiza Breeze,"Sa torre blanca, 4. Edificio portamar 1 bl b 1b, 07800 Ibiza, Illes Balears, España",+34981623053,http://www.ibizaluxuryvillas.net/,4.6,7.0,es,Google reviews: 4.6* / 7,OPERATIONAL,"('real_estate_agency', 'point_of_interest', 'establishment')",7800.0,,,,,error:no contact info found
Inmolocal Ibiza,"C. des Fusters, 34, Pol. Montecristo Industrial, 94-95-96, 07816 Monte Cristo, Illes Balears, España",+34610681422,http://www.inmolocalibiza.com/,4.3,25.0,es,Google reviews: 4.3* / 25,OPERATIONAL,"('real_estate_agency', 'point_of_interest', 'establishment')",7816.0,,,,,error:no contact info found
CARDONA ESTATE,"Carrer de Sant Cristòfol, 26, 07800 Eivissa, Illes Balears, España",,http://cardonaestate.com/,3.8,30.0,es,Google reviews: 3.8* / 30,OPERATIONAL,"('real_estate_agency', 'consultant', 'point_of_interest', 'establishment')",7800.0,+34871051794,,,,success
Royal Estates,"Av. d'Espanya, 122, bajo izquierda, 07800 Ibiza, Illes Balears, España",,https://royalestates.com/,5.0,12.0,nl,Google reviews: 5* / 12,OPERATIONAL,"('real_estate_agency', 'point_of_interest', 'establishment')",7800.0,+34661752198,+34648674827,sales@royalestates.com,,success
Torres Guasch S.L.,"Carrer de Portinatx, 45. Urbanización Puerto Blanco, Local 3, 07810 Ibiza, Illes Balears, España",,https://www.torresguasch.com/,3.3,3.0,es,Google reviews: 3.3* / 3,OPERATIONAL,"('real_estate_agency', 'point_of_interest', 'establishment')",7810.0,+34971320591,+34676673529,,,success
Ronin Propiedades S L,"Lugar Urbanització Isla Blanca, 42, 07810 Sant Joan de Labritja, Illes Balears, España",+34971334441,,,,es,Google reviews: * / None,OPERATIONAL,"('real_estate_agency', 'point_of_interest', 'establishment')",7810.0,,,,,error:no contact info found
Autentic Ibiza Properties ,"Carrer Eivissa-, 11, Local 7, 07815 Sant Miquel de Balansat, Illes Balears, España",,https://www.autenticproperties.com/,,,es,Google reviews: * / None,OPERATIONAL,"('real_estate_agency', 'finance', 'general_contractor', 'consultant', 'point_of_interest', 'establishment')",7815.0,+34602021457,,hola@autenticproperties.com,,success
TOG Ibiza,,,https://www.theorchidgroup.properties/,5.0,1.0,es,Google reviews: 5* / 1,OPERATIONAL,"('real_estate_agency', 'establishment')",,+34610996112,,info@theorchidgroup.properties,,success
Max Fleer Personal Real Estate Service,"Sant Llorenc de Balafia, E10 km 15, 07812 Sant Llorenç de Balàfia, Illes Balears, España",,http://www.maxfleer.com/,3.3,3.0,es,Google reviews: 3.3* / 3,OPERATIONAL,"('real_estate_agency', 'point_of_interest', 'establishment')",7812.0,+34670777703,,m@maxfleer.com,,success
Ibimimosa S.L.,,+34696688887,http://www.ibimimosa.com/,,,es,Google reviews: * / None,OPERATIONAL,"('real_estate_agency', 'establishment')",,,,,,error:no contact info found
BRACAMONTE & MÜHLBERGER,"CARRETERA SAN CARLOS KM 12,1, 07850 San Carlos, Illes Balears, España",+34971335233,,4.3,7.0,ca,Google reviews: 4.3* / 7,OPERATIONAL,"('real_estate_agency', 'point_of_interest', 'establishment')",7850.0,,,,,error:no contact info found
Amproperties ibiza ( None ),,+34657130098,,,,es,Google reviews: * / None,OPERATIONAL,"('real_estate_agency', 'establishment')",,,,,,error:no contact info found
Charles Marlow Ibiza,"Carretera San Juan, km 12, 9, 07812 Sant Llorenç de Balàfia, Illes Balears, España",+34971459504,http://www.charlesmarlow.com/,5.0,3.0,en,Google reviews: 5* / 3,OPERATIONAL,"('real_estate_agency', 'point_of_interest', 'establishment')",7812.0,,,,,error:no contact info found
Ibiza Wealth Management,"Venda De Peralta 6, 07850 San Carlos, Illes Balears, España",+34647109546,,,,es,Google reviews: * / None,OPERATIONAL,"('real_estate_agency', 'point_of_interest', 'establishment')",7850.0,,,,,error:no contact info found
Bram Servicios Inmobiliarios S L,"Carrer de la Vénda de Morna, 1, 07850 Sant Carles de Peralta, Illes Balears, España",+34971335578,,,,es,Google reviews: * / None,OPERATIONAL,"('real_estate_agency', 'point_of_interest', 'establishment')",7850.0,,,,,error:no contact info found
AVan Servicios Inmobiliarios Ibiza,"Sa Corbeta, 07800 Ibiza, Illes Balears, España",+34660185089,,1.0,1.0,es,Google reviews: 1* / 1,OPERATIONAL,"('real_estate_agency', 'point_of_interest', 'establishment')",7800.0,,,,,error:no contact info found
EASY COSTA Houses and Boats,"Avinguda de Cala Llenya, 07850 Cala Llenya, Illes Balears, España",+34617184167,,1.0,3.0,es,Google reviews: 1* / 3,OPERATIONAL,"('real_estate_agency', 'point_of_interest', 'establishment')",7850.0,,,,,error:no contact info found
Infinity 8 Real Estate,"Pol 26, Parcela 71, 07819 Santa Gertrudis de Fruitera, Illes Balears, España",,https://infinity8realestate.com/,5.0,1.0,de,Google reviews: 5* / 1,OPERATIONAL,"('real_estate_agency', 'point_of_interest', 'establishment')",7819.0,+41766471562,+34711019192,francesco@infinity8realestate.com,info@infinity8realestate.com,success
Atzaró Ibiza Villas,"Carrer de la Vénda des Poble, 6, 07814 Santa Gertrudis de Fruitera, Illes Balears, España",+34971594488,http://www.atzaroibizavillas.com/,4.9,11.0,es,Google reviews: 4.9* / 11,OPERATIONAL,"('real_estate_agency', 'point_of_interest', 'establishment')",7814.0,,,,,error:no contact info found
The Agency Ibiza,"Carrer Venda de Fruitera, 11, 07814 Santa Gertrudis de Fruitera, Illes Balears, España",,http://www.theagencyibiza.com/,4.8,4.0,en,Google reviews: 4.8* / 4,OPERATIONAL,"('real_estate_agency', 'point_of_interest', 'establishment')",7814.0,+34971197747,,info@theagencyibiza.com,,success
Idyllic Ibiza,"Calle Paseo de Santa Gertrudis, 7, 07814 Santa Gertrudis de Fruitera, Illes Balears, España",+34627010861,http://www.idyllicibiza.com/,5.0,2.0,es,Google reviews: 5* / 2,OPERATIONAL,"('real_estate_agency', 'point_of_interest', 'establishment')",7814.0,,,,,error:no contact info found
Bracamonte & Mühlberger,"Carrer de la Vénda des Poble, 7, 07814 Santa Gertrudis de Fruitera, Illes Balears, España",+34971335787,,4.0,1.0,ca,Google reviews: 4* / 1,OPERATIONAL,"('real_estate_agency', 'finance', 'general_contractor', 'consultant', 'point_of_interest', 'establishment')",7814.0,,,,,error:no contact info found
Can Ibiza,"Paseo de Santa Gertrudis, 7, 07814 Santa Gertrudis de Fruitera, Illes Balears, España",,http://www.canibiza.com/,5.0,9.0,es,Google reviews: 5* / 9,OPERATIONAL,"('real_estate_agency', 'point_of_interest', 'establishment')",7814.0,+34654975906,,,,success
Can Villas,"Carrer Venda de Can Llàtzer, 9, local 2B, 07814 Santa Gertrudis de Fruitera, Illes Balears, España",,http://canvillas.com/,,,es,Google reviews: * / None,OPERATIONAL,"('real_estate_agency', 'point_of_interest', 'establishment')",7814.0,+34654975906,,,,success
ZAN ibiza real estate,"Calle Paseo de Santa Gertrudis, 7, 07814 Santa Gertrudis de Fruitera, Illes Balears, España",,http://www.zanibiza.com/,4.7,12.0,en,Google reviews: 4.7* / 12,OPERATIONAL,"('real_estate_agency', 'point_of_interest', 'establishment')",7814.0,+34638711355,,,,success
Mimax Group Ibiza,"Carretera San Miguel a, Ctra. de Santa Gertrudis a Sant Llorenç, Km 3, 200, 07814 Santa Eulalia del Río, Illes Balears, España",,http://mimaxgroupibiza.com/,5.0,2.0,es,Google reviews: 5* / 2,OPERATIONAL,"('real_estate_agency', 'general_contractor', 'point_of_interest', 'establishment')",7814.0,+34633134909,,Info@groupmimax.com,,success
Fantastic Frank Ibiza,"Carrer de la Vénda des Poble, 6, 07814 Santa Gertrudis de Fruitera, Illes Balears, España",,https://www.fantasticfrank.com/ibiza,,,es,Google reviews: * / None,OPERATIONAL,"('real_estate_agency', 'point_of_interest', 'establishment')",7814.0,+34646834035,+34608001607,ibiza@fantasticfrank.com,izabela@fantasticfrank.com,success
Ronin Propiedades,"Carrer Venda de Can Llàtzer, 07814 Santa Gertrudis de Fruitera, Illes Balears, España",+34971334260,,,,ca,Google reviews: * / None,OPERATIONAL,"('real_estate_agency', 'point_of_interest', 'establishment')",7814.0,,,,,error:no contact info found
Ferienhaus & Finca by Ibiza Haus,"Calle Venda des Poble 6 Apt.56 C/O Arno Lippert, 07814 Santa Gertrudis de Fruitera, Illes Balears, España",,https://www.ferienhaus-ibiza.de/,,,de,Google reviews: * / None,OPERATIONAL,"('real_estate_agency', 'point_of_interest', 'establishment')",7814.0,+34871150499,,,,success
Amproperties ibiza ( 07814 ),"Carrer Venda de sa Picassa, 10, 07814 Santa Gertrudis de Fruitera, Illes Balears, España",+34657130098,,,,es,Google reviews: * / None,OPERATIONAL,"('real_estate_agency', 'point_of_interest', 'establishment')",7814.0,,,,,error:no contact info found
Bmamba Ibiza,,,https://www.bmambaibiza.com/,5.0,1.0,es,Google reviews: 5* / 1,OPERATIONAL,"('real_estate_agency', 'establishment')",,+34617921289,,info@bmambaibiza.com,,success
Ibicamper,"Carrer Vicente Marí Mayans, 2, 07813 Puig d'en Valls, Illes Balears, España",+34661166852,https://www.yescapa.es/campers/60217,5.0,1.0,es,Google reviews: 5* / 1,OPERATIONAL,"('real_estate_agency', 'point_of_interest', 'establishment')",7813.0,,,,,error:no contact info found
Ibiza Local,"Av. 8 d'Agost, 23, 07800 Eivissa, Illes Balears, España",,https://www.ibizalocal.es/,5.0,16.0,it,Google reviews: 5* / 16,OPERATIONAL,"('real_estate_agency', 'point_of_interest', 'establishment')",7800.0,+34633202694,,info@ibizalocal.es,,success
VIV IBIZA VILLAS,"Av. 8 d'Agost, 5, 4A, 07800 Eivissa, Illes Balears, España",,https://www.vivibiza.com/?utm_source=google&utm_medium=wix_google_business_profile&utm_campaign=13897858162519442766,5.0,5.0,es,Google reviews: 5* / 5,OPERATIONAL,"('real_estate_agency', 'point_of_interest', 'establishment')",7800.0,+34626668921,,solutions@vivibiza.com,,success
Ibiza Pop Up Villas,"Av. 8 d'Agost, 07800 Eivissa, Illes Balears, España",,http://ibizapopupvillas.com/,,,es,Google reviews: * / None,OPERATIONAL,"('real_estate_agency', 'consultant', 'general_contractor', 'point_of_interest', 'establishment')",7800.0,+34610742530,,hola@ibizapopupvillas.com,inmodesk771@gmail.com,success
BitHome Ibiza,"C. de sa Corbeta, 1, 07800 Eivissa, Illes Balears, España",+34636755324,,5.0,1.0,es,Google reviews: 5* / 1,OPERATIONAL,"('real_estate_agency', 'point_of_interest', 'establishment')",7800.0,,,,,error:no contact info found
Ibiza Elite Properties,"Carrer de la Pau, 2, 07830 Eivissa, Illes Balears, España",+34639239299,,,,es,Google reviews: * / None,OPERATIONAL,"('real_estate_agency', 'consultant', 'general_contractor', 'point_of_interest', 'establishment')",7830.0,,,,,error:no contact info found
IBIZA DEL SOL REAL ESTATE S.L. ( 07800 ),"Avenida 8 de Agosto, nº 9, Bajos, Edificio los Girasoles, Bloque I, Entrada por Avenida de Sant Joan, nº20, junto al Leroy Merlin, 07800 Eivissa, Illes Balears, España",+34971124541,http://ibizadelsol.com/,2.5,2.0,es,Google reviews: 2.5* / 2,OPERATIONAL,"('real_estate_agency', 'corporate_office', 'point_of_interest', 'establishment')",7800.0,,,,,error:no contact info found
Ibiza Global Services,"Av. 8 d'Agost, 32, 07800 Eivissa, Illes Balears, España",+34971199620,http://ibizaglobalservices.es/,4.0,9.0,es,Google reviews: 4* / 9,OPERATIONAL,"('real_estate_agency', 'point_of_interest', 'establishment')",7800.0,+3434620986304,,,,success
Views of Ibiza Real Estate ( 07800 ),"Av. 8 d'Agost, 39, 07800 Eivissa, Illes Balears, España",+34871573002,,5.0,1.0,en,Google reviews: 5* / 1,OPERATIONAL,"('real_estate_agency', 'point_of_interest', 'establishment')",7800.0,,,,,error:no contact info found
Ibiza Residency,"Calle Historiador Joan Mari Cardona, 6, bajos, 07800 Eivissa, Illes Balears, España",,https://www.ibizaresidency.com/,5.0,1.0,es,Google reviews: 5* / 1,OPERATIONAL,"('real_estate_agency', 'point_of_interest', 'establishment')",7800.0,+34663035454,,info@ibizaresidency.com,,success
VILLA COLLECTION IBIZA LUXURY REAL ESTATE,"Carrer Brasil, 14, 07813 Puig d'en Valls, Illes Balears, España",,http://villacollectionibiza.com/,5.0,1.0,es,Google reviews: 5* / 1,OPERATIONAL,"('real_estate_agency', 'point_of_interest', 'establishment')",7813.0,+34633142486,+34919018365,,,success
Sarana Ibiza,"Passeo Juan Carlos I, 9, 07800 Eivissa, Illes Balears, España",+34675647566,https://saranaibiza.com/,5.0,3.0,es,Google reviews: 5* / 3,OPERATIONAL,"('real_estate_agency', 'point_of_interest', 'establishment')",7800.0,,,,,error:no contact info found
Spain Sotheby's International Realty  ( 07800 ),"Passeig Joan Carles I, 9, local 9 (Edificio Sarana, 07800 Eivissa, Illes Balears, España",+34871183129,https://www.spain-sothebysrealty.com/,4.4,7.0,en,Google reviews: 4.4* / 7,OPERATIONAL,"('real_estate_agency', 'finance', 'consultant', 'point_of_interest', 'establishment')",7800.0,+34919041929,,,,success
HOMEBOOKER Ibiza,"Carrer Vicente Marí Mayans, 86, 07800 ibiza, Illes Balears, España",,https://home-booker.com/fr/baleares/ibiza,,,fr,Google reviews: * / None,OPERATIONAL,"('real_estate_agency', 'point_of_interest', 'establishment')",7800.0,+33458101007,,,,success
D-Office Real Estate,"Camino Viejo de Jesús, Av. 8 d'Agost, 31 Esquina, Local 2, 07800 Eivissa, Illes Balears, España",,https://www.dofficerealestate.com/,,,es,Google reviews: * / None,OPERATIONAL,"('real_estate_agency', 'point_of_interest', 'establishment')",7800.0,+34645879262,+34678544291,info@dofficerealestate.com,,success
RESIDENCIAL ES VIVER PARK,"Av. 8 d'Agost, 32, 07800 Eivissa, Illes Balears, España",+34971199620,,5.0,1.0,es,Google reviews: 5* / 1,OPERATIONAL,"('real_estate_agency', 'point_of_interest', 'establishment')",7800.0,,,,,error:no contact info found
Rooms4Workers,"C/ d'es Raspallar, Ctra. N, 2, 07800 Eivissa, Illes Balears, España",+34611262156,,,,es,Google reviews: * / None,OPERATIONAL,"('real_estate_agency', 'point_of_interest', 'establishment')",7800.0,,,,,error:no contact info found
Ibiza Fusion Houses,"Av. 8 d'Agost, 07800 Eivissa, Illes Balears, España",+34619034888,,3.0,2.0,es,Google reviews: 3* / 2,OPERATIONAL,"('real_estate_agency', 'point_of_interest', 'establishment')",7800.0,,,,,error:no contact info found
"La Casa De Susana, Ibiza",,+34676671258,https://www.lacasadesusana.es/,,,es,Google reviews: * / None,OPERATIONAL,"('real_estate_agency', 'establishment')",,,,,,error:no contact info found
Huspy,"Av. 8 d'Agost, 31, 07800 Eivissa, Illes Balears, España",+34603377439,https://www.huspy.es/,,,es,Google reviews: * / None,OPERATIONAL,"('real_estate_agency', 'point_of_interest', 'establishment')",7800.0,+34919039193,,,,success
Ibiza Viva Properties,"San Antonio , 4, 1º, 07819 Puig Den Valls / Santa Eulalia, Illes Balears, España",+34971194045,,,,es,Google reviews: * / None,OPERATIONAL,"('real_estate_agency', 'general_contractor', 'point_of_interest', 'establishment')",7819.0,,,,,error:no contact info found
Unik Ibiza Real Estate,"Av. 8 d'Agost, 32, 07800 Eivissa, Illes Balears, España",,http://www.unikibiza.com/,5.0,15.0,en,Google reviews: 5* / 15,OPERATIONAL,"('real_estate_agency', 'point_of_interest', 'establishment')",7800.0,+34971508050,+34682329046,unik@unikibiza.com,,success
IBIZABOATS&HOUSES,"Passeig Joan Carles I, 1º, 07800 Eivissa, Illes Balears, España",+34606592373,,5.0,1.0,es,Google reviews: 5* / 1,OPERATIONAL,"('real_estate_agency', 'car_rental', 'point_of_interest', 'establishment')",7800.0,,,,,error:no contact info found
ExclusiveIbiza4u,"5-7Calle de s'Hort de sa Fruta, Ikebana Building, 07800 Ibiza, Illes Balears, España",+34607827637,,,,es,Google reviews: * / None,OPERATIONAL,"('real_estate_agency', 'point_of_interest', 'establishment')",7800.0,,,,,error:no contact info found
Airh Inversiones Sl,"Calle Historiador Joan Mari Cardona, 8, 07800 Eivissa, Illes Balears, España",+34971315511,,,,es,Google reviews: * / None,OPERATIONAL,"('real_estate_agency', 'point_of_interest', 'establishment')",7800.0,,,,,error:no contact info found
Ibiza Key,"Carrer del Pedrer, 07814, Illes Balears, España",,http://www.ibizakey.com/,4.9,43.0,es,Google reviews: 4.9* / 43,OPERATIONAL,"('real_estate_agency', 'point_of_interest', 'establishment')",7814.0,+34616544637,,hello@ibizakey.com,,success
HOMZ Agency,"Carrer del Pedrer, 4, 07814 Santa Eulària des Riu, Illes Balears, España",,https://www.homzagency.com/,5.0,4.0,en,Google reviews: 5* / 4,OPERATIONAL,"('real_estate_agency', 'point_of_interest', 'establishment')",7814.0,+34655313599,+31614942259,robin@homzagency.com,adrianna@homzagency.com,success
VAMOS IBIZA,"Carr. Sta. Eulària, 293, 07819 Ca Na Negreta, Illes Balears, España",,http://www.vamos-ibiza.com/,5.0,26.0,es,Google reviews: 5* / 26,OPERATIONAL,"('real_estate_agency', 'point_of_interest', 'establishment')",7819.0,+34610535915,+653586217,ibiza.vamos@gmail.com,,success
Inmobiliaria en Ibiza - BST ( 07849 ),"Camí de Missa, 34, 07849 Santa Eulària des Riu, Illes Balears, España",+34644363116,,5.0,1.0,es,Google reviews: 5* / 1,OPERATIONAL,"('real_estate_agency', 'point_of_interest', 'establishment')",7849.0,,,,,error:no contact info found
Eivigestión Inmobiliaria,,+34680966970,,,,es,Google reviews: * / None,OPERATIONAL,"('real_estate_agency', 'establishment')",,,,,,error:no contact info found
REH! Real Estate Hotelero,"Carrer del Pedrer, 4, 07814 Santa Eulària des Riu, Illes Balears, España",+34643688584,,,,es,Google reviews: * / None,OPERATIONAL,"('real_estate_agency', 'point_of_interest', 'establishment')",7814.0,,,,,error:no contact info found
Luxinmo Ibiza,"Avinguda Isidor Macabich, 1, Local 1, 07816 Sant Rafel, Illes Balears, España",,https://www.luxinmo.com/region-ibiza/map,5.0,4.0,es,Google reviews: 5* / 4,OPERATIONAL,"('real_estate_agency', 'point_of_interest', 'establishment')",7816.0,+34965049767,+34971772193,altea@luxinmo.com,ibiza@luxinmo.com,success
Terrenalia Real Estate ,"Passeig de la Pau 4, 3-1 Edif Guash, Escalera C, Passeig de la Pau, 4, Local 1, 07840 Santa Eulària des Riu, Illes Balears, España",+34971306784,http://terrenalia.com/,4.4,28.0,es,Google reviews: 4.4* / 28,OPERATIONAL,"('real_estate_agency', 'point_of_interest', 'establishment')",7840.0,+34673648008,,,,success
Alfa Ibiza Isla,"C/ de Molins de Rei, 8, 07840 Santa Eulària des Riu, Illes Balears, España",,http://www.alfaibizaisla.com/,4.7,89.0,es,Google reviews: 4.7* / 89,OPERATIONAL,"('real_estate_agency', 'point_of_interest', 'establishment')",7840.0,+34658673341,+34682451441,,,success
Paradise Inmo Real Estate,"Carrer de Sant Josep, 42, 07840 Santa Eulària des Riu, Illes Balears, España",+34871537895,http://www.paradiseinmo.es/,4.5,39.0,es,Google reviews: 4.5* / 39,OPERATIONAL,"('real_estate_agency', 'consultant', 'point_of_interest', 'establishment')",7840.0,,,,,error:no contact info found
Views of Ibiza Real Estate ( 07849 ),"Carrer ses Dàlies, 39, 07849 Siesta, Illes Balears, España",+34871573002,,5.0,2.0,es,Google reviews: 5* / 2,OPERATIONAL,"('real_estate_agency', 'point_of_interest', 'establishment')",7849.0,,,,,error:no contact info found
TERRAPARTNER,"Carrer Salvador Camacho, 9, 07840 Santa Eulària des Riu, Illes Balears, España",+34971336297,,5.0,3.0,de,Google reviews: 5* / 3,OPERATIONAL,"('real_estate_agency', 'point_of_interest', 'establishment')",7840.0,,,,,error:no contact info found
Loyal Ibiza,"Calle Del Río 35 2, 6, 07840 Santa Eulialia, Illes Balears, España",+34654812985,,5.0,1.0,en,Google reviews: 5* / 1,OPERATIONAL,"('real_estate_agency', 'point_of_interest', 'establishment')",7840.0,,,,,error:no contact info found
Rivas Real Estate Ibiza,"Carrer José Guasch Vich, 17, 07840 Santa Eulària des Riu, Illes Balears, España",,https://www.rivasibiza.com/,5.0,6.0,es,Google reviews: 5* / 6,OPERATIONAL,"('real_estate_agency', 'point_of_interest', 'establishment')",7840.0,+34680973923,,,,success
Grupo Ambar Inmobiliaria y promotora en Ibiza,"Carrer Isidor Macabich, 12, 07840 Santa Eulalia del Río, Illes Balears, España",+34971338229,https://www.ambaribiza.com/,4.0,10.0,es,Google reviews: 4* / 10,OPERATIONAL,"('real_estate_agency', 'finance', 'general_contractor', 'consultant', 'point_of_interest', 'establishment')",7840.0,+34673416601,+34651909482,info@ambaribiza.com,jjimenez@ambaribiza.com,success
ZENITH HOME GROUP IBIZA,"passage de la pau, 1, Bloque C, 07840 Santa Eulalia del Río, Illes Balears, España",,https://www.zenithomegroup.com/,5.0,3.0,es,Google reviews: 5* / 3,OPERATIONAL,"('real_estate_agency', 'point_of_interest', 'establishment')",7840.0,+34646422358,,sales@zenithomegroup.com,,success
Ibiza Roca Llisa Real Estate,"Avinguda del Golf, s/n, 07819 Roca Llisa, Illes Balears, España",+34666681785,https://ibizarocallisa.com/,5.0,1.0,es,Google reviews: 5* / 1,OPERATIONAL,"('real_estate_agency', 'point_of_interest', 'establishment')",7819.0,,,,,error:no contact info found
Tanit Villas,"Apartado de correo, 226, 07840 Santa Eulalia del Río, Illes Balears, España",+34971319459,,3.0,1.0,es,Google reviews: 3* / 1,OPERATIONAL,"('real_estate_agency', 'point_of_interest', 'establishment')",7840.0,,,,,error:no contact info found
Manuel Castellano Ibiza,,+34603647292,http://www.mcibiza.pro/,,,es,Google reviews: * / None,OPERATIONAL,"('real_estate_agency', 'consultant', 'establishment')",,,,,,error:no contact info found
BERG & BROWN,"Avinguda Isidor Macabich, 1, 07816 Sant Rafel, Illes Balears, España",+34667002798,,5.0,4.0,es,Google reviews: 5* / 4,OPERATIONAL,"('real_estate_agency', 'point_of_interest', 'establishment')",7816.0,,,,,error:no contact info found
Sun Sea & Sand,"Carrer Bienvenida, 199, 07819 Can Furnet, Illes Balears, España",+34606717202,,,,es,Google reviews: * / None,OPERATIONAL,"('real_estate_agency', 'point_of_interest', 'establishment')",7819.0,,,,,error:no contact info found
Ibiza Properties Real Estate,"Carrer Pintors Puget, 16, 07840 Santa Eulària des Riu, Illes Balears, España",,http://www.ibzproperties.com/,5.0,1.0,es,Google reviews: 5* / 1,OPERATIONAL,"('real_estate_agency', 'point_of_interest', 'establishment')",7840.0,+34649479969,+34696241119,,,success
Villa Contact Ibiza ,"Passeig de s'Alamera, 14, 07840 Santa Eulària des Riu, Illes Balears, España",+34971330374,http://www.villacontact.com/,5.0,22.0,es,Google reviews: 5* / 22,OPERATIONAL,"('real_estate_agency', 'point_of_interest', 'establishment')",7840.0,,,,,error:no contact info found
Isoba Ibiza S.L,"Calle Can Parent, 9, 9 0, 07816 Sant Rafel, Illes Balears, España",+34971198511,,1.0,1.0,es,Google reviews: 1* / 1,OPERATIONAL,"('real_estate_agency', 'furniture_store', 'home_improvement_store', 'home_goods_store', 'point_of_interest', 'store', 'establishment')",7816.0,,,,,error:no contact info found
GZ Ibiza Properties,,,https://www.gzibizaproperties.com/,5.0,15.0,es,Google reviews: 5* / 15,OPERATIONAL,"('real_estate_agency', 'establishment')",,+34602423394,,,,success
Román Fortunato Real Estate & Concierge,"Carretera d'Eivissa a Sant Josep, km 2, 1, 07817 Sant Jordi de ses Salines, Illes Balears, España",,https://romanfortunato.com/,5.0,1.0,es,Google reviews: 5* / 1,OPERATIONAL,"('real_estate_agency', 'point_of_interest', 'establishment')",7817.0,+34689702626,,office@romanfortunato.com,,success
iad Cesibel Albagli,,,https://www.cesibelrealestate.com/,5.0,3.0,es,Google reviews: 5* / 3,OPERATIONAL,"('real_estate_agency', 'establishment')",,+34665386293,,cesibel.albagli@iadespana.es,,success
Paloma Real Estate,,,https://www.palomarealestate.es/,1.8,5.0,es,Google reviews: 1.8* / 5,OPERATIONAL,"('real_estate_agency', 'establishment')",,+34644427900,,Cristinapaloma@cristinapaloma.com,,success
Proporcion Aurea Ibiza S L,"Calle Josep Planells Bonet, 3, 07816 Sant Rafel, Illes Balears, España",+34971078873,,,,es,Google reviews: * / None,OPERATIONAL,"('real_estate_agency', 'point_of_interest', 'establishment')",7816.0,,,,,error:no contact info found
Villas Ibiza Spain,,,https://www.villasibizaspain.com/,5.0,10.0,es,Google reviews: 5* / 10,OPERATIONAL,"('real_estate_agency', 'establishment')",,+34633934968,,info@villasibizaspain.com,,success
Durendesa Inmobiliaria IBIZA,,+34971778238,https://www.durendesa.com/inmobiliaria-ibiza,,,es,Google reviews: * / None,OPERATIONAL,"('real_estate_agency', 'establishment')",,+34971906068,,info@durendesa.com,,success
Id Ibiza Inmobiliaria,,,http://www.idibizaestates.com/,,,es,Google reviews: * / None,OPERATIONAL,"('real_estate_agency', 'establishment')",,+34633046729,,info@idibizaestates.com,,success
Homeclub Ibiza,"Carretera Ibiza, 7P, 07817 Ibiza, Illes Balears, España",,https://www.homeclub.com/,4.8,32.0,es,Google reviews: 4.8* / 32,OPERATIONAL,"('real_estate_agency', 'lodging', 'point_of_interest', 'establishment')",7817.0,+34911438350,,reservations@homeclub.com,help@homeclub.com,success
Inmobiliaria Juan José Ribas,"Carrer d'Extremadura, 1, Bajos, 07800 Eivissa, Illes Balears, España",+34971310808,http://www.inmobiliariaibiza.com/,3.8,5.0,es,Google reviews: 3.8* / 5,OPERATIONAL,"('real_estate_agency', 'point_of_interest', 'establishment')",7800.0,0034971310808,,informacion@habitatibiza.com,,success
LET US IBIZA Find a second home that is a safe investment,"Carrer de la Tórtora, 1, bajo 2, 07817 Sant Josep de sa Talaia, Illes Balears, España",,http://letusibiza.com/,5.0,37.0,nl,Google reviews: 5* / 37,OPERATIONAL,"('real_estate_agency', 'finance', 'consultant', 'point_of_interest', 'establishment')",7817.0,+34620846370,+34653378193,info@letusibiza.com,brigitte@letusibiza.com,success
Pure Lifestyle Ibiza,"Carrer Sèpies, 26, 07817 Sant Josep de sa Talaia, Illes Balears, España",+34602402713,http://www.pureibiza.com/,4.8,5.0,en,Google reviews: 4.8* / 5,OPERATIONAL,"('real_estate_agency', 'point_of_interest', 'establishment')",7817.0,+34971193231,+34609163512,,,success
luxevillahurenibiza,"Avinguda de Vicent Serra, 07817 Sant Jordi de ses Salines, Illes Balears, España",+34663503342,,5.0,2.0,en,Google reviews: 5* / 2,OPERATIONAL,"('real_estate_agency', 'point_of_interest', 'establishment')",7817.0,,,,,error:no contact info found
Romina Ibiza Villas & Co.,"Carretera Ibiza - San José km3, 07817 San Jorge de ses Salines, Illes Balears, España",,https://www.rominaibizavillas.com/,5.0,8.0,en,Google reviews: 5* / 8,OPERATIONAL,"('real_estate_agency', 'point_of_interest', 'establishment')",7817.0,+34971308016,+34697151297,,,success
Ibiza TRT Gestión Inmobiliaria,"Carrer de Sant Antoni, 36, Bajo 6, 07820 San Antonio Abad, Illes Balears, España",,http://www.ibizatrt.com/,5.0,39.0,es,Google reviews: 5* / 39,OPERATIONAL,"('real_estate_agency', 'point_of_interest', 'establishment')",7820.0,+34971034105,+34661128055,,,success
Windsor & Meyers Ibiza,"Carrer dels Polls, 21, 07817 Sant Josep de sa Talaia, Illes Balears, España",,https://www.windsorandmeyers.es/,4.3,18.0,es,Google reviews: 4.3* / 18,OPERATIONAL,"('real_estate_agency', 'point_of_interest', 'establishment')",7817.0,+34971303479,,ibiza@windsorandmeyers.com,,success
Ibiza My Property,"LOCAL 3, Av. Pere Matutes Noguera, 109, 07800 Ibiza, Illes Balears, España",+34971199178,http://www.ibizamyproperty.com/,4.5,68.0,it,Google reviews: 4.5* / 68,OPERATIONAL,"('real_estate_agency', 'point_of_interest', 'establishment')",7800.0,+34971.199.178,+34262000000,info@ibizamyproperty.com,,success
IBIZA HOME MANAGERS,"Carrer del Timbal, 22, 07817 Sant Jordi de ses Salines, Illes Balears, España",,http://www.ibizahomemanagers.net/,4.6,25.0,es,Google reviews: 4.6* / 25,OPERATIONAL,"('real_estate_agency', 'point_of_interest', 'establishment')",7817.0,+34619737585,,info@ibizahomemanagers.net,,success
Real Estate Ibiza,"Av. Pere Matutes Noguera, 115-117, 07800 Eivissa, Illes Balears, España",,http://realestateibiza.net/,5.0,14.0,en,Google reviews: 5* / 14,OPERATIONAL,"('real_estate_agency', 'point_of_interest', 'establishment')",7800.0,+34685859862,+34633565200,info@realestateibiza.net,,success
Inmobiliaria Sant Jordi de ses Salines,"07817 San Jorge de ses Salines, Illes Balears, España",+34633408981,http://www.tierrasdeibiza.es/,3.3,3.0,es,Google reviews: 3.3* / 3,OPERATIONAL,"('real_estate_agency', 'point_of_interest', 'establishment')",7817.0,,,,,error:no contact info found
Unconventional Ibiza,"Carrer dels Polls, 15, 07817 Sant Jordi de ses Salines, Illes Balears, España",,http://www.unconventionalibiza.com/,5.0,5.0,es,Google reviews: 5* / 5,OPERATIONAL,"('real_estate_agency', 'point_of_interest', 'establishment')",7817.0,+34871773689,,info@un-ibiza.com,,success
IBIZA-Casa Inmobiliaria de Baleares S.l.u.,"Av. Cubells, 7, 07830 Sant Josep de sa Talaia, Illes Balears, España",,http://www.ibiza-casa.com/,4.8,17.0,es,Google reviews: 4.8* / 17,OPERATIONAL,"('real_estate_agency', 'point_of_interest', 'establishment')",7830.0,+34971800367,+34639233405,info@ibiza-casa.com,,success
Immobilien Lindstedt Management GmbH & Co.KG,"Carrer del Montsec, 6, 07817 Sant Josep de sa Talaia, Illes Balears, España",+34911980779,https://immobilien-lindstedt.de/,5.0,20.0,en,Google reviews: 5* / 20,OPERATIONAL,"('real_estate_agency', 'point_of_interest', 'establishment')",7817.0,,,,,error:no contact info found
Ibiza Finders,"Carrer de Can Mariano Palerm, 21, 07817 Sant Josep de sa Talaia, Illes Balears, España",,http://www.ibizafinders.com/contacto/,2.5,4.0,en,Google reviews: 2.5* / 4,OPERATIONAL,"('real_estate_agency', 'point_of_interest', 'establishment')",7817.0,+34667470243,,,,success
Ibiza My Villa ,"Av. Pere Matutes Noguera, Local 109, 07800 Eivissa, Illes Balears, España",,http://www.ibizamyvilla.com/,5.0,20.0,es,Google reviews: 5* / 20,OPERATIONAL,"('real_estate_agency', 'point_of_interest', 'establishment')",7800.0,+34971199178,,info@ibizamyvilla.com,,success
Inmobiliaria en Ibiza,"Carrer de la Vila, 2, 07830 Sant Josep de sa Talaia, Illes Balears, España",+34681097041,,4.3,4.0,es,Google reviews: 4.3* / 4,OPERATIONAL,"('real_estate_agency', 'point_of_interest', 'establishment')",7830.0,,,,,error:no contact info found
Ibizalia Inmobiliaria ,"Av. d'Isidor Macabich, 65, 07800 Eivissa, Illes Balears, España",,http://ibizalia.com/,3.8,10.0,en,Google reviews: 3.8* / 10,OPERATIONAL,"('real_estate_agency', 'point_of_interest', 'establishment')",7800.0,+34971306030,+34646191022,,,success
Living in Ibiza Properties,"Carrer del Mar, 2, 07840 Santa Eulària des Riu, Illes Balears, España",+34669032341,http://living-in-ibiza.com/,3.7,3.0,es,Google reviews: 3.7* / 3,OPERATIONAL,"('real_estate_agency', 'point_of_interest', 'establishment')",7840.0,0034669032341,,,,success
Niki Agency Ibiza,,,http://www.nikiagencyibiza.com/,4.4,5.0,de,Google reviews: 4.4* / 5,OPERATIONAL,"('real_estate_agency', 'establishment')",,+34600670007,+34600670007,,,success
Inmobiliaria ALOVIDA en Ibiza,"Carrer des Cap Martinet, 22, 07819 Nuestra Señora de Jesús, Illes Balears, España",,https://www.alovida.es/,5.0,25.0,es,Google reviews: 5* / 25,OPERATIONAL,"('real_estate_agency', 'point_of_interest', 'establishment')",7819.0,+34646077248,,info@alovida.es,,success
Vicla Homes,"Carrer des Cap Martinet, 13, 07819 Nuestra Señora de Jesús, Illes Balears, España",,https://www.viclahomes.com/,,,en,Google reviews: * / None,OPERATIONAL,"('real_estate_agency', 'point_of_interest', 'establishment')",7819.0,+34615233575,,,,success
inmobiliaria Las Anclas Ibiza,"Avenida Cap Martinet s/n, Edif. Balcon de Jesús II, 07819 Nuestra Señora de Jesús, Illes Balears, España",+34971193413,https://lasanclas-ibiza.com/,4.8,55.0,en,Google reviews: 4.8* / 55,OPERATIONAL,"('real_estate_agency', 'consultant', 'point_of_interest', 'establishment')",7819.0,,,,,error:no contact info found
Ibiza Hills Homes,"C/ de Milán, 1, Urb, 07819 Roca Llisa, Illes Balears, España",,https://www.ibiza-hills-homes.com/,5.0,11.0,en,Google reviews: 5* / 11,OPERATIONAL,"('real_estate_agency', 'point_of_interest', 'establishment')",7819.0,+34971159035,,evelin@ibiza-hills-homes.com,,success
Kelosa Real Estate Ibiza,"Carrer des Cap Martinet s/n, Edif, Balcón de Jesús I, local 3, 07819 Ntra. Sra. de Jesús, Illes Balears, España",,https://www.kelosa.com/,5.0,4.0,es,Google reviews: 5* / 4,OPERATIONAL,"('real_estate_agency', 'consultant', 'point_of_interest', 'establishment')",7819.0,+34971312211,+34971311118,ibiza@kelosa.com,,success
Beachfront Ibiza,"Carrer de les Estrelles, 10, 07819 Can Bessó, Illes Balears, España",,http://beachfrontibiza.com/,,,es,Google reviews: * / None,OPERATIONAL,"('real_estate_agency', 'finance', 'consultant', 'point_of_interest', 'establishment')",7819.0,+34656422258,,office@beachfrontibiza.com,,success
Villas in Ibiza,"Ctra, Jesus 101, Edif Centro, Planta Baja, Local 5,, Jesus, 07819 Ibiza, Illes Balears, España",+34871030774,,5.0,4.0,en,Google reviews: 5* / 4,OPERATIONAL,"('real_estate_agency', 'point_of_interest', 'establishment')",7819.0,,,,,error:no contact info found
Ibiza Global Prestige,,,http://www.ibizaglobalprestige.com/,5.0,4.0,es,Google reviews: 5* / 4,OPERATIONAL,"('real_estate_agency', 'establishment')",,+34649496631,+34667863126,info@ibizaglobalprestige.com,,success
PURE Real Estate Ibiza,"Carrer des Cap Martinet, 22, 07819 Nuestra Señora de Jesús, Illes Balears, España",,https://www.pureibiza.com/,5.0,7.0,en,Google reviews: 5* / 7,OPERATIONAL,"('real_estate_agency', 'point_of_interest', 'establishment')",7819.0,+34971193231,+34609163512,,,success
C & W Immobilien,"Carretera de Jesus, 101, Edif Centro, Planta Baja, Local 5, 07819 Ibiza, Illes Balears, España",,https://www.luxuryvillasibiza.net/,4.9,33.0,es,Google reviews: 4.9* / 33,OPERATIONAL,"('real_estate_agency', 'point_of_interest', 'general_contractor', 'establishment')",7819.0,+34692807756,+34604101816,,a.keil@cw-ibiza.de,success
Eivipssa Store,"Carrer des Cap Martinet, 17, 07819 Nuestra Señora de Jesús, Illes Balears, España",,https://www.eivipssa.com/,,,es,Google reviews: * / None,OPERATIONAL,"('real_estate_agency', 'point_of_interest', 'establishment')",7819.0,+34625724136,+34971786948,info@eivipssa.com,,success
IR real estates ibiza,"Carrer del Canari, 12, 07819 Nuestra Señora de Jesús, Illes Balears, España",+34607235214,https://www.realestate-ibiza.net/,,,en,Google reviews: * / None,OPERATIONAL,"('real_estate_agency', 'point_of_interest', 'establishment')",7819.0,+34687197965,,info@realestate-ibiza.net,,success
Bluewateribiza Real Estate,"Avinguda de, 07819 Cap Martinet, Illes Balears, España",+34611250403,http://www.bluewateribiza.com/,4.0,4.0,en,Google reviews: 4* / 4,OPERATIONAL,"('real_estate_agency', 'point_of_interest', 'general_contractor', 'finance', 'establishment')",7819.0,+3434.611250403,,info@bluewateribiza.com,,success
Inmobilaria Casa Ibiza,"Ctra, Jesus 101, Edif Centro, Planta Baja, Local 5, 07819 Ntra. Sra. de Jesús, Illes Balears, España",+34871030774,http://www.cw-casaibiza.es/,3.0,1.0,en,Google reviews: 3* / 1,OPERATIONAL,"('real_estate_agency', 'point_of_interest', 'establishment')",7819.0,+34692807756,+34604101816,,a.keil@cw-ibiza.de,success
R&S Exclusive Ibiza,"Bahía de Ibiza, Av. 8 de Agosto, 38, 07810 Ibiza, Illes Balears, España",+34627514309,,4.0,1.0,es,Google reviews: 4* / 1,OPERATIONAL,"('real_estate_agency', 'point_of_interest', 'establishment')",7810.0,,,,,error:no contact info found
Roxire Real Estate,"Carrer de la Mar, 13b, 07820 Sant Antoni de Portmany, Illes Balears, España",+34871510572,http://www.roxire.com/,4.8,316.0,es,Google reviews: 4.8* / 316,OPERATIONAL,"('real_estate_agency', 'consultant', 'point_of_interest', 'establishment')",7820.0,+34690971660,+34640941328,,,success
Sa Pedrera Inmobiliaria,"Carrer de la Mar, 29, local 7, 07820 Sant Antoni de Portmany, Illes Balears, España",+34671200791,http://www.sapedrerainmobiliaria.es/,4.9,40.0,es,Google reviews: 4.9* / 40,OPERATIONAL,"('real_estate_agency', 'point_of_interest', 'establishment')",7820.0,,,,,error:no contact info found
Reesman ,"Avinguda del Doctor Fleming, 47, bajo, 07820 Sant Antoni de Portmany, Illes Balears, España",+34971347752,https://www.reesman.es/,4.8,44.0,es,Google reviews: 4.8* / 44,OPERATIONAL,"('real_estate_agency', 'point_of_interest', 'establishment')",7820.0,,,,,error:no contact info found
BLAU Properties Ibiza Real Estate,"C. del Far, 6, Local 2, 07820 San Antonio Abad, Illes Balears, España",,http://www.blaupropertiesibiza.com/,4.8,22.0,es,Google reviews: 4.8* / 22,OPERATIONAL,"('real_estate_agency', 'point_of_interest', 'establishment')",7820.0,+34620086628,,,,success
Agencia Inmobiliaria iHouseIbiza,"Carrer del General Balanzat, 14, 07820 Sant Antoni de Portmany, Illes Balears, España",+34622377356,https://www.ventas.ihouseibiza.com/,4.3,36.0,es,Google reviews: 4.3* / 36,OPERATIONAL,"('real_estate_agency', 'point_of_interest', 'establishment')",7820.0,+34631980681,,,,success
Inmobiliaria Multihogar,"C/ Madrid nº4 Esquina, C. del Far, 07820 San Antonio Abad, Illes Balears, España",+34971346979,http://www.multihogar.es/,3.1,30.0,es,Google reviews: 3.1* / 30,OPERATIONAL,"('real_estate_agency', 'point_of_interest', 'establishment')",7820.0,+34619667506,,info@multihogar.es,,success
Sandoval Inmobiliaria,"Carrer del Progrés, 23B, 07820 Sant Antoni de Portmany, Illes Balears, España",,http://www.sandovalinmobiliaria.com/,5.0,1.0,es,Google reviews: 5* / 1,OPERATIONAL,"('real_estate_agency', 'point_of_interest', 'establishment')",7820.0,+34625260878,,info@sandovalinmobiliaria.com,,success
Propislandibiza,,,https://www.propislandibiza.com/,5.0,4.0,es,Google reviews: 5* / 4,OPERATIONAL,"('real_estate_agency', 'establishment')",,+34633740269,,,,success
Biocasa Inmobiliaria C.B.,"C. del Far, 2, 07820 Sant Antoni de Portmany, Illes Balears, España",+34971348189,http://www.biocasa-inmobiliaria.com/es/,3.7,3.0,es,Google reviews: 3.7* / 3,OPERATIONAL,"('real_estate_agency', 'point_of_interest', 'establishment')",7820.0,,,,,error:no contact info found
Inmobiliaria Costa Ibiza,"ED. TANIT, Calle FARO, 2 F, 07820 San Antonio Abad, Illes Balears, España",,http://www.costa-ibiza.com/,4.4,14.0,es,Google reviews: 4.4* / 14,OPERATIONAL,"('real_estate_agency', 'point_of_interest', 'establishment')",7820.0,+34971340951,+34971341058,costa@costaibiza.com,,success
""" IBISUNSET "" Island Homes Ibiza & Mallorca",,+34871252831,https://ibisunset.com/,4.7,26.0,es,Google reviews: 4.7* / 26,OPERATIONAL,"('real_estate_agency', 'establishment')",,+34660982304,+34616470766,,,success
VBD Real Estate Ibiza,,,https://www.vbdrealestate.com/,5.0,14.0,es,Google reviews: 5* / 14,OPERATIONAL,"('real_estate_agency', 'consultant', 'establishment')",,+34711042821,,Ibiza@vbdrealestate.com,,success
"TUR Y SERRA CONSULTORIA, SL","Tr.ª De La Mar, 1, 07820 San Antonio Abad, Illes Balears, España",+34971341411,http://www.turyserra.com/,4.0,102.0,es,Google reviews: 4* / 102,OPERATIONAL,"('real_estate_agency', 'finance', 'consultant', 'point_of_interest', 'establishment')",7820.0,,,,,error:no contact info found
Kum Ibiza Agency ( 07829 ),"Carrer de Burgos, Carrer de Cala de Bou, 16, 07829 San José, Illes Balears, España",,http://kumibizaagency.com/contacto/,4.1,13.0,es,Google reviews: 4.1* / 13,OPERATIONAL,"('real_estate_agency', 'point_of_interest', 'establishment')",7829.0,+34971072673,,info@kumibizaagency.com,,success
POSIDONIA Exclusive Properties Ibiza,,,http://www.posidoniaibiza.es/,5.0,2.0,es,Google reviews: 5* / 2,OPERATIONAL,"('real_estate_agency', 'establishment')",,+34615966706,,manuel@posidoniaibiza.es,jannine@posidoniaibiza.es,success
BBS Consulting,"Edificio S'Atalaya, Av. Cubells, 5, 07830 Es Cubells, Illes Balears, España",+34971408671,http://www.bbs-ibiza.net/,4.8,6.0,es,Google reviews: 4.8* / 6,OPERATIONAL,"('real_estate_agency', 'point_of_interest', 'establishment')",7830.0,0034971408671,0034669360583,,,success
Ibiza Values,"Avinguda del Doctor Fleming, 64, 07820 Sant Antoni de Portmany, Illes Balears, España",+34871778709,,,,ca,Google reviews: * / None,OPERATIONAL,"('real_estate_agency', 'point_of_interest', 'establishment')",7820.0,,,,,error:no contact info found
C&M LUXURY REAL ESTATE GROUP,"Carrer València, 4, Bajo 1 Local 2, 07829 Port des Torrent )San Josep de Sa Talía, Illes Balears, España",+34871907507,http://www.cmluxuryrealestategroup.es/,4.5,29.0,es,Google reviews: 4.5* / 29,OPERATIONAL,"('real_estate_agency', 'point_of_interest', 'establishment')",7829.0,+34902099,+34838,clientes@cmluxuryrealestategroup.es,,success
Ibiza Seven Villas,"Carrer des Caló, 104, 07829 Sant Josep de sa Talaia, Illes Balears, España",,https://ibizasevenvillas.xyz/,5.0,1.0,es,Google reviews: 5* / 1,OPERATIONAL,"('real_estate_agency', 'point_of_interest', 'establishment')",7829.0,,,,,error:no contact info found
immo-ibiza,"Ctra, Edif, Carrer Can Bernat Toni, 07830 Es Cubells, Illes Balears, España",+34683184621,https://www.immo-ibiza.com/,5.0,15.0,de,Google reviews: 5* / 15,OPERATIONAL,"('real_estate_agency', 'consultant', 'point_of_interest', 'establishment')",7830.0,,,,,error:no contact info found
IBIZA International Real Estate & Private Office,"Ctra. San Jose KM 11,5, Edif Sa Matassa, Local 3, 07830 Ibiza, Illes Balears, España",,https://www.ibiza-international.com/,5.0,4.0,en,Google reviews: 5* / 4,OPERATIONAL,"('real_estate_agency', 'point_of_interest', 'establishment')",7830.0,+34637513513,,team@ibiza-international.com,,success
Sa Calma Homes Ibiza,"07829 San José, Illes Balears, España",,https://www.sacalmahomes.es/,5.0,5.0,es,Google reviews: 5* / 5,OPERATIONAL,"('real_estate_agency', 'point_of_interest', 'establishment')",7829.0,+34671821274,,ibiza@sacalmahomes.es,,success
Ibiza Workers' Accommodation,"Carrer Pau Casals, 10, 07820 Sant Antoni de Portmany, Illes Balears, España",+34649457726,http://www.ibiza-workers-accommodation.com/,,,es,Google reviews: * / None,OPERATIONAL,"('real_estate_agency', 'point_of_interest', 'establishment')",7820.0,+34971340901,,info@ibiza-workers-accommodation.com,,success
Real Estate Ibizatophouse,"07830 San José, Illes Balears, España",+34639239299,,,,es,Google reviews: * / None,OPERATIONAL,"('real_estate_agency', 'point_of_interest', 'general_contractor', 'establishment')",7830.0,,,,,error:no contact info found
Remax,"Carrer de Sant Vicent, 19, Local derecha, 07840 Santa Eulària des Riu, Illes Balears, España",+34871515015,https://www.remax-islablanca.es/,4.8,156.0,ca,Google reviews: 4.8* / 156,OPERATIONAL,"('real_estate_agency', 'point_of_interest', 'establishment')",7840.0,,,,,error:no contact info found
Inmovita,"C/ de la Llibertat, 29C, Ponent, 07013 Palma, Illes Balears, España",,https://www.inmovita.es/inicio,5.0,13.0,es,Google reviews: 5* / 13,OPERATIONAL,"('real_estate_agency', 'point_of_interest', 'establishment')",7013.0,+34649557495,,info@inmovita.es,,success
Ibia Royal Villas,"Carrer de Sant Ferran, 55, 07829 Sant Josep de sa Talaia, Illes Balears, España",,http://www.ibizaroyalapartments.com/,,,es,Google reviews: * / None,OPERATIONAL,"('real_estate_agency', 'point_of_interest', 'establishment')",7829.0,+34699472789,,info@ibizaroyalapartments.com,,success
RESA VICTORIA international real estate,"Carrer Puig del Mar, 8, 07830 Sant Josep de sa Talaia, Illes Balears, España",,http://www.resa-estates.com/,3.0,10.0,nl,Google reviews: 3* / 10,OPERATIONAL,"('real_estate_agency', 'point_of_interest', 'establishment')",7830.0,+34638843120,,info@resa-estates.com,,success
Kum Ibiza Agency ( 07830 ),"Carrer de Sa Barbada, 4, 07830 Sant Josep de sa Talaia, Illes Balears, España",+34669765688,https://www.kumibizaagency.com/,1.0,1.0,es,Google reviews: 1* / 1,OPERATIONAL,"('real_estate_agency', 'point_of_interest', 'establishment')",7830.0,+34971072673,,info@kumibizaagency.com,,success
Lighthouse Ibiza Properties,"Can Toni d'en Rafal, Cami de devall es Pou, 07839 San José, Illes Balears, España",+34638255182,,5.0,7.0,en,Google reviews: 5* / 7,OPERATIONAL,"('real_estate_agency', 'point_of_interest', 'establishment')",7839.0,,,,,error:no contact info found
ACTIVEIBIZA,"Avda. Es, Av. Cubells, 9, E, 07830 Sant Josep de sa Talaia, Illes Balears, España",+34602501381,,,,tr,Google reviews: * / None,OPERATIONAL,"('real_estate_agency', 'point_of_interest', 'establishment')",7830.0,,,,,error:no contact info found
Aura Concierge  ( 07839 ),"Carrer des Liombi, 07839 Es Cubells, Illes Balears, España",+34659365034,https://www.auraconciergegroup.com/,,,es,Google reviews: * / None,OPERATIONAL,"('real_estate_agency', 'point_of_interest', 'establishment')",7839.0,,,,,error:no contact info found
Homes&Dreams Ibiza,,+34632136583,https://homesandreams.com/,,,es,Google reviews: * / None,OPERATIONAL,"('real_estate_agency', 'establishment')",,+34697723780,,,,success
IBIZA DEL SOL REAL ESTATE S.L. ( 07830 ),"Camí des Jondal, s/n, 07830 Sant Josep de sa Talaia, Illes Balears, España",+34644019220,http://ibizadelsol.com/,,,es,Google reviews: * / None,OPERATIONAL,"('real_estate_agency', 'point_of_interest', 'establishment')",7830.0,,,,,error:no contact info found
MA Formentera Houses ,"Carrer de Santa Maria, 16, 07860 Sant Francesc de Formentera, Illes Balears, España",+34971323137,http://www.maformenterahouses.com/,,,es,Google reviews: * / None,OPERATIONAL,"('real_estate_agency', 'point_of_interest', 'establishment')",7860.0,,,info@maformenterahouses.com,,success
Ibiza Diferente,"Carretera San Jose KM10, 07830, Illes Balears, España",,https://www.ibizadiferente.com/,5.0,4.0,nl,Google reviews: 5* / 4,OPERATIONAL,"('real_estate_agency', 'point_of_interest', 'establishment')",7830.0,+34628663237,,,,success
zprivateofffice,"C/Pere Escañelles, 3, 1er piso, 07830 Sant Josep de sa Talaia, Illes Balears, España",+34971801657,,,,es,Google reviews: * / None,OPERATIONAL,"('real_estate_agency', 'point_of_interest', 'establishment')",7830.0,,,,,error:no contact info found
Harbour One,"Carrer de la Pau, 12, 07830 Sant Josep de sa Talaia, Illes Balears, España",+34628791673,,,,es,Google reviews: * / None,OPERATIONAL,"('real_estate_agency', 'point_of_interest', 'establishment')",7830.0,,,,,error:no contact info found
Engel & Völkers Santa Eulalia,"Carrer de Sant Jaume, 37, 07840 Santa Eulària des Riu, Illes Balears, España",+34971807180,http://www.ev-ibiza.com/,4.8,48.0,de,Google reviews: 4.8* / 48,OPERATIONAL,"('real_estate_agency', 'consultant', 'point_of_interest', 'establishment')",7840.0,+34971311336,,ibiza@engelvoelkers.com,,success
Inmobiliaria Turnai,"Paseo Marítimo esquina Passatge del Vapor Mallorca, 07840 Santa Eulalia Des Ríu, Illes Balears, España",+34971332352,,5.0,1.0,es,Google reviews: 5* / 1,OPERATIONAL,"('real_estate_agency', 'point_of_interest', 'establishment')",7840.0,,,,,error:no contact info found
R & R Ibiza Property Search Agents,"Carrer San Jaime, Santa Eulalia Del Río 07840 (by Appointment Only), 07840 Santa Eulalia del rio. Ibiza, Illes Balears, España",+34685554606,,5.0,2.0,en,Google reviews: 5* / 2,OPERATIONAL,"('real_estate_agency', 'consultant', 'point_of_interest', 'finance', 'establishment')",7840.0,,,,,error:no contact info found
Mukasa Ibiza,"Passeig de s'Alamera, 12, 822, 07840 Santa Eulària des Riu, Illes Balears, España",+34871242999,http://www.mukasa.es/,5.0,10.0,nl,Google reviews: 5* / 10,OPERATIONAL,"('real_estate_agency', 'point_of_interest', 'establishment')",7840.0,,,,,error:no contact info found
REAL ESTATE HOUSE HUNTER SL,"Passatge del Vapor Mallorca, 6, local 1, 07840 Santa Eulalia del Río, Illes Balears, España",+34626346892,http://www.ibizahousehunter.com/,,,es,Google reviews: * / None,OPERATIONAL,"('real_estate_agency', 'point_of_interest', 'establishment')",7840.0,0034971338383,0034626346892,info@ibizahousehunter.com,,success
Buy Villas,"Local 5,, Carrer de Marià Riquer Wallis, 9, 07840 Santa Eulària des Riu, Illes Balears, España",+34688908812,,,,en,Google reviews: * / None,OPERATIONAL,"('real_estate_agency', 'point_of_interest', 'establishment')",7840.0,,,,,error:no contact info found
ibiza and me,"Carrer de Sant Jaume, 76, Primer piso, Oficina 2, 07840 Santa Eulària des Riu, Illes Balears, España",,http://ibizaandme.com/,5.0,1.0,es,Google reviews: 5* / 1,OPERATIONAL,"('real_estate_agency', 'point_of_interest', 'establishment')",7840.0,+155522668890,+34622844749,info@yourcompany.com,,success
Ibiza House Shop,"C. de San Jaime, 45, 1°, 07840 Santa Eulalia del Río, Illes Balears, España",,https://www.ibizahouseshop.com/,4.3,4.0,es,Google reviews: 4.3* / 4,OPERATIONAL,"('real_estate_agency', 'point_of_interest', 'establishment')",7840.0,+34646354054,,,,success
Bussard Inmobiliaria,"Carrer de Sant Jaume, 62, 07840 Santa Eulària des Riu, Illes Balears, España",+34971331196,https://www.bussard-ibiza.com/,,,es,Google reviews: * / None,OPERATIONAL,"('real_estate_agency', 'point_of_interest', 'establishment')",7840.0,,,,,error:no contact info found
Invenio Homes,"C/ de Molins de Rei, 12, 07840 Santa Eulària des Riu, Illes Balears, España",+34660919532,http://www.inveniohomes.com/,4.4,21.0,en,Google reviews: 4.4* / 21,OPERATIONAL,"('real_estate_agency', 'consultant', 'point_of_interest', 'establishment')",7840.0,+34671349592,,contact@inveniohomes.com,,success
RL Real Estate Ibiza,"Carrer de Sant Jaume, 49, 07840 Santa Eulària des Riu, Illes Balears, España",+34626603197,https://rlrealestateibiza.com/,,,en,Google reviews: * / None,OPERATIONAL,"('real_estate_agency', 'consultant', 'point_of_interest', 'establishment')",7840.0,,,,,error:no contact info found
Valle Bravo,"Carrer de Sant Vicent, 17, 07840 Santa Eulària des Riu, Illes Balears, España",+34971336201,,4.0,1.0,es,Google reviews: 4* / 1,OPERATIONAL,"('real_estate_agency', 'point_of_interest', 'establishment')",7840.0,,,,,error:no contact info found
Kaizen Properties,"Carrer de Marià Riquer Wallis, 11, 07840 Santa Eulària des Riu, Illes Balears, España",+447933416636,,,,es,Google reviews: * / None,OPERATIONAL,"('real_estate_agency', 'point_of_interest', 'establishment')",7840.0,,,,,error:no contact info found
Ibiza Invest & Real Estate,"C. Las Begonias-Miramar A5, 07849 Siesta, Illes Balears, España",+34686666487,http://www.facebook.com/IBZInvest,5.0,1.0,de,Google reviews: 5* / 1,OPERATIONAL,"('real_estate_agency', 'point_of_interest', 'establishment')",7849.0,,,,,error:no contact info found
Organiqo Real Estate,"Carrer Joan Tur Tur, 13, 07840 Santa Eulària des Riu, Illes Balears, España",,https://www.organiqo-ibiza.com/,5.0,4.0,nl,Google reviews: 5* / 4,OPERATIONAL,"('real_estate_agency', 'general_contractor', 'point_of_interest', 'establishment')",7840.0,+34628150736,,info@organiqo-ibiza.com,,success
ROILITY Estate,"Carrer Joan Tur Tur, 13, 07840 Santa Eulària des Riu, Illes Balears, España",,https://www.roility.com/,,,en,Google reviews: * / None,OPERATIONAL,"('real_estate_agency', 'point_of_interest', 'establishment')",7840.0,+34629232989,,roilityestate@gmail.com,,success
House&Project Ibiza,"C. de San Jaime, 82, 2ºA, 07840 Santa Eulalia del Río, Illes Balears, España",+34871112674,,3.0,1.0,es,Google reviews: 3* / 1,OPERATIONAL,"('real_estate_agency', 'point_of_interest', 'establishment')",7840.0,,,,,error:no contact info found
Ibiza Property Guide,"Carrer de Sant Llorenç, 11, 07840 Santa Eulària des Riu, Illes Balears, España",+34971807469,https://www.ibizapropertyguide.com/,,,en,Google reviews: * / None,OPERATIONAL,"('real_estate_agency', 'book_store', 'consultant', 'point_of_interest', 'store', 'establishment')",7840.0,,,,,error:no contact info found
Constrcciones y reformas florin corodeanu,"Cae San jose nr 64 bajo Santa evlaria del rio, 07840 Santa Eulalia del Río, Illes Balears, España",+34645621904,,,,es,Google reviews: * / None,OPERATIONAL,"('real_estate_agency', 'consultant', 'point_of_interest', 'establishment')",7840.0,,,,,error:no contact info found
Ibiza Immocenter Pitiusas S.L.,"Apartado de correos, 279, 07840 Santa Eulària des Riu, Illes Balears, España",,http://ibiza-immocenter.com/,1.0,1.0,es,Google reviews: 1* / 1,OPERATIONAL,"('real_estate_agency', 'point_of_interest', 'establishment')",7840.0,+34659239480,+34971334079,info@ibiza-immocenter.com,,success
Promotora Goette,"C/ de Molins de Rei, 5, 07840 Santa Eulària des Riu, Illes Balears, España",+34971339952,http://www.ibiza-manns.com/,3.0,2.0,es,Google reviews: 3* / 2,OPERATIONAL,"('real_estate_agency', 'point_of_interest', 'establishment')",7840.0,+4902151505801,+34619274244,info@ibiza-manns.com,,success
GHL Gould Heinz & Lang property consultants Ibiza,"Passeig de s'Alamera, 15, 07840 Santa Eulària des Riu, Illes Balears, España",,https://ghl-ibiza.com/,4.1,17.0,en,Google reviews: 4.1* / 17,OPERATIONAL,"('real_estate_agency', 'point_of_interest', 'establishment')",7840.0,+34971339305,,,,success
"Ingram, Stanley Charles","Paseo Maritimo, 82, 07840 Santa Eulària des Riu, Illes Balears, España",+34971339997,,4.0,1.0,es,Google reviews: 4* / 1,OPERATIONAL,"('real_estate_agency', 'point_of_interest', 'establishment')",7840.0,,,,,error:no contact info found
Rauti Eivissa S L,"Carrer de, Carrer Sant Carles, 11, 07840 Santa Eulària des Riu, Illes Balears, España",+34971330050,http://www.ibiza2010.eu/,,,es,Google reviews: * / None,OPERATIONAL,"('real_estate_agency', 'point_of_interest', 'establishment')",7840.0,+34646354054,,,,success
La Oficina Ibiza I,"Carrer de Sant Vicent, 13, 07840 Santa Eulària des Riu, Illes Balears, España",+34971319526,http://www.laoficinaibiza.com/,,,es,Google reviews: * / None,OPERATIONAL,"('real_estate_agency', 'point_of_interest', 'establishment')",7840.0,,,,,error:no contact info found
Toni Y Lola Cb,"Carrer Ricardo Curtoys Gotarredona, 0, 07840 Santa Eulària des Riu, Illes Balears, España",+34971196675,,,,es,Google reviews: * / None,OPERATIONAL,"('real_estate_agency', 'point_of_interest', 'establishment')",7840.0,,,,,error:no contact info found
Can Pere De Na Musona S L,"C. de Sant Joan, 5, 07840 Santa Eulalia del Río, Illes Balears, España",+34971336694,,,,es,Google reviews: * / None,OPERATIONAL,"('real_estate_agency', 'point_of_interest', 'establishment')",7840.0,,,,,error:no contact info found
Conviure Administración de Fincas ,"Carrer de Cèsar Puget Riquer, 13, 07840 Santa Eulària des Riu, Illes Balears, España",,http://www.conviureibiza.com/,5.0,5.0,es,Google reviews: 5* / 5,OPERATIONAL,"('real_estate_agency', 'consultant', 'point_of_interest', 'establishment')",7840.0,+34971319300,,fincas@torrescolomar.com,,success
Mandala Inversiones S L,"Carrer Ricardo Curtoys Gotarredona, 3, 07840 Santa Eulària des Riu, Illes Balears, España",+34971807789,,,,es,Google reviews: * / None,OPERATIONAL,"('real_estate_agency', 'point_of_interest', 'establishment')",7840.0,,,,,error:no contact info found
Pronton S L,"Carrer del Sol, 7, 07840 Santa Eulària des Riu, Illes Balears, España",+34971807763,,,,es,Google reviews: * / None,OPERATIONAL,"('real_estate_agency', 'point_of_interest', 'establishment')",7840.0,,,,,error:no contact info found
Bespoke Ibiza,"Maria Villangomez Antares Apto. 12, Atc. 21, 07840 Santa Eulalia del Río, Illes Balears, España",+34609513978,https://bespoke-ibiza.com/,5.0,2.0,en,Google reviews: 5* / 2,OPERATIONAL,"('real_estate_agency', 'consultant', 'point_of_interest', 'establishment')",7840.0,,,,,error:no contact info found
Pedro María Helguera Cordero,"Paseo Marítimo, 2, 07840 Santa Eulària des Riu, Illes Balears, España",+34971336180,,,,es,Google reviews: * / None,OPERATIONAL,"('real_estate_agency', 'point_of_interest', 'establishment')",7840.0,,,,,error:no contact info found
Norden Management,"Passeig de la Pau, 1, local 4, 07840 Santa Eulalia del Río, Illes Balears, España",,http://www.nordenmanagement.com/,,,es,Google reviews: * / None,OPERATIONAL,"('real_estate_agency', 'finance', 'consultant', 'point_of_interest', 'establishment')",7840.0,+34665460181,,info@nordenmanagement.com,,success
"VIVLA, VILLA RIBES","Carrer de ses Illes Formigues, 4, 07850 Santa Eulària des Riu, Illes Balears, España",,https://www.vivla.com/es/listings/ribes-home,,,en,Google reviews: * / None,OPERATIONAL,"('real_estate_agency', 'point_of_interest', 'establishment')",7850.0,,,,,error:no contact info found
Lush Ibiza,"Carrer Pou d'en Porxu, 07849 es Canar, Illes Balears, España",+34666121099,https://lushibiza.eu/,5.0,14.0,en,Google reviews: 5* / 14,OPERATIONAL,"('real_estate_agency', 'point_of_interest', 'establishment')",7849.0,,,,,error:no contact info found
MS Services Formentera,,,https://www.msservices.es/,5.0,5.0,es,Google reviews: 5* / 5,OPERATIONAL,"('real_estate_agency', 'establishment')",,+34681225079,,msservicesformentera@gmail.com,,success
Be Premium Formentera,"avenida mediterranea, 2, 07870 puerto de, Illes Balears, España",,http://www.bepremiumformentera.net/,5.0,3.0,es,Google reviews: 5* / 3,OPERATIONAL,"('real_estate_agency', 'point_of_interest', 'establishment')",7870.0,+34667908837,,formentera@bepremium.net,,success
Balearic Properties,"Carrer Pla del rey, 2, 07860 Sant Francesc de Formentera, Illes Balears, España",+34658491144,http://balearic.properties/,,,es,Google reviews: * / None,OPERATIONAL,"('real_estate_agency', 'point_of_interest', 'establishment')",7860.0,,,,,error:no contact info found
Decode Formentera,"Const Pep Sala, Ctra. la Savina, KM2,4, 07860 Sant Francesc de Formentera, Illes Balears, España",+33607937748,https://www.decodeformentera.com/,3.2,5.0,en,Google reviews: 3.2* / 5,OPERATIONAL,"('real_estate_agency', 'point_of_interest', 'establishment')",7860.0,,,,,error:no contact info found
Utopia de la Isla,"Venda des Brolls, 53, 07860 San Francisco, Illes Balears, España",,http://www.utopiadelaisla.com/,5.0,2.0,es,Google reviews: 5* / 2,OPERATIONAL,"('real_estate_agency', 'point_of_interest', 'establishment')",7860.0,+34646913227,,inmobiliaria@utopiadelaisla.com,,success
INMOBILIARIA CASA BLANCA FORMENTERA,"Carrer de Joan Castelló Guasch, 21, 07871 Sant Ferran de Ses Roques, Illes Balears, España",,https://www.formenteracasablanca.com/,4.6,5.0,es,Google reviews: 4.6* / 5,OPERATIONAL,"('real_estate_agency', 'point_of_interest', 'establishment')",7871.0,+34673595884,,info@formenteracasablanca.com,abuchau@hotmail.com,success
Casa de Formentera,"Carrer del Sol, 2, 07871 Sant Ferran de Ses Roques, Illes Balears, España",+34649667273,http://www.formenteraservices.com/,4.5,2.0,it,Google reviews: 4.5* / 2,OPERATIONAL,"('real_estate_agency', 'point_of_interest', 'establishment')",7871.0,,,,,error:no contact info found
Immobiliaria Sa Punta,"Carrer de Guillem de Montgrí, 51, 07871 Sant Ferran de Ses Roques, Illes Balears, España",+34971321819,http://formenterasapunta.com/,3.8,40.0,es,Google reviews: 3.8* / 40,OPERATIONAL,"('real_estate_agency', 'point_of_interest', 'establishment')",7871.0,0034971321819,0034659327814,sapunta@correovia.com,,success
Inmobiliaria Cecilio FORMENTERA,"Carrer des Pla del Rei, 11, 07860 Sant Francesc de Formentera, Illes Balears, España",+34971317743,,5.0,2.0,es,Google reviews: 5* / 2,OPERATIONAL,"('real_estate_agency', 'point_of_interest', 'establishment')",7860.0,,,,,error:no contact info found
Formentera Mi Amor,"Carrer des Fonoll Marí, 45, 07871 Es Pujols, Illes Balears, España",,http://www.formenteramiamor.com/,4.8,10.0,es,Google reviews: 4.8* / 10,OPERATIONAL,"('real_estate_agency', 'point_of_interest', 'establishment')",7871.0,+393478476998,,,,success
Estrella Inmobiliaria,"Av, Carrer de Joan Castelló Guasch, 47, 51, 07871 Sant Ferran de Ses Roques, Illes Balears, España",,http://www.estrellainmobiliaria.com/,4.0,4.0,es,Google reviews: 4* / 4,OPERATIONAL,"('real_estate_agency', 'point_of_interest', 'establishment')",7871.0,+34971328754,+34636741660,nina@estrellainmobiliaria.com,,success
OCEANLIVING Immobiliare Formentera,"Carrer de Sant Joan, 53, 07860 Sant Francesc de Formentera, Illes Balears, España",+34639550695,http://www.formenteraliving.com/,4.9,18.0,de,Google reviews: 4.9* / 18,OPERATIONAL,"('real_estate_agency', 'point_of_interest', 'establishment')",7860.0,+34971323304,,info@formenteraliving.com,,success
MAYSI GROUP,"Carrer des Pla del Rei, 95, 07860 Sant Francesc de Formentera, Illes Balears, España",+34971321234,http://www.maysigroup.com/,5.0,2.0,es,Google reviews: 5* / 2,OPERATIONAL,"('real_estate_agency', 'point_of_interest', 'establishment')",7860.0,+39971321234,+34670312101,,,success
Casa y Entorno Immobiliaria,"Carrer Ponent, n° 2, bajo, 07870 Puerto La Savina, Illes Balears, España",,http://www.casayentorno.com/,3.8,4.0,it,Google reviews: 3.8* / 4,OPERATIONAL,"('real_estate_agency', 'point_of_interest', 'establishment')",7870.0,+34971321182,+34639001819,staff@casayentorno.com,claudia@casayentorno.com,success
Laffittacase Formentera ( 07871 ),"Carrer de s'Espalmador, 33, 07871 Es Pujols, Illes Balears, España",+34971321949,https://laffittacase.com/,5.0,22.0,es,Google reviews: 5* / 22,OPERATIONAL,"('real_estate_agency', 'point_of_interest', 'establishment')",7871.0,+34609680788,+34620040392,Silvia@laffittacase.com,Navilla@laffittacase.com,success
Your Formentera,"Carrer Pla del rey, 2, 07860 Sant Francesc de Formentera, Illes Balears, España",,http://yourformentera.es/,4.6,10.0,it,Google reviews: 4.6* / 10,OPERATIONAL,"('real_estate_agency', 'point_of_interest', 'establishment')",7860.0,+34692671011,+34658491144,info@yourformentera.es,,success
Inmobiliaria Sa,"Carrer des Fonoll Marí, 98, 07871 Es Pujols, Illes Balears, España",+34971328081,,,,es,Google reviews: * / None,OPERATIONAL,"('real_estate_agency', 'point_of_interest', 'establishment')",7871.0,,,,,error:no contact info found
inmoformentera,"avenida mediterranea, 2, 07870 La Savina, Illes Balears, España",+34611279474,http://www.inmoformentera.com/,,,es,Google reviews: * / None,OPERATIONAL,"('real_estate_agency', 'point_of_interest', 'establishment')",7870.0,,,,,error:no contact info found
Love Formentera ,"Passatge Balandra Ciutat de Formentera, 2, 07870 La Savina, Illes Balears, España",,https://loveformentera.es/,5.0,1.0,es,Google reviews: 5* / 1,OPERATIONAL,"('real_estate_agency', 'point_of_interest', 'establishment')",7870.0,+34609340315,,hola@loveformentera.es,,success
Insulargroup,,,https://insulargroup.com/,,,es,Google reviews: * / None,OPERATIONAL,"('real_estate_agency', 'establishment')",,+34971321012,+34648441683,dario@centrogestion.es,,success
HomeSeeHome,,+34971109466,,,,es,Google reviews: * / None,OPERATIONAL,"('real_estate_agency', 'establishment')",,,,,,error:no contact info found
Utopiadelaisla,"Carrer de Joan Castelló Guasch, 68, 07871 Sant Ferran de Ses Roques, Illes Balears, España",,https://utopiadelaisla.com/,,,es,Google reviews: * / None,OPERATIONAL,"('real_estate_agency', 'point_of_interest', 'establishment')",7871.0,+34646913227,,inmobiliaria@utopiadelaisla.com,,success
Laffittacase Formentera ( 07870 ),"Carrer de la Balandra, 2, 07870 La Savina, Illes Balears, España",,http://www.laffittacase.com/,5.0,1.0,es,Google reviews: 5* / 1,OPERATIONAL,"('real_estate_agency', 'point_of_interest', 'establishment')",7870.0,+34609680788,+34620040392,Silvia@laffittacase.com,Navilla@laffittacase.com,success
YUMEII ,,+34688620001,https://yumeiiinmobiliaria.com/,,,es,Google reviews: * / None,OPERATIONAL,"('real_estate_agency', 'establishment')",,,,,,error:no contact info found
Recepción - Cas Saliners,"Calle Vapor de Manolito. Local 6 Edificio nuevo de, aparcamiento, 07870 La Savina, Illes Balears, España",+34971323235,,,,es,Google reviews: * / None,OPERATIONAL,"('real_estate_agency', 'point_of_interest', 'establishment')",7870.0,,,,,error:no contact info found
Inmobiliaria Tamara,"Carrer de s'Espalmador, 57, 07871 Es Pujols, Illes Balears, España",+34630205519,,,,es,Google reviews: * / None,OPERATIONAL,"('real_estate_agency', 'point_of_interest', 'establishment')",7871.0,,,,,error:no contact info found
