name,address,maps_phone,url,rating,reviews_count,language,comment,business_status,types,zip_code,phone_1,phone_2,e-mail_1,e-mail_2,message
🥇 Agencia inmobiliaria Mallorca ,"Carrer del Ter, 12, 2º Piso, 3º Puerta, Levante, 07009 Palma, Illes Balears, España",,http://www.rhrealestatemallorca.com/,4.9,55.0,es,Google reviews: 4.9* / 55,OPERATIONAL,"('real_estate_agency', 'point_of_interest', 'establishment')",7009.0,+34637792762,,,,success
Inmobiliaria Inmogestión Balear,"57, Carretera de Valldemossa, Nord, 07010 Palma, Illes Balears, España",,https://www.inmogestionbalear.com/,4.8,318.0,es,Google reviews: 4.8* / 318,OPERATIONAL,"('real_estate_agency', 'point_of_interest', 'establishment')",7010.0,+34971666527,+34689010406,info@inmogestionbalear.com,,success
Amelia Inmobiliaria,"Career Nuredduna, 10, 3° D, Llevant, 07006 Palma, Illes Balears, España",,https://ameliainmobiliaria.com/,4.9,123.0,es,Google reviews: 4.9* / 123,OPERATIONAL,"('real_estate_agency', 'point_of_interest', 'establishment')",7006.0,+3434602255172,+34871591864,info@ameliainmobiliaria.com,,success
Mamá Inmobiliaria,"Carrer de Bartomeu Sureda i Miserol, 7, Local 9, Poniente, 07013 Sa Vileta-Son Rapinya, Illes Balears, España",,http://www.mamainmobiliaria.com/,4.9,160.0,es,Google reviews: 4.9* / 160,OPERATIONAL,"('real_estate_agency', 'point_of_interest', 'establishment')",7013.0,+34871857564,,info@mamainmobiliaria.com,,success
Atrio inmobiliaria Mallorca,"Plaça de Sant Antoni, 11, Centre, 07002 Palma, Illes Balears, España",+34618922047,http://www.atrioinmobiliaria.com/,5.0,36.0,es,Google reviews: 5* / 36,OPERATIONAL,"('real_estate_agency', 'consultant', 'point_of_interest', 'establishment')",7002.0,+34947232309,+34971724681,central@atrioinmobiliaria.com,maria@atrioinmobiliaria.com,success
Palmacasa Inmobiliaria,"Carrer d'En Vilanova, 4, Centre, 07002 Palma, Illes Balears, España",,http://www.palmacasa.es/,4.9,343.0,es,Google reviews: 4.9* / 343,OPERATIONAL,"('real_estate_agency', 'point_of_interest', 'establishment')",7002.0,+34971714788,,palmacasa@yahoo.es,,success
Talaiot Asesores Inmobiliarios,"Passatge Particular de Santa Catalina de Sena, nº 1, Centre, 07002 Palma, Illes Balears, España",,http://inmobiliariatalaiot.es/,4.9,492.0,es,Google reviews: 4.9* / 492,OPERATIONAL,"('real_estate_agency', 'point_of_interest', 'establishment')",7002.0,+34971754878,+34605921809,info@inmobiliariatalaiot.es,,success
Sky Solutions Group Mallorca,"Pg. del Born, 15, 2 B-C, Distrito Centro, 07012 Palma, Illes Balears, España",+34971150322,https://skysolutionsgroup.es/mallorca/,4.7,47.0,es,Google reviews: 4.7* / 47,OPERATIONAL,"('real_estate_agency', 'finance', 'lawyer', 'consultant', 'point_of_interest', 'establishment')",7012.0,,,,,"error: Transform failed, HTML does not have valid markup."
Inmobiliaria RED Premium Real Estate  ( 07012 ),"Carrer de la Protectora, 10, LOCAL 11, Distrito Centro, 07012 Palma, Illes Balears, España",+34971888018,http://www.redpremium.es/,4.4,200.0,es,Google reviews: 4.4* / 200,OPERATIONAL,"('real_estate_agency', 'point_of_interest', 'establishment')",7012.0,+349710880018,,info@redpremium.es,,success
Smârthöme Mallorca ,"Carrer de Can Puigdorfila, 14, Centre, 07001 Palma, Illes Balears, España",,http://www.smarthomemallorca.com/,5.0,19.0,es,Google reviews: 5* / 19,OPERATIONAL,"('real_estate_agency', 'point_of_interest', 'establishment')",7001.0,+34971092897,,hola@smarthomemallorca.com,,success
Inmobiliaria en Palma de Mallorca ,"Calle Isla de Malta, 13, Platja de Palma, 07007 Palma, Illes Balears, España",,http://www.regainternational.com/,5.0,42.0,es,Google reviews: 5* / 42,OPERATIONAL,"('real_estate_agency', 'consultant', 'point_of_interest', 'establishment')",7007.0,+34657472783,+34657472783,info@regainternational.com,info@regainternational.com,success
RE/MAX Immocorner ,"Pg. de Mallorca, 14, Centre, 07012 Palma, Illes Balears, España",,http://www.immo-corner.com/,5.0,31.0,es,Google reviews: 5* / 31,OPERATIONAL,"('real_estate_agency', 'apartment_building', 'finance', 'point_of_interest', 'establishment')",7012.0,+34971122991,+34650516630,immocorner@remax.es,,success
InMallorca Inmobiliaria ( 07002 ),"Carrer de Josep Anselm Clavé, 2, Centre, 07002 Palma, Illes Balears, España",,https://www.inmallorcainmobiliaria.com/,5.0,9.0,es,Google reviews: 5* / 9,OPERATIONAL,"('real_estate_agency', 'point_of_interest', 'establishment')",7002.0,+34682800907,,inmallorca.inmobiliaria@gmail.com,,success
InmoBienvenue,"Plaça de Santa Eulàlia, 7, Planta 2 Despacho nº 3, Centre, 07001 Palma, Illes Balears, España",,https://www.inmo-bienvenue.com/,4.5,15.0,es,Google reviews: 4.5* / 15,OPERATIONAL,"('real_estate_agency', 'finance', 'consultant', 'point_of_interest', 'establishment')",7001.0,+34971222747,+34666003665,info@inmo-bienvenue.com,,success
Inmobiliaria Inmovisa en Palma,"Carrer del Baró de Pinopar, 14, bajos, Centre, 07012 Palma, Illes Balears, España",,https://inmovisa.com/,4.7,119.0,en,Google reviews: 4.7* / 119,OPERATIONAL,"('real_estate_agency', 'finance', 'consultant', 'point_of_interest', 'establishment')",7012.0,+34971725969,+34605673090,inmovisa@inmovisa.com,,success
Inmobiliaria en Palma · Balear Living Real Estate,"Gran Via Asima, 2, Nord, 07009 Palma, Illes Balears, España",,https://realestatebalear.com/,5.0,63.0,es,Google reviews: 5* / 63,OPERATIONAL,"('real_estate_agency', 'consultant', 'point_of_interest', 'establishment')",7009.0,+34971128459,+34971128459,,info@realestatebalear.com,success
Estate Agency Balearic Properties ,"Carrer d'Alcúdia, 3, 07460 Pollença, Illes Balears, España",,http://www.balearic-properties.com/,4.3,59.0,es,Google reviews: 4.3* / 59,OPERATIONAL,"('real_estate_agency', 'point_of_interest', 'establishment')",7460.0,+34971532984,+34638475726,,,success
BAUZÁ INMOBILIARIA,"Carrer de la Palma, 5B, Centre, 07003 Palma, Illes Balears, España",,https://bauzainmobiliaria.com/,5.0,109.0,es,Google reviews: 5* / 109,OPERATIONAL,"('real_estate_agency', 'point_of_interest', 'establishment')",7003.0,+34627047217,,info@bauzainmobiliaria.com,,success
Mallorca Select,"Carrer dels Paraires, 26, I, Centre, 07002 Palma, Illes Balears, España",,http://mallorca-select.com/,5.0,43.0,en,Google reviews: 5* / 43,OPERATIONAL,"('real_estate_agency', 'point_of_interest', 'establishment')",7002.0,+34634303779,,WELCOME@MALLORCA-SELECT.COM,,success
John Taylor Palma de Mallorca,"Carrer Constitució, 8, Centre, 07001 Palma, Illes Balears, España",+34971598800,https://www.john-taylor.es/,4.6,13.0,es,Google reviews: 4.6* / 13,OPERATIONAL,"('real_estate_agency', 'point_of_interest', 'establishment')",7001.0,,,,,error: no webpage
NOUDOS Inmobiliaria,"Carrer Gral. Ricardo Ortega, 6, Llevant, 07006 Palma, Illes Balears, España",+34971635691,http://noudos.com/,4.8,30.0,es,Google reviews: 4.8* / 30,OPERATIONAL,"('real_estate_agency', 'point_of_interest', 'establishment')",7006.0,+34699876061,,info@noudos.com,,success
Engel & Völkers Palma Centro,"Carrer Constitució, 7, Centre, 07001 Palma, Illes Balears, España",+34971214140,https://www.engelvoelkers.com/es/en/shops/palma-centre,4.2,41.0,es,Google reviews: 4.2* / 41,OPERATIONAL,"('real_estate_agency', 'point_of_interest', 'establishment')",7001.0,+34900747281,,spain.dp@engelvoelkers.com,,success
Fincas Fiol,"Carrer de Francesc Suau, 20, Bajos, Nord, 07010 Palma, Illes Balears, España",,http://www.fincasfiol.com/,4.7,380.0,es,Google reviews: 4.7* / 380,OPERATIONAL,"('real_estate_agency', 'point_of_interest', 'establishment')",7010.0,+34971755220,+34971751203,central@fincasfiol.com,,success
Inmovelia,,+34611085207,https://inmovelia.com/,4.9,57.0,es,Google reviews: 4.9* / 57,OPERATIONAL,"('real_estate_agency', 'establishment')",,+34684742533,,info@inmovelia.com,,success
Palma Realtor,"Carrer de Sant Martí, 1, Centre, 07012 Palma, Illes Balears, España",,http://www.palmarealtor.com/,5.0,51.0,es,Google reviews: 5* / 51,OPERATIONAL,"('real_estate_agency', 'point_of_interest', 'establishment')",7012.0,+34681154515,,info@palmarealtor.com,,success
Baleares Immobiliaria,,,http://www.baleares.immo/,5.0,15.0,es,Google reviews: 5* / 15,OPERATIONAL,"('real_estate_agency', 'establishment')",,+34620708895,,info.balearesinmo@gmail.com,,success
Spain Sotheby's International Realty  ( 07001 ),"Carrer de Can Puigdorfila, 2, Bajo pt 02, Distrito Centro, 07001 Palma, Illes Balears, España",+34871180048,https://www.spain-sothebysrealty.com/,5.0,16.0,en,Google reviews: 5* / 16,OPERATIONAL,"('real_estate_agency', 'finance', 'consultant', 'point_of_interest', 'establishment')",7001.0,+34919041929,,,,success
Palmer inmobiliaria - Palma,"Carrer del Baró de Santa Maria del Sepulcre, 6, Centre, 07012 Palma, Illes Balears, España",+34971246540,http://www.palmerinmobiliaria.com/,4.9,61.0,es,Google reviews: 4.9* / 61,OPERATIONAL,"('real_estate_agency', 'point_of_interest', 'establishment')",7012.0,+34971240121,,hola@palmerinmobiliaria.es,,success
RE/MAX Esmeralda ,"Av. d'Antoni Maura, 18, Centre, 07012 Palma, Illes Balears, España",+34605833450,http://www.esmeralda.remax.es/,4.8,24.0,es,Google reviews: 4.8* / 24,OPERATIONAL,"('real_estate_agency', 'point_of_interest', 'establishment')",7012.0,,,,,error:no webpage
Inmobiliaria Oliver,"Carrer de la Cerdanya, 5, Entresuelo 1, Distrito Centro, 07012 Palma, Illes Balears, España",,https://www.inmobiliariaoliver.com/,4.6,10.0,es,Google reviews: 4.6* / 10,OPERATIONAL,"('real_estate_agency', 'finance', 'point_of_interest', 'establishment')",7012.0,+34971195062,,info@inmobiliariaoliver.com,,success
Fincas Piña Massip,"Passatge Particular de Santa Catalina de Sena, 4 -2, Entresuelo D, Distrito Centro, 07002 Palma, Illes Balears, España",,http://fincaspiñamassip.com/,4.4,103.0,es,Google reviews: 4.4* / 103,OPERATIONAL,"('real_estate_agency', 'consultant', 'point_of_interest', 'establishment')",7002.0,+34971720005,,info@fincaspinamassip.com,,success
Balearhouse,"Pg. de Mallorca, 22, Centre, 07012 Palma, Illes Balears, España",,https://www.balearhouse.com/?utm_source=gmb&utm_medium=organic&utm_campaign=link-web,4.6,28.0,es,Google reviews: 4.6* / 28,OPERATIONAL,"('real_estate_agency', 'point_of_interest', 'establishment')",7012.0,+34971129292,+34606326495,info@balearhouse.es,,success
GestPropiedad Avenidas,"Avinguda de Gabriel Alomar, 35, Llevant, 07006 Palma, Illes Balears, España",+34689852703,https://www.gestpropiedad.com/avenidas,5.0,192.0,es,Google reviews: 5* / 192,OPERATIONAL,"('real_estate_agency', 'point_of_interest', 'establishment')",7006.0,+34600886384,,info@gestpropiedad.com,,success
REMAX Vinci Group Inmobiliaria Mallorca,"Avinguda de Gabriel Alomar, 3, Bajo Izquierda, Llevant, 07006 Palma, Illes Balears, España",+34971208419,https://www.vincigroup.remax.es/,4.6,29.0,es,Google reviews: 4.6* / 29,OPERATIONAL,"('real_estate_agency', 'point_of_interest', 'establishment')",7006.0,,,,,error:no webpage
Invest Mallorca,"Carrer del Baró de Santa Maria del Sepulcre, 6, Centre, 07012 Palma, Illes Balears, España",,https://investmallorca.com/contacto/,4.3,29.0,es,Google reviews: 4.3* / 29,OPERATIONAL,"('real_estate_agency', 'finance', 'consultant', 'point_of_interest', 'establishment')",7012.0,+34971726029,+34606989732,info@investmallorca.com,,success
Soul Estate Agency,"Carrer de Mateu Enric Lladó, 5, 3ºA, Distrito Centro, 07002 Palma, Illes Balears, España",,https://www.soulestateagency.com/,5.0,7.0,es,Google reviews: 5* / 7,OPERATIONAL,"('real_estate_agency', 'point_of_interest', 'establishment')",7002.0,+34971495594,+34633104636,info@soulestateagency.com,,success
HOMA Inmobiliaria Mallorca,"Carrer Manuel Guasp, 17, local A, Llevant, 07006 Palma, Illes Balears, España",+34644429259,https://www.homainmobiliaria.com/,4.6,19.0,es,Google reviews: 4.6* / 19,OPERATIONAL,"('real_estate_agency', 'point_of_interest', 'establishment')",7006.0,,,,,error: no webpage (error sending request for url)
Mallorca House,"Carrer Manuel Guasp, 10, Bajos, Llevant, 07006 Palma, Illes Balears, España",,http://www.mallorcahouse.com/,4.4,8.0,es,Google reviews: 4.4* / 8,OPERATIONAL,"('real_estate_agency', 'point_of_interest', 'establishment')",7006.0,+34971463100,+34971463200,loli@mallorcahouse.com,,success
Inmobiliaria Estarellas Broker,"Carrer d'Enric Alzamora, 1, Centre, 07002 Palma, Illes Balears, España",,http://www.estarellasbroker.com/,4.7,49.0,es,Google reviews: 4.7* / 49,OPERATIONAL,"('real_estate_agency', 'point_of_interest', 'establishment')",7002.0,+34971722737,+34600457908,info@estarellasbroker.com,,success
Living Blue Mallorca - Palma,"C. del Conquistador, 4, Centre, 07001 Palma, Illes Balears, España",+34971625375,https://www.livingblue-mallorca.com/,5.0,21.0,es,Google reviews: 5* / 21,OPERATIONAL,"('real_estate_agency', 'consultant', 'point_of_interest', 'establishment')",7001.0,+34971510609,+34971510881,info@livingblue-mallorca.com,info@livingblue-mallorca.com,success
AVS Inmobiliaria,"Plaça de l'Esglesia, 11, 07350 Binissalem, Illes Balears, España",+34696792091,https://www.avs.immo/,4.2,71.0,es,Google reviews: 4.2* / 71,OPERATIONAL,"('real_estate_agency', 'point_of_interest', 'establishment')",7350.0,+34633839925,,info@avs.immo,,success
REMAX EXPERIENCE Inmobiliaria especializada en obra nueva,"Carrer de Gilabert de Centelles, 8, Esc. derecha, Llevant, 07005 Palma, Illes Balears, España",+34871853053,https://www.remaxexperience.es/,4.6,71.0,es,Google reviews: 4.6* / 71,OPERATIONAL,"('real_estate_agency', 'consultant', 'point_of_interest', 'establishment')",7005.0,,,,,error:no webpage
Balear Invest - Real Estate,"Avinguda de l'Argentina, 21, Ponent, 07013 Palma, Illes Balears, España",,http://www.balearinvest.com/,3.8,104.0,es,Google reviews: 3.8* / 104,OPERATIONAL,"('real_estate_agency', 'consultant', 'point_of_interest', 'establishment')",7013.0,+34971719191,,info@balearinvest.com,,success
Inmo 83,"Carrer d'Eusebi Estada, 29, Nord, 07004 Palma, Illes Balears, España",,https://www.inmo83.com/,4.8,461.0,es,Google reviews: 4.8* / 461,OPERATIONAL,"('real_estate_agency', 'point_of_interest', 'establishment')",7004.0,+34971071081,,info@inmo83.com,,success
PALMA ORIGEN BY INMOIB,"Carrer de Pere Dezcallar i Net, 11, local 9, Distrito Centro, 07003 Palma, Illes Balears, España",,http://www.inmoib.com/,4.9,37.0,es,Google reviews: 4.9* / 37,OPERATIONAL,"('real_estate_agency', 'point_of_interest', 'establishment')",7003.0,+34644353626,,info@inmoib.com,,success
Agencia Inmobiliaria BPH,"Carrer de la Reina Maria Cristina, 4, 1º1ª, Norte, 07003 Palma, Illes Balears, España",,https://inmobiliariabph.com/,4.5,39.0,es,Google reviews: 4.5* / 39,OPERATIONAL,"('real_estate_agency', 'consultant', 'point_of_interest', 'establishment')",7003.0,+34871902705,+3434674157972,administracion@inmobiliariabph.com,,success
🗝️ Cool Homes Mallorca ,"Av. del Gran i General Consell, 6, 2 Planta, Nord, 07004 Palma, Illes Balears, España",,https://coolhomesmallorca.com/?utm_source=google&utm_medium=organic&utm_campaign=my_business,4.5,23.0,es,Google reviews: 4.5* / 23,OPERATIONAL,"('real_estate_agency', 'point_of_interest', 'establishment')",7004.0,+34699404183,+34639570996,info@coolhomesmallorca.com,,success
Palmer Inmobiliaria - Portixol,"Carrer de Llucmajor, nº 61, Platja de Palma, 07006 Palma, Illes Balears, España",,https://palmerinmobiliaria.com/,4.7,307.0,es,Google reviews: 4.7* / 307,OPERATIONAL,"('real_estate_agency', 'point_of_interest', 'establishment')",7006.0,+34971240121,,hola@palmerinmobiliaria.es,,success
Forcadell Palma,"Carrer de Bartomeu Ferrà, 2, Centre, 07002 Palma, Illes Balears, España",+34971718852,https://www.forcadell.com/inmobiliaria-palma/,4.0,100.0,es,Google reviews: 4* / 100,OPERATIONAL,"('real_estate_agency', 'consultant', 'point_of_interest', 'finance', 'establishment')",7002.0,+34934965400,+34931549692,info@forcadell.com,info@forcadellsantgervasi.com,"too many offices, not giving contacts to avoid misunderstanding"
LaBoutiqueInmobiliaria,"C/ Francesc Sancho, 2, Nord, 07004 Palma, Illes Balears, España",,http://laboutiqueinmobiliaria.com/,4.8,32.0,es,Google reviews: 4.8* / 32,OPERATIONAL,"('real_estate_agency', 'point_of_interest', 'establishment')",7004.0,+34871809938,+34618063061,info@laboutiqueinmobiliaria.com,,success
AFRIPAY INMOBILIARIA,"Carrer del 31 de Desembre, 11, Nord, 07003 Palma, Illes Balears, España",,https://www.afripayinmobiliaria.com/,4.4,121.0,es,Google reviews: 4.4* / 121,OPERATIONAL,"('real_estate_agency', 'consultant', 'point_of_interest', 'establishment')",7003.0,+34971465706,,info@afripay.es,,success
RBK Prime,,,http://www.rbkprime.com/,5.0,12.0,es,Google reviews: 5* / 12,OPERATIONAL,"('real_estate_agency', 'establishment')",,+34680885136,,info@rbkprime.com,,success
Housing Properties,"Av. del Comte de Sallent, 10, Planta 4, Oficina 4, Norte, 07003 Palma, Illes Balears, España",,http://housingp.com/,5.0,22.0,es,Google reviews: 5* / 22,OPERATIONAL,"('real_estate_agency', 'point_of_interest', 'establishment')",7003.0,+34600582990,,info@housingp.com,,success
Stüde & Blas : Servicios inmobiliarios,"Passatge Particular Joan XXIII, 2, 4C, Centre, 07002 Palma, Illes Balears, España",,http://www.studeblas.com/,5.0,8.0,ca,Google reviews: 5* / 8,OPERATIONAL,"('real_estate_agency', 'point_of_interest', 'establishment')",7002.0,+34627450709,+34871960507,info@studeblas.com,,success
Privatgest Mallorca S.L.,"Carrer de Josep Anselm Clavé, 3, Centre, 07002 Palma, Illes Balears, España",+34971495169,http://www.pgmallorca.com/,4.0,6.0,es,Google reviews: 4* / 6,OPERATIONAL,"('real_estate_agency', 'point_of_interest', 'establishment')",7002.0,+34971914570,+34601311461,info@nexuspalma.com,,success
Agencia Mallorca ( 07002 ),"Plaça de la Mercè, Centre, 07002 Palma, Illes Balears, España",+34625668194,https://www.agenciamallorca.com/sobre-nosotros/,3.7,6.0,es,Google reviews: 3.7* / 6,OPERATIONAL,"('real_estate_agency', 'point_of_interest', 'establishment')",7002.0,+34971724580,+34971723324,info@agenciamallorca.com,,success
Mía Inmobiliaria Mallorca,"Avinguda d'Antoni Maura, 6, 07141 Marratxí, Illes Balears, España",,http://www.mia-inmobiliaria.com/,5.0,25.0,es,Google reviews: 5* / 25,OPERATIONAL,"('real_estate_agency', 'point_of_interest', 'establishment')",7141.0,+34657824759,,gestion@mia-inmobiliaria.com,,success
Inmobiliaria Fincas Mallorca ,"Carrer de Joaquim Togores, 7, local 2, Norte, 07010 Palma, Illes Balears, España",,http://inmobiliariapalma.com/,4.7,104.0,es,Google reviews: 4.7* / 104,OPERATIONAL,"('real_estate_agency', 'point_of_interest', 'establishment')",7010.0,+34971750165,,fincasmallorca@hotmail.com,fincasmallorca.palma@gmail.com,success
DJ Real Estate Solutions,"Carrer de Velázquez, 7, Centre, 07002 Palma, Illes Balears, España",,https://www.djsolucionesinmobiliarias.com/,5.0,9.0,es,Google reviews: 5* / 9,OPERATIONAL,"('real_estate_agency', 'consultant', 'point_of_interest', 'establishment')",7002.0,+34971625025,,info@djsolucionesinmobiliarias.com,,success
Rústica Mallorca,"c, La Rambla, 11, Distrito Centro, 07003 Palma, Illes Balears, España",,http://www.rusticamallorca.com/,4.4,17.0,es,Google reviews: 4.4* / 17,OPERATIONAL,"('real_estate_agency', 'point_of_interest', 'establishment')",7003.0,+34971106706,+34664142200,,,success
Linkey Consultora Inmobiliaria,"Carrer de Velázquez, 10, Centre, 07002 Palma, Illes Balears, España",,http://www.linkey.es/,5.0,8.0,en,Google reviews: 5* / 8,OPERATIONAL,"('real_estate_agency', 'point_of_interest', 'establishment')",7002.0,+34647557574,+34610170891,sbennasara@gmail.com,,success
Coco Inmobiliaria,"Carrer de Ticià, 47, Nord, 07003 Palma, Illes Balears, España",,http://cocoinmobiliaria.com/,5.0,197.0,es,Google reviews: 5* / 197,OPERATIONAL,"('real_estate_agency', 'point_of_interest', 'establishment')",7003.0,+34871534961,+34871732503,info@cocoinmobiliaria.com,,success
Molina Homes Inmobiliaria,"Carrer de Joan Lluís Estelrich, 18, Centre, 07003 Palma, Illes Balears, España",+34871037032,http://molinahomes.es/,5.0,218.0,es,Google reviews: 5* / 218,OPERATIONAL,"('real_estate_agency', 'point_of_interest', 'establishment')",7003.0,,,,,"error: Transform failed, HTML does not have valid markup."
Inmobiliaria en Mallorca ,"Avinguda de l'Argentina, 32, 07011 Palma, Illes Balears, España",,https://www.mundopisos.com/?utm_source=googlemybusiness&utm_medium=organic&utm_campaign=organicmap,4.8,257.0,es,Google reviews: 4.8* / 257,OPERATIONAL,"('real_estate_agency', 'point_of_interest', 'establishment')",7011.0,+34971910801,+34686121248,info@mundopisos.com,info@mundopisos.com,success
Inmuebles CBPisos,"C/ del General Riera, 12, Nord, 07003 Palma, Illes Balears, España",,http://www.cbpisos.com/,4.9,84.0,es,Google reviews: 4.9* / 84,OPERATIONAL,"('real_estate_agency', 'point_of_interest', 'establishment')",7003.0,+34971711216,,cbpisos@cbpisos.com,CENTRAL@CBPISOS.COM,success
Inmobiliaria Living Palma,"Carrer de Josep d'Oleza, 4, Nord, 07010 Palma, Illes Balears, España",,https://living-palma.com/es,4.9,168.0,es,Google reviews: 4.9* / 168,OPERATIONAL,"('real_estate_agency', 'point_of_interest', 'establishment')",7010.0,+34971418800,+34626706165,,,success
Grup Direct Real Estate,"Calle Santiago Rusiñol 11 esquina con, Carrer de Joaquim Botia, 5, Centre, 07012 Palma, Illes Balears, España",,http://www.grupdirect.com/,4.6,123.0,es,Google reviews: 4.6* / 123,OPERATIONAL,"('real_estate_agency', 'point_of_interest', 'establishment')",7012.0,+34971722722,+34667762676,info@grupdirect.com,infosanfernando@grupdirect.com,success
UFFELMANN Properties,"Carrer d'Ausiàs March, 36, Nord, 07003 Palma, Illes Balears, España",+34871045529,http://www.uffelmann.es/,5.0,16.0,es,Google reviews: 5* / 16,OPERATIONAL,"('real_estate_agency', 'point_of_interest', 'establishment')",7003.0,,,,,error:no webpage
Mundo Pisos Plaza París,"Plaça de París, 3, Nord, 07010 Palma, Illes Balears, España",+34971902011,https://www.mundopisos.com/es,4.6,62.0,es,Google reviews: 4.6* / 62,OPERATIONAL,"('real_estate_agency', 'point_of_interest', 'establishment')",7010.0,+34971910801,+34686121248,info@mundopisos.com,calidadgestion@mundopisos.com,success
Futura Propiedades Mallorca,"Carrer de Femenies, 9, 07013 Palma, Illes Balears, España",+34971105523,https://www.futurapropiedadesmallorca.com/,4.8,92.0,es,Google reviews: 4.8* / 92,OPERATIONAL,"('real_estate_agency', 'point_of_interest', 'establishment')",7013.0,+34661349530,+34663952077,gisela.grana@futurapropiedadesmallorca.com,,success
Aina Rabassa Propiedades,,,http://www.ainarabassa.com/,5.0,24.0,es,Google reviews: 5* / 24,OPERATIONAL,"('real_estate_agency', 'establishment')",,+34681910692,+34670084411,info@ainarabassa.com,madrid@ainarabassa.com,"too many offices, not giving contacts to avoid misunderstanding"
INTIAA ,"C/ del General Riera, 56, Nord, 07010 Palma, Illes Balears, España",,http://www.intiaa.com/,4.8,113.0,es,Google reviews: 4.8* / 113,OPERATIONAL,"('real_estate_agency', 'consultant', 'point_of_interest', 'establishment')",7010.0,+34871903477,,info@intiaa.com,,success
Nicolás Iriarte ,"Carrer Joan Maria Thomàs, 2, 1°, Poniente, 07014 Palma, Illes Balears, España",,https://nicolasiriarte.com/,5.0,33.0,es,Google reviews: 5* / 33,OPERATIONAL,"('real_estate_agency', 'lodging', 'general_contractor', 'point_of_interest', 'establishment')",7014.0,+34659280879,,,,success
Zaino's Capital | Inmobiliaria,,,https://www.zainoscapital.com/,5.0,11.0,es,Google reviews: 5* / 11,OPERATIONAL,"('real_estate_agency', 'establishment')",,+34871264131,+34971965737,info@zainoscapital.com,,success
DarderInmo,"Carrer del Pare Bartomeu Pou, 36, Nord, 07003 Palma, Illes Balears, España",,http://darderinmo.com/,4.9,14.0,es,Google reviews: 4.9* / 14,OPERATIONAL,"('real_estate_agency', 'point_of_interest', 'establishment')",7003.0,+34671904540,+34639935926,claudia@darderinmo.com,tomas@3project.es,success
Vidamar Consultors Immobiliaris,"C/ de Miquel dels Sants Oliver, 21A, Ponent, 07011 Palma, Illes Balears, España",,http://www.vidamar.net/,4.6,230.0,es,Google reviews: 4.6* / 230,OPERATIONAL,"('real_estate_agency', 'point_of_interest', 'establishment')",7011.0,+34871515303,+34645332255,vidamar@vidamar.net,,success
JD Residences,"Pg. de Mallorca, 16, Centre, 07012 Palma, Illes Balears, España",,http://www.jd-residences.com/,5.0,26.0,es,Google reviews: 5* / 26,OPERATIONAL,"('real_estate_agency', 'point_of_interest', 'establishment')",7012.0,+34606824162,+34606824162,daniel@jd-residences.com,,success
Grupo Inmobiliario TJR,"Carrer de Francesc Martí i Móra, 3A, Ponent, 07011 Palma, Illes Balears, España",+34971094502,https://www.idealista.com/pro/grupo-inmobiliario-tjr/venta-viviendas/,4.8,21.0,es,Google reviews: 4.8* / 21,OPERATIONAL,"('real_estate_agency', 'point_of_interest', 'establishment')",7011.0,,,,,error:no webpage
Inmobiliaria S'escorxador,"Carrer de Joan Fuster i Ortells, 2, Nord, 07010 Palma, Illes Balears, España",,http://www.sescorxador.com/,4.4,45.0,es,Google reviews: 4.4* / 45,OPERATIONAL,"('real_estate_agency', 'point_of_interest', 'establishment')",7010.0,+34971917507,,info@sescorxador.com,,success
Algot Properties,"Carrer del Bisbe Rafael Josep Verger, 2, Nord, 07010 Palma, Illes Balears, España",+34629574538,http://www.algotproperties.es/,4.9,21.0,es,Google reviews: 4.9* / 21,OPERATIONAL,"('real_estate_agency', 'point_of_interest', 'establishment')",7010.0,,,,,"error: Transform failed, HTML does not have valid markup."
Aragon gestión,"C/ Aragó, 81, bajos. Llevant, Llevant, 07005 Palma, Illes Balears, España",,http://www.aragongestion.com/,4.3,47.0,es,Google reviews: 4.3* / 47,OPERATIONAL,"('real_estate_agency', 'point_of_interest', 'establishment')",7005.0,+34971243569,+34680555170,info@aragongestion.com,,success
LEXLEY INMOBILIARIA,"Carrer del Bisbe Rafael Josep Verger, 2, Nord, 07010 Palma, Illes Balears, España",+34633371001,https://www.idealista.com/pro/lexley/?fbclid=PAY2xjawJZxQNleHRuA2FlbQIxMQABppuJlhHM7qbZ8TA5hmYt-HleCg_mt1FiHM2cX_7e6EQl8XD-Bq2RYYLmXw_aem_XSp1stszixJTclFvlEF0Ow,5.0,26.0,es,Google reviews: 5* / 26,OPERATIONAL,"('real_estate_agency', 'point_of_interest', 'establishment')",7010.0,,,,,error:no webpage
Inmobiliaria MUT,"C/ del Marquès de la Fontsanta, 53, Llevant, 07005 Palma, Illes Balears, España",+34971900006,https://inmobiliariamutbymarian.es/,4.5,72.0,es,Google reviews: 4.5* / 72,OPERATIONAL,"('real_estate_agency', 'insurance_agency', 'point_of_interest', 'establishment')",7005.0,,,,,"error: Transform failed, HTML does not have valid markup."
INMOBILIARIA GRUPO ROMA,"Carrer de la Indústria, 46, 07013 Palma, Illes Balears, España",,http://www.grupo-roma.com/,4.4,103.0,es,Google reviews: 4.4* / 103,OPERATIONAL,"('real_estate_agency', 'point_of_interest', 'establishment')",7013.0,+34971717800,,central@grupo-roma.com,,success
P&p Inmobiliaria Cb,"Carrer d'Eusebi Estada, 91, Nord, 07004 Palma, Illes Balears, España",,https://www.pypinmobiliaria.es/,4.4,28.0,es,Google reviews: 4.4* / 28,OPERATIONAL,"('real_estate_agency', 'point_of_interest', 'establishment')",7004.0,+34871736919,+34678444212,inmopyp2020@gmail.com,,success
Asymas Inmobiliaria,"C/ Aragó, 40, Entresuelo, Oficina 5, Levante, 07005 Palma, Illes Balears, España",,https://www.asymasinmobiliaria.com/,5.0,13.0,es,Google reviews: 5* / 13,OPERATIONAL,"('real_estate_agency', 'point_of_interest', 'establishment')",7005.0,+34605247374,,info@asymasinmobiliaria.com,,success
ILF ADMINISTRACIONES,"Carrer d'Eusebi Estada, 38, Nord, 07004 Palma, Illes Balears, España",,http://ilfinmobiliaria.com/,4.3,162.0,es,Google reviews: 4.3* / 162,OPERATIONAL,"('real_estate_agency', 'point_of_interest', 'establishment')",7004.0,+34971667270,,info@ilfinmobiliaria.com,,success
BECKER & BECKER IMMOBILIEN MALLORCA,"Carrer Arxiduc Lluís Salvador, 7, Nord, 07004 Palma, Illes Balears, España",,http://bbi-mallorca.immo/,4.9,14.0,es,Google reviews: 4.9* / 14,OPERATIONAL,"('real_estate_agency', 'point_of_interest', 'establishment')",7004.0,+34971440660,,,,success
INMOURBAN ,"Levante, 07005 Palma, Illes Balears, España",,http://www.inmourban.com/,4.7,28.0,es,Google reviews: 4.7* / 28,OPERATIONAL,"('real_estate_agency', 'point_of_interest', 'establishment')",7005.0,+34971075502,+34632659429,palma@inmourban.com,,success
Illes House Real State SL,"Plaça Pere Garau, s/n, Puesto 52, Llevant, 07007 Palma, Illes Balears, España",+34603187735,https://www.illeshouse.com/,4.8,21.0,es,Google reviews: 4.8* / 21,OPERATIONAL,"('real_estate_agency', 'point_of_interest', 'establishment')",7007.0,,,,,error:no webpage
Nappo Real Estate I Inmobiliaria en Mallorca y Madrid I Oficina Palma  ( 07015 ),"Avinguda de Joan Miró, 286, Ponent, 07015 Palma, Illes Balears, España",,http://www.napporealestate.com/,4.7,112.0,es,Google reviews: 4.7* / 112,OPERATIONAL,"('real_estate_agency', 'point_of_interest', 'establishment')",7015.0,+34971370846,+34642894387,,,success
Inmobiliaria Huading,"Carrer Faust Morell, 28, local esquina, Llevant, 07005 Palma, Illes Balears, España",,http://hdinmo.com/,4.1,37.0,es,Google reviews: 4.1* / 37,OPERATIONAL,"('real_estate_agency', 'point_of_interest', 'establishment')",7005.0,+34971447640,,huadinginmo@gmail.com,,success
Fincas Ribó & Asociados,"C. de Manacor, 14, Llevant, 07006 Palma, Illes Balears, España",,https://www.fincasribo.com/,4.3,33.0,es,Google reviews: 4.3* / 33,OPERATIONAL,"('real_estate_agency', 'point_of_interest', 'establishment')",7006.0,+34971774680,+34616906241,info@fincasribo.com,,success
Inmobiliaria Can Pastilla,"Calle Ovidio, 9, bajos, Platja de Palma, 07610 Can Pastilla, Illes Balears, España",,http://www.inmocanpastilla.com/,4.6,14.0,es,Google reviews: 4.6* / 14,OPERATIONAL,"('real_estate_agency', 'point_of_interest', 'establishment')",7610.0,+34670911272,+34971262702,cristobal@inmocanpastilla.com,,success
Mallorca Decorhome,"C. dels Foners, 24, Llevant, 07006 Palma, Illes Balears, España",,https://mallorcadh.com/,4.6,9.0,es,Google reviews: 4.6* / 9,OPERATIONAL,"('real_estate_agency', 'point_of_interest', 'establishment')",7006.0,+34613917195,+34695487942,fincasmunar@gmail.com,,success
DinsMallorca,"Carrer Joan Maragall, 48, Platja de Palma, 07006 Palma, Illes Balears, España",,http://www.dinsmallorca.com/,5.0,20.0,es,Google reviews: 5* / 20,OPERATIONAL,"('real_estate_agency', 'point_of_interest', 'establishment')",7006.0,+34871700001,,info@dinsmallorca.com,,success
Grupo JD Real Estate & Construction,"Carrer de Llucmajor, 44, Platja de Palma, 07006 Palma, Illes Balears, España",,https://grupojuandelgado.com/,4.8,14.0,es,Google reviews: 4.8* / 14,OPERATIONAL,"('real_estate_agency', 'home_goods_store', 'general_contractor', 'point_of_interest', 'store', 'establishment')",7006.0,+34667580693,+34667580693,,,success
Mallorca Mietbörse S.L. ,"Carrer del Vicari Joaquim Fuster, 105, Platja de Palma, 07006 Palma, Illes Balears, España",,https://www.mallorca-mietboerse.com/,4.8,69.0,es,Google reviews: 4.8* / 69,OPERATIONAL,"('real_estate_agency', 'point_of_interest', 'establishment')",7006.0,+34971796082,,doehne@mallorca-mietboerse.com,,success
VillaInvest,"C/ de Lluís Martí, 11, Llevant, 07006 Palma, Illes Balears, España",,http://www.villainvest.es/,4.3,12.0,es,Google reviews: 4.3* / 12,OPERATIONAL,"('real_estate_agency', 'consultant', 'point_of_interest', 'establishment')",7006.0,+34971598674,,info@villainvest.es,,success
Mallorca Gestión Inmobiliaria,"Avinguda d'Antoni Maura, 16, 07141 Marratxí, Illes Balears, España",+34696906733,https://www.mallorcagestion.com/,4.5,49.0,es,Google reviews: 4.5* / 49,OPERATIONAL,"('real_estate_agency', 'finance', 'point_of_interest', 'establishment')",7141.0,+34971902500,+34646001492-696906733,marratxi@mallorcagestion.com,,success
donpiso,"Career Nuredduna, 6, Llevant, 07006 Palma, Illes Balears, España",+34656790393,https://www.donpiso.com/,5.0,29.0,es,Google reviews: 5* / 29,OPERATIONAL,"('real_estate_agency', 'point_of_interest', 'establishment')",7006.0,+34933069090,+34911610008,info@donpiso.com,,success
GestPropiedad Ciudad Jardín,"Carrer del Cardenal Rossell, 26, Platja de Palma, 07007 Palma, Illes Balears, España",+34971778759,http://www.gestpropiedad.com/,4.6,398.0,es,Google reviews: 4.6* / 398,OPERATIONAL,"('real_estate_agency', 'point_of_interest', 'establishment')",7007.0,+34600886384,+34971237812,info@gestpropiedad.com,,success
Berkshire Hathaway HomeServices Nova Mallorca ( 07012 ),"Pg. de Mallorca, 14, A, Distrito Centro, 07012 Palma, Illes Balears, España",+34670615955,https://www.bhhsmallorca.com/,4.4,25.0,es,Google reviews: 4.4* / 25,OPERATIONAL,"('real_estate_agency', 'point_of_interest', 'establishment')",7012.0,+34912771071,+34934160145,info@bhhsmadrid.com,barcelona@bhhsbarcelona.com,success
Palmer Inmobiliaria,"Carrer del Vicari Joaquim Fuster, 251a, Platja de Palma, 07007 Palma, Illes Balears, España",+34971919712,https://palmerinmobiliaria.com/,4.9,37.0,es,Google reviews: 4.9* / 37,OPERATIONAL,"('real_estate_agency', 'point_of_interest', 'establishment')",7007.0,+34971240121,,hola@palmerinmobiliaria.es,,success
Eigentum Mallorca Immobilien,"Avinguda de ses Palmeres, 81, 07560 Sa Coma, Illes Balears, España",+34971810261,https://eigentum-mallorca.com/?utm_source=googlemybusiness&utm_medium=organic&utm_campaign=organicmap,4.3,24.0,es,Google reviews: 4.3* / 24,OPERATIONAL,"('real_estate_agency', 'point_of_interest', 'establishment')",7560.0,+3434971810261,+3434600978635,hola@eigentum-mallorca.es,,success
INMOBILIARIA EN MALLORCA,,,http://www.inmobiliariaenmallorca.com/,4.6,39.0,es,Google reviews: 4.6* / 39,OPERATIONAL,"('real_estate_agency', 'establishment')",,+34637020200,,info@inmobiliariaenmallorca.com,,success
Casa Nova Properties S.L.,"Avinguda del Rei Jaume I, 109, 07180 Santa Ponça, Illes Balears, España",,https://www.mallorcaimmobilien.com/,4.8,36.0,en,Google reviews: 4.8* / 36,OPERATIONAL,"('real_estate_agency', 'consultant', 'point_of_interest', 'establishment')",7180.0,+34971698076,,info@mallorcaimmobilien.com,,success
First Mallorca,"Pg. de Mallorca, 10, Centre, 07012 Palma, Illes Balears, España",+34871005800,https://www.firstmallorca.com/,4.2,44.0,es,Google reviews: 4.2* / 44,OPERATIONAL,"('real_estate_agency', 'consultant', 'point_of_interest', 'establishment')",7012.0,+34971007007,,,,success
DAHLER Mallorca Palma / Son Vida,"Pg. de Mallorca, 12, Centre, 07012 Palma, Illes Balears, España",,https://www.dahlercompany.com/de/mallorca/immobilienmakler/palma,4.7,12.0,de,Google reviews: 4.7* / 12,OPERATIONAL,"('real_estate_agency', 'consultant', 'point_of_interest', 'establishment')",7012.0,+34636844265,,palma@dahler.com,,success
PRIVILEGE-PROPERTY,,+34637861618,http://www.privilege-property.com/,4.6,9.0,es,Google reviews: 4.6* / 9,OPERATIONAL,"('real_estate_agency', 'establishment')",,,,,,error: no webpage
First Mallorca Costa d'en Blanes,"Av. Tomàs Blanes Tolosa, 41, 07181 Costa d'en Blanes, Illes Balears, España",,https://www.firstmallorca.com/en/sales/costa-den-blanes-properties,4.0,51.0,es,Google reviews: 4* / 51,OPERATIONAL,"('real_estate_agency', 'consultant', 'point_of_interest', 'establishment')",7181.0,+34971007007,,,,success
DAHLER Mallorca Santanyí,"Plaça de sa Canal, 19, 07650 Santanyí, Illes Balears, España",+34649505127,http://www.dahler.com/santanyi,4.9,16.0,de,Google reviews: 4.9* / 16,OPERATIONAL,"('real_estate_agency', 'point_of_interest', 'establishment')",7650.0,+34871252196,,mallorca-southeast@dahler.com,,success
Coll aguilar. Inmobiliaria & galeria de arte,"Carrer del Call, 4, Centre, 07001 Palma, Illes Balears, España",,http://www.collaguilar.com/,3.9,9.0,es,Google reviews: 3.9* / 9,OPERATIONAL,"('real_estate_agency', 'point_of_interest', 'establishment')",7001.0,+34971712948,+34655283894,,,success
Inmopropiedad ,"Carrer de la Blatera, 32A, Llevant, 07198 Palma, Illes Balears, España",,http://www.inmopropiedad.com/,4.9,31.0,es,Google reviews: 4.9* / 31,OPERATIONAL,"('real_estate_agency', 'finance', 'lawyer', 'consultant', 'point_of_interest', 'establishment')",7198.0,+34971773479,+34605370537,info@inmopropiedad.com,,success
Evamar Real Home ,"Carrer del Fluvià, 1, Llevant, 07009 Palma, Illes Balears, España",,http://www.evamar-rh.com/,5.0,38.0,es,Google reviews: 5* / 38,OPERATIONAL,"('real_estate_agency', 'point_of_interest', 'establishment')",7009.0,+34871185293,+34669530313,hola@evamar-realhome.com,,success
Mendopiso,"Carrer del Cardenal Rossell, 24, Platja de Palma, 07007 Palma, Illes Balears, España",,http://www.mendopiso.es/,4.3,45.0,es,Google reviews: 4.3* / 45,OPERATIONAL,"('real_estate_agency', 'point_of_interest', 'establishment')",7007.0,+34971902400,,direccion@mendopiso.es,,success
LAB Properties,"Carrer de la Blatera, 23A, Llevant, 07198 Palma, Illes Balears, España",,https://www.labproperties.es/,5.0,46.0,es,Google reviews: 5* / 46,OPERATIONAL,"('real_estate_agency', 'point_of_interest', 'establishment')",7198.0,+34644166761,,info@labproperties.es,,success
Finques RBJ,"Carrer del Cardenal Rossell, 60, Platja de Palma, 07007 Palma, Illes Balears, España",,http://www.finquesrbj.com/,4.9,98.0,es,Google reviews: 4.9* / 98,OPERATIONAL,"('real_estate_agency', 'point_of_interest', 'establishment')",7007.0,+34971745470,+34971745470,rbj@finquesrbj.com,,success
Cervantes Inmobiliaria,"Carrer de Bilbao, 14A, Platja de Palma, 07006 Palma, Illes Balears, España",,http://www.cervantesinmobiliaria.com/,4.4,10.0,es,Google reviews: 4.4* / 10,OPERATIONAL,"('real_estate_agency', 'point_of_interest', 'establishment')",7006.0,+34652454663,,cervantesinmo@gmail.com,,success
DE PRADA & MOYA Abogados ( 07007 ),"C. del Cardenal Rossell, 15, A, Playa de Palma, 07007 Palma, Illes Balears, España",+34617672105,http://www.depradamoya-realestate.com/,4.9,227.0,es,Google reviews: 4.9* / 227,OPERATIONAL,"('real_estate_agency', 'consultant', 'point_of_interest', 'establishment')",7007.0,+34971623516,+34638307085,,,success
Habitam Palma,,+34611518949,http://www.habitampalma.es/,5.0,39.0,es,Google reviews: 5* / 39,OPERATIONAL,"('real_estate_agency', 'establishment')",,,,,,error:no contact information available
+34 MALLORCA REAL ESTATE,"Carrer de l'Alga, 9, Platja de Palma, 07006 Palma, Illes Balears, España",,http://34mallorca.com/,4.5,26.0,es,Google reviews: 4.5* / 26,OPERATIONAL,"('real_estate_agency', 'point_of_interest', 'general_contractor', 'establishment')",7006.0,+34971946902,+34673670909,info@34mallorca.com,,success
ENHABITAT PROPIEDADES,"Carrer del Ter, 27, 2º Planta, oficina 10, Levante, 07009 Palma, Illes Balears, España",,https://www.enhabitat.com/,5.0,8.0,es,Google reviews: 5* / 8,OPERATIONAL,"('real_estate_agency', 'point_of_interest', 'establishment')",7009.0,+34971570697,,,,success
Inmobiliaria Marianela Mateos,"Carrer del Fluvià, 1, Llevant, 07009 Palma, Illes Balears, España",,http://www.marianelamateos.com/,4.7,15.0,es,Google reviews: 4.7* / 15,OPERATIONAL,"('real_estate_agency', 'point_of_interest', 'establishment')",7009.0,+34639742551,,inmo.marianela@gmail.com,,success
Viviendas Jose Gómez,"Carrer de Pere Ripoll i Palou, 26, Llevant, 07008 Palma, Illes Balears, España",,http://www.viviendasjosegomez.es/,4.4,59.0,en,Google reviews: 4.4* / 59,OPERATIONAL,"('real_estate_agency', 'finance', 'point_of_interest', 'establishment')",7008.0,+34651982785,+34871946363,josegomez@viviendasjosegomez.es,,success
Studio 3 Properties,"C/ Aragó, 372, local C, Levante, 07008 Palma, Illes Balears, España",,http://www.studiotres2021.com/,4.6,37.0,es,Google reviews: 4.6* / 37,OPERATIONAL,"('real_estate_agency', 'point_of_interest', 'establishment')",7008.0,+34645865657,+34685379402,,,success
Espacio y Vida,"Carrer del Fluvià, 1, Mallorca Office - Planta Baja, Despacho 44, Llevant, 07009 Palma, Illes Balears, España",,http://espacioyvida.com/,4.6,18.0,es,Google reviews: 4.6* / 18,OPERATIONAL,"('real_estate_agency', 'consultant', 'point_of_interest', 'establishment')",7009.0,+34659555333,,hola@espacioyvida.com,,success
Unión confianza consultora ( UCC S.L.),"Carrer de Biniali, 5, Llevant, 07008 Palma, Illes Balears, España",,http://www.uccsl.com/contacto/,4.6,127.0,es,Google reviews: 4.6* / 127,OPERATIONAL,"('real_estate_agency', 'point_of_interest', 'establishment')",7008.0,+34971904141,+34678813456,gestion@uccsl.es,,success
AMG INMOBILIARIA,"AMG INMOBILIARIA, Camí de Sant Llatzet, 3, 07141 Es Pont d'Inca, Illes Balears, España",,https://www.amginmobiliaria.com/,4.1,164.0,es,Google reviews: 4.1* / 164,OPERATIONAL,"('real_estate_agency', 'point_of_interest', 'establishment')",7141.0,+34971601199,+34630815306,info@amginmobiliaria.com,espai@amginmobiliaria.com,success
Via Blava,"Carrer del Ter, 27, planta 2, oficina 7, Llevant, 07009 Palma, Illes Balears, España",,http://www.viablava.com/,4.2,30.0,ca,Google reviews: 4.2* / 30,OPERATIONAL,"('real_estate_agency', 'point_of_interest', 'establishment')",7009.0,+34871776688,+34615663782,info@viablava.com,,success
INMOBILIARIA PROINMOS,"Carrer del Fluvià, 1, Llevant, 07009 Palma, Illes Balears, España",,https://www.proinmos.com/,3.7,13.0,es,Google reviews: 3.7* / 13,OPERATIONAL,"('real_estate_agency', 'point_of_interest', 'establishment')",7009.0,+34665253621,,info@proinmos.com,,success
NEXEIMMO,"Career Nuredduna, 10, 2B, Llevant, 07006 Palma, Illes Balears, España",,http://www.nexeimmo.com/,4.7,14.0,es,Google reviews: 4.7* / 14,OPERATIONAL,"('real_estate_agency', 'point_of_interest', 'establishment')",7006.0,+34683156221,+34971963640,info@nexeimmo.com,,success
NEW HOME MALLORCA REAL ESTATE SL,,+34618391342,https://www.newhomemallorca.com/,5.0,9.0,es,Google reviews: 5* / 9,OPERATIONAL,"('real_estate_agency', 'establishment')",,+340034618391342,,,,success
SIM Inmobiliaria,"Plaça de la Sitja, 5, Nord, 07010 Palma, Illes Balears, España",,http://www.siminmobiliaria.es/,4.8,21.0,es,Google reviews: 4.8* / 21,OPERATIONAL,"('real_estate_agency', 'point_of_interest', 'establishment')",7010.0,+34656560198,+34655051355,info@siminmobiliaria.es,,success
La Real Inmobiliaria,"Avinguda del Císter, 13, Local, Nord, 07010 Es Secar de la Real, Illes Balears, España",,https://www.larealinmobiliaria.es/,3.6,12.0,es,Google reviews: 3.6* / 12,OPERATIONAL,"('real_estate_agency', 'point_of_interest', 'establishment')",7010.0,+34971234676,+34620951284,central@larealinmobiliaria.es,,success
Agencia Inmobiliaria Mir ( 07013 ),"Camí de Son Rapinya, 45A, Ponent, 07013 Sa Vileta-Son Rapinya, Illes Balears, España",,https://inmobiliariamir.es/,4.6,50.0,es,Google reviews: 4.6* / 50,OPERATIONAL,"('real_estate_agency', 'point_of_interest', 'establishment')",7013.0,+34971441396,+34971606489,arenal@inmobiliariamir.com,sonrapinya@inmobiliariamir.com,success
Casas de Mallorca,"Camí de Can Guillot, 35, Nord, 07010 Palma, Illes Balears, España",+34616667070,https://casasdemallorca.es/,4.4,17.0,es,Google reviews: 4.4* / 17,OPERATIONAL,"('real_estate_agency', 'point_of_interest', 'establishment')",7010.0,+34650118765,+34623537826,,,success
Easy Homes Grupo Inmobiliario,"Carrer de Pascual Ribot, 1, 07011 Palma, Illes Balears, España",,http://www.easyhomes.es/,4.1,54.0,es,Google reviews: 4.1* / 54,OPERATIONAL,"('real_estate_agency', 'point_of_interest', 'establishment')",7011.0,+34971079163,,,,success
Inmobiliaria La Vileta,"Camí dels Reis, 187, BJ, Ponent, 07013 Sa Vileta-Son Rapinya, Illes Balears, España",,https://www.inmobiliarialavileta.com/,3.9,87.0,es,Google reviews: 3.9* / 87,OPERATIONAL,"('real_estate_agency', 'point_of_interest', 'establishment')",7013.0,+34971793535,,info@inmobiliarialavileta.com,,success
Chic Mallorca Real Estate,"Carrer de Joan Crespí, 14, Ponent, 07014 Palma, Illes Balears, España",,http://www.chicmallorca.com/,4.7,130.0,es,Google reviews: 4.7* / 130,OPERATIONAL,"('real_estate_agency', 'consultant', 'point_of_interest', 'establishment')",7014.0,+34685989198,+34871713669,info@chicmallorca.com,,success
Neptunus International,"Pg. de Mallorca, 14, Centre, 07011 Palma, Illes Balears, España",+34971227626,http://www.neptunus-international.com/,4.7,42.0,es,Google reviews: 4.7* / 42,OPERATIONAL,"('real_estate_agency', 'point_of_interest', 'establishment')",7011.0,+340034971227626,,info@neptunus-international.com,,success
SkandiaMäklarna Mallorca,"Carrer Comte de Barcelona, 29 PB, Ponent, 07013 Palma, Illes Balears, España",,https://www.skandiamaklarna.com/sv/hitta-maklare/mallorca/,4.9,17.0,sv,Google reviews: 4.9* / 17,OPERATIONAL,"('real_estate_agency', 'point_of_interest', 'establishment')",7013.0,+46735083737,+34711032955,mallorca@skandiamaklarna.com,seth.forrester@skandiamaklarna.com,success
Ocean Seven Real Estate,"Carrer de Can Sales, 1, Centre, 07012 Palma, Illes Balears, España",,http://www.ocean-seven.com/,4.9,20.0,es,Google reviews: 4.9* / 20,OPERATIONAL,"('real_estate_agency', 'point_of_interest', 'establishment')",7012.0,+34634305876,,info@ocean-seven.com,,success
Gesteam Properties,"Pg. de Mallorca, 8, Entresuelo 1 B, Distrito Centro, 07012 Palma, Illes Balears, España",,http://www.gesteamproperties.com/,4.9,10.0,es,Google reviews: 4.9* / 10,OPERATIONAL,"('real_estate_agency', 'point_of_interest', 'establishment')",7012.0,+34871045671,+34663686347,,,success
Grupo FERRAN Mallorca ,"Pl. del Rei Joan Carles I, 3, 1º izq, Centre, 07012 Palma, Illes Balears, España",+34971712054,https://www.ferran.es/,4.5,15.0,es,Google reviews: 4.5* / 15,OPERATIONAL,"('real_estate_agency', 'finance', 'general_contractor', 'lawyer', 'consultant', 'point_of_interest', 'establishment')",7012.0,+34936004800,+34914316033,info@ferran.es,,success
Pisos Mallorca,"Pg. de Mallorca, 18, entresuelo 2ºA, Distrito Centro, 07012 Palma, Illes Balears, España",,http://www.pisosmallorca.com/,4.3,24.0,es,Google reviews: 4.3* / 24,OPERATIONAL,"('real_estate_agency', 'point_of_interest', 'establishment')",7012.0,+34971222022,,info@pisosmallorca.com,,success
Kingsber Property Mallorca,"Calle Berenguer de Sant Joan 3bjs, Distrito Centro, 07012 Palma, Illes Balears, España",,http://www.kingsberproperty.com/,4.7,27.0,es,Google reviews: 4.7* / 27,OPERATIONAL,"('real_estate_agency', 'point_of_interest', 'establishment')",7012.0,+34659737330,,info@kingsberproperty.com,,success
S.A.E Real Estate,"Plaça de la Porta de Santa Catalina, 20, Centre, 07012 Palma, Illes Balears, España",+34604114919,http://www.sae-mallorca.com/,4.7,33.0,es,Google reviews: 4.7* / 33,OPERATIONAL,"('real_estate_agency', 'point_of_interest', 'establishment')",7012.0,,,,,"error: Transform failed, HTML does not have valid markup."
Casa Mia Real Estate SL,"Pg. de Mallorca, 18E, Centre, 07012 Palma, Illes Balears, España",+34971128392,http://casamia-mallorca.com/,5.0,30.0,es,Google reviews: 5* / 30,OPERATIONAL,"('real_estate_agency', 'lawyer', 'consultant', 'point_of_interest', 'establishment')",7012.0,,,,,error:no webpage
5 ISLAS,"Carrer d'Avinyó, 2, Ponent, 07014 Palma, Illes Balears, España",,http://www.5islas.es/,4.7,53.0,es,Google reviews: 4.7* / 53,OPERATIONAL,"('real_estate_agency', 'point_of_interest', 'establishment')",7014.0,+34871571015,,info@5islas.es,,success
Fincas Cala Major,"Avinguda de Joan Miró, 275, Ponent, 07015 Palma, Illes Balears, España",+34971404077,http://fincascalamajor.com/,5.0,49.0,es,Google reviews: 5* / 49,OPERATIONAL,"('real_estate_agency', 'point_of_interest', 'establishment')",7015.0,(0034) 971 40 40 77,,info@fincascalamajor.com,,success
Inmobiliaria Film Houses,"Av. de Gabriel Roca, 35, 07014 Palma, Illes Balears, España",+34971222787,https://www.filmhouses.com/,4.9,48.0,es,Google reviews: 4.9* / 48,OPERATIONAL,"('real_estate_agency', 'point_of_interest', 'establishment')",7014.0,+34 971 222 787,,info@filmhouses.com,,success
Inmoluxy Real Estate Mallorca,"Avinguda de Sant Ferran, 41, 07013 Palma, Illes Balears, España",+34658701353,http://www.inmoluxy.com/,5.0,15.0,es,Google reviews: 5* / 15,OPERATIONAL,"('real_estate_agency', 'point_of_interest', 'establishment')",7013.0,+34668561123,+34679676422,info@inmoluxy.com,Pareja@borjagroup.es,success
INMO-LIVE HOMES,"Camí de Son Rapinya, 55, Ponent, 07013 Palma, Illes Balears, España",+34633076738,http://inmolivehomes.com/,5.0,54.0,es,Google reviews: 5* / 54,OPERATIONAL,"('real_estate_agency', 'point_of_interest', 'establishment')",7013.0,871 185 534,633 07 67 38,info@inmolivehomes.com,inmolivehomes@gmail.com,success
DURENDESA,"Av. de Gabriel Roca, 16, Ponent, 07014 Palma, Illes Balears, España",+34971906068,http://www.durendesa.com/,4.8,25.0,es,Google reviews: 4.8* / 25,OPERATIONAL,"('real_estate_agency', 'point_of_interest', 'establishment')",7014.0,+34 971 90 60 68,,info@durendesa.com,,success
Inmobiliaria Daynes,"Avinguda de Joan Miró, 354, Ponent, 07015 Palma, Illes Balears, España",+34971401900,http://www.inmobiliariadaynes.com/,4.3,6.0,es,Google reviews: 4.3* / 6,OPERATIONAL,"('real_estate_agency', 'consultant', 'point_of_interest', 'establishment')",7015.0,,,,,
MARCEL REMUS REAL ESTATE,"Camí de Gènova, 4, loc 4, Poniente, 07014 Palma, Illes Balears, España",+34971450019,http://www.marcelremus.com/,4.4,56.0,es,Google reviews: 4.4* / 56,OPERATIONAL,"('real_estate_agency', 'point_of_interest', 'establishment')",7014.0,,,,,
RE/MAX ROYAL,"Carrer d'Andrea Doria, 48, Bajos, Poniente, 07014 Palma, Illes Balears, España",+34634534888,http://www.remaxroyal.es/,5.0,42.0,es,Google reviews: 5* / 42,OPERATIONAL,"('real_estate_agency', 'point_of_interest', 'establishment')",7014.0,,,,,
Sageco,,+34650623856,http://www.sageco.es/,4.6,30.0,es,Google reviews: 4.6* / 30,OPERATIONAL,"('real_estate_agency', 'establishment')",,,,,,
Richmallorca real estate,"Passeig Illetes, 16, 07181 ses Illetes, Illes Balears, España",+34685294911,https://richmallorca.com/,4.9,36.0,es,Google reviews: 4.9* / 36,OPERATIONAL,"('real_estate_agency', 'point_of_interest', 'establishment')",7181.0,,,,,
LJ Balearic Properties,,+34669672301,http://www.ljproperties.es/,4.8,11.0,es,Google reviews: 4.8* / 11,OPERATIONAL,"('real_estate_agency', 'establishment')",,,,,,
El Terreno Immo,"Avinguda de Joan Miró, 82, Ponent, 07015 Palma, Illes Balears, España",+34971284026,http://www.el-terreno-immo.com/,4.1,23.0,en,Google reviews: 4.1* / 23,OPERATIONAL,"('real_estate_agency', 'point_of_interest', 'establishment')",7015.0,,,,,
KSA ESTATE MALLORCA,"Avinguda de Joan Miró, 348, Ponent, 07015 Palma, Illes Balears, España",+34971227810,http://www.ksa-estates.com/,4.3,6.0,es,Google reviews: 4.3* / 6,OPERATIONAL,"('real_estate_agency', 'point_of_interest', 'establishment')",7015.0,,,,,
Molier Estates,"Av. Joan Miró, 297, local 7, Poniente, 07015 Palma, Illes Balears, España",+34692068320,http://www.molierestates.com/,4.7,27.0,nl,Google reviews: 4.7* / 27,OPERATIONAL,"('real_estate_agency', 'point_of_interest', 'establishment')",7015.0,,,,,
MI LIVING PROPERTIES,"C/ de Saridakis, 3, Ponent, 07015 Palma, Illes Balears, España",+34695684948,https://www.milivingproperties.com/,5.0,7.0,en,Google reviews: 5* / 7,OPERATIONAL,"('real_estate_agency', 'point_of_interest', 'establishment')",7015.0,,,,,
Checkpoint Inmobiliaria,"Passeig Illetes, 85, 07181 ses Illetes, Illes Balears, España",+34627219958,https://www.checkpointinmo.com/,3.8,67.0,es,Google reviews: 3.8* / 67,OPERATIONAL,"('real_estate_agency', 'point_of_interest', 'establishment')",7181.0,,,,,
Oliver Mateu ( 07014 ),"Av. de Gabriel Roca, 3, planta baja, Ponent, 07014 Palma, Illes Balears, España",+34971222444,http://www.olivermateu.com/,3.9,46.0,es,Google reviews: 3.9* / 46,OPERATIONAL,"('real_estate_agency', 'point_of_interest', 'establishment')",7014.0,,,,,
Iconic Properties Mallorca,"Carrer de Son Armadans, Ponent, 07014 Palma, Illes Balears, España",+34685475120,https://www.iconicpropertiesmallorca.com/,5.0,9.0,es,Google reviews: 5* / 9,OPERATIONAL,"('real_estate_agency', 'point_of_interest', 'establishment')",7014.0,,,,,
ImmoConceptBalear,"Passeig Illetes, 4, 07181 ses Illetes, Illes Balears, España",+34693739566,http://www.immoconceptbalear.com/,5.0,7.0,de,Google reviews: 5* / 7,OPERATIONAL,"('real_estate_agency', 'consultant', 'point_of_interest', 'establishment')",7181.0,,,,,
Lucas Froese Real Estate,"Carrer de ses Eres, 4, 07200 Felanitx, Illes Balears, España",+34971092634,https://www.lucasfroeserealestate.com/,4.9,79.0,es,Google reviews: 4.9* / 79,OPERATIONAL,"('real_estate_agency', 'consultant', 'point_of_interest', 'establishment')",7200.0,,,,,
Mallorca Site,"Polígon Son Bugadelles, Carrer de les Illes Balears, 14, 07180 Santa Ponça, Illes Balears, España",+34971712165,http://www.mallorcasite.com/es,4.9,34.0,es,Google reviews: 4.9* / 34,OPERATIONAL,"('real_estate_agency', 'consultant', 'point_of_interest', 'establishment')",7180.0,,,,,
Inmobiliaria Mallorca ( 07180 ),"Carrer de Ramon de Montcada, 23, 07180 Santa Ponça, Illes Balears, España",+34971692763,https://www.inmobiliariamallorca-api.com/,3.3,13.0,es,Google reviews: 3.3* / 13,OPERATIONAL,"('real_estate_agency', 'point_of_interest', 'establishment')",7180.0,,,,,
YES MALLORCA PROPERTY,"Avinguda del Rei Jaume I, 109, 07180 Santa Ponça, Illes Balears, España",+34971695828,https://yes-mallorca-immobilien.de/,4.8,35.0,en,Google reviews: 4.8* / 35,OPERATIONAL,"('real_estate_agency', 'point_of_interest', 'establishment')",7180.0,,,,,
INMOBILIARIA TOÑI RUIZ,"Carrer, Via Mallorca, nº 9, 07590 Cala Rajada, Illes Balears, España",+34971566654,http://www.toniruiz.com/,4.6,47.0,en,Google reviews: 4.6* / 47,OPERATIONAL,"('real_estate_agency', 'point_of_interest', 'establishment')",7590.0,,,,,
First Mallorca Andratx,"Av. Mateo Bosch, 5, 07157 Port d'Andratx, Illes Balears, España",+34971698888,https://www.firstmallorca.com/en/sales/andratx-properties,3.7,13.0,es,Google reviews: 3.7* / 13,OPERATIONAL,"('real_estate_agency', 'consultant', 'point_of_interest', 'establishment')",7157.0,,,,,
FIRST Inmobiliaria,"Edif. Sa Carroca Park, Carretera de Ibiza a San José, Km 0.9, 07817 San Jordi, Illes Balears, España",+34971197830,http://www.real-estate-ibiza.com/,4.7,10.0,es,Google reviews: 4.7* / 10,OPERATIONAL,"('real_estate_agency', 'point_of_interest', 'establishment')",7817.0,,,,,
Home Menorca ,"Carrer de l'Àngel, 25, 07703 Maó, Illes Balears, España",+34971357070,http://www.homemenorca.com/,4.7,58.0,es,Google reviews: 4.7* / 58,OPERATIONAL,"('real_estate_agency', 'point_of_interest', 'establishment')",7703.0,,,,,
Sandberg Estates,"Carrer Garcilaso de la Vega, 1, Local 5, 07181 Portals Nous, Illes Balears, España",+34871853907,https://sandberg-estates.com/,4.9,52.0,es,Google reviews: 4.9* / 52,OPERATIONAL,"('real_estate_agency', 'consultant', 'general_contractor', 'point_of_interest', 'establishment')",7181.0,,,,,
LLH Solucions Immobiliàries,"Carrer de la Pursiana, 24, Ponent, 07013 Palma, Illes Balears, España",+34667561359,http://llhsolucionsimmobiliaries.com/,4.8,14.0,es,Google reviews: 4.8* / 14,OPERATIONAL,"('real_estate_agency', 'point_of_interest', 'establishment')",7013.0,,,,,
ELEVENHOMES,"Av. de Gabriel Roca, 14, local B, 07014 Palma, Illes Balears, España",+34667648413,http://elevenhomes.com/,4.8,25.0,es,Google reviews: 4.8* / 25,OPERATIONAL,"('real_estate_agency', 'point_of_interest', 'establishment')",7014.0,,,,,
Casas Mallorca,"Carrer de sa Lluna, 41, 07100 Sóller, Illes Balears, España",+34971638011,http://www.casasmallorca.com/,4.2,14.0,es,Google reviews: 4.2* / 14,OPERATIONAL,"('real_estate_agency', 'point_of_interest', 'establishment')",7100.0,,,,,
Buy a Home Mallorca ( 07006 ),"Carrer de Joan Nicolau i Barceló, 23, Platja de Palma, 07006 Palma, Illes Balears, España",+34971247276,http://www.buyahomemallorca.com/,4.7,22.0,sv,Google reviews: 4.7* / 22,OPERATIONAL,"('real_estate_agency', 'point_of_interest', 'establishment')",7006.0,,,,,
Servicasa Baleares,"Gremi des Fusters, 33, Local 2, Nord, 07009 Palma, Illes Balears, España",+34871244659,http://www.servicasabaleares.com/,5.0,26.0,es,Google reviews: 5* / 26,OPERATIONAL,"('real_estate_agency', 'consultant', 'point_of_interest', 'establishment')",7009.0,,,,,
Tresidence Servicios Inmobiliarios,"Camí de la Cabana, 24, 07141 Marratxí, Illes Balears, España",+34656307517,https://tresidence.es/,5.0,19.0,es,Google reviews: 5* / 19,OPERATIONAL,"('real_estate_agency', 'point_of_interest', 'establishment')",7141.0,,,,,
Minkner & Bonitz Mallorca Immobilien,"Avinguda del Rei Jaume I, 109, 07180 Santa Ponça, Illes Balears, España",+34971695255,https://www.minkner.com/,4.5,31.0,es,Google reviews: 4.5* / 31,OPERATIONAL,"('real_estate_agency', 'consultant', 'point_of_interest', 'establishment')",7180.0,,,,,
+QPISOS,,+34668570480,https://www.qpisos.com/,5.0,13.0,es,Google reviews: 5* / 13,OPERATIONAL,"('real_estate_agency', 'establishment')",,,,,,
House in Mallorca,,+34659555670,https://www.houseinmallorca.com/,4.8,6.0,es,Google reviews: 4.8* / 6,OPERATIONAL,"('real_estate_agency', 'establishment')",,,,,,
Grup Rebassa,"Carrer de General Weyler, 49, 07141 Pla de na Tesa, Illes Balears, España",+34971794959,http://www.gruprebassa.com/,4.8,43.0,es,Google reviews: 4.8* / 43,OPERATIONAL,"('real_estate_agency', 'electrician', 'general_contractor', 'consultant', 'point_of_interest', 'establishment')",7141.0,,,,,
Arenal Invest CB,"Carrer Bartomeu Oliver de Can Tunis, 24, Llevant, 07198 Son Ferriol, Illes Balears, España",+34680492738,https://www.arenal-invest.com/,4.9,13.0,es,Google reviews: 4.9* / 13,OPERATIONAL,"('real_estate_agency', 'point_of_interest', 'establishment')",7198.0,,,,,
Ecoquantic Grup Inmobiliaria,"Carrer Can Mas, 4, 07141 Pla de na Tesa, Illes Balears, España",+34971416916,http://www.ecoquanticgrup.com/,4.7,37.0,es,Google reviews: 4.7* / 37,OPERATIONAL,"('real_estate_agency', 'point_of_interest', 'establishment')",7141.0,,,,,
GestPropiedad Sant Jordi,"Carrer Neira, 23, Llevant, 07199 Palma, Illes Balears, España",+34971742908,https://gestpropiedad.com/santjordi,4.8,58.0,es,Google reviews: 4.8* / 58,OPERATIONAL,"('real_estate_agency', 'point_of_interest', 'establishment')",7199.0,,,,,
Grupo Milana,"Camí de Muntanya, 10, 07141 Poligono Industrial de Marratxi, Illes Balears, España",+34971725782,http://www.grupomilana.com/,5.0,9.0,es,Google reviews: 5* / 9,OPERATIONAL,"('real_estate_agency', 'point_of_interest', 'establishment')",7141.0,,,,,
INMOBILIARIA SOLIDARIA,"Carrer Licorers, pol 2 b, 07141 Es Pont d'Inca, Illes Balears, España",+34678412913,https://www.facebook.com/inmobiliariasolidariasl,4.6,17.0,es,Google reviews: 4.6* / 17,OPERATIONAL,"('real_estate_agency', 'point_of_interest', 'establishment')",7141.0,,,,,
Fincas Molina,"Carrer de les Illes Pitiüses, 11, Platja de Palma, 07007 Palma, Illes Balears, España",+34971909565,https://www.fincasmolina.com/,3.4,15.0,es,Google reviews: 3.4* / 15,OPERATIONAL,"('real_estate_agency', 'point_of_interest', 'establishment')",7007.0,,,,,
Gestión Inmobiliaria JMA (Baleares),,+34633518792,http://www.gestioninmobiliariajma.com/,4.9,38.0,es,Google reviews: 4.9* / 38,OPERATIONAL,"('real_estate_agency', 'establishment')",,,,,,
Isla Bonita Mallorca Gestión Inmobiliaria,,+34611165241,http://www.islabonitamallorca.com/,5.0,7.0,es,Google reviews: 5* / 7,OPERATIONAL,"('real_estate_agency', 'establishment')",,,,,,
Living Blue Mallorca  ( 07320 ),"Plaça Hostals, 8, 07320 Santa Maria del Camí, Illes Balears, España",+34971510609,https://www.livingblue-mallorca.com/,5.0,174.0,es,Google reviews: 5* / 174,OPERATIONAL,"('real_estate_agency', 'consultant', 'point_of_interest', 'establishment')",7320.0,,,,,
Engel & Völkers Palma Beach,"Carrer de Marbella, 71, Platja de Palma, 07610 Palma, Illes Balears, España",+34971412925,https://www.engelvoelkers.com/es/en/shops/palma-beach,4.9,53.0,en,Google reviews: 4.9* / 53,OPERATIONAL,"('real_estate_agency', 'point_of_interest', 'establishment')",7610.0,,,,,
Agencia Inmobiliaria Mir ( 07600 ),"Plaça Reina Maria Cristina, 12, 07600 El Arenal, Illes Balears, España",+34971441396,http://www.inmobiliariamir.com/,4.1,34.0,es,Google reviews: 4.1* / 34,OPERATIONAL,"('real_estate_agency', 'point_of_interest', 'establishment')",7600.0,,,,,
Engel & Völkers Santa Maria del Camí,"Carrer Marquès de la Fontsanta, 45, 07320 Santa Maria del Camí, Illes Balears, España",+34971621629,https://www.engelvoelkers.com/es/en/shops/santa-maria,4.8,82.0,en,Google reviews: 4.8* / 82,OPERATIONAL,"('real_estate_agency', 'finance', 'consultant', 'point_of_interest', 'establishment')",7320.0,,,,,
Premium Balear Real Estate,"Carrer de Marbella, 22, Platja de Palma, 07610 Palma, Illes Balears, España",+34971090514,http://www.premium-balear.com/,4.0,18.0,de,Google reviews: 4* / 18,OPERATIONAL,"('real_estate_agency', 'point_of_interest', 'establishment')",7610.0,,,,,
Inmocasa Arenal,"Carrer Balears, 19, 07600 El Arenal, Illes Balears, España",+34971443342,http://inmocasaarenal.es/,3.8,17.0,en,Google reviews: 3.8* / 17,OPERATIONAL,"('real_estate_agency', 'store', 'point_of_interest', 'establishment')",7600.0,,,,,
Homeing Mallorca · Inmobiliaria · Real Estate,"Carrer del Bisbe Roig, 87, bajos, 07620 Llucmajor, Illes Balears, España",+34971125277,https://www.homeingmallorca.com/,4.9,84.0,es,Google reviews: 4.9* / 84,OPERATIONAL,"('real_estate_agency', 'consultant', 'point_of_interest', 'establishment')",7620.0,,,,,
Schanz & Kohne Immobilien Mallorca,"Carrer de l'Ametler, 1, 07609 Llucmajor, Illes Balears, España",+34628120681,http://www.schanzundkohne.de/,4.4,64.0,es,Google reviews: 4.4* / 64,OPERATIONAL,"('real_estate_agency', 'point_of_interest', 'establishment')",7609.0,,,,,
Fincas Sant Lluís ,"Carrer del Comte de Lannion, 95, 07710 Sant Lluís, Illes Balears, España",+34971151812,https://www.fincassantlluis.com/,4.9,56.0,es,Google reviews: 4.9* / 56,OPERATIONAL,"('real_estate_agency', 'point_of_interest', 'establishment')",7710.0,,,,,
Inmobiliaria Menorca ,"Carrer de Biniarroca, 12, 07710 Sant Lluís, Illes Balears, España",+34971351530,https://www.sesmoreres.com/,4.8,38.0,es,Google reviews: 4.8* / 38,OPERATIONAL,"('real_estate_agency', 'point_of_interest', 'establishment')",7710.0,,,,,
Comas Inmobiliaria Menorca,"Carrer de Sant Lluís, 69, 07710 Sant Lluís, Illes Balears, España",+34971722236,http://menorcainmobiliaria.com/,5.0,14.0,es,Google reviews: 5* / 14,OPERATIONAL,"('real_estate_agency', 'point_of_interest', 'establishment')",7710.0,,,,,
KENSINGTON Finest Properties International  ( 07570 ),"C. de Ciutat, 22, 07570 Artà, Illes Balears, España",+34670275663,https://kensington-international.com/de/es/mallorca/arta,4.9,69.0,de,Google reviews: 4.9* / 69,OPERATIONAL,"('real_estate_agency', 'consultant', 'point_of_interest', 'establishment')",7570.0,,,,,
Palma Pisos,"Carrer de Lope de Vega, 5, 07013 Palma, Illes Balears, España",+34971220055,http://www.palmapisos.net/,3.2,66.0,es,Google reviews: 3.2* / 66,OPERATIONAL,"('real_estate_agency', 'point_of_interest', 'establishment')",7013.0,,,,,
Kensington Finest Properties International,"Calle Conquistador N°8 bajo, Distrito Centro, 07001 Palma, Illes Balears, España",+34971674306,https://www.kensington-international.com/de/mallorca/,3.5,29.0,es,Google reviews: 3.5* / 29,OPERATIONAL,"('real_estate_agency', 'point_of_interest', 'establishment')",7001.0,,,,,
KENSINGTON Finest Properties International  ( 07460 ),"Carrer de Philip Newman, 17, 07460 Pollença, Illes Balears, España",+34971533323,https://kensington-international.com/de/es/mallorca/pollensa,4.9,39.0,es,Google reviews: 4.9* / 39,OPERATIONAL,"('real_estate_agency', 'consultant', 'point_of_interest', 'establishment')",7460.0,,,,,
Inmobiliaria Nova Ávila,"Av. Ramon de Sant Martí, 1, local 1, 07620 Llucmajor, Illes Balears, España",+34692803144,http://inmobiliariaavilagestiones.com/,4.9,84.0,es,Google reviews: 4.9* / 84,OPERATIONAL,"('real_estate_agency', 'point_of_interest', 'establishment')",7620.0,,,,,
Imperial Properties Inmobiliaria CB,"Avinguda del Rei Jaume I, 111, Local 5, 07180 Santa Ponça, Illes Balears, España",+34971692434,http://www.imperial-properties.com/,4.7,77.0,es,Google reviews: 4.7* / 77,OPERATIONAL,"('real_estate_agency', 'point_of_interest', 'establishment')",7180.0,,,,,
GestPropiedad Maioris,"Carrer Imperial, 2, 07609 Llucmajor, Illes Balears, España",+34971237812,https://www.gestpropiedad.com/maioris,4.9,86.0,ru,Google reviews: 4.9* / 86,OPERATIONAL,"('real_estate_agency', 'finance', 'lawyer', 'consultant', 'point_of_interest', 'establishment')",7609.0,,,,,
Xarxa Homes  ( 07181 ),"Carrer Miguel de Cervantes, 23, Local 3, 07181 Costa d'en Blanes, Illes Balears, España",+34971684108,https://www.xarxahomes.com/,5.0,8.0,es,Google reviews: 5* / 8,OPERATIONAL,"('real_estate_agency', 'consultant', 'general_contractor', 'point_of_interest', 'establishment')",7181.0,,,,,
Inmobiliaria Sud Mallorca,"Carrer Gabriel Roca, 33, 07638 Colònia de Sant Jordi, Illes Balears, España",+34680343820,http://www.sudmallorca.com/,4.6,19.0,es,Google reviews: 4.6* / 19,OPERATIONAL,"('real_estate_agency', 'point_of_interest', 'establishment')",7638.0,,,,,
BB IMMOBILIEN MALLORCA,"Carrer D'es Convent, 23, 07620 Llucmajor, Illes Balears, España",+491633462522,https://www.bb-mallorca.com/,4.9,31.0,es,Google reviews: 4.9* / 31,OPERATIONAL,"('real_estate_agency', 'consultant', 'point_of_interest', 'establishment')",7620.0,,,,,
Fincas Faro Menorca inmobiliaria,"Avinguda de Josep A. Clavé, 38, 07702 Maó, Illes Balears, España",+34660043053,http://www.fincasfaro.net/,4.7,140.0,es,Google reviews: 4.7* / 140,OPERATIONAL,"('real_estate_agency', 'point_of_interest', 'establishment')",7702.0,,,,,
Casas en Menorca,"Pl. Reial, 4, 07702 Maó, Illes Balears, España",+34971363300,http://www.casasenmenorca.com/,4.6,157.0,es,Google reviews: 4.6* / 157,OPERATIONAL,"('real_estate_agency', 'point_of_interest', 'establishment')",7702.0,,,,,
Inmobiliaria Fincas Bonnin Sanso Mahon,"Carrer Nou, 14, 07701 Maó, Illes Balears, España",+34971350405,https://www.bonninsanso.com/,4.4,127.0,es,Google reviews: 4.4* / 127,OPERATIONAL,"('real_estate_agency', 'consultant', 'point_of_interest', 'establishment')",7701.0,,,,,
ATIPIKA Lifestyle Properties Inmobiliaria en Menorca,"Avinguda de Fort de l'Eau, 64, 07701 Maó, Illes Balears, España",+34971576961,http://www.atipika.com/,4.8,32.0,es,Google reviews: 4.8* / 32,OPERATIONAL,"('real_estate_agency', 'jewelry_store', 'store', 'point_of_interest', 'establishment')",7701.0,,,,,
Autèntic Menorca ,,+34613550874,https://www.autenticmenorca.com/,5.0,12.0,es,Google reviews: 5* / 12,OPERATIONAL,"('real_estate_agency', 'finance', 'consultant', 'establishment')",,,,,,
Micol Homes & Property,"Carrer de Sant Lluís Gonçaga, 5B, 07702 Maó, Illes Balears, España",+34693019509,http://www.micolhomesproperty.com/,5.0,8.0,es,Google reviews: 5* / 8,OPERATIONAL,"('real_estate_agency', 'point_of_interest', 'establishment')",7702.0,,,,,
FINCAS VENALIS ,"Carrer d'Alaior, 17, 07703 Maó, Illes Balears, España",+34971355757,http://www.venalismenorca.com/,4.7,11.0,es,Google reviews: 4.7* / 11,OPERATIONAL,"('real_estate_agency', 'point_of_interest', 'establishment')",7703.0,,,,,
Fincas Mantolán ,"Carrer Nou, 3, 07701 Maó, Illes Balears, España",+34971352896,https://www.fincasmantolan.com/,4.8,80.0,es,Google reviews: 4.8* / 80,OPERATIONAL,"('real_estate_agency', 'point_of_interest', 'establishment')",7701.0,,,,,
Menorcasa,"Plaça del Príncep, 4, 07701 Maó, Illes Balears, España",+34971355789,http://www.menorcasa.com/,5.0,39.0,es,Google reviews: 5* / 39,OPERATIONAL,"('real_estate_agency', 'consultant', 'point_of_interest', 'general_contractor', 'finance', 'establishment')",7701.0,,,,,
Engel & Völkers Real Estate Inmobiliaria Mahón,"Carrer de ses Moreres, 34, 07703 Maó, Illes Balears, España",,http://www.engelvoelkers.com/menorca,4.3,40.0,en,Google reviews: 4.3* / 40,OPERATIONAL,"('real_estate_agency', 'consultant', 'point_of_interest', 'establishment')",7703.0,,,,,
Grupo Inmobiliario Tutzo,"Carrer de ses Moreres, 54, 07703 Maó, Illes Balears, España",+34971350818,http://www.tutzoinmobiliaria.com/,3.1,42.0,es,Google reviews: 3.1* / 42,OPERATIONAL,"('real_estate_agency', 'point_of_interest', 'establishment')",7703.0,,,,,
We build Menorca,"Carrer de Sant Sebastià, 91, 07701 Maó, Illes Balears, España",+34617412478,http://www.webuildmenorca.com/,5.0,17.0,es,Google reviews: 5* / 17,OPERATIONAL,"('real_estate_agency', 'consultant', 'point_of_interest', 'finance', 'establishment')",7701.0,,,,,
Inmobiliaria Riera & Taylor,"Rambla del Rei en Jaume, 5, 07500 Manacor, Illes Balears, España",+34680915499,https://www.rierataylor.com/,4.3,231.0,en,Google reviews: 4.3* / 231,OPERATIONAL,"('real_estate_agency', 'point_of_interest', 'establishment')",7500.0,,,,,
"Fincas Armengol Mahón, Menorca","Avinguda de Fort de l'Eau, 123, 07701 Maó, Illes Balears, España",+34971362622,https://fincasarmengol.com/,4.4,24.0,es,Google reviews: 4.4* / 24,OPERATIONAL,"('real_estate_agency', 'consultant', 'point_of_interest', 'establishment')",7701.0,,,,,
Fincas Moncloa,"Avinguda de Fort de l'Eau, 153, 07701 Maó, Illes Balears, España",+34680680680,http://www.fincasmoncloa.com/,3.8,12.0,es,Google reviews: 3.8* / 12,OPERATIONAL,"('real_estate_agency', 'point_of_interest', 'establishment')",7701.0,,,,,
J'achète en Espagne - Minorque,,+34650648642,https://jacheteenespagne.com/immobilier-minorque/,5.0,56.0,fr,Google reviews: 5* / 56,OPERATIONAL,"('real_estate_agency', 'finance', 'general_contractor', 'consultant', 'establishment')",,,,,,
MyM Inmobiliarias de Menorca ,"Carrer de Sant Joan Bosco, 33, 07760 Ciutadella de Menorca, Illes Balears, España",+34656368330,http://www.inmomenorca.net/%20%20%20%7C%20https://reformasamjmenorca.com/,4.4,8.0,es,Google reviews: 4.4* / 8,OPERATIONAL,"('real_estate_agency', 'point_of_interest', 'establishment')",7760.0,,,,,
Fincas Sunshine ,"Via de Ronda de S'estancia, 10, 07740 Es Mercadal, Illes Balears, España",+34971154417,http://www.fincas-sunshine.com/,4.7,59.0,es,Google reviews: 4.7* / 59,OPERATIONAL,"('real_estate_agency', 'point_of_interest', 'establishment')",7740.0,,,,,
Inmo Menorca Centro,"Avinguda de Jaume I el Conqueridor, 13, 07760 Ciutadella de Menorca, Illes Balears, España",+34675413075,http://inmomenorcacentro.com/,4.9,180.0,es,Google reviews: 4.9* / 180,OPERATIONAL,"('real_estate_agency', 'point_of_interest', 'establishment')",7760.0,,,,,
Inmosoller,"Camí des Murterar, S/N, 07100, Illes Balears, España",+34646368526,https://www.inmosoller.com/,5.0,40.0,es,Google reviews: 5* / 40,OPERATIONAL,"('real_estate_agency', 'lodging', 'finance', 'consultant', 'point_of_interest', 'establishment')",7100.0,,,,,
Inmobiliària Hàbitat Sóller,"Plaça d'Espanya, 12, 07100 Sóller, Illes Balears, España",+34679355811,http://www.habitatsoller.es/,4.9,28.0,es,Google reviews: 4.9* / 28,OPERATIONAL,"('real_estate_agency', 'point_of_interest', 'establishment')",7100.0,,,,,
Mallorca Dream Homes,"Ctra. de Desviament, 62, 07100 Sóller, Illes Balears, España",+34971634918,http://www.mallorca-dreamhomes.com/,4.4,67.0,es,Google reviews: 4.4* / 67,OPERATIONAL,"('real_estate_agency', 'point_of_interest', 'establishment')",7100.0,,,,,
Xisca Coll Immobiliària,"Carrer de la Rectoria, 13, 07100 Sóller, Illes Balears, España",+34971633901,http://www.xiscacoll.com/,4.9,14.0,es,Google reviews: 4.9* / 14,OPERATIONAL,"('real_estate_agency', 'point_of_interest', 'establishment')",7100.0,,,,,
Living Blue Mallorca  ( 07108 ),"Passeig Es Traves, 25, 07108 Port de Sóller, Illes Balears, España",+34871000500,https://www.livingblue-mallorca.com/,5.0,86.0,es,Google reviews: 5* / 86,OPERATIONAL,"('real_estate_agency', 'consultant', 'point_of_interest', 'establishment')",7108.0,,,,,
Enseñat immobiliària,"Carrer de Bauçà, 5A, 07100 Sóller, Illes Balears, España",+34971630398,https://ensenatinmobiliaria.com/,5.0,11.0,es,Google reviews: 5* / 11,OPERATIONAL,"('real_estate_agency', 'point_of_interest', 'establishment')",7100.0,,,,,
Esther Guesdon Inmobiliaria,"Carrer de Sant Joan, 4A, 07100 Sóller, Illes Balears, España",+34680434887,http://www.guesdoninmobiliaria.com/,5.0,11.0,es,Google reviews: 5* / 11,OPERATIONAL,"('real_estate_agency', 'point_of_interest', 'establishment')",7100.0,,,,,
Sóller Studio Real Estate,"Carrer de la Rectoria, 3, 07100 Sóller, Illes Balears, España",+34871872105,http://www.sollerstudio.com/,4.8,36.0,es,Google reviews: 4.8* / 36,OPERATIONAL,"('real_estate_agency', 'point_of_interest', 'establishment')",7100.0,,,,,
IMMOBILIÀRIA SÓLLER HOMES,"18 de noviembre, 2005, 01, 07100 Sóller, Illes Balears, España",+34616807592,http://www.sollerhomes.com/,4.2,13.0,es,Google reviews: 4.2* / 13,OPERATIONAL,"('real_estate_agency', 'point_of_interest', 'establishment')",7100.0,,,,,
Engel & Völkers Sóller,"Carrer de Bauçà, 4, 07100 Sóller, Illes Balears, España",+34971633063,https://www.engelvoelkers.com/majorca/soller/,4.8,17.0,es,Google reviews: 4.8* / 17,OPERATIONAL,"('real_estate_agency', 'consultant', 'point_of_interest', 'finance', 'establishment')",7100.0,,,,,
Charles Marlow,"Carrer Arxiduc Luís Salvador, 2A, 07179 Deià, Illes Balears, España",+34971636427,https://www.charlesmarlow.com/,4.9,74.0,en,Google reviews: 4.9* / 74,OPERATIONAL,"('real_estate_agency', 'point_of_interest', 'establishment')",7179.0,,,,,
Morey Inmobiliaria,"Carrer de la Venerable Sor Aina, 8, 07170 Valldemossa, Illes Balears, España",+34639493031,http://www.moreyinmobiliaria.com/,4.8,38.0,es,Google reviews: 4.8* / 38,OPERATIONAL,"('real_estate_agency', 'point_of_interest', 'establishment')",7170.0,,,,,
Marandvillas Holiday Homes,"Plaça de sa Constitució, 3, 1º A, 07100 Sóller, Illes Balears, España",+34616159155,http://www.marandvillas.com/,3.8,10.0,es,Google reviews: 3.8* / 10,OPERATIONAL,"('real_estate_agency', 'point_of_interest', 'establishment')",7100.0,,,,,
KENSINGTON Finest Properties International  ( 07180 ),"Avinguda del Rei Jaume I, 109, local 2, 07180 Santa Ponça, Illes Balears, España",+34971690421,https://kensington-santaponsa.com/,3.9,26.0,es,Google reviews: 3.9* / 26,OPERATIONAL,"('real_estate_agency', 'point_of_interest', 'establishment')",7180.0,,,,,
Marietta Homes,,+34660184273,http://www.mariettahomes.es/,5.0,15.0,es,Google reviews: 5* / 15,OPERATIONAL,"('real_estate_agency', 'establishment')",,,,,,
Inmobiliaria Inca ,"Av. Jaume I, 37, A, 07300 Inca, Illes Balears, España",+34871919192,http://www.a8inmobiliaria.com/,4.6,325.0,es,Google reviews: 4.6* / 325,OPERATIONAL,"('real_estate_agency', 'lawyer', 'consultant', 'point_of_interest', 'establishment')",7300.0,,,,,
Villas y Fincas Mallorca,"Carrer Joan March, 2, 07640 Ses Salines, Illes Balears, España",+34971641758,http://www.villasyfincasmallorca.com/,3.5,24.0,es,Google reviews: 3.5* / 24,OPERATIONAL,"('real_estate_agency', 'point_of_interest', 'establishment')",7640.0,,,,,
Mallorca Dream ,"Ronda Oeste, 40, 07680 Porto Cristo, Illes Balears, España",+34606347074,http://www.mallorca-dream.eu/,4.0,27.0,de,Google reviews: 4* / 27,OPERATIONAL,"('real_estate_agency', 'point_of_interest', 'establishment')",7680.0,,,,,
Prialtum Real Estate,"07110 Buñola, Illes Balears, España",+34644761702,http://www.prialtum.com/,5.0,56.0,es,Google reviews: 5* / 56,OPERATIONAL,"('real_estate_agency', 'point_of_interest', 'establishment')",7110.0,,,,,
Inmobiliaria Fernando Dameto,"Costa de s'Estació, 2, 07110 Bunyola, Illes Balears, España",+34971615424,https://www.fernandodameto.com/,3.3,12.0,es,Google reviews: 3.3* / 12,OPERATIONAL,"('real_estate_agency', 'point_of_interest', 'establishment')",7110.0,,,,,
INMOBILIARIA LLABRÉS,"Carrer de Costa i Llobera, 07300 Inca, Illes Balears, España",+34971509999,http://www.inmollabres.com/,4.4,29.0,es,Google reviews: 4.4* / 29,OPERATIONAL,"('real_estate_agency', 'consultant', 'point_of_interest', 'establishment')",7300.0,,,,,
REMAX Better Life ,"Carrer de, Carrer Joan d'Austria, 34, 07300 Inca, Illes Balears, España",+34871042110,http://betterliferemax.es/,4.7,63.0,ca,Google reviews: 4.7* / 63,OPERATIONAL,"('real_estate_agency', 'point_of_interest', 'establishment')",7300.0,,,,,
Dray and Partners Mallorca,"Camí de Pedaç, 55, 07350 Binissalem, Illes Balears, España",+34658931705,https://draypartners.com/?utm_source=gmb&utm_medium=lien&utm_campaign=fichegmb,4.5,63.0,es,Google reviews: 4.5* / 63,OPERATIONAL,"('real_estate_agency', 'consultant', 'point_of_interest', 'establishment')",7350.0,,,,,
Inmobiliaria King,"Camí Coma, 18, 07350 Binissalem, Illes Balears, España",+34971520022,http://inmobiliariaking.com/,4.5,34.0,es,Google reviews: 4.5* / 34,OPERATIONAL,"('real_estate_agency', 'point_of_interest', 'establishment')",7350.0,,,,,
Abi 4 Consultors,"Carrer de ses Germanies, 16, 07350 Binissalem, Illes Balears, España",+34971512322,https://www.abi4.net/es/,4.7,34.0,es,Google reviews: 4.7* / 34,OPERATIONAL,"('real_estate_agency', 'point_of_interest', 'establishment')",7350.0,,,,,
Nou espai Inmobiliaria,"C/ de Sant Miquel, 2, 07300 Inca, Illes Balears, España",+34659764274,http://www.nouespaiinmobiliaria.com/,3.5,14.0,es,Google reviews: 3.5* / 14,OPERATIONAL,"('real_estate_agency', 'consultant', 'point_of_interest', 'establishment')",7300.0,,,,,
GestPropiedad Inca,"Calle del Gral. Luque, 442, Local 1, 07300 Inca, Illes Balears, España",+34600886384,https://gestpropiedad.com/,4.8,66.0,es,Google reviews: 4.8* / 66,OPERATIONAL,"('real_estate_agency', 'point_of_interest', 'establishment')",7300.0,,,,,
Berendsen,"Carrer de sa Quartera, Plaça, nº 1, 07350 Binissalem, Illes Balears, España",+34871858724,http://www.berendsen-realestate.com/,4.3,8.0,es,Google reviews: 4.3* / 8,OPERATIONAL,"('real_estate_agency', 'point_of_interest', 'establishment')",7350.0,,,,,
GabyLoyam Inmobiliaria,"Carrer Joan d'Austria, 39, 07300 Inca, Illes Balears, España",+34971507299,http://www.gabyloyam.com/,3.2,14.0,es,Google reviews: 3.2* / 14,OPERATIONAL,"('real_estate_agency', 'point_of_interest', 'establishment')",7300.0,,,,,
Charming House Booking S.L,"Carrer de sa Portallada, núm 16, Bajos, 07144 Costitx, Illes Balears, España",+34971891826,http://www.charminghousemallorca.es/,4.2,59.0,es,Google reviews: 4.2* / 59,OPERATIONAL,"('real_estate_agency', 'insurance_agency', 'lodging', 'finance', 'point_of_interest', 'establishment')",7144.0,,,,,
Cas Julians - The Old Cottage,"Carrer Ruberts, 07511 Ruberts, Illes Balears, España",+34643369058,https://www.fincasgloria.com/cas-julians,4.2,11.0,es,Google reviews: 4.2* / 11,OPERATIONAL,"('real_estate_agency', 'lodging', 'point_of_interest', 'establishment')",7511.0,,,,,
Nappo Real Estate I Inmobiliaria en Mallorca y Madrid I Oficina Marratxí,"Camí de la Cabana, 40, 07141 Marratxinet, Illes Balears, España",+34971370846,https://www.napporealestate.com/,4.6,9.0,es,Google reviews: 4.6* / 9,OPERATIONAL,"('real_estate_agency', 'point_of_interest', 'establishment')",7141.0,,,,,
RE/MAX DEL MAR Centro de Negocios Inmobiliarios,"Camí de la Cabana, 67, Local 1, 07141 Marratxí, Illes Balears, España",+34674851648,https://www.delmar.remax.es/,5.0,29.0,es,Google reviews: 5* / 29,OPERATIONAL,"('real_estate_agency', 'point_of_interest', 'establishment')",7141.0,,,,,
RE/MAX Calm Inmobiliaria Mallorca,"Carrer d'Alcúdia, 2, 07460 Pollença, Illes Balears, España",+34971536335,https://remax-calm.es/,4.9,65.0,ca,Google reviews: 4.9* / 65,OPERATIONAL,"('real_estate_agency', 'point_of_interest', 'establishment')",7460.0,,,,,
REMAX Aura inmobiliaria Mallorca,"Carrer d'Antoni Blanes Joan, 17, 07570 Artà, Illes Balears, España",+34636826461,http://aura.remax.es/,4.9,29.0,es,Google reviews: 4.9* / 29,OPERATIONAL,"('real_estate_agency', 'point_of_interest', 'establishment')",7570.0,,,,,
RE/MAX Island,"Carrer Menorca, 20, 07011 Palma, Illes Balears, España",+34871591863,http://www.remaxisland.es/,4.6,50.0,en,Google reviews: 4.6* / 50,OPERATIONAL,"('real_estate_agency', 'point_of_interest', 'establishment')",7011.0,,,,,
KUNZE & PARTNER Immobilien auf ganz Mallorca,"Av. de Jaume III, 8, 2, Centre, 07012 Palma, Illes Balears, España",+34871003809,https://www.kunze-partner.com/,5.0,9.0,es,Google reviews: 5* / 9,OPERATIONAL,"('real_estate_agency', 'point_of_interest', 'establishment')",7012.0,,,,,
Martin & Huhn Mallorca Real Estate,"Carrer son Esteva, 5, Local 1, 07150 Andratx, Illes Balears, España",+34971337941,http://www.martinhuhn.com/,4.8,86.0,es,Google reviews: 4.8* / 86,OPERATIONAL,"('real_estate_agency', 'point_of_interest', 'establishment')",7150.0,,,,,
F. Alemany,"Plaça España, 1, local 1, 07150 Andratx, Illes Balears, España",+34971672106,http://www.inmobiliaria-alemany.es/,4.5,16.0,es,Google reviews: 4.5* / 16,OPERATIONAL,"('real_estate_agency', 'point_of_interest', 'establishment')",7150.0,,,,,
My Blue Mallorca ,"Coworking Offices, Carrer Brismar, 6, 07157 Port d'Andratx, Illes Balears, España",+34639520896,https://mybluemallorca.com/,4.9,18.0,es,Google reviews: 4.9* / 18,OPERATIONAL,"('real_estate_agency', 'point_of_interest', 'establishment')",7157.0,,,,,
Lietz Immobilien SL,"Carrer de Isaac Peral, 50, 07157 Port d'Andratx, Illes Balears, España",+34971671342,https://www.lietzmallorca.com/,4.7,53.0,es,Google reviews: 4.7* / 53,OPERATIONAL,"('real_estate_agency', 'point_of_interest', 'establishment')",7157.0,,,,,
PHOENIX MALLORCA,"Avinguda de Sa Platja, 2, Local 3, 07160 Es Camp de Mar, Illes Balears, España",+34628771184,http://www.phoenixmallorca.com/,5.0,18.0,es,Google reviews: 5* / 18,OPERATIONAL,"('real_estate_agency', 'point_of_interest', 'establishment')",7160.0,,,,,
INMOBILIARIA ANDREU FELIPE,"Carrer de sa Fábrica, 12, 07157 Port d'Andratx, Illes Balears, España",+34971671592,http://www.andreufelipe.com/,4.4,31.0,es,Google reviews: 4.4* / 31,OPERATIONAL,"('real_estate_agency', 'point_of_interest', 'establishment')",7157.0,,,,,
APART BALEAR ,"Cami des Comellar, 07157 Port d'Andratx, Illes Balears, España",+34617636426,http://www.apartbalear.com/,4.9,12.0,de,Google reviews: 4.9* / 12,OPERATIONAL,"('real_estate_agency', 'point_of_interest', 'establishment')",7157.0,,,,,
Inmobiliaria Ericsus & Falk,"Carrer de la Talaia, 1, 07160 Peguera, Illes Balears, España",+34971686617,http://www.ericsusandfalk.com/,4.4,31.0,es,Google reviews: 4.4* / 31,OPERATIONAL,"('real_estate_agency', 'point_of_interest', 'finance', 'establishment')",7160.0,,,,,
DAHLER Mallorca Puerto de Andratx,"Av. Mateo Bosch, 16, 07157 Port d'Andratx, Illes Balears, España",+34971672020,https://www.dahlercompany.com/de/mallorca/immobilienmakler/andratx,4.3,26.0,de,Google reviews: 4.3* / 26,OPERATIONAL,"('real_estate_agency', 'consultant', 'point_of_interest', 'establishment')",7157.0,,,,,
Living Feeling Mallorca,"Pl. dels Patrons Cristino, 8A, 07157 Port d'Andratx, Illes Balears, España",+34634331006,http://www.lfmallorca.com/,5.0,10.0,de,Google reviews: 5* / 10,OPERATIONAL,"('real_estate_agency', 'point_of_interest', 'establishment')",7157.0,,,,,
Ziob Immobilien & Versicherungen,"Carrer des Peix, 2, 07157 Port d'Andratx, Illes Balears, España",+34651861336,http://www.ziob-immobilien.com/,4.9,46.0,es,Google reviews: 4.9* / 46,OPERATIONAL,"('real_estate_agency', 'insurance_agency', 'point_of_interest', 'establishment')",7157.0,,,,,
Porta Mallorquina Real Estate Puerto Andratx,"Carrer de Isaac Peral, 49, local 3, 07157 Port d'Andratx, Illes Balears, España",+34971698242,https://www.porta-mallorquina.de/,5.0,8.0,en,Google reviews: 5* / 8,OPERATIONAL,"('real_estate_agency', 'point_of_interest', 'establishment')",7157.0,,,,,
Fara Homes SL,"Carrer Cristófol Colom, 1, 07157 Port d'Andratx, Illes Balears, España",+34971672455,http://www.fara-homes.com/,5.0,13.0,de,Google reviews: 5* / 13,OPERATIONAL,"('real_estate_agency', 'point_of_interest', 'establishment')",7157.0,,,,,
Engel & Völkers Port Andratx,"Carrer de Isaac Peral, 50, 07157 Port d'Andratx, Illes Balears, España",+34971674780,https://www.engelvoelkers.com/es/en/shops/puerto-andratx,4.7,31.0,de,Google reviews: 4.7* / 31,OPERATIONAL,"('real_estate_agency', 'point_of_interest', 'establishment')",7157.0,,,,,
Luxury Estates Mallorca ®  ( 07157 ),"Ctra. des Port, 118, Local 3, 07157 Port d'Andratx, Illes Balears, España",+34871520283,https://www.luxury-estates-mallorca.com/,4.5,16.0,de,Google reviews: 4.5* / 16,OPERATIONAL,"('real_estate_agency', 'consultant', 'point_of_interest', 'establishment')",7157.0,,,,,
BOHLENS IMMOBILIEN ,"Bulevar de Peguera, 16A, 07160 Peguera, Illes Balears, España",+34971689541,https://www.bohlens-immobilien.com/,4.4,15.0,es,Google reviews: 4.4* / 15,OPERATIONAL,"('real_estate_agency', 'point_of_interest', 'establishment')",7160.0,,,,,
EXKLUSIV KONZEPT ,"Carrer de Isaac Peral, 33, 07157 Port d'Andratx, Illes Balears, España",+34690881130,https://www.exklusiv-konzept.com/,4.6,9.0,es,Google reviews: 4.6* / 9,OPERATIONAL,"('real_estate_agency', 'consultant', 'point_of_interest', 'establishment')",7157.0,,,,,
Inmobiliaria Homely Mallorca,"Carrer D’es, Carrer de's Centre, 1, 07183 Costa de la Calma, Illes Balears, España",+34649299250,http://www.homelymallorca.com/,4.8,9.0,es,Google reviews: 4.8* / 9,OPERATIONAL,"('real_estate_agency', 'point_of_interest', 'establishment')",7183.0,,,,,
Claudia Kuhrau Immobilien,"Carrer Putxet, 29, 07160 Peguera, Illes Balears, España",+34639035585,https://claudiakuhrau-immobilien.com/,4.8,24.0,de,Google reviews: 4.8* / 24,OPERATIONAL,"('real_estate_agency', 'point_of_interest', 'establishment')",7160.0,,,,,
International Mallorca,"Carrer Major, 173, 07620 Llucmajor, Illes Balears, España",+34971121009,http://www.international-mallorca.com/,5.0,34.0,es,Google reviews: 5* / 34,OPERATIONAL,"('real_estate_agency', 'consultant', 'point_of_interest', 'general_contractor', 'establishment')",7620.0,,,,,
Inmobiliaria Cala Gaviota,"Carrer Estanys, 24, 07638 Colònia de Sant Jordi, Illes Balears, España",+34971655722,http://www.calagaviota.com/,4.1,30.0,es,Google reviews: 4.1* / 30,OPERATIONAL,"('real_estate_agency', 'point_of_interest', 'establishment')",7638.0,,,,,
Inmobiliaria Llucmajor,"Ronda Carlos V, 56, 07620 Llucmajor, Illes Balears, España",+34971662402,http://www.inmollucmajor.com/,4.3,32.0,es,Google reviews: 4.3* / 32,OPERATIONAL,"('real_estate_agency', 'point_of_interest', 'establishment')",7620.0,,,,,
INMOBILIARIA ES TRENC,"Plaça Espanya, 49, 07620 Llucmajor, Illes Balears, España",+34971664213,http://www.inmobiliariaestrenc.es/,3.1,9.0,es,Google reviews: 3.1* / 9,OPERATIONAL,"('real_estate_agency', 'point_of_interest', 'establishment')",7620.0,,,,,
Surmallorca,"Av. de Miramar, 44, 07639 Sa Ràpita, Illes Balears, España",+34971641494,http://www.surmallorca.com/,4.4,12.0,es,Google reviews: 4.4* / 12,OPERATIONAL,"('real_estate_agency', 'point_of_interest', 'establishment')",7639.0,,,,,
inmobiliaria Ca Na Neus,"Carrer d'es Born, 5, 07620 Llucmajor, Illes Balears, España",+34971660577,http://inmobiliariacananeus.es/,4.3,11.0,es,Google reviews: 4.3* / 11,OPERATIONAL,"('real_estate_agency', 'point_of_interest', 'establishment')",7620.0,,,,,
PALSmallorca Real Estate Agency,"Passeig de Jaume III, 1, A PLANTA BAJA, 07620 Llucmajor, Illes Balears, España",+34971596128,http://www.palsmallorca.com/,4.5,31.0,es,Google reviews: 4.5* / 31,OPERATIONAL,"('real_estate_agency', 'point_of_interest', 'establishment')",7620.0,,,,,
Finest Properties Mallorca S.L.,"Carretera Palma a Andratx, km 18, 07183 Costa de la Calma, Islas Baleares, Illes Balears, España",+34971698149,http://www.finestpropertiesmallorca.com/,4.7,23.0,es,Google reviews: 4.7* / 23,OPERATIONAL,"('real_estate_agency', 'point_of_interest', 'establishment')",7183.0,,,,,
Mallorca Prime Homes,"Avinguda del Rei Jaume I, 116, Local 3, 07180 Santa Ponça, Illes Balears, España",+34971692121,https://www.mallorcaprimehomes.com/,4.0,70.0,es,Google reviews: 4* / 70,OPERATIONAL,"('real_estate_agency', 'point_of_interest', 'establishment')",7180.0,,,,,
Immobilienmallorca.com,"Avinguda del Rei Jaume I, 111, 07180 Santa Ponça, Illes Balears, España",+4915153543136,https://www.immobilienmallorca.com/,5.0,39.0,de,Google reviews: 5* / 39,OPERATIONAL,"('real_estate_agency', 'point_of_interest', 'establishment')",7180.0,,,,,
Lenssen & Partner Inmobiliaria,"Carrer Huguet des Far, 16, 07183 Santa Ponça, Illes Balears, España",+34971670440,http://www.lenssenpartner.com/,4.0,17.0,de,Google reviews: 4* / 17,OPERATIONAL,"('real_estate_agency', 'point_of_interest', 'establishment')",7183.0,,,,,
Engel & Völkers Santa Ponsa,"Gran Via Puig des Castellet, 1, Bloque 1, Local, 2-A, 07180 Santa Ponça, Illes Balears, España",+34971699063,https://www.engelvoelkers.com/es/en/shops/santa-ponsa,4.6,34.0,es,Google reviews: 4.6* / 34,OPERATIONAL,"('real_estate_agency', 'consultant', 'point_of_interest', 'establishment')",7180.0,,,,,
LOVIAN PROPERTIES S.L.,"Avinguda del Rei Jaume I, 109, D5, 07180 Santa Ponsa, Illes Balears, España",+34971694055,https://www.lovianproperties.com/,4.9,10.0,es,Google reviews: 4.9* / 10,OPERATIONAL,"('real_estate_agency', 'general_contractor', 'point_of_interest', 'establishment')",7180.0,,,,,
Mallorca10.com,"Carrer de Joan Riutort, 24, 07190 Esporles, Illes Balears, España",+34661129606,http://www.mallorca10.com/,5.0,29.0,es,Google reviews: 5* / 29,OPERATIONAL,"('real_estate_agency', 'point_of_interest', 'establishment')",7190.0,,,,,
Engel & Völkers Deià ,"Carrer de l'Arxiduc Lluís Salvador, 1, 07179 Deià, Illes Balears, España",+34971636363,https://www.engelvoelkers.com/es/en/propertysearch?businessArea[]=residential&currency=EUR&hasSessionBounds=true&measurementSystem=metric&page=1&placeId=ChIJt0bW_7LvlxIRJsznFWai-PY&placeName=Dei%C3%A0%2C%20Balearic%20Islands%2C%20Spain&propertyMarketingType[]=sale&searchRadius=0&sortingOptions[]=SALES_PRICE_DESC,4.6,10.0,es,Google reviews: 4.6* / 10,OPERATIONAL,"('real_estate_agency', 'finance', 'consultant', 'point_of_interest', 'establishment')",7179.0,,,,,
Auniquemallorca S.L.,"Carrer Gran Via, 43, 07180 El Toro, Illes Balears, España",+34971699329,http://www.uniquemallorca.com/,4.4,66.0,es,Google reviews: 4.4* / 66,OPERATIONAL,"('real_estate_agency', 'point_of_interest', 'establishment')",7180.0,,,,,
Private Property Mallorca ,"Gran Via Puig des Castellet, 1, Bloque 6, Local 1, 07180 Santa Ponça, Illes Balears, España",+34871967967,https://www.privatepropertymallorca.com/,5.0,28.0,es,Google reviews: 5* / 28,OPERATIONAL,"('real_estate_agency', 'consultant', 'point_of_interest', 'establishment')",7180.0,,,,,
Hola Reality,"Carrer de Diego Salvà Lezaún, 2, 07181 Calvià, Illes Balears, España",+34640816932,https://www.holareality.com/,5.0,13.0,es,Google reviews: 5* / 13,OPERATIONAL,"('real_estate_agency', 'point_of_interest', 'establishment')",7181.0,,,,,
Porta Mallorquina Real Estate Santa Ponsa,"Carrer de Son Thomàs, 2, 07183 Calvià, Illes Balears, España",+34971711228,https://www.porta-mallorquina.de/suedwest-santa-ponsa/,4.5,8.0,de,Google reviews: 4.5* / 8,OPERATIONAL,"('real_estate_agency', 'point_of_interest', 'establishment')",7183.0,,,,,
Calvià Properties,"Carrer Saragossa, 1, 07181 Calvià, Illes Balears, España",+34971097875,http://calviaproperties.com/,4.8,22.0,en,Google reviews: 4.8* / 22,OPERATIONAL,"('real_estate_agency', 'point_of_interest', 'establishment')",7181.0,,,,,
Mallorca Service Center,"Poligono son Bugadelles, Mar Mediterraneo 59 local 8, 07180 Santa Ponsa, Illes Balears, España",+34971686836,http://www.mallorca-servicecenter.com/,5.0,7.0,es,Google reviews: 5* / 7,OPERATIONAL,"('real_estate_agency', 'sports_activity_location', 'point_of_interest', 'establishment')",7180.0,,,,,
Montfair Estates,"Gran Via Puig des Castellet, 1, 07180 Santa Ponça, Illes Balears, España",+34871046271,https://www.montfairestates.com/,5.0,13.0,en,Google reviews: 5* / 13,OPERATIONAL,"('real_estate_agency', 'point_of_interest', 'establishment')",7180.0,,,,,
First Balear Luxury Real Estate By Toni Da Silva,"Avinguda del Rei Jaume I, 65, 07180 Santa Ponça, Illes Balears, España",,http://www.tonidasilva-mallorcaimmobilien.com/,3.1,17.0,es,Google reviews: 3.1* / 17,OPERATIONAL,"('real_estate_agency', 'finance', 'consultant', 'point_of_interest', 'establishment')",7180.0,,,,,
Steffek und Partner,"Av. son Pillo, 2, 6, 07180 Santa Ponça, Illes Balears, España",+34639872689,https://www.sp-mallorca.com/,4.7,13.0,de,Google reviews: 4.7* / 13,OPERATIONAL,"('real_estate_agency', 'consultant', 'point_of_interest', 'establishment')",7180.0,,,,,
Just Belavent,"Av. Blai Bonet, 8, 07180 Santa Ponça, Illes Balears, España",+34664886046,http://www.justbelavent.com/,5.0,15.0,en,Google reviews: 5* / 15,OPERATIONAL,"('real_estate_agency', 'consultant', 'point_of_interest', 'establishment')",7180.0,,,,,
Mallorca Sol Properties,"Carrer de les Sirenes, 30, 07181 Cala Vinyes, Illes Balears, España",+34639204171,http://www.mallorcasolproperties.com/,5.0,22.0,es,Google reviews: 5* / 22,OPERATIONAL,"('real_estate_agency', 'point_of_interest', 'establishment')",7181.0,,,,,
Berkshire Hathaway HomeServices Nova Mallorca ( 07181 ),"Carrer Benito Jerónimo Feijóo, 13, Local 9, 07181 Calviá, Illes Balears, España",+34605944852,https://www.bhhsmallorca.com/,4.8,24.0,es,Google reviews: 4.8* / 24,OPERATIONAL,"('real_estate_agency', 'point_of_interest', 'establishment')",7181.0,,,,,
Gestpropiedad-Cas Català,"Ctra. Andratx, 2, local 5, 07181 Cas Català, Illes Balears, España",+34871620777,https://www.gestpropiedad.com/cascatala,4.8,43.0,ca,Google reviews: 4.8* / 43,OPERATIONAL,"('real_estate_agency', 'point_of_interest', 'establishment')",7181.0,,,,,
Coastal Properties Mallorca,"Av. de la Platja, 5, 07181 Palmanova, Illes Balears, España",+34971681930,https://www.coastalpropertiesmallorca.com/,4.0,15.0,es,Google reviews: 4* / 15,OPERATIONAL,"('real_estate_agency', 'point_of_interest', 'establishment')",7181.0,,,,,
Homeseeker Mallorca,"Ctra. Andratx, 2, 07181 Cas Català, Illes Balears, España",+34971937262,http://www.homeseekermallorca.com/,4.2,67.0,en,Google reviews: 4.2* / 67,OPERATIONAL,"('real_estate_agency', 'point_of_interest', 'establishment')",7181.0,,,,,
The Mallorca Deal,"Plaça de Portals, 3, local 4, 07181 Portals Nous, Illes Balears, España",+34693516446,http://www.themallorcadeal.com/,4.1,14.0,es,Google reviews: 4.1* / 14,OPERATIONAL,"('real_estate_agency', 'point_of_interest', 'establishment')",7181.0,,,,,
Engel & Völkers Portals,"Carrer Benito Jerónimo Feijóo, 10, 07181 Portals Nous, Illes Balears, España",+34971676836,https://www.engelvoelkers.com/es/en/shops/portals,4.5,43.0,es,Google reviews: 4.5* / 43,OPERATIONAL,"('real_estate_agency', 'point_of_interest', 'establishment')",7181.0,,,,,
First Mallorca Puerto Portals,"Puerto Portals, Local 82, 83, 07181 Portals Nous, Illes Balears, España",+34871006500,http://www.firstmallorca.com/,5.0,24.0,es,Google reviews: 5* / 24,OPERATIONAL,"('real_estate_agency', 'point_of_interest', 'establishment')",7181.0,,,,,
KENSINGTON Finest Properties International  ( 07181 ),"Ma-1, 32, Local 2, 07181 Portals Nous, Illes Balears, España",+34971680476,https://kensington-portals.com/,5.0,13.0,de,Google reviews: 5* / 13,OPERATIONAL,"('real_estate_agency', 'point_of_interest', 'establishment')",7181.0,,,,,
Heritage Homes Mallorca,"Ma-1, 32, Local 5, 07181 Portals Nous, Illes Balears, España",+34686121959,https://www.heritagehomesmallorca.com/,5.0,6.0,en,Google reviews: 5* / 6,OPERATIONAL,"('real_estate_agency', 'point_of_interest', 'establishment')",7181.0,,,,,
Imperial Properties Portals Nous,"Ctra. Andratx, 35, 07181 Portals Nous, Illes Balears, España",+34871153548,http://www.imperial-properties.com/,5.0,6.0,en,Google reviews: 5* / 6,OPERATIONAL,"('real_estate_agency', 'point_of_interest', 'establishment')",7181.0,,,,,
Lifestyle Properties ,"Carrer d'en Blanes, 1, 07181 Portals Nous, Illes Balears, España",+34971675035,https://lifestyle-propertiesmallorca.com/,3.9,9.0,es,Google reviews: 3.9* / 9,OPERATIONAL,"('real_estate_agency', 'point_of_interest', 'establishment')",7181.0,,,,,
Bconnected ,"Plaça Espanya, 3, 07181 Portals Nous, Illes Balears, España",+34971221066,https://bconnectedmallorca.com/es/,4.2,39.0,en,Google reviews: 4.2* / 39,OPERATIONAL,"('real_estate_agency', 'consultant', 'general_contractor', 'point_of_interest', 'establishment')",7181.0,,,,,
Nash Homes Mallorca,"by taxis, first floor, Plaça de Portals, 3, local 7, 07181 Portals Nous, Illes Balears, España",+34971675969,https://www.nashhomesmallorca.com/,3.5,8.0,es,Google reviews: 3.5* / 8,OPERATIONAL,"('real_estate_agency', 'point_of_interest', 'establishment')",7181.0,,,,,
Administraciones Calvia S.L.,"Carrer Voranova, 10, Local 6, 07181 Palmanova, Illes Balears, España",+34971681101,http://www.admincalvia.com/,3.8,20.0,es,Google reviews: 3.8* / 20,OPERATIONAL,"('real_estate_agency', 'point_of_interest', 'establishment')",7181.0,,,,,
Mallorca Agent ,"Passeig Illetes, 4, local 6, 07181 Illetes, Illes Balears, España",+34634334277,http://www.mallorcaagent.com/,5.0,18.0,de,Google reviews: 5* / 18,OPERATIONAL,"('real_estate_agency', 'point_of_interest', 'establishment')",7181.0,,,,,
AVANTI! IMMOBILIEN,"Carrer Mireia, 20 E, 07183 Costa de la Calma, Illes Balears, España",+34971694279,http://immoavanti.com/,4.3,6.0,es,Google reviews: 4.3* / 6,OPERATIONAL,"('real_estate_agency', 'point_of_interest', 'establishment')",7183.0,,,,,
NOVOFORMA Construcciones,"Carrer de la Mar Mediterrània, 8, 07180 Calvià, Illes Balears, España",+34971691380,http://novoforma.net/,4.1,20.0,es,Google reviews: 4.1* / 20,OPERATIONAL,"('real_estate_agency', 'point_of_interest', 'general_contractor', 'establishment')",7180.0,,,,,
Mallorca Urban Group Real Estate,"Avinguda Príncep d'Espanya, 4A, 07400 Alcúdia, Illes Balears, España",+34699227286,https://www.mallorcaurbangroup.com/%20https://www.mallorcaurban.group/,4.3,29.0,es,Google reviews: 4.3* / 29,OPERATIONAL,"('real_estate_agency', 'point_of_interest', 'establishment')",7400.0,,,,,
GestPropiedad Blanquerna,"C. de Blanquerna, 57, Nord, 07003 Palma, Illes Balears, España",+34600886384,https://www.gestpropiedad.com/,4.8,26.0,es,Google reviews: 4.8* / 26,OPERATIONAL,"('real_estate_agency', 'point_of_interest', 'establishment')",7003.0,,,,,
Inmo-working Bonafinca,"Pg. de Mallorca, 36, Centre, 07012 Palma, Illes Balears, España",+34971100080,https://bonafinca.com/,4.7,15.0,es,Google reviews: 4.7* / 15,OPERATIONAL,"('real_estate_agency', 'point_of_interest', 'establishment')",7012.0,,,,,
Queen Mallorca Real Estate,"Carrer de Pascual Ribot, 15, 07011 Palma, Illes Balears, España",+34682526247,http://www.queenmallorca.es/,5.0,10.0,es,Google reviews: 5* / 10,OPERATIONAL,"('real_estate_agency', 'point_of_interest', 'establishment')",7011.0,,,,,
Nova Gestio Inmobiliaria,"Rambla del Rei en Jaume, 11, bajos, 07500 Manacor, Illes Balears, España",+34607820315,https://www.novagestioinmobiliaria.com/,4.8,150.0,en,Google reviews: 4.8* / 150,OPERATIONAL,"('real_estate_agency', 'point_of_interest', 'establishment')",7500.0,,,,,
BlauMallorca,"Plaça del Rector Rubí, 6, 07500 Manacor, Illes Balears, España",+34659075326,http://blaumallorca.com/,4.2,56.0,es,Google reviews: 4.2* / 56,OPERATIONAL,"('real_estate_agency', 'point_of_interest', 'establishment')",7500.0,,,,,
Global AnKat Inmobiliaria ,"Plaça de Pax, 5, bajo izquierdo, local, 07200 Felanitx, Illes Balears, España",+34645212353,http://www.global-ankat.com/,5.0,104.0,es,Google reviews: 5* / 104,OPERATIONAL,"('real_estate_agency', 'consultant', 'point_of_interest', 'establishment')",7200.0,,,,,
AP INVEST REAL ESTATE,"Passeig de la República Argentina, 31, 07200 Felanitx, Illes Balears, España",+34660554913,https://www.apinvestinmobiliaria.com/,4.5,17.0,es,Google reviews: 4.5* / 17,OPERATIONAL,"('real_estate_agency', 'point_of_interest', 'establishment')",7200.0,,,,,
Viola Ranglack,"Plaça d'Espanya, 5, 07200 Felanitx, Illes Balears, España",+34663722063,http://www.viola-ranglack.com/,4.0,56.0,es,Google reviews: 4* / 56,OPERATIONAL,"('real_estate_agency', 'point_of_interest', 'establishment')",7200.0,,,,,
Anderson West ,"Plaça de Pax, 24, 07200 Felanitx, Illes Balears, España",+34646595535,https://andersonwestrealestate.com/,5.0,10.0,en,Google reviews: 5* / 10,OPERATIONAL,"('real_estate_agency', 'point_of_interest', 'establishment')",7200.0,,,,,
Reformas y Mantenimientos Xavi Seco S.L. JS LUXE HOMES & JS LUXE CARS,"Carrer de Zavellà, 73, 07200 Felanitx, Illes Balears, España",+34680727659,https://luxe-mallorca-voyage.lovable.app/?fbclid=PAZnRzaANL-zdleHRuA2FlbQIxMQABpyL2TGndwHTGlh7mgJouMgo3ddOThnkQVY32t65PCDROtyEOUsacscfCy1_W_aem_-iv5p81TI0c6qlsBIl3tlA,5.0,10.0,es,Google reviews: 5* / 10,OPERATIONAL,"('real_estate_agency', 'general_contractor', 'point_of_interest', 'establishment')",7200.0,,,,,
Inmobiliaria Cala d'Or,"Plaça Eivissa, 30, 07660 Cala D'or, Illes Balears, España",+34971659200,http://www.calador.es/,4.5,31.0,es,Google reviews: 4.5* / 31,OPERATIONAL,"('real_estate_agency', 'point_of_interest', 'establishment')",7660.0,,,,,
GestPropiedad Porreres,"Av. del Bisbe Campins, 14, 07260 Porreres, Illes Balears, España",+34600886384,https://www.gestpropiedad.com/,4.9,136.0,es,Google reviews: 4.9* / 136,OPERATIONAL,"('real_estate_agency', 'point_of_interest', 'establishment')",7260.0,,,,,
"Salvador Pastor, Constructora","Carrer de Santueri, 68, 07200 Felanitx, Illes Balears, España",+34971583068,http://www.salvador-pastor.org/,5.0,10.0,es,Google reviews: 5* / 10,OPERATIONAL,"('real_estate_agency', 'general_contractor', 'point_of_interest', 'establishment')",7200.0,,,,,
Angela's Home,"C. Cala Llonga, 1, 07669 Calonge, Illes Balears, España",+34622365630,http://www.angelashome.es/,4.9,27.0,es,Google reviews: 4.9* / 27,OPERATIONAL,"('real_estate_agency', 'point_of_interest', 'establishment')",7669.0,,,,,
PORTO PETRO LIVING,"Carrer Passeig d'es Port, 52, 07691 Portopetro, Illes Balears, España",+34971863602,http://www.portopetro-living.es/,5.0,39.0,es,Google reviews: 5* / 39,OPERATIONAL,"('real_estate_agency', 'store', 'point_of_interest', 'establishment')",7691.0,,,,,
360 Mallorca Property,"Carrer de Cristòfor Colom, 37, bajos, 07691 Portopetro, Illes Balears, España",+34620243090,http://www.360mallorcaproperty.com/,4.8,6.0,es,Google reviews: 4.8* / 6,OPERATIONAL,"('real_estate_agency', 'point_of_interest', 'establishment')",7691.0,,,,,
ULI & LISA ,"Camí de Son Mendívil, 12, 07620 Llucmajor, Illes Balears, España",+34604182999,https://www.uli-lisa.com/,5.0,10.0,en,Google reviews: 5* / 10,OPERATIONAL,"('real_estate_agency', 'finance', 'consultant', 'point_of_interest', 'establishment')",7620.0,,,,,
AS Home Real Estate,,+34661745490,https://ashomerealestate.com/,5.0,8.0,es,Google reviews: 5* / 8,OPERATIONAL,"('real_estate_agency', 'establishment')",,,,,,
GestPropiedad Llucmajor,"Ronda de Migjorn, 113, local 3, 07620 Llucmajor, Illes Balears, España",+34971660302,https://gestpropiedad.com/llucmajor,4.8,32.0,es,Google reviews: 4.8* / 32,OPERATIONAL,"('real_estate_agency', 'point_of_interest', 'establishment')",7620.0,,,,,
EuroMarketing Mallorca SL,,+34971662250,https://www.immobilien-angebote-mallorca.com/de-de/immobilien,4.6,24.0,es,Google reviews: 4.6* / 24,OPERATIONAL,"('real_estate_agency', 'establishment')",,,,,,
OSA Inmobiliaria,"Ronda Carlos V, 32, BAJOS, 07620 Llucmajor, Illes Balears, España",+34971969563,http://www.inmobiliariaosa.com/,3.6,26.0,en,Google reviews: 3.6* / 26,OPERATIONAL,"('real_estate_agency', 'point_of_interest', 'establishment')",7620.0,,,,,
Engel & Völkers Llucmajor,"Ronda de Migjorn, 147, 07620 Llucmajor, Illes Balears, España",+34871570000,https://www.engelvoelkers.com/es/en/shops/llucmajor,4.9,75.0,de,Google reviews: 4.9* / 75,OPERATIONAL,"('real_estate_agency', 'consultant', 'point_of_interest', 'establishment')",7620.0,,,,,
¡TODO! Mallorca Immobilien,"Ronda de Migjorn, 145B, 07620 Llucmajor, Illes Balears, España",+34971628850,https://immobilien.todo-mallorca.es/,4.8,37.0,de,Google reviews: 4.8* / 37,OPERATIONAL,"('real_estate_agency', 'consultant', 'point_of_interest', 'establishment')",7620.0,,,,,
Bekkers Estates ,"Ronda de Migjorn, 64, 07620 Llucmajor, Illes Balears, España",+34663430066,http://www.bekkers.es/,5.0,8.0,es,Google reviews: 5* / 8,OPERATIONAL,"('real_estate_agency', 'point_of_interest', 'establishment')",7620.0,,,,,
First Mallorca Llucmajor,"Plaça Espanya, 14, 07620 Llucmajor, Illes Balears, España",+34971007007,https://www.firstmallorca.com/,5.0,7.0,en,Google reviews: 5* / 7,OPERATIONAL,"('real_estate_agency', 'point_of_interest', 'establishment')",7620.0,,,,,
Immobilien Sineu ,"Carrer Concòrdia, 35, 07510 Sineu, Illes Balears, España",+34971521116,https://immobilien-sineu.com/,4.6,10.0,de,Google reviews: 4.6* / 10,OPERATIONAL,"('real_estate_agency', 'point_of_interest', 'establishment')",7510.0,,,,,
G&Partner,"Carrer Des Sol, 45, 07520 Petra, Illes Balears, España",+34609619544,http://www.gandpartner.com/,4.3,8.0,es,Google reviews: 4.3* / 8,OPERATIONAL,"('real_estate_agency', 'point_of_interest', 'establishment')",7520.0,,,,,
Inmogestión Balear Campos Curro López,"Plaça Major, 3, 07630 Campos, Illes Balears, España",+34650880798,https://www.inmogestionbalear.com/,5.0,90.0,es,Google reviews: 5* / 90,OPERATIONAL,"('real_estate_agency', 'point_of_interest', 'establishment')",7630.0,,,,,
inmobiliaria Preciosa Homes,"Carrer de sa Creu, 2, 07630 Campos, Illes Balears, España",+34601150591,http://www.preciosahomes.com/,4.9,20.0,es,Google reviews: 4.9* / 20,OPERATIONAL,"('real_estate_agency', 'point_of_interest', 'establishment')",7630.0,,,,,
Hernán Nogués Real Estate ,"Carrer de Costa i Llobera, 39, 07630 Campos, Illes Balears, España",+34625910057,https://hernan-nogues.com/,5.0,14.0,es,Google reviews: 5* / 14,OPERATIONAL,"('real_estate_agency', 'point_of_interest', 'establishment')",7630.0,,,,,
GestPropiedad Manacor,"Carrer d'En Joan Lliteras, 41, 07500 Manacor, Illes Balears, España",+34971778759,https://gestpropiedad.com/,5.0,127.0,es,Google reviews: 5* / 127,OPERATIONAL,"('real_estate_agency', 'point_of_interest', 'establishment')",7500.0,,,,,
Living Blue Mallorca - Campos,"Carrer de Plaça, 30, 07630 Campos, Illes Balears, España",+34871200804,https://www.livingblue-mallorca.com/,5.0,53.0,es,Google reviews: 5* / 53,OPERATIONAL,"('real_estate_agency', 'consultant', 'point_of_interest', 'establishment')",7630.0,,,,,
Inmogest Mallorca Real Estate,"Carrer des Hostals, 60, 07300 Inca, Illes Balears, España",+34656819350,http://www.inmogestmallorca.com/,4.9,115.0,es,Google reviews: 4.9* / 115,OPERATIONAL,"('real_estate_agency', 'point_of_interest', 'establishment')",7300.0,,,,,
Inmobiliaria Lliteras,"Carrer des Hostals, 39, 07300 Inca, Illes Balears, España",+34971880376,http://www.gestlliteras.com/,4.8,26.0,es,Google reviews: 4.8* / 26,OPERATIONAL,"('real_estate_agency', 'accounting', 'lawyer', 'consultant', 'point_of_interest', 'finance', 'establishment')",7300.0,,,,,
ROYAL HAUS -Inmobiliaria Inca,"Carrer de Can Vidal, 5, 07300 Inca, Illes Balears, España",+34689391564,http://www.royalhaus.es/,4.8,70.0,es,Google reviews: 4.8* / 70,OPERATIONAL,"('real_estate_agency', 'lawyer', 'consultant', 'point_of_interest', 'general_contractor', 'finance', 'establishment')",7300.0,,,,,
NICOLAS MESSIAS Real Estate,"Mallorca, Carrer de Can Dureta, 28-30, 07300 Inca, Illes Balears, España",+34636260109,http://www.nicolasmessias.com/,4.7,67.0,es,Google reviews: 4.7* / 67,OPERATIONAL,"('real_estate_agency', 'point_of_interest', 'establishment')",7300.0,,,,,
INMOVYP Gestiones y promociones inmobiliarias ( 07300 ),"Avinguda del General Luque, 94, 07300 Inca, Illes Balears, España",+34971329735,http://www.inmovyp.es/,4.6,159.0,es,Google reviews: 4.6* / 159,OPERATIONAL,"('real_estate_agency', 'point_of_interest', 'establishment')",7300.0,,,,,
Engel & Völkers Inca,"Avinguda del General Luque, 7, 07300 Inca, Illes Balears, España",+34971507720,https://www.engelvoelkers.com/es/en/shops/inca,5.0,61.0,de,Google reviews: 5* / 61,OPERATIONAL,"('real_estate_agency', 'consultant', 'point_of_interest', 'finance', 'establishment')",7300.0,,,,,
Bulldog Properties,,+34600507166,https://www.bulldogproperties.es/,5.0,9.0,es,Google reviews: 5* / 9,OPERATIONAL,"('real_estate_agency', 'establishment')",,,,,,
Villafinca,"Avinguda d'Alcúdia, 25, 07300 Inca, Illes Balears, España",+34871520025,https://www.villafinca.com/es,4.2,13.0,es,Google reviews: 4.2* / 13,OPERATIONAL,"('real_estate_agency', 'point_of_interest', 'establishment')",7300.0,,,,,
Sebas Bisbal ,"Carrer sa Carretera, 40, 07310 Campanet, Illes Balears, España",+34610616798,http://www.sociesifills.es/,4.6,12.0,es,Google reviews: 4.6* / 12,OPERATIONAL,"('real_estate_agency', 'general_contractor', 'point_of_interest', 'establishment')",7310.0,,,,,
Moscari Finca Service S.L.,"Carrer des Pou, 1, A, 07316 Moscari, Illes Balears, España",+34648185146,http://www.moscari-finca-service.es/,4.8,34.0,de,Google reviews: 4.8* / 34,OPERATIONAL,"('real_estate_agency', 'point_of_interest', 'establishment')",7316.0,,,,,
INMOGAP,"Ctra. de Lluc, 9, 07313 Selva, Illes Balears, España",+34971515333,https://www.inmogap.es/,4.7,6.0,es,Google reviews: 4.7* / 6,OPERATIONAL,"('real_estate_agency', 'point_of_interest', 'establishment')",7313.0,,,,,
IBhabitat inmobiliaria ,"Carrer Gran, 77, 07420 Sa Pobla, Illes Balears, España",+34615989551,http://www.ibhabitat.es/,4.4,156.0,es,Google reviews: 4.4* / 156,OPERATIONAL,"('real_estate_agency', 'point_of_interest', 'establishment')",7420.0,,,,,
Immobles Crespí,"Carrer Marquès de la Romana, 39, 07420 Sa Pobla, Illes Balears, España",+34722457788,https://www.immoblescrespi.com/,5.0,19.0,es,Google reviews: 5* / 19,OPERATIONAL,"('real_estate_agency', 'point_of_interest', 'establishment')",7420.0,,,,,
Domus54,"Rda. Albufera, 54, local 3, 07420 Sa Pobla, Illes Balears, España",+34971862575,http://www.domus54.com/,4.7,123.0,es,Google reviews: 4.7* / 123,OPERATIONAL,"('real_estate_agency', 'point_of_interest', 'establishment')",7420.0,,,,,
Ca Teva Properties,"Plaça Major, 11a, 07420 Sa Pobla, Illes Balears, España",+34697560836,http://www.cateva-properties.com/,5.0,9.0,es,Google reviews: 5* / 9,OPERATIONAL,"('real_estate_agency', 'point_of_interest', 'establishment')",7420.0,,,,,
REMAX Land Inmobiliaria Mallorca,"Plaça Major, 4 - 1, 07420 Sa Pobla, Illes Balears, España",+34692472621,https://remaxland.es/,5.0,6.0,es,Google reviews: 5* / 6,OPERATIONAL,"('real_estate_agency', 'point_of_interest', 'establishment')",7420.0,,,,,
ImmoPoint Mallorca,"Plaça Major, 5, 07313 Selva, Illes Balears, España",+34616763428,http://immopoint-mallorca.com/,5.0,16.0,en,Google reviews: 5* / 16,OPERATIONAL,"('real_estate_agency', 'point_of_interest', 'establishment')",7313.0,,,,,
Living Blue Mallorca - Alaró,"Plaça de la Vila, 13, 07340 Alaró, Illes Balears, España",+34971510881,http://www.livingblue-mallorca.com/,4.8,101.0,de,Google reviews: 4.8* / 101,OPERATIONAL,"('real_estate_agency', 'consultant', 'point_of_interest', 'establishment')",7340.0,,,,,
Engel & Völkers Alaró ,"Carrer Petit, 2, 07340 Alaró, Illes Balears, España",+34971502363,https://www.engelvoelkers.com/es/en/shops/alaro,5.0,39.0,es,Google reviews: 5* / 39,OPERATIONAL,"('real_estate_agency', 'consultant', 'point_of_interest', 'establishment')",7340.0,,,,,
SAMPOL INMOBILIARIA,"Carrer de Sant Bartomeu, 43, LOCAL, 07330 Consell, Illes Balears, España",+34663880721,http://www.sampolinmobiliaria.com/,4.7,54.0,es,Google reviews: 4.7* / 54,OPERATIONAL,"('real_estate_agency', 'point_of_interest', 'establishment')",7330.0,,,,,
Villas Planet inmobiliaria ,"Villas Planet real estate, Carrer Mar i Estany, 1, local A, 07400 Puerto de Alcudia, Illes Balears, España",+34971545411,https://www.villasplanet.com/,4.9,25.0,es,Google reviews: 4.9* / 25,OPERATIONAL,"('real_estate_agency', 'point_of_interest', 'establishment')",7400.0,,,,,
Engel & Völkers Real Estate Inmobiliaria Puerto Alcudia,"Carrer dels Pins, 23, 07400 Port d'Alcúdia, Illes Balears, España",+34971897700,http://www.engelvoelkers.com/mallorca/north,4.9,40.0,en,Google reviews: 4.9* / 40,OPERATIONAL,"('real_estate_agency', 'consultant', 'point_of_interest', 'establishment')",7400.0,,,,,
Inmobiliaria Alcudia.,"Avinguda Príncep d'Espanya, 1, 07400 Alcúdia, Illes Balears, España",+34971549066,http://www.inmobiliariaalcudia.com/,4.3,8.0,es,Google reviews: 4.3* / 8,OPERATIONAL,"('real_estate_agency', 'consultant', 'point_of_interest', 'establishment')",7400.0,,,,,
Fincas Roque Inmobiliaria,"Carrer del Marisc, 5, 07400 Alcúdia, Illes Balears, España",+34971548482,https://www.fincasroque.es/,4.7,18.0,es,Google reviews: 4.7* / 18,OPERATIONAL,"('real_estate_agency', 'consultant', 'point_of_interest', 'general_contractor', 'finance', 'establishment')",7400.0,,,,,
Inmobiliaria Alcúdia 2000,"pou de, na figola, 1, 07400 Alcúdia, Illes Balears, España",+34699216403,http://www.alcudia2000.com/,4.3,14.0,es,Google reviews: 4.3* / 14,OPERATIONAL,"('real_estate_agency', 'point_of_interest', 'establishment')",7400.0,,,,,
Ready to Live,"Carrer de Teodor Canet, 12, local 2, 07400 Puerto de Alcudia, Illes Balears, España",+34871717987,http://www.readytolive.eu/,5.0,21.0,es,Google reviews: 5* / 21,OPERATIONAL,"('real_estate_agency', 'point_of_interest', 'establishment')",7400.0,,,,,
Comfort Properties,"Carrer de Teodor Canet, 37, bajos derecha, 07400 Alcúdia, Illes Balears, España",+34971548445,http://www.comfortproperties.es/,4.7,23.0,es,Google reviews: 4.7* / 23,OPERATIONAL,"('real_estate_agency', 'point_of_interest', 'establishment')",7400.0,,,,,
DAHLER Mallorca Alcúdia,"Carrer del Progrés, 14, 07400 Alcúdia, Illes Balears, España",+491636392225,https://www.dahlercompany.com/de/mallorca/immobilienmakler/alcudia,4.8,26.0,de,Google reviews: 4.8* / 26,OPERATIONAL,"('real_estate_agency', 'consultant', 'point_of_interest', 'establishment')",7400.0,,,,,
Costa Nord Alcúdia S L,"Passeig Marítim, 32, 07400 Port d'Alcúdia, Illes Balears, España",+34971546579,http://www.inmobiliariacostanord.com/,5.0,12.0,es,Google reviews: 5* / 12,OPERATIONAL,"('real_estate_agency', 'point_of_interest', 'establishment')",7400.0,,,,,
Alcúdia Property,"Carrer dels Pins, 6, 07400 Alcúdia, Illes Balears, España",+34971547453,http://www.alcudiaproperty.com/,3.3,7.0,es,Google reviews: 3.3* / 7,OPERATIONAL,"('real_estate_agency', 'point_of_interest', 'establishment')",7400.0,,,,,
Mallorca Holiday Properties,"Carrer de Pollèntia, 9a, 07400 Alcúdia, Illes Balears, España",+34871042915,http://www.mallorcaholidayproperties.com/,4.4,46.0,es,Google reviews: 4.4* / 46,OPERATIONAL,"('real_estate_agency', 'point_of_interest', 'establishment')",7400.0,,,,,
Mairata Properties ,"Carrer Gabriel Roca, 19, 07400 Port d'Alcúdia, Illes Balears, España",+34971539156,http://www.mairataproperties.com/,4.7,17.0,es,Google reviews: 4.7* / 17,OPERATIONAL,"('real_estate_agency', 'consultant', 'point_of_interest', 'general_contractor', 'establishment')",7400.0,,,,,
Serra & Partner,"Av. Pere Mas i Reus, 25 Entrando hacia Hotel Siesta 2, 07400 Alcúdia, Illes Balears, España",+34659874866,https://www.serrapartner.es/,3.8,18.0,es,Google reviews: 3.8* / 18,OPERATIONAL,"('real_estate_agency', 'point_of_interest', 'establishment')",7400.0,,,,,
Emerald Stay Mallorca,"Carrer de Xara, 23, 07400 Alcúdia, Illes Balears, España",+34932208589,https://emeraldstay.com/mallorca/rental-accommodation,4.6,36.0,es,Google reviews: 4.6* / 36,OPERATIONAL,"('real_estate_agency', 'point_of_interest', 'establishment')",7400.0,,,,,
Binimarina Real Estate,,+34971718338,https://www.binimarina.com/,3.5,16.0,es,Google reviews: 3.5* / 16,OPERATIONAL,"('real_estate_agency', 'establishment')",,,,,,
Paloma Hernández Rubio,"Carrer de Caraques, 8, 07400 Platja D'Alcudia, Illes Balears, España",+34971893311,http://www.palomarealestate.es/,3.3,7.0,es,Google reviews: 3.3* / 7,OPERATIONAL,"('real_estate_agency', 'point_of_interest', 'establishment')",7400.0,,,,,
INMOVYP Gestiones y promociones inmobiliarias ( 07460 ),"Carrer de Cecili Metel, 28, 07460 Pollença, Illes Balears, España",+34627468515,https://www.inmovyp.es/,4.9,26.0,es,Google reviews: 4.9* / 26,OPERATIONAL,"('real_estate_agency', 'point_of_interest', 'establishment')",7460.0,,,,,
C&M FINE HOMES ,"Plaça de Ca les Monnares, 1, 07460 Pollença, Illes Balears, España",+34647094099,http://www.cymfinehomes.com/,5.0,6.0,es,Google reviews: 5* / 6,OPERATIONAL,"('real_estate_agency', 'gift_shop', 'point_of_interest', 'store', 'establishment')",7460.0,,,,,
Mallorca Realtors Exclusive Properties,"Poligono, 10, Parcela 237, 07510 Sineu, Illes Balears, España",+34639759532,http://www.mallorcarealtors.com/,4.9,9.0,es,Google reviews: 4.9* / 9,OPERATIONAL,"('real_estate_agency', 'point_of_interest', 'establishment')",7510.0,,,,,
RED DE GESTION PATRIMONIAL SL,,+34678317188,https://www.redpatrimonial.com/,5.0,131.0,es,Google reviews: 5* / 131,OPERATIONAL,"('real_estate_agency', 'consultant', 'establishment')",,,,,,
Inmobiliaria Can Picafort Casas Mallorquinas,"Passeig Colón, 32, 07458 Can Picafort, Illes Balears, España",+34601995711,https://www.casasmallorquinas.com/,5.0,8.0,es,Google reviews: 5* / 8,OPERATIONAL,"('real_estate_agency', 'point_of_interest', 'establishment')",7458.0,,,,,
Mallorhouse Inmobiliaria Mallorca,"Av. Diagonal, 7, 07458 Can Picafort, Illes Balears, España",+34971851903,http://mallorhouse.com/,5.0,40.0,es,Google reviews: 5* / 40,OPERATIONAL,"('real_estate_agency', 'insurance_agency', 'consultant', 'point_of_interest', 'establishment')",7458.0,,,,,
CFEMENÍA: Inmobiliaria,"Via França, 3, 07458 Can Picafort, Illes Balears, España",+34656986208,http://www.cfemenia.com/,4.5,48.0,es,Google reviews: 4.5* / 48,OPERATIONAL,"('real_estate_agency', 'home_goods_store', 'consultant', 'point_of_interest', 'general_contractor', 'store', 'establishment')",7458.0,,,,,
Inmobiliaria Colònia Sant Pere,"Carrer Major de la Colònia, 4, 07579 Colonia de Sant Pere, Illes Balears, España",+34971589512,http://www.mallorcacolonia.com/,4.9,105.0,ca,Google reviews: 4.9* / 105,OPERATIONAL,"('real_estate_agency', 'point_of_interest', 'general_contractor', 'establishment')",7579.0,,,,,
ITS Mallorca Inmobiliaria Colonia de San Pedro,"Carrer de la Verge Maria, 51, 07579 Colonia de Sant Pere, Illes Balears, España",+34971589375,http://www.itsmallorca.com/,4.1,14.0,es,Google reviews: 4.1* / 14,OPERATIONAL,"('real_estate_agency', 'point_of_interest', 'establishment')",7579.0,,,,,
Pollentia Properties Mallorca ,"Carrer d'Alcúdia, 14, 07460 Pollença, Illes Balears, España",+34971534585,https://www.pollentiaproperties.com/,4.8,53.0,es,Google reviews: 4.8* / 53,OPERATIONAL,"('real_estate_agency', 'point_of_interest', 'establishment')",7460.0,,,,,
SolMallorca inmobiliaria Puerto de Pollensa,"Passeig Saralegui, 48, 07470 Port de Pollença, Illes Balears, España",+34971865767,http://www.solmallorca.com/,5.0,16.0,es,Google reviews: 5* / 16,OPERATIONAL,"('real_estate_agency', 'finance', 'consultant', 'point_of_interest', 'establishment')",7470.0,,,,,
First Mallorca Pollensa,"Carrer d'Alcúdia, 14, 07460 Pollença, Illes Balears, España",+34871599983,http://www.firstmallorca.com/,4.8,19.0,en,Google reviews: 4.8* / 19,OPERATIONAL,"('real_estate_agency', 'consultant', 'point_of_interest', 'establishment')",7460.0,,,,,
Prestige Villas,"Carrer del Roser Vell, 38, 07460 Pollença, Illes Balears, España",+34971535076,http://www.prestigevillas.com/,4.8,9.0,es,Google reviews: 4.8* / 9,OPERATIONAL,"('real_estate_agency', 'point_of_interest', 'establishment')",7460.0,,,,,
Engel & Völkers Real Estate Inmobiliaria Puerto Pollensa,"Carrer de Joan XXIII, 11, 07470 Port de Pollença, Illes Balears, España",+34971868400,http://www.mallorca-north.com/,4.9,36.0,en,Google reviews: 4.9* / 36,OPERATIONAL,"('real_estate_agency', 'point_of_interest', 'establishment')",7470.0,,,,,
Sol Mallorca,"Via Pollentia, 17, 07460 Pollença, Illes Balears, España",+34971535045,http://www.pollencaproperties-sol.co.uk/,4.6,14.0,es,Google reviews: 4.6* / 14,OPERATIONAL,"('real_estate_agency', 'point_of_interest', 'establishment')",7460.0,,,,,
SunVillasMallorca,"Via Argentina, 7, 07460 Pollença, Illes Balears, España",+34971535473,http://www.sunvillasmallorca.com/en/,4.5,21.0,es,Google reviews: 4.5* / 21,OPERATIONAL,"('real_estate_agency', 'point_of_interest', 'establishment')",7460.0,,,,,
IB Properties SL,"Carrer de Vicenç Buades, 68, 07470 Port de Pollença, Illes Balears, España",+34871180615,http://ibproperties.com/,4.8,14.0,en,Google reviews: 4.8* / 14,OPERATIONAL,"('real_estate_agency', 'point_of_interest', 'establishment')",7470.0,,,,,
Inmobiliaria Port,"Carrer de Joan XXIII, 5, Bajo, 07470 Port de Pollença, Illes Balears, España",+34971865851,https://linktr.ee/inmobiliariaport,4.2,25.0,es,Google reviews: 4.2* / 25,OPERATIONAL,"('real_estate_agency', 'point_of_interest', 'establishment')",7470.0,,,,,
JS Villas ,"Carrer de Joan XXIII, 1, 07470 Port de Pollença, Illes Balears, España",+34971866235,https://www.jsvillas.com/,4.6,28.0,es,Google reviews: 4.6* / 28,OPERATIONAL,"('real_estate_agency', 'finance', 'point_of_interest', 'establishment')",7470.0,,,,,
Riusech Estate Agents,"Carrer de Formentor, 89, Bloque C, 07470 Port de Pollença, Illes Balears, España",+34971864801,https://www.riusech.com/,4.9,22.0,es,Google reviews: 4.9* / 22,OPERATIONAL,"('real_estate_agency', 'point_of_interest', 'establishment')",7470.0,,,,,
Bellresguard ,"URBANIZACION BELLRESGUARD, Carrer de Formentor, 89, BLOQUE C, 07470 Port de Pollença, Illes Balears, España",+34971864801,http://www.riusech.com/,4.7,18.0,es,Google reviews: 4.7* / 18,OPERATIONAL,"('real_estate_agency', 'point_of_interest', 'general_contractor', 'establishment')",7470.0,,,,,
Dickinson Villas,"Carrer de Joan XXIII, 45, 07470 Port de Pollença, Illes Balears, España",+34971867451,http://www.dickinsonvillas.com/,4.3,165.0,es,Google reviews: 4.3* / 165,OPERATIONAL,"('real_estate_agency', 'point_of_interest', 'establishment')",7470.0,,,,,
Miguel Aguilo ,"Carrer del Llaüt, 4, 1º E, 07470 Port de Pollença, Illes Balears, España",+1866-348-3924,https://www.iadespana.es/agente-inmobiliario/miguel.aguilo,5.0,47.0,es,Google reviews: 5* / 47,OPERATIONAL,"('real_estate_agency', 'consultant', 'point_of_interest', 'establishment')",7470.0,,,,,
Living Pollença - Real estate,"Via Pollentia, 19, bajos izq, 07460 Pollença, Illes Balears, España",+34651149122,http://www.living-pollensa.com/,3.7,6.0,es,Google reviews: 3.7* / 6,OPERATIONAL,"('real_estate_agency', 'point_of_interest', 'establishment')",7460.0,,,,,
Portvil S.L.,"Carrer del Temporal, 19, 07469 Cala Sant Vicenç, Illes Balears, España",+34971532209,http://www.portvil.com/,4.4,23.0,es,Google reviews: 4.4* / 23,OPERATIONAL,"('real_estate_agency', 'point_of_interest', 'establishment')",7469.0,,,,,
Gesmorent,"La Rambla, 8, Centre, 07003 Palma, Illes Balears, España",+34971758594,http://www.gesmorent.com/,4.0,44.0,es,Google reviews: 4* / 44,OPERATIONAL,"('real_estate_agency', 'point_of_interest', 'establishment')",7003.0,,,,,
MARFRAN Real Estate Agency,"Carrer de Formentor, 42, 07470 Port de Pollença, Illes Balears, España",+34971867197,http://www.marfran.net/,3.9,7.0,es,Google reviews: 3.9* / 7,OPERATIONAL,"('real_estate_agency', 'consultant', 'point_of_interest', 'establishment')",7470.0,,,,,
McCallum Homes,"Carrer del Migjorn, 3, bajos, 07470 Port de Pollença, Illes Balears, España",+34629540895,http://www.mccallumhomes.es/,4.2,6.0,es,Google reviews: 4.2* / 6,OPERATIONAL,"('real_estate_agency', 'point_of_interest', 'establishment')",7470.0,,,,,
Inmobiliaria Casal Mallorquí,"Carrer de Lleó XIII, 11, 07500 Manacor, Illes Balears, España",+34667626823,https://casalmallorqui.com/,4.8,31.0,es,Google reviews: 4.8* / 31,OPERATIONAL,"('real_estate_agency', 'general_contractor', 'point_of_interest', 'establishment')",7500.0,,,,,
Mallorca Open,"Carrer de ses Parres, 1, 07500 Manacor, Illes Balears, España",+34971094549,https://www.mallorcaopen.es/,4.2,34.0,es,Google reviews: 4.2* / 34,OPERATIONAL,"('real_estate_agency', 'point_of_interest', 'establishment')",7500.0,,,,,
Remax Grup Direct II Manacor,"Plaça sa Bassa, 10, 07500 Manacor, Illes Balears, España",+34660872695,http://www.grupdirectremax.es/,4.5,50.0,es,Google reviews: 4.5* / 50,OPERATIONAL,"('real_estate_agency', 'point_of_interest', 'establishment')",7500.0,,,,,
Fincaria,"Avinguda d'Es Tren, 74, 07500 Manacor, Illes Balears, España",+34871988501,http://www.fincaria.com/,3.5,58.0,es,Google reviews: 3.5* / 58,OPERATIONAL,"('real_estate_agency', 'consultant', 'point_of_interest', 'establishment')",7500.0,,,,,
VG Inmobiliaria,"Carrer de l'Amargura, 7, 07500 Manacor, Illes Balears, España",+34971592479,https://vginmobiliaria.com/,5.0,7.0,es,Google reviews: 5* / 7,OPERATIONAL,"('real_estate_agency', 'point_of_interest', 'establishment')",7500.0,,,,,
Inversiones Grup,"Carrer des Pou Fondo, 1, 07500 Manacor, Illes Balears, España",+34871610587,http://www.inversionesgrup.com/,5.0,20.0,en,Google reviews: 5* / 20,OPERATIONAL,"('real_estate_agency', 'point_of_interest', 'establishment')",7500.0,,,,,
Ca Vostra,"Carrer des Creuers, 12, 07500 Manacor, Illes Balears, España",+34602241000,https://www.cavostra.com/,4.2,6.0,es,Google reviews: 4.2* / 6,OPERATIONAL,"('real_estate_agency', 'point_of_interest', 'establishment')",7500.0,,,,,
Pontet,"Passeig d'Antoni Maura, 42, 07500 Manacor, Illes Balears, España",+34698924405,http://www.pontet.casa/,3.9,7.0,es,Google reviews: 3.9* / 7,OPERATIONAL,"('real_estate_agency', 'point_of_interest', 'establishment')",7500.0,,,,,
Fair Mallorca Inmobiliaria,"Carrer d'En Jaume Domenge, 4, 07500 Manacor, Illes Balears, España",+34688959191,http://fair-mallorca.com/,3.8,10.0,es,Google reviews: 3.8* / 10,OPERATIONAL,"('real_estate_agency', 'point_of_interest', 'establishment')",7500.0,,,,,
Hamptonwell Estates,"Carrer de l'Amargura, 1, 07500 Manacor, Illes Balears, España",+34684459711,http://hamptonwell-estates.com/,4.9,11.0,en,Google reviews: 4.9* / 11,OPERATIONAL,"('real_estate_agency', 'point_of_interest', 'establishment')",7500.0,,,,,
Finca Holiday Mallorca,,,http://www.fincaholidaymallorca.com/,4.9,73.0,es,Google reviews: 4.9* / 73,OPERATIONAL,"('real_estate_agency', 'establishment')",,,,,,
AZ Property Hunter Mallorca,"Baix de cox, 07500 Manacor, Illes Balears, España",+34635825652,https://www.azpropertyhuntermallorca.com/,5.0,6.0,fr,Google reviews: 5* / 6,OPERATIONAL,"('real_estate_agency', 'point_of_interest', 'establishment')",7500.0,,,,,
GNGRUP,"Carrer d'Es Rebumbori, 2, 07500 Manacor, Illes Balears, España",+34971843308,http://gngrup.com/,4.9,10.0,es,Google reviews: 4.9* / 10,OPERATIONAL,"('real_estate_agency', 'consultant', 'point_of_interest', 'establishment')",7500.0,,,,,
Loperon and Company,"Av. Parc, 62, 2c, 07500 Manacor, Illes Balears, España",+34675765960,https://loperonandcompany.es/,5.0,8.0,es,Google reviews: 5* / 8,OPERATIONAL,"('real_estate_agency', 'point_of_interest', 'establishment')",7500.0,,,,,
BELMAR-Real Estate,"Carrer Sant Llorenç, 1, 07530 Sant Llorenç des Cardassar, Illes Balears, España",+34606407986,https://www.belmar-realestate.com/,5.0,15.0,de,Google reviews: 5* / 15,OPERATIONAL,"('real_estate_agency', 'point_of_interest', 'establishment')",7530.0,,,,,
Coworking Minds,"Carrer Vial E, Carrer Ferrers, 1, 07510 Sineu, Illes Balears, España",+34624075693,https://coworkingminds.com/,5.0,11.0,de,Google reviews: 5* / 11,OPERATIONAL,"('real_estate_agency', 'point_of_interest', 'establishment')",7510.0,,,,,
Inmobiliaria Sa Coma,"Avinguda de les Savines, 41, 07560 Sa Coma, Illes Balears, España",+34971811758,http://www.sacoma.es/,4.8,104.0,es,Google reviews: 4.8* / 104,OPERATIONAL,"('real_estate_agency', 'insurance_agency', 'finance', 'consultant', 'point_of_interest', 'establishment')",7560.0,,,,,
Cotesa Inmobiliaria,"Av. Bella Vista, 2, 07560 Cala Millor, Illes Balears, España",+34971587520,https://www.cotesa-mallorca.com/,4.5,8.0,es,Google reviews: 4.5* / 8,OPERATIONAL,"('real_estate_agency', 'point_of_interest', 'establishment')",7560.0,,,,,
Serverina Agencia Inmobiliaria,"Plaça de Sant Joan, 9, 07550 Son Servera, Illes Balears, España",+34658358547,https://www.serverina.es/,5.0,13.0,es,Google reviews: 5* / 13,OPERATIONAL,"('real_estate_agency', 'point_of_interest', 'establishment')",7550.0,,,,,
Sieron Real Estate,"Carrer de Montuïri, 07560 Cala Millor, Illes Balears, España",+491755997611,https://www.sieronrealestate.com/,5.0,13.0,de,Google reviews: 5* / 13,OPERATIONAL,"('real_estate_agency', 'point_of_interest', 'establishment')",7560.0,,,,,
ARTAIMMOBILIEN GESTIONS ESMETRO SL,"C. de Ciutat, 44, local 2, 07570 Artà, Illes Balears, España",+34971829731,http://www.artaimmobilien.com/,4.8,32.0,es,Google reviews: 4.8* / 32,OPERATIONAL,"('real_estate_agency', 'general_contractor', 'point_of_interest', 'establishment')",7570.0,,,,,
Massa Properties,"Carrer de s'Abeurador, 1, bajos, 07570 Artá, Illes Balears, España",+34656726626,http://www.massaproperties.com/,4.7,24.0,es,Google reviews: 4.7* / 24,OPERATIONAL,"('real_estate_agency', 'point_of_interest', 'establishment')",7570.0,,,,,
Inmobiliaria Q Mallorca,"Inmobiliaria Qmallorca, Av. del Bon Temps, 8, 07560 Cala Millor, Illes Balears, España",+34663373791,https://qmallorca.com/,4.9,23.0,es,Google reviews: 4.9* / 23,OPERATIONAL,"('real_estate_agency', 'point_of_interest', 'establishment')",7560.0,,,,,
Your Mallorca ,"Calle Comellar d'es Tarongers 93, 07559 Son Servera, Illes Balears, España",+34871238177,http://www.yourmallorca.com/,4.7,15.0,es,Google reviews: 4.7* / 15,OPERATIONAL,"('real_estate_agency', 'point_of_interest', 'establishment')",7559.0,,,,,
Ultra Aspire,"Pula Golf Resort Reception, 07550 Son Servera, Illes Balears, España",+34711046049,http://www.ultraaspire.com/,4.7,12.0,en,Google reviews: 4.7* / 12,OPERATIONAL,"('real_estate_agency', 'consultant', 'point_of_interest', 'establishment')",7550.0,,,,,
Schober & Partner,"07550, Av. del Bon Temps, 30, 07560 Son Servera, Illes Balears, España",+34971586031,http://www.schober-mallorca-immobilien.com/,4.3,24.0,es,Google reviews: 4.3* / 24,OPERATIONAL,"('real_estate_agency', 'point_of_interest', 'establishment')",7550.0,,,,,
Sa Torre de Port Verd Inmobiliaria S.L.,"Avenida Juan Servera Camps, 93, Urb. Port Verd, Carrer Comellar Tro, 93, 07559 Son Servera, Illes Balears, España",+34971816581,https://www.yourmallorca.com/,4.8,6.0,de,Google reviews: 4.8* / 6,OPERATIONAL,"('real_estate_agency', 'point_of_interest', 'establishment')",7559.0,,,,,
Perera & Partner INMOBILIARIA,"Carrer Castellet, 52, 07590 Cala Rajada, Illes Balears, España",+34971566256,https://perera-partner.com/,4.9,120.0,es,Google reviews: 4.9* / 120,OPERATIONAL,"('real_estate_agency', 'point_of_interest', 'establishment')",7590.0,,,,,
Immobilienagentur Fincas Bonnin Sanso ,"Av. del Bon Temps, 4, 07560 Cala Millor, Illes Balears, España",+34971587597,http://www.bonninsanso.com/,4.7,25.0,es,Google reviews: 4.7* / 25,OPERATIONAL,"('real_estate_agency', 'point_of_interest', 'establishment')",7560.0,,,,,
FINQUES ILLES,"Calle J, Av. Joan Servera Camps, 37, 07560 Cala Millor, Illes Balears, España",+34661575048,http://finquesilles.es/,4.0,15.0,es,Google reviews: 4* / 15,OPERATIONAL,"('real_estate_agency', 'point_of_interest', 'establishment')",7560.0,,,,,
Costa Los Pinos real estate,"Av. del Pinar, 26, 07559 Son Servera, Illes Balears, España",+34679556484,http://coast-co.com/,4.5,11.0,es,Google reviews: 4.5* / 11,OPERATIONAL,"('real_estate_agency', 'point_of_interest', 'establishment')",7559.0,,,,,
Divine House Mallorca,"Carrer de s'Auba, 14, 07580 Capdepera, Illes Balears, España",,https://divinehousemallorca.com/,5.0,9.0,es,Google reviews: 5* / 9,OPERATIONAL,"('real_estate_agency', 'point_of_interest', 'establishment')",7580.0,,,,,
Blaumallorca Cala Millor,"Carrer des Prat, 1, 07560 Cala Millor, Illes Balears, España",+34625952042,http://www.blaumallorca.com/,4.7,13.0,es,Google reviews: 4.7* / 13,OPERATIONAL,"('real_estate_agency', 'point_of_interest', 'establishment')",7560.0,,,,,
Mallorca Dream Immobilien,"Av des, Av. del Bon Temps, 5, 07560 Cala Millor, Illes Balears, España",+34629531644,https://www.mallorca-dream.eu/es/index_0__1_sp1_1.html,4.4,13.0,en,Google reviews: 4.4* / 13,OPERATIONAL,"('real_estate_agency', 'point_of_interest', 'establishment')",7560.0,,,,,
Vivancos Gestión Inmobiliaria,"Carrer de Vicenç Joan i Rosselló, 44, Ponent, 07013 Palma, Illes Balears, España",+34971919194,http://www.inmobiliariavivancos.com/,4.1,18.0,es,Google reviews: 4.1* / 18,OPERATIONAL,"('real_estate_agency', 'point_of_interest', 'establishment')",7013.0,,,,,
Immo search Mallorca,"C. de Ciutat, 36, 07570 Artà, Illes Balears, España",+34637373210,http://www.immo-search-mallorca.de/,4.3,6.0,en,Google reviews: 4.3* / 6,OPERATIONAL,"('real_estate_agency', 'point_of_interest', 'establishment')",7570.0,,,,,
de Haas & Partner,"C. de Ciutat, 21, 07570 Artà, Illes Balears, España",+34971836972,http://www.dehaas-immobilien.com/,5.0,22.0,de,Google reviews: 5* / 22,OPERATIONAL,"('real_estate_agency', 'consultant', 'point_of_interest', 'establishment')",7570.0,,,,,
Pascual Associats,"Avinguda de Costa i Llobera, 18, 07570 Artá, Illes Balears, España",+34971852238,http://www.immopascual.com/,3.6,7.0,ca,Google reviews: 3.6* / 7,OPERATIONAL,"('real_estate_agency', 'point_of_interest', 'establishment')",7570.0,,,,,
INMOBILIARIA DOSAGUI,"Carrer de Juan Sebastián Elcano, &, Carrer Castellet, 15, 07590 Cala Rajada, Illes Balears, España",+34971563999,http://www.dosagui.com/,3.6,94.0,es,Google reviews: 3.6* / 94,OPERATIONAL,"('real_estate_agency', 'point_of_interest', 'establishment')",7590.0,,,,,
IMMOSUR,"Calle Leonor Servera, numero 9, local 2, c.p:, 07590 Cala Rajada, Illes Balears, España",+34635825207,http://immosur.es/,4.4,11.0,es,Google reviews: 4.4* / 11,OPERATIONAL,"('real_estate_agency', 'point_of_interest', 'establishment')",7590.0,,,,,
Novar Properties,"Carrer des Port, 9, 07580 Capdepera, Illes Balears, España",+34617849041,http://www.trinumdomos.com/,4.3,10.0,es,Google reviews: 4.3* / 10,OPERATIONAL,"('real_estate_agency', 'general_contractor', 'point_of_interest', 'establishment')",7580.0,,,,,
Inmosenna ,"C/ de la Llibertat, 35, Ponent, 07013 Palma, Illes Balears, España",+34971911919,http://inmosenna.com/,3.9,135.0,es,Google reviews: 3.9* / 135,OPERATIONAL,"('real_estate_agency', 'point_of_interest', 'finance', 'establishment')",7013.0,,,,,
Porta Mallorquina Real Estate,"Ronda de Migjorn, 115, 07620 Llucmajor, Illes Balears, España",+34971698242,https://www.porta-mallorquina.de/,3.9,13.0,de,Google reviews: 3.9* / 13,OPERATIONAL,"('real_estate_agency', 'point_of_interest', 'establishment')",7620.0,,,,,
Freedays Mallorca,,+34647803580,https://www.freedaysmallorca.com/,5.0,10.0,es,Google reviews: 5* / 10,OPERATIONAL,"('real_estate_agency', 'establishment')",,,,,,
Ch Gestió C.B,"Carrer de Jaume I, 55, 07630 Campos, Illes Balears, España",+34971651415,https://www.chgestio.com/,4.6,64.0,es,Google reviews: 4.6* / 64,OPERATIONAL,"('real_estate_agency', 'point_of_interest', 'establishment')",7630.0,,,,,
MD Immobilien Projekte,"Carrer de ses Sitges, 1, 07630 Campos, Illes Balears, España",+34971160429,http://www.md-immoprojekte.com/,5.0,9.0,de,Google reviews: 5* / 9,OPERATIONAL,"('real_estate_agency', 'point_of_interest', 'establishment')",7630.0,,,,,
Messerschmidt Homes,"Carrer de Plaça, 18, 07630 Campos, Illes Balears, España",+34601909753,http://www.messerschmidthomes.com/,5.0,8.0,ca,Google reviews: 5* / 8,OPERATIONAL,"('real_estate_agency', 'point_of_interest', 'establishment')",7630.0,,,,,
Inmobiliaria Bellacasa Mallorca,"Plaça Sant Bartomeu, 16, 07640 Ses Salines, Illes Balears, España",+34662644104,http://www.bella-casa.com/,5.0,8.0,es,Google reviews: 5* / 8,OPERATIONAL,"('real_estate_agency', 'point_of_interest', 'establishment')",7640.0,,,,,
Inmobiliaria Cala Gaviota ,"Carrer Batle Andreu Burguera Mut, 8, 07640 Ses Salines, Illes Balears, España",+34971649094,http://www.calagaviota.com/,5.0,9.0,es,Google reviews: 5* / 9,OPERATIONAL,"('real_estate_agency', 'point_of_interest', 'establishment')",7640.0,,,,,
Azur Mallorca Immobilien,"Av. de Miramar, 68, 07639 Sa Ràpita, Illes Balears, España",+34971641505,https://www.azur-mallorca.com/,4.4,21.0,de,Google reviews: 4.4* / 21,OPERATIONAL,"('real_estate_agency', 'consultant', 'point_of_interest', 'establishment')",7639.0,,,,,
Trauminsel ferien,,+34630593219,https://www.trauminselferien.com/,5.0,28.0,es,Google reviews: 5* / 28,OPERATIONAL,"('real_estate_agency', 'establishment')",,,,,,
Jerome Ledin Inmobiliaria S.L.,"Carrer del Bisbe Verger, 5, 07650 Santanyí, Illes Balears, España",+34651100182,https://www.jl-immobilien.de/,4.7,16.0,es,Google reviews: 4.7* / 16,OPERATIONAL,"('real_estate_agency', 'consultant', 'general_contractor', 'point_of_interest', 'establishment')",7650.0,,,,,
Mallorca Immobilien Guide,"Carrer de F. Juníper Serra, 6, 07690 Es Llombards, Illes Balears, España",+34971649413,https://www.mallorca-immobilien-guide.de/,5.0,7.0,en,Google reviews: 5* / 7,OPERATIONAL,"('real_estate_agency', 'point_of_interest', 'establishment')",7690.0,,,,,
LINDACASAS Mallorca Langzeitmiete,"Carrer de ses Escoles, 11, 07690 Mallorca, Illes Balears, España",+34971163173,https://www.lindacasas.net/,4.2,51.0,en,Google reviews: 4.2* / 51,OPERATIONAL,"('real_estate_agency', 'point_of_interest', 'establishment')",7690.0,,,,,
MCR Mallorca Immobilien,"Islas, Carrer de la Mar, 22, 07650 Santanyí, Illes Balears, España",+34971163293,http://www.mcr-mallorca.com/,4.8,65.0,es,Google reviews: 4.8* / 65,OPERATIONAL,"('real_estate_agency', 'point_of_interest', 'establishment')",7650.0,,,,,
First Mallorca Santanyi,"Plaça de la Constitució, 15, 07650 Santanyí, Illes Balears, España",+34871599980,https://www.firstmallorca.com/,4.6,9.0,en,Google reviews: 4.6* / 9,OPERATIONAL,"('real_estate_agency', 'point_of_interest', 'establishment')",7650.0,,,,,
Inmobiliaria ivent S.L.,"Carrer des Rafalet, 3, 07650 Santanyí, Illes Balears, España",+34971642003,https://www.ivent.es/,4.9,8.0,de,Google reviews: 4.9* / 8,OPERATIONAL,"('real_estate_agency', 'point_of_interest', 'establishment')",7650.0,,,,,
REMAX Drac Mallorca,"Plaça Major, 11, 07650 Santanyí, Illes Balears, España",+34971654300,http://www.remaxdrac.es/,4.5,10.0,es,Google reviews: 4.5* / 10,OPERATIONAL,"('real_estate_agency', 'point_of_interest', 'establishment')",7650.0,,,,,
MONTEMAR FERIENIMMOBILIEN,"Carrer de Felanitx, 46, 07650 Santanyí, Illes Balears, España",+34971772197,https://www.montemar-immobilien.de/,4.7,25.0,de,Google reviews: 4.7* / 25,OPERATIONAL,"('real_estate_agency', 'point_of_interest', 'establishment')",7650.0,,,,,
Engel & Völkers Santanyí,"Plaza Mayor, 18, 07650 Santanyí, Illes Balears, España",+34971642101,https://www.engelvoelkers.com/es/en/mallorca/regions/mallorca-south-east-where-authentic-living-meets-lasting-value,4.8,39.0,de,Google reviews: 4.8* / 39,OPERATIONAL,"('real_estate_agency', 'finance', 'consultant', 'point_of_interest', 'establishment')",7650.0,,,,,
Petra Pekna Real Estate S.L.,"Carrer Verge del Carme, 52, 07659 Cala Figuera, Illes Balears, España",+34871532007,https://www.petrapekna.com/,5.0,8.0,es,Google reviews: 5* / 8,OPERATIONAL,"('real_estate_agency', 'point_of_interest', 'establishment')",7659.0,,,,,
Inmobiliaria Best d'Or Estates,"Carrer d'Ariel, 19, 07660 Cala D'or, Illes Balears, España",+34971643776,http://www.bestdorestates.com/,5.0,55.0,es,Google reviews: 5* / 55,OPERATIONAL,"('real_estate_agency', 'point_of_interest', 'establishment')",7660.0,,,,,
Baes Inmobiliaria y Inversiones,"Av. d'en Fernando Tarragó, 29, Bajos, 07660 Cala D'or, Illes Balears, España",+34603768947,https://www.baesrealestate.com/,5.0,11.0,es,Google reviews: 5* / 11,OPERATIONAL,"('real_estate_agency', 'point_of_interest', 'establishment')",7660.0,,,,,
Baxson S.L.,"Avinguda de Cala Llonga, 323, 07660 Cala D'or, Illes Balears, España",+34670248542,http://www.baxson.com/,4.8,46.0,en,Google reviews: 4.8* / 46,OPERATIONAL,"('real_estate_agency', 'point_of_interest', 'establishment')",7660.0,,,,,
Inmobiliaria Domus,"Carrer d'Ariel, 34, 07660 Cala D'or, Illes Balears, España",+34639287680,http://www.domuscalador.com/,4.4,25.0,es,Google reviews: 4.4* / 25,OPERATIONAL,"('real_estate_agency', 'point_of_interest', 'establishment')",7660.0,,,,,
Pegels & Partner,"Carrer d'Ariel, 36, 07660 Santanyí, Illes Balears, España",+34971861806,https://www.pegels-partner.com/?utm_source=GMBlisting&utm_medium=organic,4.8,66.0,es,Google reviews: 4.8* / 66,OPERATIONAL,"('real_estate_agency', 'point_of_interest', 'establishment')",7660.0,,,,,
Open d'Or Properties,"Mallorca Avinguda d´es Benviguts, Esquina con, Carrer d'Ariel, 21, Local 1, 07660 Cala D'or, Illes Balears, España",+34971657254,https://www.opendorproperties.com/,4.4,14.0,es,Google reviews: 4.4* / 14,OPERATIONAL,"('real_estate_agency', 'insurance_agency', 'lodging', 'point_of_interest', 'establishment')",7660.0,,,,,
beHOME Mallorca,"Carrer d'EnTogores, 2, 07670 Portocolom, Illes Balears, España",+34971064989,https://www.behome-mallorca.com/,4.0,8.0,es,Google reviews: 4* / 8,OPERATIONAL,"('real_estate_agency', 'point_of_interest', 'establishment')",7670.0,,,,,
Tony Martinez Inmobiliaria Portocolom,"Carrer d'En Cristòfor Colom, 1, 07670 Portocolom, Illes Balears, España",+34971825918,http://www.immobilien-portocolom.com/,4.9,24.0,es,Google reviews: 4.9* / 24,OPERATIONAL,"('real_estate_agency', 'point_of_interest', 'establishment')",7670.0,,,,,
"Fincas A. Juan, S.L.","Carrer de l'Assumpció, 4, 07670 Portocolom, Illes Balears, España",+34626251647,http://fincasajuan.com/,4.2,24.0,es,Google reviews: 4.2* / 24,OPERATIONAL,"('real_estate_agency', 'point_of_interest', 'establishment')",7670.0,,,,,
Lighthouse Living Immobilien Portocolom,"Carrer de la Santa Maria, 48, Local 4, 07670 Portocolom, Illes Balears, España",+34971824384,http://lighthouse-living.com/,4.6,8.0,es,Google reviews: 4.6* / 8,OPERATIONAL,"('real_estate_agency', 'point_of_interest', 'establishment')",7670.0,,,,,
Immobilien Porto Colom SBM Schaak,"Carrer d'es Pescador, 15, 07670 Portocolom, Illes Balears, España",+34971826064,https://www.immobilienportocolom.de/,4.8,45.0,es,Google reviews: 4.8* / 45,OPERATIONAL,"('real_estate_agency', 'point_of_interest', 'establishment')",7670.0,,,,,
Brigitte Herrmann Inmobiliaria,"Carrer de Lepanto, 5, 07670 Portocolom, Illes Balears, España",+34696467568,http://www.brigitteherrmann.com/,4.6,10.0,de,Google reviews: 4.6* / 10,OPERATIONAL,"('real_estate_agency', 'consultant', 'point_of_interest', 'establishment')",7670.0,,,,,
Island and Home,"Carrer de Xaloc, 6, 07730 Cala en Porter, Illes Balears, España",+34669646027,http://www.islandandhome.com/,4.7,66.0,en,Google reviews: 4.7* / 66,OPERATIONAL,"('real_estate_agency', 'point_of_interest', 'establishment')",7730.0,,,,,
Engel & Völkers Menorca Real Estate ,"Avinguda de Jaume I el Conqueridor, 58, 07760 Ciutadella de Menorca, Illes Balears, España",+34971179700,http://www.engelvoelkers.com/menorca,4.6,29.0,es,Google reviews: 4.6* / 29,OPERATIONAL,"('real_estate_agency', 'consultant', 'point_of_interest', 'establishment')",7760.0,,,,,
ImmoStyle Menorca. Agencia inmobiliaria en Menorca. Real Estate Menorca,"Camí de Binifamís, S/N, 07730 Alaior, Illes Balears, España",+34689493757,https://www.immostyle-menorca.com/,4.9,8.0,es,Google reviews: 4.9* / 8,OPERATIONAL,"('real_estate_agency', 'point_of_interest', 'establishment')",7730.0,,,,,
Fincas Gomila – Agencia Inmobiliaria en Menorca,"Carrer des Ramal, 6, A, 07730 Alaior, Illes Balears, España",+34675091805,http://fincasgomila.com/,4.8,16.0,es,Google reviews: 4.8* / 16,OPERATIONAL,"('real_estate_agency', 'point_of_interest', 'establishment')",7730.0,,,,,
FINCAS NOVA,"Carrer des Ramal, 27, 07730 Alaior, Illes Balears, España",+34659941643,http://www.fincasnova.com/,4.9,16.0,es,Google reviews: 4.9* / 16,OPERATIONAL,"('real_estate_agency', 'point_of_interest', 'establishment')",7730.0,,,,,
FINCAS CARDONA,"Plaça des Ramal, 25, 07730 Alaior, Illes Balears, España",+34971378888,https://www.fincascardona.com/,4.3,27.0,es,Google reviews: 4.3* / 27,OPERATIONAL,"('real_estate_agency', 'consultant', 'general_contractor', 'point_of_interest', 'establishment')",7730.0,,,,,
Casas en Menorca - Alaior,"Carrer des Ramal, 77, 07730 Alaior, Illes Balears, España",+34971363300,https://www.casasenmenorca.com/es/,4.9,8.0,es,Google reviews: 4.9* / 8,OPERATIONAL,"('real_estate_agency', 'point_of_interest', 'establishment')",7730.0,,,,,
Inmobiliaria Vidal Menorca,"Av. de la Mar, 28A, 07749 Es Migjorn Gran, Illes Balears, España",+34971370202,https://www.vidalmenorca.com/,4.7,15.0,es,Google reviews: 4.7* / 15,OPERATIONAL,"('real_estate_agency', 'point_of_interest', 'establishment')",7749.0,,,,,
INMOBILIARIA MENORCA DJ SANTOS,"Calle Romaní, 3B, 07740 Arenal d'en Castell, Illes Balears, España",,https://www.djsantos.es/,5.0,15.0,es,Google reviews: 5* / 15,OPERATIONAL,"('real_estate_agency', 'point_of_interest', 'establishment')",7740.0,,,,,
Menorca Holiday Home,"Playa Son Bou, Local X-38, 07730 Son Bou, Illes Balears, España",+34608941340,http://menorcaholidayhome.com/,4.8,6.0,es,Google reviews: 4.8* / 6,OPERATIONAL,"('real_estate_agency', 'point_of_interest', 'establishment')",7730.0,,,,,
Binilau Menorca,"Carrer de Bellamirada, 8, 07730 San Jaime Mediterráneo, Illes Balears, España",+34682540654,http://www.binilau.com/,4.9,17.0,es,Google reviews: 4.9* / 17,OPERATIONAL,"('real_estate_agency', 'lodging', 'point_of_interest', 'establishment')",7730.0,,,,,
Inmobiliaria Fincas Bonnin Sansó ,"Av. Vía Ronda de Ses Costes, 4, 07740 Es Mercadal, Illes Balears, España",+34971154168,http://www.bonninsanso.com/,3.7,9.0,en,Google reviews: 3.7* / 9,OPERATIONAL,"('real_estate_agency', 'point_of_interest', 'establishment')",7740.0,,,,,
Coves Noves - Menorca,"Carrer des Baladres, 22, 07740 Es Mercadal, Illes Balears, España",+34934122872,https://www.coves-noves.com/,4.5,23.0,es,Google reviews: 4.5* / 23,OPERATIONAL,"('real_estate_agency', 'point_of_interest', 'establishment')",7740.0,,,,,
Sa Caseta Servicios Inmobiliarios,"Carrer E, 07748 Platges de Fornells, Illes Balears, España",+34971376561,http://www.sacasetademenorca.es/,4.1,11.0,ca,Google reviews: 4.1* / 11,OPERATIONAL,"('real_estate_agency', 'point_of_interest', 'establishment')",7748.0,,,,,
Menorca Maravilla properties s.l,"Carrer Villa Pepa, 23, 07750 Ferreries, Illes Balears, España",+34611683278,http://www.menorcamaravilla.com/,5.0,6.0,es,Google reviews: 5* / 6,OPERATIONAL,"('real_estate_agency', 'point_of_interest', 'establishment')",7750.0,,,,,
Hommed,"Carrer D, 5, 07748 Platges de Fornells, Illes Balears, España",+34662961804,https://hommmed.com/,5.0,8.0,es,Google reviews: 5* / 8,OPERATIONAL,"('real_estate_agency', 'consultant', 'point_of_interest', 'establishment')",7748.0,,,,,
Inmobiliaria Pons Morales,"Carrer Major des Born, 7 Bis, 07760 Ciutadella de Menorca, Illes Balears, España",+34971384225,http://www.ponsmorales.com/,4.7,84.0,es,Google reviews: 4.7* / 84,OPERATIONAL,"('real_estate_agency', 'finance', 'point_of_interest', 'establishment')",7760.0,,,,,
MENORCA IN PERSON ,"Passeig de Sant Nicolau, 61, 07760 Ciutadella de Menorca, Illes Balears, España",+34971382848,https://www.menorcainperson.com/,5.0,112.0,es,Google reviews: 5* / 112,OPERATIONAL,"('real_estate_agency', 'consultant', 'point_of_interest', 'establishment')",7760.0,,,,,
FINCAS LLONGA'S ,"Avinguda de Jaume I el Conqueridor, 89, 07760 Ciutadella de Menorca, Illes Balears, España",+34971385202,http://www.fincasllongas.com/,4.1,33.0,es,Google reviews: 4.1* / 33,OPERATIONAL,"('real_estate_agency', 'consultant', 'point_of_interest', 'establishment')",7760.0,,,,,
Inmobiliaria Artrutx,"Avinguda de la Constitució, 7, 07760 Ciudadela de Menorca, Illes Balears, España",+34971380971,http://www.inmobiliariaartrutx.com/,4.6,115.0,es,Google reviews: 4.6* / 115,OPERATIONAL,"('real_estate_agency', 'point_of_interest', 'establishment')",7760.0,,,,,
Inmobiliaria Fincas Bonnin Sansó Ciutadella,"Avinguda de Jaume I el Conqueridor, 72, 07760 Ciutadella de Menorca, Illes Balears, España",+34971482200,https://www.bonninsanso.com/,4.2,54.0,es,Google reviews: 4.2* / 54,OPERATIONAL,"('real_estate_agency', 'point_of_interest', 'establishment')",7760.0,,,,,
Finques Torres Inmobiliaria,"Carrer de Sant Isidre, 40, 07760 Ciutadella de Menorca, Illes Balears, España",+34653106624,https://www.finquestorres.net/,4.8,15.0,es,Google reviews: 4.8* / 15,OPERATIONAL,"('real_estate_agency', 'point_of_interest', 'establishment')",7760.0,,,,,
Top Menorca,,+34649939674,http://www.topmenorca.es/,4.9,18.0,es,Google reviews: 4.9* / 18,OPERATIONAL,"('real_estate_agency', 'establishment')",,,,,,
Fincas Ciutadella,"Avinguda de Jaume I el Conqueridor, 101, Bajos, 07760 Ciudadela de Menorca, Illes Balears, España",+34871026948,http://www.fincasciutadella.com/,4.2,30.0,es,Google reviews: 4.2* / 30,OPERATIONAL,"('real_estate_agency', 'point_of_interest', 'establishment')",7760.0,,,,,
Fincas Seminari,"Plaça Nova, 3, 07760 Ciutadella de Menorca, Illes Balears, España",+34971484629,http://www.fincasseminari.com/,4.3,24.0,es,Google reviews: 4.3* / 24,OPERATIONAL,"('real_estate_agency', 'point_of_interest', 'establishment')",7760.0,,,,,
Inmobiliaria Camps Bosch,"Plaça d'Artrutx, 11, 07760 Ciutadella de Menorca, Illes Balears, España",+34971383115,https://inmocampsbosch.com/,4.6,28.0,es,Google reviews: 4.6* / 28,OPERATIONAL,"('real_estate_agency', 'lawyer', 'consultant', 'point_of_interest', 'establishment')",7760.0,,,,,
Lucas Fox — A Dils company,"Carrer del Roser, 13, Bajos, 07760 Ciudadela de Menorca, Illes Balears, España",+34971484121,https://www.lucasfox.com/property/spain/menorca.html?utm_medium=organic&utm_source=google&utm_campaign=mybusiness_menorca,4.6,27.0,es,Google reviews: 4.6* / 27,OPERATIONAL,"('real_estate_agency', 'finance', 'consultant', 'point_of_interest', 'establishment')",7760.0,,,,,
EPL En Primera Linea,"Avinguda del Capità Negrete, 8, 07760 Ciutadella de Menorca, Illes Balears, España",+34680159897,https://www.enprimeralinea.immo/,4.7,12.0,es,Google reviews: 4.7* / 12,OPERATIONAL,"('real_estate_agency', 'point_of_interest', 'establishment')",7760.0,,,,,
HSH Luxury Real Estate ,"Carrer de Sant Sebastià, n° 16, 07760 Ciutadella de Menorca, Illes Balears, España",+34658689702,https://www.highstandinghouse.com/propiedades,5.0,6.0,es,Google reviews: 5* / 6,OPERATIONAL,"('real_estate_agency', 'point_of_interest', 'establishment')",7760.0,,,,,
Es Pou de Torn,"Cam. de Maó, 190, local 5, 07760 Ciudadela de Menorca, Illes Balears, España",+34971382446,https://www.espoudetorn.com/,4.1,13.0,es,Google reviews: 4.1* / 13,OPERATIONAL,"('real_estate_agency', 'point_of_interest', 'establishment')",7760.0,,,,,
Menorca Home,,+34650955192,https://menorcacom.online/,4.9,179.0,es,Google reviews: 4.9* / 179,OPERATIONAL,"('real_estate_agency', 'establishment')",,,,,,
Menorca MPC,"Carrer Migjorn, 1104, 07769 Cap d'Artrutx, Illes Balears, España",+34687530584,https://www.menorcampc.com/,4.7,24.0,es,Google reviews: 4.7* / 24,OPERATIONAL,"('real_estate_agency', 'point_of_interest', 'establishment')",7769.0,,,,,
Mondialité Ibiza,"Via Romana, 52, 07800 Eivissa, Illes Balears, España",+34673481112,https://www.mondialiteibiza.com/,4.9,149.0,es,Google reviews: 4.9* / 149,OPERATIONAL,"('real_estate_agency', 'consultant', 'point_of_interest', 'establishment')",7800.0,,,,,
Prestige Properties Ibiza,"Av. de Bartomeu de Roselló, 1, 07800 Eivissa, Illes Balears, España",+34971190455,https://www.ibizaprestige.com/,4.9,100.0,es,Google reviews: 4.9* / 100,OPERATIONAL,"('real_estate_agency', 'point_of_interest', 'establishment')",7800.0,,,,,
Ibiza Services,"Av. 8 d'Agost, 29, Bajo III, 07800 Eivissa, Illes Balears, España",+34971599111,https://ibiza-services.com/,4.9,314.0,es,Google reviews: 4.9* / 314,OPERATIONAL,"('real_estate_agency', 'consultant', 'point_of_interest', 'establishment')",7800.0,,,,,
Summum Ibiza,"Carrer de Sant Cristòfol, 13, 07800 Eivissa, Illes Balears, España",+34666900980,https://www.summumibiza.com/,5.0,76.0,es,Google reviews: 5* / 76,OPERATIONAL,"('real_estate_agency', 'point_of_interest', 'establishment')",7800.0,,,,,
Ibizavende,"Carrer de Pere de Portugal, 5, 07800 Eivissa, Illes Balears, España",+34971934988,http://www.ibizavende.com/,4.7,157.0,es,Google reviews: 4.7* / 157,OPERATIONAL,"('real_estate_agency', 'point_of_interest', 'establishment')",7800.0,,,,,
Engel & Völkers Ibiza,"Avinguda de Santa Eulària des Riu, 17, 07800 Eivissa, Illes Balears, España",+34971311336,http://www.ev-ibiza.com/,4.6,82.0,es,Google reviews: 4.6* / 82,OPERATIONAL,"('real_estate_agency', 'finance', 'general_contractor', 'consultant', 'point_of_interest', 'establishment')",7800.0,,,,,
Agencia Inmobiliaria Ibiza ,"Via Romana, 17, bajos, 07800 Eivissa, Illes Balears, España",+34629684443,https://www.solanaibiza.com/es/,4.8,19.0,es,Google reviews: 4.8* / 19,OPERATIONAL,"('real_estate_agency', 'consultant', 'point_of_interest', 'establishment')",7800.0,,,,,
The Best Ibiza ,"Carrer de Pere Francès, 9, 3ª planta, puerta 308, 07800 Eivissa, Illes Balears, España",+34607408540,https://www.thebestibiza.com/es/,5.0,25.0,es,Google reviews: 5* / 25,OPERATIONAL,"('real_estate_agency', 'consultant', 'point_of_interest', 'establishment')",7800.0,,,,,
PONENT,"Carrer de Vicent Serra i Orvay, 21, 07800 Eivissa, Illes Balears, España",+34971194057,http://www.inmobiliaria-ponent.com/,4.7,82.0,es,Google reviews: 4.7* / 82,OPERATIONAL,"('real_estate_agency', 'point_of_interest', 'establishment')",7800.0,,,,,
VIS Inmobiliaria,"Passeig de Vara de Rey, 3, 07800 Eivissa, Illes Balears, España",+34971300912,http://www.vis-ibiza.com/,4.7,36.0,es,Google reviews: 4.7* / 36,OPERATIONAL,"('real_estate_agency', 'point_of_interest', 'establishment')",7800.0,,,,,
Inmobiliaria Ibiza,"C/ d'Aragó, 23, 07800 Eivissa, Illes Balears, España",+34665566644,https://inmobiliaria-ibiza.com/,5.0,9.0,es,Google reviews: 5* / 9,OPERATIONAL,"('real_estate_agency', 'point_of_interest', 'establishment')",7800.0,,,,,
Barcoland Agencia Inmobiliaria,"Carrer de Fray Luis de Leon, 12, 07800 Eivissa, Illes Balears, España",+34686922362,https://inmobarcoland.com/,5.0,28.0,es,Google reviews: 5* / 28,OPERATIONAL,"('real_estate_agency', 'point_of_interest', 'establishment')",7800.0,,,,,
Lucas Fox,"Av. Sant Josep de sa Talaia, 66, 07800 Eivissa, Illes Balears, España",+34971590630,https://www.lucasfox.com/property/spain/ibiza.html?utm_medium=organic&utm_source=google&utm_campaign=mybusiness_ibiza,5.0,51.0,en,Google reviews: 5* / 51,OPERATIONAL,"('real_estate_agency', 'finance', 'consultant', 'point_of_interest', 'establishment')",7800.0,,,,,
Ibiza Genius Real Estate,"Carrer de Vicent Serra i Orvay, 14, Local 2, 07800 Ibiza, Illes Balears, España",+34634710339,http://www.ibizagenius.com/,4.1,69.0,es,Google reviews: 4.1* / 69,OPERATIONAL,"('real_estate_agency', 'point_of_interest', 'establishment')",7800.0,,,,,
Las Villas Ibiza Agence immobiliere,"Carrer de Vicente Cuervo, 10, Bajo, 07800 Ibiza, Illes Balears, España",+34661353765,http://lasvillasibiza.com/,4.6,11.0,es,Google reviews: 4.6* / 11,OPERATIONAL,"('real_estate_agency', 'point_of_interest', 'establishment')",7800.0,,,,,
Ibiza Royal Agency,"Carrer d'Agapit Llobet, 1, 3º-3ª, 07800 Eivissa, Illes Balears, España",+34871718850,https://www.ibizaroyalagency.com/,4.5,23.0,es,Google reviews: 4.5* / 23,OPERATIONAL,"('real_estate_agency', 'general_contractor', 'consultant', 'point_of_interest', 'establishment')",7800.0,,,,,
LOVE TO LIVE IBIZA,"Carrer de sa Llavanera, 10, Edf. Brisol, esc. 2, loc. 2, 07800 Eivissa, Illes Balears, España",+34971508569,https://www.lovetoliveibiza.com/es/,5.0,62.0,es,Google reviews: 5* / 62,OPERATIONAL,"('real_estate_agency', 'point_of_interest', 'establishment')",7800.0,,,,,
Casanovas | Real Estate Ibiza,"Cas Serres, Av. de Sant Jordi, 56, 07800 Eivissa, Illes Balears, España",+34680161414,https://www.casanovasrealestate.com/,5.0,12.0,es,Google reviews: 5* / 12,OPERATIONAL,"('real_estate_agency', 'point_of_interest', 'establishment')",7800.0,,,,,
John Taylor Ibiza,"Passeig Joan Carles I, 39, 07800 Eivissa, Illes Balears, España",+34682152228,https://www.john-taylor.es/agencia-inmobiliaria-lujo/ibiza/,4.7,12.0,es,Google reviews: 4.7* / 12,OPERATIONAL,"('real_estate_agency', 'point_of_interest', 'establishment')",7800.0,,,,,
CENTURY 21 Nova Vila ,"Passatge de Balàfia, 1, Local 6, 07800 Eivissa, Illes Balears, España",+34971963989,https://www.century21.es/agencias/novavila/,4.1,20.0,es,Google reviews: 4.1* / 20,OPERATIONAL,"('real_estate_agency', 'consultant', 'point_of_interest', 'establishment')",7800.0,,,,,
Tierras de ibiza,"Av. d'Espanya, 18, 07800 Eivissa, Illes Balears, España",+34633408981,https://www.tierrasdeibiza.com/,3.8,65.0,es,Google reviews: 3.8* / 65,OPERATIONAL,"('real_estate_agency', 'point_of_interest', 'establishment')",7800.0,,,,,
Singular Ibiza Real Estate,"Patio Blanco, C. de sa Corbeta, 1, 5-5-1, 07800 Eivissa, Illes Balears, España",+34636755324,https://www.singularvillasibiza.com/,5.0,13.0,es,Google reviews: 5* / 13,OPERATIONAL,"('real_estate_agency', 'point_of_interest', 'establishment')",7800.0,,,,,
EXPRESS NETWORK,"Carrer Gregal, 9, 07800 Eivissa, Illes Balears, España",+34649210232,https://www.exnw.eu/,5.0,12.0,es,Google reviews: 5* / 12,OPERATIONAL,"('real_estate_agency', 'point_of_interest', 'establishment')",7800.0,,,,,
CASAVIVA Inmobiliaria Ibiza,"Carrer de Bartomeu Vicent Ramon, 24, 07800 Eivissa, Illes Balears, España",+34971317650,http://www.casavivaibiza.com/,4.4,7.0,es,Google reviews: 4.4* / 7,OPERATIONAL,"('real_estate_agency', 'point_of_interest', 'establishment')",7800.0,,,,,
Ibiza Domo,"Av. d'Isidor Macabich, 58, 07800 Eivissa, Illes Balears, España",+34971312527,http://ibizadomo.com/,4.5,30.0,es,Google reviews: 4.5* / 30,OPERATIONAL,"('real_estate_agency', 'point_of_interest', 'establishment')",7800.0,,,,,
Vive Ibiza Inmobiliaria,"Avenida 8 de agosto 11 (edificio Brisol) esc 10, 07800 Ibiza, Illes Balears, España",+34971590204,https://www.vive-ibiza.es/,3.8,10.0,es,Google reviews: 3.8* / 10,OPERATIONAL,"('real_estate_agency', 'point_of_interest', 'establishment')",7800.0,,,,,
Ibiza Secrets Real Estate SL,"C/ del Bisbe González Abarca, 2, 07800 Eivissa, Illes Balears, España",+34646404806,http://www.ibiza-secrets.com/,4.5,41.0,en,Google reviews: 4.5* / 41,OPERATIONAL,"('real_estate_agency', 'point_of_interest', 'establishment')",7800.0,,,,,
Botafoch Real Estate,"Paseo Juan Carlos I, 39, Local 6, 07800 Ibiza, Illes Balears, España",+34971316206,http://www.botafoch-realestate.com/,4.5,24.0,es,Google reviews: 4.5* / 24,OPERATIONAL,"('real_estate_agency', 'point_of_interest', 'establishment')",7800.0,,,,,
VIDALES HOUSE & BOAT ,"Carrer de les Campanetes, 52-54, 07817 Sant Jordi de ses Salines, Illes Balears, España",+34633510795,https://www.vidaleshouseboat.com/,5.0,31.0,es,Google reviews: 5* / 31,OPERATIONAL,"('real_estate_agency', 'point_of_interest', 'establishment')",7817.0,,,,,
myibiza estate,"C. de Joan d'Àustria, 5, 07800 Eivissa, Illes Balears, España",+34602646670,http://www.myibiza.estate/,5.0,18.0,es,Google reviews: 5* / 18,OPERATIONAL,"('real_estate_agency', 'point_of_interest', 'establishment')",7800.0,,,,,
Inmobiliaria Cecilio,"Avinguda d'Ignasi Wallis, 40, 07800 Eivissa, Illes Balears, España",+34971315910,http://www.cecilio.com/,4.0,24.0,es,Google reviews: 4* / 24,OPERATIONAL,"('real_estate_agency', 'point_of_interest', 'establishment')",7800.0,,,,,
Luxury Villas Ibiza,"Carrer Riu Támesis, 35, 07800 Eivissa, Illes Balears, España",+34604101816,http://www.luxuryvillasibiza.net/,4.8,20.0,es,Google reviews: 4.8* / 20,OPERATIONAL,"('real_estate_agency', 'point_of_interest', 'establishment')",7800.0,,,,,
Prime Lux Ibiza,"Av. 8 d'Agost, 7, esc 7, 07800 Eivissa, Illes Balears, España",+34655018121,https://www.primeluxibiza.com/,5.0,7.0,es,Google reviews: 5* / 7,OPERATIONAL,"('real_estate_agency', 'point_of_interest', 'establishment')",7800.0,,,,,
Best Experience Real Estate,"Passeig de Vara de Rey, 18, 07800 Eivissa, Illes Balears, España",+34657181035,https://bestexperiencerealestate.com/en/,5.0,9.0,es,Google reviews: 5* / 9,OPERATIONAL,"('real_estate_agency', 'consultant', 'point_of_interest', 'establishment')",7800.0,,,,,
Landed In Ibiza Real Estate,"Carrer de Canàries, 41, Bajo 6, 07800 Ibiza, Illes Balears, España",+34971877984,http://www.landedinibiza.com/,4.8,22.0,es,Google reviews: 4.8* / 22,OPERATIONAL,"('real_estate_agency', 'point_of_interest', 'establishment')",7800.0,,,,,
Neverland Properties Ibiza,"C. d'Astúries, 24, 07800 Eivissa, Illes Balears, España",+34971393577,https://www.neverlandproperties.com/,4.8,22.0,es,Google reviews: 4.8* / 22,OPERATIONAL,"('real_estate_agency', 'point_of_interest', 'establishment')",7800.0,,,,,
La Casa Agency | Ibiza,"C/ Alcalde Antonio Guasch, 3, bajos, 07800 Ibiza, Illes Balears, España",+34689047593,http://www.lacasa.net/,4.7,6.0,es,Google reviews: 4.7* / 6,OPERATIONAL,"('real_estate_agency', 'point_of_interest', 'establishment')",7800.0,,,,,
LYNDO Real Estate & Property Manager ,"Carrer de sa Llavanera, 9, 07800 Eivissa, Illes Balears, España",+34658468886,http://www.lyndo.es/,5.0,21.0,es,Google reviews: 5* / 21,OPERATIONAL,"('real_estate_agency', 'point_of_interest', 'establishment')",7800.0,,,,,
Ibiza Breeze,"Sa torre blanca, 4. Edificio portamar 1 bl b 1b, 07800 Ibiza, Illes Balears, España",+34981623053,http://www.ibizaluxuryvillas.net/,4.6,7.0,es,Google reviews: 4.6* / 7,OPERATIONAL,"('real_estate_agency', 'point_of_interest', 'establishment')",7800.0,,,,,
Inmolocal Ibiza,"C. des Fusters, 34, Pol. Montecristo Industrial, 94-95-96, 07816 Monte Cristo, Illes Balears, España",+34610681422,http://www.inmolocalibiza.com/,4.3,25.0,es,Google reviews: 4.3* / 25,OPERATIONAL,"('real_estate_agency', 'point_of_interest', 'establishment')",7816.0,,,,,
CARDONA ESTATE,"Carrer de Sant Cristòfol, 26, 07800 Eivissa, Illes Balears, España",+34871051794,http://cardonaestate.com/,3.8,30.0,es,Google reviews: 3.8* / 30,OPERATIONAL,"('real_estate_agency', 'consultant', 'point_of_interest', 'establishment')",7800.0,,,,,
Royal Estates,"Av. d'Espanya, 122, bajo izquierda, 07800 Ibiza, Illes Balears, España",+34661752198,https://royalestates.com/,5.0,12.0,nl,Google reviews: 5* / 12,OPERATIONAL,"('real_estate_agency', 'point_of_interest', 'establishment')",7800.0,,,,,
Atzaró Ibiza Villas,"Carrer de la Vénda des Poble, 6, 07814 Santa Gertrudis de Fruitera, Illes Balears, España",+34971594488,http://www.atzaroibizavillas.com/,4.9,11.0,es,Google reviews: 4.9* / 11,OPERATIONAL,"('real_estate_agency', 'point_of_interest', 'establishment')",7814.0,,,,,
Can Ibiza,"Paseo de Santa Gertrudis, 7, 07814 Santa Gertrudis de Fruitera, Illes Balears, España",+34654975906,http://www.canibiza.com/,5.0,9.0,es,Google reviews: 5* / 9,OPERATIONAL,"('real_estate_agency', 'point_of_interest', 'establishment')",7814.0,,,,,
ZAN ibiza real estate,"Calle Paseo de Santa Gertrudis, 7, 07814 Santa Gertrudis de Fruitera, Illes Balears, España",+34638711355,http://www.zanibiza.com/,4.7,12.0,en,Google reviews: 4.7* / 12,OPERATIONAL,"('real_estate_agency', 'point_of_interest', 'establishment')",7814.0,,,,,
Ibiza Local,"Av. 8 d'Agost, 23, 07800 Eivissa, Illes Balears, España",+34633202694,https://www.ibizalocal.es/,5.0,16.0,it,Google reviews: 5* / 16,OPERATIONAL,"('real_estate_agency', 'point_of_interest', 'establishment')",7800.0,,,,,
Ibiza Global Services,"Av. 8 d'Agost, 32, 07800 Eivissa, Illes Balears, España",+34971199620,http://ibizaglobalservices.es/,4.0,9.0,es,Google reviews: 4* / 9,OPERATIONAL,"('real_estate_agency', 'point_of_interest', 'establishment')",7800.0,,,,,
Spain Sotheby's International Realty  ( 07800 ),"Passeig Joan Carles I, 9, local 9 (Edificio Sarana, 07800 Eivissa, Illes Balears, España",+34871183129,https://www.spain-sothebysrealty.com/,4.4,7.0,en,Google reviews: 4.4* / 7,OPERATIONAL,"('real_estate_agency', 'finance', 'consultant', 'point_of_interest', 'establishment')",7800.0,,,,,
Unik Ibiza Real Estate,"Av. 8 d'Agost, 32, 07800 Eivissa, Illes Balears, España",+34971508050,http://www.unikibiza.com/,5.0,15.0,en,Google reviews: 5* / 15,OPERATIONAL,"('real_estate_agency', 'point_of_interest', 'establishment')",7800.0,,,,,
Ibiza Key,"Carrer del Pedrer, 07814, Illes Balears, España",+34616544637,http://www.ibizakey.com/,4.9,43.0,es,Google reviews: 4.9* / 43,OPERATIONAL,"('real_estate_agency', 'point_of_interest', 'establishment')",7814.0,,,,,
VAMOS IBIZA,"Carr. Sta. Eulària, 293, 07819 Ca Na Negreta, Illes Balears, España",+34610535915,http://www.vamos-ibiza.com/,5.0,26.0,es,Google reviews: 5* / 26,OPERATIONAL,"('real_estate_agency', 'point_of_interest', 'establishment')",7819.0,,,,,
Terrenalia Real Estate ,"Passeig de la Pau 4, 3-1 Edif Guash, Escalera C, Passeig de la Pau, 4, Local 1, 07840 Santa Eulària des Riu, Illes Balears, España",+34971306784,http://terrenalia.com/,4.4,28.0,es,Google reviews: 4.4* / 28,OPERATIONAL,"('real_estate_agency', 'point_of_interest', 'establishment')",7840.0,,,,,
Alfa Ibiza Isla,"C/ de Molins de Rei, 8, 07840 Santa Eulària des Riu, Illes Balears, España",+34682451441,http://www.alfaibizaisla.com/,4.7,89.0,es,Google reviews: 4.7* / 89,OPERATIONAL,"('real_estate_agency', 'point_of_interest', 'establishment')",7840.0,,,,,
Paradise Inmo Real Estate,"Carrer de Sant Josep, 42, 07840 Santa Eulària des Riu, Illes Balears, España",+34871537895,http://www.paradiseinmo.es/,4.5,39.0,es,Google reviews: 4.5* / 39,OPERATIONAL,"('real_estate_agency', 'consultant', 'point_of_interest', 'establishment')",7840.0,,,,,
Rivas Real Estate Ibiza,"Carrer José Guasch Vich, 17, 07840 Santa Eulària des Riu, Illes Balears, España",+34680973923,https://www.rivasibiza.com/,5.0,6.0,es,Google reviews: 5* / 6,OPERATIONAL,"('real_estate_agency', 'point_of_interest', 'establishment')",7840.0,,,,,
Grupo Ambar Inmobiliaria y promotora en Ibiza,"Carrer Isidor Macabich, 12, 07840 Santa Eulalia del Río, Illes Balears, España",+34971338229,https://www.ambaribiza.com/,4.0,10.0,es,Google reviews: 4* / 10,OPERATIONAL,"('real_estate_agency', 'finance', 'general_contractor', 'consultant', 'point_of_interest', 'establishment')",7840.0,,,,,
Villa Contact Ibiza ,"Passeig de s'Alamera, 14, 07840 Santa Eulària des Riu, Illes Balears, España",+34971330374,http://www.villacontact.com/,5.0,22.0,es,Google reviews: 5* / 22,OPERATIONAL,"('real_estate_agency', 'point_of_interest', 'establishment')",7840.0,,,,,
GZ Ibiza Properties,,+34602423394,https://www.gzibizaproperties.com/,5.0,15.0,es,Google reviews: 5* / 15,OPERATIONAL,"('real_estate_agency', 'establishment')",,,,,,
Villas Ibiza Spain,,+34633934968,https://www.villasibizaspain.com/,5.0,10.0,es,Google reviews: 5* / 10,OPERATIONAL,"('real_estate_agency', 'establishment')",,,,,,
Homeclub Ibiza,"Carretera Ibiza, 7P, 07817 Ibiza, Illes Balears, España",+34911438350,https://www.homeclub.com/,4.8,32.0,es,Google reviews: 4.8* / 32,OPERATIONAL,"('real_estate_agency', 'lodging', 'point_of_interest', 'establishment')",7817.0,,,,,
LET US IBIZA Find a second home that is a safe investment,"Carrer de la Tórtora, 1, bajo 2, 07817 Sant Josep de sa Talaia, Illes Balears, España",+34653378193,http://letusibiza.com/,5.0,37.0,nl,Google reviews: 5* / 37,OPERATIONAL,"('real_estate_agency', 'finance', 'consultant', 'point_of_interest', 'establishment')",7817.0,,,,,
Romina Ibiza Villas & Co.,"Carretera Ibiza - San José km3, 07817 San Jorge de ses Salines, Illes Balears, España",+34971308016,https://www.rominaibizavillas.com/,5.0,8.0,en,Google reviews: 5* / 8,OPERATIONAL,"('real_estate_agency', 'point_of_interest', 'establishment')",7817.0,,,,,
Ibiza TRT Gestión Inmobiliaria,"Carrer de Sant Antoni, 36, Bajo 6, 07820 San Antonio Abad, Illes Balears, España",+34971034105,http://www.ibizatrt.com/,5.0,39.0,es,Google reviews: 5* / 39,OPERATIONAL,"('real_estate_agency', 'point_of_interest', 'establishment')",7820.0,,,,,
Windsor & Meyers Ibiza,"Carrer dels Polls, 21, 07817 Sant Josep de sa Talaia, Illes Balears, España",+34971303479,https://www.windsorandmeyers.es/,4.3,18.0,es,Google reviews: 4.3* / 18,OPERATIONAL,"('real_estate_agency', 'point_of_interest', 'establishment')",7817.0,,,,,
Ibiza My Property,"LOCAL 3, Av. Pere Matutes Noguera, 109, 07800 Ibiza, Illes Balears, España",+34971199178,http://www.ibizamyproperty.com/,4.5,68.0,it,Google reviews: 4.5* / 68,OPERATIONAL,"('real_estate_agency', 'point_of_interest', 'establishment')",7800.0,,,,,
IBIZA HOME MANAGERS,"Carrer del Timbal, 22, 07817 Sant Jordi de ses Salines, Illes Balears, España",+34619737585,http://www.ibizahomemanagers.net/,4.6,25.0,es,Google reviews: 4.6* / 25,OPERATIONAL,"('real_estate_agency', 'point_of_interest', 'establishment')",7817.0,,,,,
Real Estate Ibiza,"Av. Pere Matutes Noguera, 115-117, 07800 Eivissa, Illes Balears, España",+34685859862,http://realestateibiza.net/,5.0,14.0,en,Google reviews: 5* / 14,OPERATIONAL,"('real_estate_agency', 'point_of_interest', 'establishment')",7800.0,,,,,
IBIZA-Casa Inmobiliaria de Baleares S.l.u.,"Av. Cubells, 7, 07830 Sant Josep de sa Talaia, Illes Balears, España",+34971800367,http://www.ibiza-casa.com/,4.8,17.0,es,Google reviews: 4.8* / 17,OPERATIONAL,"('real_estate_agency', 'point_of_interest', 'establishment')",7830.0,,,,,
Immobilien Lindstedt Management GmbH & Co.KG,"Carrer del Montsec, 6, 07817 Sant Josep de sa Talaia, Illes Balears, España",+34911980779,https://immobilien-lindstedt.de/,5.0,20.0,en,Google reviews: 5* / 20,OPERATIONAL,"('real_estate_agency', 'point_of_interest', 'establishment')",7817.0,,,,,
Ibiza My Villa ,"Av. Pere Matutes Noguera, Local 109, 07800 Eivissa, Illes Balears, España",+34971199178,http://www.ibizamyvilla.com/,5.0,20.0,es,Google reviews: 5* / 20,OPERATIONAL,"('real_estate_agency', 'point_of_interest', 'establishment')",7800.0,,,,,
Ibizalia Inmobiliaria ,"Av. d'Isidor Macabich, 65, 07800 Eivissa, Illes Balears, España",+34971306030,http://ibizalia.com/,3.8,10.0,en,Google reviews: 3.8* / 10,OPERATIONAL,"('real_estate_agency', 'point_of_interest', 'establishment')",7800.0,,,,,
Inmobiliaria ALOVIDA en Ibiza,"Carrer des Cap Martinet, 22, 07819 Nuestra Señora de Jesús, Illes Balears, España",+34646077248,https://www.alovida.es/,5.0,25.0,es,Google reviews: 5* / 25,OPERATIONAL,"('real_estate_agency', 'point_of_interest', 'establishment')",7819.0,,,,,
inmobiliaria Las Anclas Ibiza,"Avenida Cap Martinet s/n, Edif. Balcon de Jesús II, 07819 Nuestra Señora de Jesús, Illes Balears, España",+34971193413,https://lasanclas-ibiza.com/,4.8,55.0,en,Google reviews: 4.8* / 55,OPERATIONAL,"('real_estate_agency', 'consultant', 'point_of_interest', 'establishment')",7819.0,,,,,
Ibiza Hills Homes,"C/ de Milán, 1, Urb, 07819 Roca Llisa, Illes Balears, España",+34971159035,https://www.ibiza-hills-homes.com/,5.0,11.0,en,Google reviews: 5* / 11,OPERATIONAL,"('real_estate_agency', 'point_of_interest', 'establishment')",7819.0,,,,,
PURE Real Estate Ibiza,"Carrer des Cap Martinet, 22, 07819 Nuestra Señora de Jesús, Illes Balears, España",+34971193231,https://www.pureibiza.com/,5.0,7.0,en,Google reviews: 5* / 7,OPERATIONAL,"('real_estate_agency', 'point_of_interest', 'establishment')",7819.0,,,,,
C & W Immobilien,"Carretera de Jesus, 101, Edif Centro, Planta Baja, Local 5, 07819 Ibiza, Illes Balears, España",+34692807756,https://www.luxuryvillasibiza.net/,4.9,33.0,es,Google reviews: 4.9* / 33,OPERATIONAL,"('real_estate_agency', 'point_of_interest', 'general_contractor', 'establishment')",7819.0,,,,,
Roxire Real Estate,"Carrer de la Mar, 13b, 07820 Sant Antoni de Portmany, Illes Balears, España",+34871510572,http://www.roxire.com/,4.8,316.0,es,Google reviews: 4.8* / 316,OPERATIONAL,"('real_estate_agency', 'consultant', 'point_of_interest', 'establishment')",7820.0,,,,,
Sa Pedrera Inmobiliaria,"Carrer de la Mar, 29, local 7, 07820 Sant Antoni de Portmany, Illes Balears, España",+34671200791,http://www.sapedrerainmobiliaria.es/,4.9,40.0,es,Google reviews: 4.9* / 40,OPERATIONAL,"('real_estate_agency', 'point_of_interest', 'establishment')",7820.0,,,,,
Reesman ,"Avinguda del Doctor Fleming, 47, bajo, 07820 Sant Antoni de Portmany, Illes Balears, España",+34971347752,https://www.reesman.es/,4.8,44.0,es,Google reviews: 4.8* / 44,OPERATIONAL,"('real_estate_agency', 'point_of_interest', 'establishment')",7820.0,,,,,
BLAU Properties Ibiza Real Estate,"C. del Far, 6, Local 2, 07820 San Antonio Abad, Illes Balears, España",+34620086628,http://www.blaupropertiesibiza.com/,4.8,22.0,es,Google reviews: 4.8* / 22,OPERATIONAL,"('real_estate_agency', 'point_of_interest', 'establishment')",7820.0,,,,,
Agencia Inmobiliaria iHouseIbiza,"Carrer del General Balanzat, 14, 07820 Sant Antoni de Portmany, Illes Balears, España",+34622377356,https://www.ventas.ihouseibiza.com/,4.3,36.0,es,Google reviews: 4.3* / 36,OPERATIONAL,"('real_estate_agency', 'point_of_interest', 'establishment')",7820.0,,,,,
Inmobiliaria Multihogar,"C/ Madrid nº4 Esquina, C. del Far, 07820 San Antonio Abad, Illes Balears, España",+34971346979,http://www.multihogar.es/,3.1,30.0,es,Google reviews: 3.1* / 30,OPERATIONAL,"('real_estate_agency', 'point_of_interest', 'establishment')",7820.0,,,,,
Inmobiliaria Costa Ibiza,"ED. TANIT, Calle FARO, 2 F, 07820 San Antonio Abad, Illes Balears, España",+34971341058,http://www.costa-ibiza.com/,4.4,14.0,es,Google reviews: 4.4* / 14,OPERATIONAL,"('real_estate_agency', 'point_of_interest', 'establishment')",7820.0,,,,,
""" IBISUNSET "" Island Homes Ibiza & Mallorca",,+34871252831,https://ibisunset.com/,4.7,26.0,es,Google reviews: 4.7* / 26,OPERATIONAL,"('real_estate_agency', 'establishment')",,,,,,
VBD Real Estate Ibiza,,+34711042821,https://www.vbdrealestate.com/,5.0,14.0,es,Google reviews: 5* / 14,OPERATIONAL,"('real_estate_agency', 'consultant', 'establishment')",,,,,,
"TUR Y SERRA CONSULTORIA, SL","Tr.ª De La Mar, 1, 07820 San Antonio Abad, Illes Balears, España",+34971341411,http://www.turyserra.com/,4.0,102.0,es,Google reviews: 4* / 102,OPERATIONAL,"('real_estate_agency', 'finance', 'consultant', 'point_of_interest', 'establishment')",7820.0,,,,,
Kum Ibiza Agency ( 07829 ),"Carrer de Burgos, Carrer de Cala de Bou, 16, 07829 San José, Illes Balears, España",+34971072673,http://kumibizaagency.com/contacto/,4.1,13.0,es,Google reviews: 4.1* / 13,OPERATIONAL,"('real_estate_agency', 'point_of_interest', 'establishment')",7829.0,,,,,
BBS Consulting,"Edificio S'Atalaya, Av. Cubells, 5, 07830 Es Cubells, Illes Balears, España",+34971408671,http://www.bbs-ibiza.net/,4.8,6.0,es,Google reviews: 4.8* / 6,OPERATIONAL,"('real_estate_agency', 'point_of_interest', 'establishment')",7830.0,,,,,
C&M LUXURY REAL ESTATE GROUP,"Carrer València, 4, Bajo 1 Local 2, 07829 Port des Torrent )San Josep de Sa Talía, Illes Balears, España",+34871907507,http://www.cmluxuryrealestategroup.es/,4.5,29.0,es,Google reviews: 4.5* / 29,OPERATIONAL,"('real_estate_agency', 'point_of_interest', 'establishment')",7829.0,,,,,
immo-ibiza,"Ctra, Edif, Carrer Can Bernat Toni, 07830 Es Cubells, Illes Balears, España",+34683184621,https://www.immo-ibiza.com/,5.0,15.0,de,Google reviews: 5* / 15,OPERATIONAL,"('real_estate_agency', 'consultant', 'point_of_interest', 'establishment')",7830.0,,,,,
Remax,"Carrer de Sant Vicent, 19, Local derecha, 07840 Santa Eulària des Riu, Illes Balears, España",+34871515015,https://www.remax-islablanca.es/,4.8,156.0,ca,Google reviews: 4.8* / 156,OPERATIONAL,"('real_estate_agency', 'point_of_interest', 'establishment')",7840.0,,,,,
Inmovita,"C/ de la Llibertat, 29C, Ponent, 07013 Palma, Illes Balears, España",+34649557495,https://www.inmovita.es/inicio,5.0,13.0,es,Google reviews: 5* / 13,OPERATIONAL,"('real_estate_agency', 'point_of_interest', 'establishment')",7013.0,,,,,
Engel & Völkers Santa Eulalia,"Carrer de Sant Jaume, 37, 07840 Santa Eulària des Riu, Illes Balears, España",+34971807180,http://www.ev-ibiza.com/,4.8,48.0,de,Google reviews: 4.8* / 48,OPERATIONAL,"('real_estate_agency', 'consultant', 'point_of_interest', 'establishment')",7840.0,,,,,
Mukasa Ibiza,"Passeig de s'Alamera, 12, 822, 07840 Santa Eulària des Riu, Illes Balears, España",+34871242999,http://www.mukasa.es/,5.0,10.0,nl,Google reviews: 5* / 10,OPERATIONAL,"('real_estate_agency', 'point_of_interest', 'establishment')",7840.0,,,,,
Invenio Homes,"C/ de Molins de Rei, 12, 07840 Santa Eulària des Riu, Illes Balears, España",+34660919532,http://www.inveniohomes.com/,4.4,21.0,en,Google reviews: 4.4* / 21,OPERATIONAL,"('real_estate_agency', 'consultant', 'point_of_interest', 'establishment')",7840.0,,,,,
GHL Gould Heinz & Lang property consultants Ibiza,"Passeig de s'Alamera, 15, 07840 Santa Eulària des Riu, Illes Balears, España",+34971339305,https://ghl-ibiza.com/,4.1,17.0,en,Google reviews: 4.1* / 17,OPERATIONAL,"('real_estate_agency', 'point_of_interest', 'establishment')",7840.0,,,,,
Lush Ibiza,"Carrer Pou d'en Porxu, 07849 es Canar, Illes Balears, España",+34666121099,https://lushibiza.eu/,5.0,14.0,en,Google reviews: 5* / 14,OPERATIONAL,"('real_estate_agency', 'point_of_interest', 'establishment')",7849.0,,,,,
Immobiliaria Sa Punta,"Carrer de Guillem de Montgrí, 51, 07871 Sant Ferran de Ses Roques, Illes Balears, España",+34971321819,http://formenterasapunta.com/,3.8,40.0,es,Google reviews: 3.8* / 40,OPERATIONAL,"('real_estate_agency', 'point_of_interest', 'establishment')",7871.0,,,,,
Formentera Mi Amor,"Carrer des Fonoll Marí, 45, 07871 Es Pujols, Illes Balears, España",+393478476998,http://www.formenteramiamor.com/,4.8,10.0,es,Google reviews: 4.8* / 10,OPERATIONAL,"('real_estate_agency', 'point_of_interest', 'establishment')",7871.0,,,,,
OCEANLIVING Immobiliare Formentera,"Carrer de Sant Joan, 53, 07860 Sant Francesc de Formentera, Illes Balears, España",+34639550695,http://www.formenteraliving.com/,4.9,18.0,de,Google reviews: 4.9* / 18,OPERATIONAL,"('real_estate_agency', 'point_of_interest', 'establishment')",7860.0,,,,,
Laffittacase Formentera ( 07871 ),"Carrer de s'Espalmador, 33, 07871 Es Pujols, Illes Balears, España",+34971321949,https://laffittacase.com/,5.0,22.0,es,Google reviews: 5* / 22,OPERATIONAL,"('real_estate_agency', 'point_of_interest', 'establishment')",7871.0,,,,,
Your Formentera,"Carrer Pla del rey, 2, 07860 Sant Francesc de Formentera, Illes Balears, España",+34692671011,http://yourformentera.es/,4.6,10.0,it,Google reviews: 4.6* / 10,OPERATIONAL,"('real_estate_agency', 'point_of_interest', 'establishment')",7860.0,,,,,
