name,address,maps_phone,url,rating,reviews_count,language,comment,business_status,types,zip_code
Inmobiliaria Look & Find Almería,"C. Navarro Rodrigo, 22, 04001 Almería, España",+34 950 53 04 93,https://www.inmobiliariaenalmeria.com/,4.9,217.0,es,Google reviews: 4.9* / 217,OPERATIONAL,"('real_estate_agency', 'consultant', 'point_of_interest', 'establishment')",04001
Sinergia Inmobiliaria,"P.º de Almería, 43, 9º C, 04001 Almería, España",+34 638 00 76 08,https://www.sinergiainmo.es/,4.8,108.0,es,Google reviews: 4.8* / 108,OPERATIONAL,"('real_estate_agency', 'consultant', 'point_of_interest', 'establishment')",04001
Ruano Inmobiliaria ,"Av. del Mediterráneo, 311, Local 2, 04009 Almería, España",+34 950 08 30 47,http://pisosenalmeria.es/,4.9,682.0,es,Google reviews: 4.9* / 682,OPERATIONAL,"('real_estate_agency', 'finance', 'general_contractor', 'consultant', 'point_of_interest', 'establishment')",04009
Inmobiliaria en Almería Anabell Canton,"Carrera de los Picos, 7, 1º izq, 04004 Almería, España",+34 667 57 57 39,https://www.anabellcanton.com/,5.0,69.0,es,Google reviews: 5* / 69,OPERATIONAL,"('real_estate_agency', 'finance', 'lawyer', 'consultant', 'point_of_interest', 'establishment')",04004
Garzón Gestión Inmobiliaria ,"Calle Hermanos Pinzón, 11, 04005 Almería, España",+34 950 22 99 94,http://www.garzoninmobiliaria.es/,4.6,189.0,es,Google reviews: 4.6* / 189,OPERATIONAL,"('real_estate_agency', 'consultant', 'point_of_interest', 'establishment')",04005
Cano Inmobiliaria,"Calle Padre Joaquin Reina, 5, 04009 Almería, España",+34 950 17 71 16,https://www.inmobiliariacano.es/,4.9,4132.0,es,Google reviews: 4.9* / 4132,OPERATIONAL,"('real_estate_agency', 'lawyer', 'consultant', 'point_of_interest', 'establishment')",04009
Salvador Viviendas & Locales ,"C. de las Tiendas, 24, 04003 Almería, España",+34 675 72 77 76,https://salvadorviviendas.com/,4.7,53.0,es,Google reviews: 4.7* / 53,OPERATIONAL,"('real_estate_agency', 'point_of_interest', 'establishment')",04003
HABITA STATE,"P.º de Almería, nº 45, 4º2, 04001 Almería, España",+34 606 98 05 55,http://habitastate.com/,4.5,93.0,es,Google reviews: 4.5* / 93,OPERATIONAL,"('real_estate_agency', 'point_of_interest', 'establishment')",04001
AP Real Estate Services,"Av. de la Estación, 25, 7º 3 B, 04005 Almería, España",+34 950 79 02 17,,4.9,145.0,es,Google reviews: 4.9* / 145,OPERATIONAL,"('real_estate_agency', 'point_of_interest', 'establishment')",04005
Inmobiliaria Localiza Almería,"P.º de Almería, 36, 04001 Almería, España",+34 601 24 62 41,http://www.localizahome.com/,4.3,37.0,es,Google reviews: 4.3* / 37,OPERATIONAL,"('real_estate_agency', 'point_of_interest', 'establishment')",04001
Inmobiliaria Santa Isabel,"C. Firmamento, 5, 04009 Almería, España",+34 950 08 48 89,http://inmosantaisabel.com/,4.7,280.0,en,Google reviews: 4.7* / 280,OPERATIONAL,"('real_estate_agency', 'point_of_interest', 'establishment')",04009
Adriko Almería Sl,"Calle Calz. de Castro, 40, 04006 Almería, España",+34 950 08 11 20,https://www.adrikoinmobiliaria.com/,4.9,210.0,es,Google reviews: 4.9* / 210,OPERATIONAL,"('real_estate_agency', 'general_contractor', 'point_of_interest', 'establishment')",04006
INMOTHARSIS,"C. José Artés de Arcos, 27, 04004 Almería, España",+34 685 28 13 99,http://inmotharsis.com/,4.8,73.0,es,Google reviews: 4.8* / 73,OPERATIONAL,"('real_estate_agency', 'point_of_interest', 'establishment')",04004
Inmobiliaria Almería - Núcleo,"C. Granada, 131, 04008 Almería, España",+34 950 65 50 19,https://www.inmobiliarianucleo.com/inmobiliarias/almeria-provincia/los-angeles-almeria?utm_source=local&utm_medium=gbp,4.9,33.0,es,Google reviews: 4.9* / 33,OPERATIONAL,"('real_estate_agency', 'point_of_interest', 'establishment')",04008
Experto Inmobiliario ,"P.º de Almería, 7, 7A, 04001 Almería, España",+34 685 88 20 30,http://expertoinmobiliario.com/,4.6,33.0,es,Google reviews: 4.6* / 33,OPERATIONAL,"('real_estate_agency', 'point_of_interest', 'establishment')",04001
REMAX INDALO ,"Calle Italia 3, Pt.: L1, Edif. Azalea, 04009 Almería, España",+34 950 38 56 87,https://www.remaxindalo.es/,4.9,87.0,es,Google reviews: 4.9* / 87,OPERATIONAL,"('real_estate_agency', 'consultant', 'point_of_interest', 'establishment')",04009
Inmobiliaria en Almería ( 04004 ),"C. Tirso de Molina, 11, 04004 Almería, España",+34 698 94 21 94,https://manuelaynat.com/?utm_source=gmb&utm_medium=cpc&utm_campaign=gmb,3.9,60.0,es,Google reviews: 3.9* / 60,OPERATIONAL,"('real_estate_agency', 'finance', 'point_of_interest', 'establishment')",04004
TorreFer,"Av. de Pablo Iglesias, 25, Bajo, 04003 Almería, España",+34 950 23 77 96,http://www.torrefer.com/,4.7,81.0,es,Google reviews: 4.7* / 81,OPERATIONAL,"('real_estate_agency', 'point_of_interest', 'establishment')",04003
The Green Home,"C. Navarro Rodrigo, 11, 04001 Almería, España",+34 678 43 37 13,https://thegreenhome.es/,4.2,90.0,es,Google reviews: 4.2* / 90,OPERATIONAL,"('real_estate_agency', 'point_of_interest', 'establishment')",04001
Inmobiliaria KW Almería,"Ctra. de Ronda, 1, 04004 Almería, España",+34 687 80 36 06,http://kwalmeria.com/,4.8,27.0,es,Google reviews: 4.8* / 27,OPERATIONAL,"('real_estate_agency', 'finance', 'consultant', 'point_of_interest', 'establishment')",04004
Juan Miguel Jiménez Inmobiliaria en Almería,,,https://www.pisos.com/busqueda/0.1000.F001.E00000000000034.1475723.0X0.0.0.0X0.0.0X0X0.1/,4.8,44.0,es,Google reviews: 4.8* / 44,OPERATIONAL,"('real_estate_agency', 'establishment')",
To Project Home,"Plaza de San Pedro, 3, 04001 Almería, España",+34 617 95 86 80,https://toprojecthome.es/,4.9,28.0,es,Google reviews: 4.9* / 28,OPERATIONAL,"('real_estate_agency', 'point_of_interest', 'establishment')",04001
David Lao Inmobiliaria,"C. Javier Sanz, 12, 04004 Almería, España",+34 651 80 06 95,https://www.davidlaoinmobiliaria.es/,4.6,28.0,es,Google reviews: 4.6* / 28,OPERATIONAL,"('real_estate_agency', 'point_of_interest', 'establishment')",04004
INMOBILIARIA KAPITAL,"Ctra. de Ronda, 343, 04009 Almería, España",+34 850 98 90 49,https://inmobiliariakapital.com/,5.0,43.0,es,Google reviews: 5* / 43,OPERATIONAL,"('real_estate_agency', 'point_of_interest', 'establishment')",04009
Tecnocasa agencia inmobiliaria ( 04002 ),"C. de la Reina, 51, local, 04002 Almería, España",+34 950 67 21 91,https://almeria5.tecnocasa.es/,4.9,85.0,fr,Google reviews: 4.9* / 85,OPERATIONAL,"('real_estate_agency', 'finance', 'consultant', 'point_of_interest', 'establishment')",04002
Centro Inmobiliaria,"C. Prof. López Neyra, 1, local A, 04005 Almería, España",+34 950 11 99 05,http://www.centroinmobiliaria.es/,4.5,13.0,es,Google reviews: 4.5* / 13,OPERATIONAL,"('real_estate_agency', 'point_of_interest', 'establishment')",04005
Exmed House,"Calle González Garbín, 19, 04001 Almería, España",+34 623 57 54 10,http://exmedhouse.org/,4.8,13.0,es,Google reviews: 4.8* / 13,OPERATIONAL,"('real_estate_agency', 'point_of_interest', 'establishment')",04001
Multigestion Almeria,"Calle Dr. Fleming, 7, 04230 Huércal de Almería, Almería, España",+34 950 14 05 90,http://www.tupisoalmeria.com/,4.9,1003.0,es,Google reviews: 4.9* / 1003,OPERATIONAL,"('real_estate_agency', 'accounting', 'finance', 'consultant', 'point_of_interest', 'establishment')",04230
Inmobiliaria TOWERS,"Pl. Prta de Purchena, 2, 04003 Almería, España",+34 669 74 65 44,https://www.towersrealestate.es/,4.9,10.0,es,Google reviews: 4.9* / 10,OPERATIONAL,"('real_estate_agency', 'point_of_interest', 'establishment')",04003
Canvas Propiedad,"Pl. Prta de Purchena, 14, 2º, 04001 Almería, España",+34 950 55 55 55,https://www.canvaspropiedad.com/,4.9,115.0,es,Google reviews: 4.9* / 115,OPERATIONAL,"('real_estate_agency', 'point_of_interest', 'establishment')",04001
Sonia Bernabeu Agente Inmobiliario & Personal Shopper Inmobiliario,,+34 681 08 00 18,,5.0,9.0,es,Google reviews: 5* / 9,OPERATIONAL,"('real_estate_agency', 'establishment')",
Monterreal Inmobiliaria,"C. Rbla. Obispo Orberá, 1, 04001 Almería, España",+34 950 27 25 17,http://www.monterrealinmobiliaria.com/,4.3,7.0,es,Google reviews: 4.3* / 7,OPERATIONAL,"('real_estate_agency', 'point_of_interest', 'establishment')",04001
Kw Almería ,"C. Maestro Padilla, 3, 04005 Almería, España",+34 950 28 14 44,https://kwalmeria.com/,3.5,26.0,es,Google reviews: 3.5* / 26,OPERATIONAL,"('real_estate_agency', 'finance', 'consultant', 'point_of_interest', 'establishment')",04005
INMOBILIARIA ALMERIA GRUPO CIBELES,"C. Rafael Alberti, 1, 04004 Almería, España",+34 950 65 17 26,http://www.grupocibeles-almeria.es/,4.0,58.0,es,Google reviews: 4* / 58,OPERATIONAL,"('real_estate_agency', 'point_of_interest', 'establishment')",04004
Inmobiliaria en Almería ( 04001 ),"P.º de Almería, 4, 04001 Almería, España",+34 698 94 21 94,http://www.manuelaynat.com/,,,es,Google reviews: * / None,OPERATIONAL,"('real_estate_agency', 'point_of_interest', 'establishment')",04001
Tecnocasa agencia inmobiliaria ( 04009 ),"Ctra.. de Níjar, 227, local, 04009 Almería, España",+34 624 02 09 89,https://almeria6.tecnocasa.es/,4.9,217.0,es,Google reviews: 4.9* / 217,OPERATIONAL,"('real_estate_agency', 'finance', 'consultant', 'point_of_interest', 'establishment')",04009
MYA Inmobiliaria,,+34 638 55 45 89,https://mariolayangeles.com/,5.0,10.0,es,Google reviews: 5* / 10,OPERATIONAL,"('real_estate_agency', 'establishment')",
Ascension de Aynat Servicios Inmobiliarios KW,"C. Maestro Padilla, 3, 04005 Almería, España",+34 662 13 50 05,http://www.ascensiondeaynat.com/,5.0,38.0,es,Google reviews: 5* / 38,OPERATIONAL,"('real_estate_agency', 'point_of_interest', 'establishment')",04005
GCI House Inmobiliaria,"9, P.º de Almería, 7, 04001 Almería, España",+34 950 55 26 96,,5.0,1.0,es,Google reviews: 5* / 1,OPERATIONAL,"('real_estate_agency', 'point_of_interest', 'establishment')",04001
Inmobiliaria Muchomasquecasas,"Calle Dr. Gregorio Marañón, 43, Local bajo 12, 04005 Almería, España",+34 605 59 47 78,http://muchomasquecasas.com/,4.6,38.0,es,Google reviews: 4.6* / 38,OPERATIONAL,"('real_estate_agency', 'point_of_interest', 'establishment')",04005
Agencia Inmobiliaria en Almería ,"C. Marcos, 1, 04003 Almería, España",+34 689 12 96 20,http://agenciainmobiliariapdm.es/,4.5,11.0,es,Google reviews: 4.5* / 11,OPERATIONAL,"('real_estate_agency', 'point_of_interest', 'establishment')",04003
Inmobiliaria Sureste,"P.º de Almería, 48, 04001 Almería, España",+34 950 27 15 97,,4.2,17.0,es,Google reviews: 4.2* / 17,OPERATIONAL,"('real_estate_agency', 'point_of_interest', 'establishment')",04001
Oyonarte Inmobiliaria,"Av. Federico García Lorca, 19, 04004 Almería, España",+34 950 25 11 12,https://inmobiliariaoyonarte.es/,4.3,45.0,es,Google reviews: 4.3* / 45,OPERATIONAL,"('real_estate_agency', 'point_of_interest', 'establishment')",04004
Tecnocasa agencia inmobiliaria ( 04005 ),"Av. de la Estación, 1, b.iz loc, 04005 Almería, España",+34 950 71 38 31,https://almeria3.tecnocasa.es/,4.8,43.0,fr,Google reviews: 4.8* / 43,OPERATIONAL,"('real_estate_agency', 'finance', 'consultant', 'point_of_interest', 'establishment')",04005
Inmobiliaria Alfa Almería Paraíso,"C. David, 12, Local D2, 04008 Almería, España",+34 605 86 76 70,https://alfaalmeriaparaiso.com/,5.0,7.0,es,Google reviews: 5* / 7,OPERATIONAL,"('real_estate_agency', 'point_of_interest', 'establishment')",04008
Mare Nostrum Estates,"Av. de Sierra Alhamilla, 04007 Almería, España",+34 950 17 31 25,http://www.marenostrumestates.com/,4.6,39.0,es,Google reviews: 4.6* / 39,OPERATIONAL,"('real_estate_agency', 'point_of_interest', 'establishment')",04007
Hornocal Housing Solutions,"Av. Federico García Lorca, 43, 3ro D, 04004 Almería, España",+34 604 85 84 04,https://hornocal.com/,5.0,26.0,en,Google reviews: 5* / 26,OPERATIONAL,"('real_estate_agency', 'point_of_interest', 'establishment')",04004
Inmobiliaria Dulce Hogar Almería,"Carrera del Perú, 103, 04006 Almería, España",+34 611 13 38 83,http://www.dulcehogaralmeria.com/,5.0,26.0,es,Google reviews: 5* / 26,OPERATIONAL,"('real_estate_agency', 'point_of_interest', 'establishment')",04006
Impacto Inmobiliario,"Cv Pl. de Toros, 2, 04008 Almería, España",+34 629 25 91 51,https://www.impacto-inmobiliario.com/,4.1,62.0,es,Google reviews: 4.1* / 62,OPERATIONAL,"('real_estate_agency', 'point_of_interest', 'establishment')",04008
El Puerto Inmobiliaria ( 04002 ),"C. Gerona, Nº 33, 04002 Almería, España",+34 950 28 10 55,https://elpuertogp.es/,4.0,13.0,es,Google reviews: 4* / 13,OPERATIONAL,"('real_estate_agency', 'point_of_interest', 'establishment')",04002
Ikesa Inmobiliaria - Almería,"C. Gral. Moscardó, 8, 04004 Almería, España",+34 672 59 05 14,https://www.ikesainmobiliaria.es/,5.0,9.0,es,Google reviews: 5* / 9,OPERATIONAL,"('real_estate_agency', 'point_of_interest', 'establishment')",04004
Inmobiliaria Almería,"Calle Rueda López, 21, 5-A, 04004 Almería, España",+34 603 81 42 12,,,,es,Google reviews: * / None,OPERATIONAL,"('real_estate_agency', 'point_of_interest', 'establishment')",04004
Nest Inmobiliaria,"Pl. Flores, 1, 04001 Almería, España",+34 950 67 27 87,http://www.nestinmobiliaria.com/,4.4,13.0,es,Google reviews: 4.4* / 13,OPERATIONAL,"('real_estate_agency', 'point_of_interest', 'establishment')",04001
Tecnocasa agencia inmobiliaria ( 04007 ),"Av. de Cabo de Gata, 111, 04007 Almería, España",+34 950 00 99 00,https://almeria1.tecnocasa.es/,4.4,224.0,es,Google reviews: 4.4* / 224,OPERATIONAL,"('real_estate_agency', 'finance', 'consultant', 'point_of_interest', 'establishment')",04007
Tecnocasa agencia inmobiliaria ( 04008 ),"C. Granada, 273, Tecnocasa, 04008 Almería, España",+34 850 98 19 89,https://almeria2.tecnocasa.es/,4.5,64.0,es,Google reviews: 4.5* / 64,OPERATIONAL,"('real_estate_agency', 'finance', 'consultant', 'point_of_interest', 'establishment')",04008
Grupo Vittaria,"C. Rafael Alberti, 11, Local esquina, 04004 Almería, España",+34 623 70 12 62,https://www.instagram.com/grupovittaria/?hl=es,5.0,10.0,es,Google reviews: 5* / 10,OPERATIONAL,"('real_estate_agency', 'point_of_interest', 'establishment')",04004
Serrano Inmobiliaria,"C. Javier Sanz, 7, Entlo. 6, 04004 Almería, España",+34 678 61 79 42,http://www.serranogrupoinmobiliario.net/,5.0,1.0,es,Google reviews: 5* / 1,OPERATIONAL,"('real_estate_agency', 'point_of_interest', 'establishment')",04004
LOFT Servicios Inmobiliarios,"Av. de Cabo de Gata, 68, 04007 Almería, España",+34 950 71 02 38,http://www.loftagencia.com/,3.5,154.0,es,Google reviews: 3.5* / 154,OPERATIONAL,"('real_estate_agency', 'point_of_interest', 'establishment')",04007
Almería Propiedades Inmobiliaria A.M,"San Felix, C. David, 12, 04008 Almería, España",+34 950 68 40 52,https://almeriapropiedades.com.es/,4.7,14.0,es,Google reviews: 4.7* / 14,OPERATIONAL,"('real_estate_agency', 'point_of_interest', 'establishment')",04008
Inmobiliaria M. Ángeles,"04008 Almería, España",+34 618 74 78 46,,5.0,7.0,es,Google reviews: 5* / 7,OPERATIONAL,"('real_estate_agency', 'point_of_interest', 'establishment')",04008
PTL Inmobiliaria,"C. Llano Amarillo, 2, 04008 Almería, España",+34 615 11 16 62,http://www.ptlinmobiliaria.es/,4.4,26.0,es,Google reviews: 4.4* / 26,OPERATIONAL,"('real_estate_agency', 'point_of_interest', 'establishment')",04008
AGENCIA INMOBILIARIA EN ALMERIA ,"C. Pedro Jover, 29, local 2, 04002 Almería, España",+34 610 71 52 61,https://www.facebook.com/Inmobiliaria-Almeria-Almericris-102537322292980/?ref=pages_you_manage,3.2,9.0,es,Google reviews: 3.2* / 9,OPERATIONAL,"('real_estate_agency', 'consultant', 'point_of_interest', 'establishment')",04002
VENTACASA,,+34 640 24 14 84,http://ventacasaalmeria.es/,5.0,2.0,es,Google reviews: 5* / 2,OPERATIONAL,"('real_estate_agency', 'establishment')",
Inmobiliaria Ven y Vive Almería,"Av. del Mediterráneo, 296, 04006 Almería, España",+34 950 17 33 10,http://www.venyvive.com/,4.4,37.0,es,Google reviews: 4.4* / 37,OPERATIONAL,"('real_estate_agency', 'point_of_interest', 'establishment')",04006
Inmobiliaria Vendemos,"C. Santiago, 37, 1°2, 04006 Almería, España",+34 625 42 68 95,https://inmobiliariavendemos.com/,4.9,15.0,es,Google reviews: 4.9* / 15,OPERATIONAL,"('real_estate_agency', 'point_of_interest', 'establishment')",04006
Indal Inmobiliaria,"Calle Dr. Carracido, 23, Local, 04005 Almería, España",+34 950 53 11 97,http://www.indalinmobiliaria.es/,4.1,39.0,es,Google reviews: 4.1* / 39,OPERATIONAL,"('real_estate_agency', 'point_of_interest', 'establishment')",04005
Trexa,"Av. de Cabo de Gata, 29, Planta -1, 04007 Almería, España",+34 717 77 37 01,https://trexarealty.es/,4.8,20.0,es,Google reviews: 4.8* / 20,OPERATIONAL,"('real_estate_agency', 'consultant', 'point_of_interest', 'establishment')",04007
Inmobiliaria Costa Almería,"Ctra. de Ronda, 3, 04004 Almería, España",+34 670 69 69 69,https://inmobiliariacostalameria.com/,2.0,7.0,es,Google reviews: 2* / 7,OPERATIONAL,"('real_estate_agency', 'consultant', 'finance', 'point_of_interest', 'establishment')",04004
samhogar inmobiliaria,"C. Pablo Ruiz Picasso, 3, 04005 Almería, España",+34 660 00 38 25,,5.0,8.0,es,Google reviews: 5* / 8,OPERATIONAL,"('real_estate_agency', 'point_of_interest', 'establishment')",04005
Clares Inmobiliaria,"Av. del Mediterráneo, 382, 04009 Almería, España",+34 640 93 62 73,https://claresinmobiliaria.es/,4.7,49.0,es,Google reviews: 4.7* / 49,OPERATIONAL,"('real_estate_agency', 'point_of_interest', 'establishment')",04009
REMAX Vetusta III Inmobiliaria Almeria,"Av. del Mediterráneo, 252, 04006 Almería, España",+34 628 57 86 21,https://www.remax.es/,5.0,11.0,es,Google reviews: 5* / 11,OPERATIONAL,"('real_estate_agency', 'point_of_interest', 'establishment')",04006
INMOBILIARIA ALTAMIRA,"Av. de la Estación, 04005 Almería, España",+34 950 22 90 85,,3.7,7.0,es,Google reviews: 3.7* / 7,OPERATIONAL,"('real_estate_agency', 'point_of_interest', 'establishment')",04005
Inmobiliaria Jose Caparrós,"C. Universidad de Texas, 2, 04005 Almería, España",,http://www.inmobiliairiajosecaparros.com/,4.9,15.0,es,Google reviews: 4.9* / 15,OPERATIONAL,"('real_estate_agency', 'point_of_interest', 'establishment')",04005
Solvia Inmobiliaria ( 04005 ),"Calle Dr. Carracido, 14, 04005 Almería, España",+34 655 57 01 08,https://www.solvia.es/,3.5,14.0,es,Google reviews: 3.5* / 14,OPERATIONAL,"('real_estate_agency', 'point_of_interest', 'establishment')",04005
Lalanza Inmobiliaria,"Av. de Cabo de Gata, 106, Local 2, 04007 Almería, España",+34 606 69 69 72,http://www.lalanzainmobiliaria.com/,4.0,9.0,es,Google reviews: 4* / 9,OPERATIONAL,"('real_estate_agency', 'point_of_interest', 'establishment')",04007
BRISAHOGAR,"Av. de Cabo de Gata, 136, 04007 Almería, España",+34 950 24 43 57,http://www.brisahogar.es/,4.1,62.0,es,Google reviews: 4.1* / 62,OPERATIONAL,"('real_estate_agency', 'point_of_interest', 'establishment')",04007
Inmoviviendas,"C. Fénix, 380, 04009 Almería, España",+34 608 53 33 67,http://www.inmoviviendas.es/,4.2,5.0,es,Google reviews: 4.2* / 5,OPERATIONAL,"('real_estate_agency', 'point_of_interest', 'establishment')",04009
INMOBILIARIA JEREZANA,"C. José Artés de Arcos, 23, 04004 Almería, España",+34 624 52 45 26,http://inmojerezana.com/,4.0,3.0,es,Google reviews: 4* / 3,OPERATIONAL,"('real_estate_agency', 'point_of_interest', 'establishment')",04004
DCasa Inmobiliaria,"C. Juan Valverde Domínguez, 14, 04006 Almería, España",+34 672 79 10 11,http://www.dcasainmobiliaria.es/,5.0,1.0,es,Google reviews: 5* / 1,OPERATIONAL,"('real_estate_agency', 'point_of_interest', 'establishment')",04006
Inmobiliaria Zapillo Inversiones,"Av. de Cabo de Gata, 166, 04007 Almería, España",+34 950 25 97 12,https://www.zapillo.com/,3.8,53.0,es,Google reviews: 3.8* / 53,OPERATIONAL,"('real_estate_agency', 'point_of_interest', 'establishment')",04007
Inversiones Playmar,"Av. de Cabo de Gata, 142, 04007 Almería, España",+34 623 36 35 44,https://www.idealista.com/pro/inversionesplaymar/alquiler-viviendas/,4.0,104.0,es,Google reviews: 4* / 104,OPERATIONAL,"('real_estate_agency', 'point_of_interest', 'establishment')",04007
RE/MAX Solución II,"Av. de Cabo de Gata, 33, 04007 Almería, España",+34 950 52 01 89,https://solucion2.remax.es/,4.8,30.0,es,Google reviews: 4.8* / 30,OPERATIONAL,"('real_estate_agency', 'point_of_interest', 'establishment')",04007
Alarcón & Asociados,"Av. de Cabo de Gata, 33, bis, 04007 Almería, España",+34 950 93 98 01,http://www.alarconyasociados.com/,4.8,6.0,es,Google reviews: 4.8* / 6,OPERATIONAL,"('real_estate_agency', 'point_of_interest', 'establishment')",04007
Clivia,"C. Argentinita, 04007 Almería, España",+34 950 00 70 26,,5.0,1.0,es,Google reviews: 5* / 1,OPERATIONAL,"('real_estate_agency', 'point_of_interest', 'establishment')",04007
Inmobiliaria ( 04240 ),"C. Real, 22, 04240 Viator, Almería, España",+34 637 23 85 10,,4.5,95.0,es,Google reviews: 4.5* / 95,OPERATIONAL,"('real_estate_agency', 'point_of_interest', 'establishment')",04240
Paco Ruiz Inmobiliaria,,+34 629 97 70 21,https://pacoruiz.es/,5.0,42.0,es,Google reviews: 5* / 42,OPERATIONAL,"('real_estate_agency', 'establishment')",
Rodalsi Servicios Inmobiliarios,,+34 633 12 37 79,http://www.rodalsi.com/,4.9,44.0,es,Google reviews: 4.9* / 44,OPERATIONAL,"('real_estate_agency', 'establishment')",
Boho Inmobiliaria Almería,"C. Arcilla, 69, 04230 Huércal de Almería, Almería, España",+34 642 83 02 05,https://www.bohoinmobiliaria.com/,4.9,58.0,es,Google reviews: 4.9* / 58,OPERATIONAL,"('real_estate_agency', 'point_of_interest', 'establishment')",04230
PROTEVIAL,"C. de la Cartagenera, 16, 04008 Almería, España",,http://www.viviendasprotevial.com/,3.2,5.0,es,Google reviews: 3.2* / 5,OPERATIONAL,"('real_estate_agency', 'point_of_interest', 'establishment')",04008
Otro Enfoque Inmobiliaria,"C. Río Júcar, 17, 1°- oficina 3, 04230 Huércal de Almería, Almería, España",+34 626 59 78 75,http://www.otroenfoqueinmobiliaria.es/,5.0,56.0,es,Google reviews: 5* / 56,OPERATIONAL,"('real_estate_agency', 'point_of_interest', 'establishment')",04230
Inmobiliaria Martín Beltrán,"C. Einstein, 24, 04230 Huércal de Almería, Almería, España",+34 687 76 66 87,http://inmobiliariamartinbeltran.com/,4.6,40.0,es,Google reviews: 4.6* / 40,OPERATIONAL,"('real_estate_agency', 'point_of_interest', 'establishment')",04230
Inmobiliaria El Toyo,"P.º del Toyo, 1, Nº 1, 04131 Retamar, Almería, España",+34 686 51 56 56,http://www.eltoyo.com/,4.6,29.0,es,Google reviews: 4.6* / 29,OPERATIONAL,"('real_estate_agency', 'insurance_agency', 'finance', 'consultant', 'point_of_interest', 'establishment')",04131
Inmobiliaria Pereda,"Avenida de las Gaviotas, Club Tropicana Bloque 3, 04740 Urbanización de Roquetas de Mar, Almería, España",+34 950 33 40 20,http://www.inmobiliariapereda.es/,4.5,77.0,es,Google reviews: 4.5* / 77,OPERATIONAL,"('real_estate_agency', 'point_of_interest', 'establishment')",04740
Almería Casas,"Av. Lepanto, 24, 04800 Albox, Almería, España",+34 950 16 96 80,https://almeriacasas.com/,4.8,105.0,es,Google reviews: 4.8* / 105,OPERATIONAL,"('real_estate_agency', 'finance', 'consultant', 'point_of_interest', 'establishment')",04800
Almeria Homes,"Av. América, 20, 04800 Albox, Almería, España",+34 642 47 93 49,https://almeriahomes.com/,4.8,289.0,es,Google reviews: 4.8* / 289,OPERATIONAL,"('real_estate_agency', 'point_of_interest', 'establishment')",04800
Grupo Rukasa ,"C. Miguel Indurain, 11, 04740 Roquetas de Mar, Almería, España",+34 910 05 39 93,http://pisosdealmeria.es/,4.5,69.0,es,Google reviews: 4.5* / 69,OPERATIONAL,"('real_estate_agency', 'consultant', 'point_of_interest', 'establishment')",04740
INMOBILIARIA TROPICALSUN,"Calle Mar Egeo 4, Residencial Albaida, Local 7, 04740 Roquetas de Mar, Almería, España",+34 627 40 17 24,https://www.tropicalsuninmobiliaria.com/,,,es,Google reviews: * / None,OPERATIONAL,"('real_estate_agency', 'point_of_interest', 'establishment')",04740
Almería Estates Sl,"Pl. Andalucía, 2, 04800 Albox, Almería, España",+34 635 69 04 87,http://www.almeriaestates.com/,3.2,49.0,es,Google reviews: 3.2* / 49,OPERATIONAL,"('real_estate_agency', 'point_of_interest', 'establishment')",04800
TOYOMAR Inmobiliaria,"Cam. de la Botica, 11, L1, 04131 Retamar, Almería, España",+34 950 20 73 59,https://www.toyomar.es/,4.0,14.0,es,Google reviews: 4* / 14,OPERATIONAL,"('real_estate_agency', 'point_of_interest', 'establishment')",04131
ZAR 2010 Inmobiliaria,"Calle Mayor, 48, 04630 Garrucha, Almería, España",+34 950 13 29 49,http://www.zar2010.com/,4.9,108.0,es,Google reviews: 4.9* / 108,OPERATIONAL,"('real_estate_agency', 'consultant', 'point_of_interest', 'establishment')",04630
Clover Estates,"Ctra. de la Estación, 17, 04800 Albox, Almería, España",+34 950 12 12 29,https://cloverestates.com/,4.6,164.0,es,Google reviews: 4.6* / 164,OPERATIONAL,"('real_estate_agency', 'consultant', 'general_contractor', 'point_of_interest', 'establishment')",04800
Propiedades Cabo de Gata Inmobiliaria,"C. Sorbas, 17, 04140 Carboneras, Almería, España",+34 678 66 49 34,http://www.grupoelarenal.com/inmobiliaria/,4.3,28.0,es,Google reviews: 4.3* / 28,OPERATIONAL,"('real_estate_agency', 'point_of_interest', 'establishment')",04140
Inmobiliaria Almanzora,"Pl. Nueva, 6, 04800 Albox, Almería, España",+34 659 14 15 94,http://www.inmobiliaria-almanzora.com/,3.5,10.0,es,Google reviews: 3.5* / 10,OPERATIONAL,"('real_estate_agency', 'point_of_interest', 'establishment')",04800
Durán Servicios Inmobiliarios ( 04700 ),"C. Cervantes, 126, 04700 El Ejido, Almería, España",+34 950 48 80 44,http://www.inmoduran.com/,4.6,168.0,es,Google reviews: 4.6* / 168,OPERATIONAL,"('real_estate_agency', 'point_of_interest', 'establishment')",04700
Angel Property inmobiliaria,"C. Mayor, 45, 04617 Palomares, Almería, España",+34 950 61 80 54,http://www.angelproperty.net/,4.3,51.0,es,Google reviews: 4.3* / 51,OPERATIONAL,"('real_estate_agency', 'point_of_interest', 'establishment')",04617
MYA Inmobiliaria sca,"C. Huerta de los Aros, 2, 04100 Níjar, Almería, España",+34 635 66 22 22,https://mariolayangeles.com/,5.0,2.0,es,Google reviews: 5* / 2,OPERATIONAL,"('real_estate_agency', 'point_of_interest', 'establishment')",04100
K7 Grupo Inmobiliario MOJÁCAR,"P.º del Mediterráneo, 201, 04638 Vista de los Ángeles-Rumina, Almería, España",+34 950 47 85 55,http://www.k7mojacar.com/,4.2,50.0,es,Google reviews: 4.2* / 50,OPERATIONAL,"('real_estate_agency', 'point_of_interest', 'establishment')",04638
MEDITERRA Inmobiliaria en Almerimar,"Puerto deportivo, C. Canoa, 19, 04711 Almerimar, Almería, España",+34 950 49 79 60,https://www.facebook.com/Inmobiliariamediterra/,4.8,53.0,es,Google reviews: 4.8* / 53,OPERATIONAL,"('real_estate_agency', 'point_of_interest', 'establishment')",04711
JEREZ INMOBILIARIA NÍJAR ALMERÍA,"Av. las Negras, 37, 04110 Campohermoso, Almería, España",+34 950 38 53 25,http://www.jerezinmobiliaria.com/,3.8,14.0,es,Google reviews: 3.8* / 14,OPERATIONAL,"('real_estate_agency', 'insurance_agency', 'finance', 'consultant', 'general_contractor', 'point_of_interest', 'establishment')",04110
Inmobiliaria Martín,"Carr. Iryda, 94, 04110 Campohermoso, Almería, España",+34 670 09 52 48,http://inmomartin.com/,4.9,38.0,es,Google reviews: 4.9* / 38,OPERATIONAL,"('real_estate_agency', 'point_of_interest', 'establishment')",04110
Balsera Gestión Inmobiliaria SL,"Av. Constitución, 5, 04117 Almería, España",+34 950 36 71 24,https://www.inmobiliariabalsera.es/alquilar-casas-y-chalets-en-almeria,5.0,1.0,es,Google reviews: 5* / 1,OPERATIONAL,"('real_estate_agency', 'point_of_interest', 'establishment')",04117
Spanish Property Choice,"P.º del Mediterráneo, 363, 04638 Mojácar, Almería, España",+34 950 61 53 88,http://www.spanishpropertychoice.com/,4.4,222.0,en,Google reviews: 4.4* / 222,OPERATIONAL,"('real_estate_agency', 'point_of_interest', 'establishment')",04638
Inversiones Fernández,"Pl. del Granero, 2, 04100 Níjar, Almería, España",+34 653 82 18 68,http://www.inversionesfernandez.com/,4.5,28.0,es,Google reviews: 4.5* / 28,OPERATIONAL,"('real_estate_agency', 'point_of_interest', 'establishment')",04100
Tecnocasa Agencia inmobiliaria,"Av. las Negras, 33, loc, 04110 Níjar, Almería, España",+34 698 96 17 99,https://nijar1.tecnocasa.es/,4.6,68.0,es,Google reviews: 4.6* / 68,OPERATIONAL,"('real_estate_agency', 'finance', 'consultant', 'point_of_interest', 'establishment')",04110
Piso,"C. la Carrera, 24, 04100 Níjar, Almería, España",+34 687 26 04 17,https://www.facebook.com/alquilerpisosnijar,3.2,5.0,es,Google reviews: 3.2* / 5,OPERATIONAL,"('real_estate_agency', 'point_of_interest', 'establishment')",04100
Inmobiliaria Cirsal,"Av. Constitución, 0, 04117 San Isidro de Níjar, Almería, España",+34 950 61 22 92,https://www.inmobiliariacirsal.es/,5.0,1.0,es,Google reviews: 5* / 1,OPERATIONAL,"('real_estate_agency', 'point_of_interest', 'establishment')",04117
IDP Gestion de Inmuebles (Inmobiliaria del Pueblo),"C. Carril, 9, Local, 04600 Huércal-Overa, Almería, España",+34 654 34 33 43,http://www.inmoidp.com/,4.1,98.0,es,Google reviews: 4.1* / 98,OPERATIONAL,"('real_estate_agency', 'point_of_interest', 'establishment')",04600
Inmosabinal,"C. Alcaicería, 26, 1-B, 04720 Aguadulce, Almería, España",+34 950 34 17 00,http://www.inmosabinal.com/,4.1,45.0,es,Google reviews: 4.1* / 45,OPERATIONAL,"('real_estate_agency', 'point_of_interest', 'establishment')",04720
REMAX PLAYA,"Avda. Ciudad de Valencia 2 C.C, Supermercados Consum, local 1 bajo (junto, 04621 Vera, Almería, España",+34 950 61 72 14,http://www.remaxplaya.es/,4.4,148.0,es,Google reviews: 4.4* / 148,OPERATIONAL,"('real_estate_agency', 'point_of_interest', 'establishment')",04621
Casa La Reja,,+34 669 37 80 60,https://airbnb.com/h/casalareja,,,es,Google reviews: * / None,OPERATIONAL,"('real_estate_agency', 'establishment')",
Inmobiliaria Campillo Olivencia,"Carr. de Almería, 2, 04770 Adra, Almería, España",+34 950 40 29 62,https://www.campillolivencia.com/,3.7,10.0,es,Google reviews: 3.7* / 10,OPERATIONAL,"('real_estate_agency', 'point_of_interest', 'establishment')",04770
REMAX Indalo Las Negras ,"Centro Comercial Bergantín, C. Cantos Rodados, Local A5, 04116 Las Negras, Almería, España",+34 950 38 56 87,http://www.remaxindalo.es/,4.8,90.0,es,Google reviews: 4.8* / 90,OPERATIONAL,"('real_estate_agency', 'point_of_interest', 'establishment')",04116
El Playazo Gestión Inmobiliaria,"C. de Cerro Negro, s/n, 04116 Las Negras, Almería, España",+34 950 38 80 65,http://www.elplayazo.com/,4.1,16.0,es,Google reviews: 4.1* / 16,OPERATIONAL,"('real_estate_agency', 'point_of_interest', 'establishment')",04116
Inmobiliaria El Cacho,"C. Pintarroja, 1, 04116 Las Negras, Almería, España",+34 654 86 14 97,https://www.inmobiliariaelcacho.es/,5.0,1.0,es,Google reviews: 5* / 1,OPERATIONAL,"('real_estate_agency', 'point_of_interest', 'establishment')",04116
CABOKEY: INMOBILIARIA + CONSTRUCCION + INTERIORISMO,,+34 654 87 09 87,http://www.cabokey.es/,5.0,84.0,es,Google reviews: 5* / 84,OPERATIONAL,"('real_estate_agency', 'establishment')",
EGOA Cabo de Gata,,,https://egoacabodegata.com/,5.0,17.0,es,Google reviews: 5* / 17,OPERATIONAL,"('real_estate_agency', 'establishment')",
AQUITIENESLOQUEBUSCAS.COM,,+34 950 38 69 03,https://www.aquitienesloquebuscas.com/,3.5,2.0,es,Google reviews: 3.5* / 2,OPERATIONAL,"('real_estate_agency', 'establishment')",
Inmobiliaria Karidemo,"C. Mare Nostrum, 6b, 04149 Agua Amarga, Almería, España",+34 950 13 80 22,http://www.karidemo.com/,4.3,31.0,es,Google reviews: 4.3* / 31,OPERATIONAL,"('real_estate_agency', 'point_of_interest', 'establishment')",04149
Inmobiliaria Jurídica Gámez Rosales,"Calle Dr. Gregorio Marañón, 04005 Almería, España",+34 950 62 25 55,https://www.gamezrosales.com/,,,es,Google reviews: * / None,OPERATIONAL,"('real_estate_agency', 'point_of_interest', 'establishment')",04005
New Horizon Villas ,"Calle Guadalquivir 27, 04661 Los Carasoles, Almería, España",+34 636 20 50 70,https://www.newhorizonvillas.com/,4.8,220.0,es,Google reviews: 4.8* / 220,OPERATIONAL,"('real_estate_agency', 'point_of_interest', 'establishment')",04661
Otherhouse S L,"C. Mare Nostrum, 6, 04149 Agua Amarga, Almería, España",+34 950 13 80 22,,,,es,Google reviews: * / None,OPERATIONAL,"('real_estate_agency', 'point_of_interest', 'establishment')",04149
Inmobiliaria Juan J. del Águila M.,"Plaza de Genova, 10, 04118 San José, Almería, España",+34 950 38 02 35,https://www.delaguila.net/,4.8,5.0,es,Google reviews: 4.8* / 5,OPERATIONAL,"('real_estate_agency', 'consultant', 'point_of_interest', 'establishment')",04118
Indalmar San Jose,"C. Curry, 5, 04118 San José, Almería, España",+34 651 90 84 70,http://www.indalmarsanjose.com/,4.6,20.0,es,Google reviews: 4.6* / 20,OPERATIONAL,"('real_estate_agency', 'insurance_agency', 'point_of_interest', 'establishment')",04118
Cabo de Gata Inversión,"C. Correo, 1, 04118 San José, Almería, España",+34 608 05 64 77,https://www.cabodegatainversion.com/,4.4,13.0,es,Google reviews: 4.4* / 13,OPERATIONAL,"('real_estate_agency', 'point_of_interest', 'establishment')",04118
HMS Servicios Inmobiliarios,"C. la Calilla, 16, 04118 San José, Almería, España",+34 950 38 01 46,https://www.hms-spain.es/,4.2,70.0,es,Google reviews: 4.2* / 70,OPERATIONAL,"('real_estate_agency', 'point_of_interest', 'establishment')",04118
Relaño de Hoces S.L.,"C. de la Pl., 8, 04118 San José, Almería, España",+34 950 38 00 22,,3.0,1.0,es,Google reviews: 3* / 1,OPERATIONAL,"('real_estate_agency', 'point_of_interest', 'establishment')",04118
ESPACIO BOTAVARA,"C. Coral, 1, 04118 San José, Almería, España",+34 615 39 51 07,https://www.botavarasanjose.es/,3.8,10.0,es,Google reviews: 3.8* / 10,OPERATIONAL,"('real_estate_agency', 'lodging', 'point_of_interest', 'establishment')",04118
Inmobiliaria Mae Capital,,+34 650 76 09 08,https://www.maecapitalinmobiliaria.com/,5.0,10.0,es,Google reviews: 5* / 10,OPERATIONAL,"('real_estate_agency', 'establishment')",
MERAKI Homes ,"Carretera Níjar - la Cañada, 151, Local 2, 04120 La Cañada, Almería, España",+34 617 96 90 86,https://www.merakihomes.es/,4.5,65.0,es,Google reviews: 4.5* / 65,OPERATIONAL,"('real_estate_agency', 'point_of_interest', 'establishment')",04120
BERENGUEL LOPEZ INMOBILIARIA,"Carretera Níjar - la Cañada, 74, 04120 Almería, España",+34 950 10 20 30,http://www.berenguellopez.com/,5.0,2.0,es,Google reviews: 5* / 2,OPERATIONAL,"('real_estate_agency', 'point_of_interest', 'establishment')",04120
Tecnocasa agencia inmobiliaria ( 04120 ),"Carretera Níjar - la Cañada, 99, 04120 Almería, España",+34 722 35 30 20,https://almeria4.tecnocasa.es/,4.1,50.0,en,Google reviews: 4.1* / 50,OPERATIONAL,"('real_estate_agency', 'consultant', 'finance', 'point_of_interest', 'establishment')",04120
Turalmeria Inmobiliaria,"Cam. de la Plata, 28, Local 4, 04131 Retamar, Almería, España",+34 629 28 93 81,http://turalmeria.com/,4.9,33.0,es,Google reviews: 4.9* / 33,OPERATIONAL,"('real_estate_agency', 'point_of_interest', 'establishment')",04131
Tecnocasa agencia inmobiliaria ( 04230 ),"Ctra. Almería, 112, bajo, 04230 Huércal de Almería, Almería, España",+34 850 98 03 26,https://huercaldealmeria1.tecnocasa.es/,4.6,126.0,es,Google reviews: 4.6* / 126,OPERATIONAL,"('real_estate_agency', 'finance', 'consultant', 'point_of_interest', 'establishment')",04230
Servicios inmobiliarios Mariyyat,"Av juegos mediterraneos nº4 acceso D 1, bajo A, 04131 Retamar, Almería, España",+34 610 72 60 63,http://www.inmobiliariamariyyat.com/,4.5,14.0,es,Google reviews: 4.5* / 14,OPERATIONAL,"('real_estate_agency', 'point_of_interest', 'establishment')",04131
Inmobiliaria Caparrós ,"C. Concordia, 2, 04620 Vera, Almería, España",+34 627 64 65 74,http://www.inmobiliariacaparros.com/,4.8,196.0,es,Google reviews: 4.8* / 196,OPERATIONAL,"('real_estate_agency', 'point_of_interest', 'establishment')",04620
Company Inmobiliaria,"C. Bidasoa, 8, local 2, 04006 Almería, España",+34 950 67 34 89,https://www.companyinmobiliaria.com/,1.5,8.0,es,Google reviews: 1.5* / 8,OPERATIONAL,"('real_estate_agency', 'point_of_interest', 'establishment')",04006
www.El Toyo.com,"P.º del Toyo, 1, 04131 Retamar, Almería, España",+34 686 51 56 56,http://www.eltoyo.info/,4.7,3.0,es,Google reviews: 4.7* / 3,OPERATIONAL,"('real_estate_agency', 'point_of_interest', 'establishment')",04131
Francisco Javier Hernandez Rodero,"Av. de los Juegos del Mediterráneo, 4, ACCESO D BLOQUE 1 BAJO A, 04131 Retamar, Almería, España",+34 610 72 60 63,https://www.javierhrodero.com/,,,es,Google reviews: * / None,OPERATIONAL,"('real_estate_agency', 'point_of_interest', 'establishment')",04131
Gestión Inmobiliaria La Juaida,"C. Sierra de Telar, 18, 04240 Viator, Almería, España",+34 619 17 70 00,,1.0,2.0,es,Google reviews: 1* / 2,OPERATIONAL,"('real_estate_agency', 'point_of_interest', 'establishment')",04240
Inverfinsa Inmobiliaria,"P.º del Toyo, 04131 Almería, España",+34 642 61 46 33,,2.3,6.0,es,Google reviews: 2.3* / 6,OPERATIONAL,"('real_estate_agency', 'point_of_interest', 'establishment')",04131
Servicios inmobiliarios Redhome,"C. de los Juegos de Languedoc-Rosellon, 30, 04131 Retamar, Almería, España",+34 666 16 20 16,,4.0,2.0,es,Google reviews: 4* / 2,OPERATIONAL,"('real_estate_agency', 'point_of_interest', 'establishment')",04131
Inmobiliaria J.M.,"Vereda de la Luz, 5, 04130 Retamar, Almería, España",+34 950 85 08 81,,,,es,Google reviews: * / None,OPERATIONAL,"('real_estate_agency', 'point_of_interest', 'establishment')",04130
Inmobiliaria Litoral Almería,"C. Sorbas, 30, 04140 Carboneras, Almería, España",+34 622 34 11 19,https://www.facebook.com/share/15PEk527BH/?mibextid=LQQJ4d,5.0,28.0,es,Google reviews: 5* / 28,OPERATIONAL,"('real_estate_agency', 'point_of_interest', 'establishment')",04140
Inmobiliaria en Carboneras y Gestiones Turísticas Alsur,"Av. Garrucha, 22, 04140 Carboneras, Almería, España",+34 619 05 06 08,http://alsurgestion.com/,5.0,14.0,es,Google reviews: 5* / 14,OPERATIONAL,"('real_estate_agency', 'point_of_interest', 'establishment')",04140
Monsul Gestion,"Av. del Mar, 4, 04140 Carboneras, Almería, España",+34 613 00 68 04,http://www.monsul-gestion.es/,4.9,119.0,fr,Google reviews: 4.9* / 119,OPERATIONAL,"('real_estate_agency', 'point_of_interest', 'establishment')",04140
www.inmohouses.com,"Calle Pte., 1, 04140 Carboneras, Almería, España",+34 617 70 35 98,http://www.inmohouses.com/,5.0,1.0,es,Google reviews: 5* / 1,OPERATIONAL,"('real_estate_agency', 'point_of_interest', 'establishment')",04140
Inmobiliaria Salvador Belmonte,"P.º Marítimo, 83, 04140 Carboneras, Almería, España",+34 650 45 87 82,http://www.salvadorbelmonte.com/,4.3,3.0,es,Google reviews: 4.3* / 3,OPERATIONAL,"('real_estate_agency', 'point_of_interest', 'establishment')",04140
Inmobiliaria Sánchez · Oficina de Turismo en Carboneras,"P.º Marítimo, 43, 04140 Carboneras, Almería, España",+34 950 13 09 60,https://www.inmobiliariasanchez.es/,3.8,8.0,es,Google reviews: 3.8* / 8,OPERATIONAL,"('real_estate_agency', 'local_government_office', 'government_office', 'point_of_interest', 'establishment')",04140
ServiTurismo Carboneras,"C. Almería, 10, 04140 Carboneras, Almería, España",+34 600 57 11 05,http://www.serviturismo-carboneras.com/,4.4,14.0,fr,Google reviews: 4.4* / 14,OPERATIONAL,"('real_estate_agency', 'point_of_interest', 'establishment')",04140
Inmohouses,"P.º Marítimo, 55, 04140 Carboneras, Almería, España",+34 657 18 02 60,,2.6,5.0,es,Google reviews: 2.6* / 5,OPERATIONAL,"('real_estate_agency', 'point_of_interest', 'establishment')",04140
Fincas Mesa Roldán,"C. Sorbas, 31, 04140 Carboneras, Almería, España",+34 647 84 85 89,http://www.fincasmesaroldan.com/,,,es,Google reviews: * / None,OPERATIONAL,"('real_estate_agency', 'point_of_interest', 'establishment')",04140
Angeles Muñoz Agente inmobiliario,,+34 635 66 22 22,https://mariolayangeles.com/,,,es,Google reviews: * / None,OPERATIONAL,"('real_estate_agency', 'establishment')",
Inversiones Valeramor SL ( 04151 ),"C / Cigüeña Negra, Nº 1, 04151 Huércal de Almería, Almería, España",,http://inversionesvaleramor.com/,5.0,3.0,es,Google reviews: 5* / 3,OPERATIONAL,"('real_estate_agency', 'point_of_interest', 'establishment')",04151
FOXHOUSE,,+34 950 93 61 33,https://www.foxhouse.pro/,,,es,Google reviews: * / None,OPERATIONAL,"('real_estate_agency', 'establishment')",
Inmobiliria Spirit Habitat SL,"C. Chillida, 4, Planta 2 Puerta 7, 04740 Roquetas de Mar, Almería, España",+34 673 47 86 23,http://www.spirithabitat.es/,4.1,59.0,es,Google reviews: 4.1* / 59,OPERATIONAL,"('real_estate_agency', 'point_of_interest', 'establishment')",04740
Inmobiliaria en Roquetas de Mar TODO CHALET,"Av. Mediterráneo, 37, 04740 Roquetas de Mar, Almería, España",+34 676 63 85 51,http://todochalet.com/,2.5,20.0,es,Google reviews: 2.5* / 20,OPERATIONAL,"('real_estate_agency', 'point_of_interest', 'establishment')",04740
Hidealsur,,+34 695 12 77 23,https://hidealsur.com/,5.0,6.0,es,Google reviews: 5* / 6,OPERATIONAL,"('real_estate_agency', 'establishment')",
Lao Inmobiliaria ,"Av. de 28 de Febrero, 71, 04410 Benahadux, Almería, España",+34 950 04 51 03,http://www.laoinmobiliaria.com/,4.7,162.0,es,Google reviews: 4.7* / 162,OPERATIONAL,"('real_estate_agency', 'point_of_interest', 'establishment')",04410
Casa Contenta Almería,"Baños de la Sierra Alhamilla, 04259 Pechina, Almería, España",+34 611 82 64 52,https://www.casa-contenta.es/,5.0,9.0,es,Google reviews: 5* / 9,OPERATIONAL,"('real_estate_agency', 'finance', 'point_of_interest', 'establishment')",04259
Alejandro Cabrera Servicios Inmobiliarios,,+34 950 79 21 36,https://www.pisos.com/inmobiliaria-alejandro_cabrera_servicios_inmobiliarios/,5.0,6.0,es,Google reviews: 5* / 6,OPERATIONAL,"('real_estate_agency', 'establishment')",
María Sánchez ,"Ctra. Almería, 04230 Huércal de Almería, Almería, España",+34 697 93 46 82,,,,es,Google reviews: * / None,OPERATIONAL,"('real_estate_agency', 'point_of_interest', 'establishment')",04230
Javier Vandewalle,"domicilio fiscal:, C. Sierra de Gredos, 29, Esc 2 - 2C, 04009 Almería, España",+34 639 12 09 44,http://www.javiervandewalle.com/,5.0,12.0,es,Google reviews: 5* / 12,OPERATIONAL,"('real_estate_agency', 'consultant', 'point_of_interest', 'establishment')",04009
Fincas Calatrava,"04200, Almería, España",+34 950 36 93 00,,,,es,Google reviews: * / None,OPERATIONAL,"('real_estate_agency', 'point_of_interest', 'establishment')",04200
Soluciones Inmobiliarias TRIAL 3 S.L.,,+34 955 27 56 01,http://trial3.es/,4.1,96.0,es,Google reviews: 4.1* / 96,OPERATIONAL,"('real_estate_agency', 'establishment')",
Cortijos Almeria,"C. Europa, 12, 04270 Sorbas, Almería, España",+34 650 59 07 50,http://www.cortijosalmeria.com/,4.6,25.0,es,Google reviews: 4.6* / 25,OPERATIONAL,"('real_estate_agency', 'point_of_interest', 'establishment')",04270
Inmobiliaria Indalofincas,"C. Méndez Núñez, 22, 04001 Almería, España",+34 660 76 43 22,https://www.indalofincas.com/,1.0,1.0,es,Google reviews: 1* / 1,OPERATIONAL,"('real_estate_agency', 'point_of_interest', 'establishment')",04001
Century 21 Aurum,"C/ Dársena de la Batea, 32, 04711 Almerimar, Almería, España",+34 606 12 20 87,http://aurum.century21.es/,4.8,146.0,es,Google reviews: 4.8* / 146,OPERATIONAL,"('real_estate_agency', 'point_of_interest', 'establishment')",04711
Casas Almeria Inmobiliaria,"C. Carretera, 118, bj, 04600 Huércal-Overa, Almería, España",+34 950 13 44 34,http://www.casasalmeria.com/,5.0,32.0,es,Google reviews: 5* / 32,OPERATIONAL,"('real_estate_agency', 'lawyer', 'consultant', 'point_of_interest', 'establishment')",04600
Residencial Los Pinos (Inalgra SL),"C. Arcilla, 3, 04230 Huércal de Almería, Almería, España",+34 950 30 19 92,https://www.lospinoshuercal.com/,4.3,9.0,es,Google reviews: 4.3* / 9,OPERATIONAL,"('real_estate_agency', 'general_contractor', 'point_of_interest', 'establishment')",04230
Elite Bienes de Patrimonio S.L,"Av. Guillermo Reyna, 33, local b, 04600 Huércal-Overa, Almería, España",+34 633 07 78 37,https://www.inmobiliariaelite.es/,4.6,11.0,es,Google reviews: 4.6* / 11,OPERATIONAL,"('real_estate_agency', 'point_of_interest', 'establishment')",04600
Inmobiliaria Ballesta,"C. Mercado, Edificio Mirador, bajo 1, 04600 Huércal-Overa, Almería, España",+34 950 61 61 69,http://www.inmobiliariaballesta.com/,4.0,42.0,es,Google reviews: 4* / 42,OPERATIONAL,"('real_estate_agency', 'point_of_interest', 'establishment')",04600
Xena Grupo Inmobiliario,"C. Blanquita, 04230 Huércal de Almería, Almería, España",+34 950 03 53 17,,,,es,Google reviews: * / None,OPERATIONAL,"('real_estate_agency', 'point_of_interest', 'establishment')",04230
Voss Homes Estate Agents Huercal,"Ctra. Estación, 155, 04600 Huércal-Overa, Almería, España",+34 950 61 68 27,http://vosshomesspain.com/,4.6,160.0,es,Google reviews: 4.6* / 160,OPERATIONAL,"('real_estate_agency', 'point_of_interest', 'establishment')",04600
MBO Consultores,"C. Júpiter, 21, 04230 Huércal de Almería, Almería, España",+34 662 07 32 28,https://mbo-consultores.com/,,,es,Google reviews: * / None,OPERATIONAL,"('real_estate_agency', 'consultant', 'point_of_interest', 'establishment')",04230
Emi Almería Inmobiliaria,,+34 672 11 30 07,https://emiinmobiliariaalmeria.com/,,,es,Google reviews: * / None,OPERATIONAL,"('real_estate_agency', 'establishment')",
ALMERAYA GRUPO INMOBILIARIO,,+34 614 47 18 96,,,,es,Google reviews: * / None,OPERATIONAL,"('real_estate_agency', 'establishment')",
Inmobiliaria Nueva Ilusion,"Av. de Vilches, 14, 04008 Almería, España",+34 654 62 09 14,,1.3,10.0,es,Google reviews: 1.3* / 10,OPERATIONAL,"('real_estate_agency', 'point_of_interest', 'establishment')",04008
Inmobiliaria Viator,"C. Real, 1, 04240 Viator, Almería, España",+34 633 28 48 49,,4.5,4.0,es,Google reviews: 4.5* / 4,OPERATIONAL,"('real_estate_agency', 'point_of_interest', 'establishment')",04240
GRUPO DIZU,"Plaza Mayor, 21, 04600 Huércal-Overa, Almería, España",+34 670 88 88 03,,3.7,7.0,es,Google reviews: 3.7* / 7,OPERATIONAL,"('real_estate_agency', 'general_contractor', 'point_of_interest', 'establishment')",04600
Vandewalle Servicios Inmobiliarios,,+34 639 12 09 44,,,,es,Google reviews: * / None,OPERATIONAL,"('real_estate_agency', 'consultant', 'establishment')",
Tecnocasa agencia inmobiliaria ( 04410 ),"Av. de 28 de Febrero, 79, local, 04410 Benahadux, Almería, España",+34 633 46 74 91,https://benahadux1.tecnocasa.es/,4.6,43.0,es,Google reviews: 4.6* / 43,OPERATIONAL,"('real_estate_agency', 'finance', 'consultant', 'point_of_interest', 'establishment')",04410
"Pechina Residencial, S.L.","Av. blas Infante, 2, 04250 Pechina, Almería, España",+34 950 31 76 00,http://www.zoi.es/,3.6,7.0,es,Google reviews: 3.6* / 7,OPERATIONAL,"('real_estate_agency', 'general_contractor', 'point_of_interest', 'establishment')",04250
Surpiso,"Cam. Carretero, 19, 04250 Pechina, Almería, España",+34 950 31 77 59,http://surpiso.com/,5.0,1.0,es,Google reviews: 5* / 1,OPERATIONAL,"('real_estate_agency', 'point_of_interest', 'establishment')",04250
"Atalaya de Viator, S.L.","Av. blas Infante, 2, 04250 Pechina, Almería, España",+34 950 31 76 00,http://www.zoi.es/,,,es,Google reviews: * / None,OPERATIONAL,"('real_estate_agency', 'general_contractor', 'point_of_interest', 'establishment')",04250
"Gestión Urcitana, S.L.","Av. blas Infante, 2, 04250 Pechina, Almería, España",+34 950 31 76 00,http://www.zoi.es/,,,es,Google reviews: * / None,OPERATIONAL,"('real_estate_agency', 'general_contractor', 'point_of_interest', 'establishment')",04250
G&G Asesoria Integral Inmobiliaria,"C. Inglés, 04008 Almería, España",+34 950 28 00 46,,4.7,3.0,es,Google reviews: 4.7* / 3,OPERATIONAL,"('real_estate_agency', 'point_of_interest', 'establishment')",04008
Love Shack Properties,"Avenida América, 3, 04289 La Huelga, Almería, España",+34 672 20 47 47,http://spanishloveshackproperties.com/,4.5,2.0,es,Google reviews: 4.5* / 2,OPERATIONAL,"('real_estate_agency', 'point_of_interest', 'establishment')",04289
Casa y Campo-the home finders,"Plaza de la Constitución, 04271 Lubrín, Almería, España",+34 678 58 70 07,http://www.casaycampo.co.uk/,4.7,51.0,en,Google reviews: 4.7* / 51,OPERATIONAL,"('real_estate_agency', 'consultant', 'finance', 'point_of_interest', 'establishment')",04271
ASSETIA REAL ESTATE,"Avenida de Villaricos, 4 C.C, La Esquina de Puerto Rey, Bajo, 04621 Vera, Almería, España",+34 950 61 74 47,http://www.assetia.es/,4.4,50.0,es,Google reviews: 4.4* / 50,OPERATIONAL,"('real_estate_agency', 'lodging', 'point_of_interest', 'establishment')",04621
Airbnb Casa de Arte,"C. Almeria, 21, 04271 Lubrín, Almería, España",+31 6 50455055,https://www.smartbyart.eu/,,,nl,Google reviews: * / None,OPERATIONAL,"('real_estate_agency', 'point_of_interest', 'establishment')",04271
Inmobiliaria Mar Del Sur,,+34 643 24 87 13,,5.0,1.0,es,Google reviews: 5* / 1,OPERATIONAL,"('real_estate_agency', 'establishment')",
GI SERVICIOS,,+34 657 69 99 61,http://www.giservicios.es/,5.0,52.0,es,Google reviews: 5* / 52,OPERATIONAL,"('real_estate_agency', 'establishment')",
Next Stop Almeria,"Carretera N-340a, km 520, 04280 Los Gallardos, Almería, España",+34 950 61 75 18,http://www.nextstopalmeria.com/,4.6,50.0,es,Google reviews: 4.6* / 50,OPERATIONAL,"('real_estate_agency', 'point_of_interest', 'establishment')",04280
Antas Properties,"C. Federico Garcia Lorca, 4, 04628 Antas, Almería, España",+34 637 74 49 84,https://antasproperties.com/,5.0,33.0,es,Google reviews: 5* / 33,OPERATIONAL,"('real_estate_agency', 'point_of_interest', 'establishment')",04628
OLIVE PROPERTIES,"C. Llanos, 6, 04288 Bédar, Almería, España",+34 687 93 84 66,http://olivehouse-es.com/,4.9,55.0,es,Google reviews: 4.9* / 55,OPERATIONAL,"('real_estate_agency', 'point_of_interest', 'establishment')",04288
Dream Homes Almeria,"Av. Almanzora, 3, 04660 Arboleas, Almería, España",+34 697 87 57 17,https://dreamhomesalmeria.com/,4.6,57.0,es,Google reviews: 4.6* / 57,OPERATIONAL,"('real_estate_agency', 'point_of_interest', 'establishment')",04660
El Pinar de Bedar,"Pº El Pinar de Bedar, 1, 04280 Bédar, Almería, España",+34 950 46 05 45,https://www.booking.com/hotel/es/urbanizacion-serena-el-pinar-de-bedar.en-gb.html?aid=2127365,4.7,11.0,es,Google reviews: 4.7* / 11,OPERATIONAL,"('real_estate_agency', 'point_of_interest', 'establishment')",04280
DHOMESOLUTIONS,"C. Antonio Machado, 10, 04867 Macael, Almería, España",+34 623 72 59 43,https://dhomesolutions.es/,4.9,31.0,es,Google reviews: 4.9* / 31,OPERATIONAL,"('real_estate_agency', 'point_of_interest', 'establishment')",04867
VIP Almeria Inmobiliaria ,"P.º del Mediterráneo, 22A, and 22 B, 04638 Playa, Almería, España",+34 950 47 25 24,https://www.vipalmeria.com/,4.3,29.0,en,Google reviews: 4.3* / 29,OPERATIONAL,"('real_estate_agency', 'finance', 'point_of_interest', 'establishment')",04638
4 Walls Almeria,"P.º de Andalucia, 24, 04280 Los Gallardos, Almería, España",+34 950 46 91 73,http://4wallsalmeria.com/,5.0,5.0,es,Google reviews: 5* / 5,OPERATIONAL,"('real_estate_agency', 'point_of_interest', 'establishment')",04280
Santiburi Properties Cabrera,"Cortijo Cabrera, 04639 Turre, Almería, España",+34 647 90 14 78,,,,es,Google reviews: * / None,OPERATIONAL,"('real_estate_agency', 'point_of_interest', 'establishment')",04639
Vida Cabrera,"437J+GM El Cortijo Cabrera, 12, 04639 Turre, Almería, España",+34 699 27 17 09,http://vidacabrera.com/,4.7,14.0,en,Google reviews: 4.7* / 14,OPERATIONAL,"('real_estate_agency', 'point_of_interest', 'establishment')",04639
Domo Estate Agency,"Av. de Almeria, 15, 04639 Turre, Almería, España",+34 722 44 82 52,https://www.domoestateagency.com/,5.0,61.0,es,Google reviews: 5* / 61,OPERATIONAL,"('real_estate_agency', 'point_of_interest', 'establishment')",04639
Inmobiliaria ( 04639 ),"04639 Turre, Almería, España",+34 950 61 87 18,,4.0,1.0,es,Google reviews: 4* / 1,OPERATIONAL,"('real_estate_agency', 'point_of_interest', 'establishment')",04639
Linnitt Properties,"Av. de Almeria, 56, 04639 Turre, Almería, España",+34 950 47 90 54,http://www.linnittproperties.com/,4.7,22.0,es,Google reviews: 4.7* / 22,OPERATIONAL,"('real_estate_agency', 'point_of_interest', 'establishment')",04639
Inversiones Valeramor SL ( 04006 ),"C. Jardín de Medina, 1, 04006 Almería, España",,http://inversionesvaleramor.com/,5.0,1.0,es,Google reviews: 5* / 1,OPERATIONAL,"('real_estate_agency', 'point_of_interest', 'establishment')",04006
Arkisa Inmobiliaria,"C. Hermanos Lirola, 12, 04700 El Ejido, Almería, España",+34 695 15 72 34,https://www.arkisa.com/,4.9,97.0,es,Google reviews: 4.9* / 97,OPERATIONAL,"('real_estate_agency', 'finance', 'consultant', 'point_of_interest', 'establishment')",04700
Altadares Servicios inmobiliarios,"Blvr. Cdad. de Vícar, 1403, 04738 Puebla de Vícar, Almería, España",+34 680 57 88 57,https://www.altadares.com/ecard,5.0,16.0,es,Google reviews: 5* / 16,OPERATIONAL,"('real_estate_agency', 'consultant', 'point_of_interest', 'establishment')",04738
Inmobiliaria Playasol Inversiones S.L.,"C. las Encinas, 54, 04727 Vícar, Almería, España",+34 685 61 16 72,http://roquetasplayasol.com/,5.0,3.0,es,Google reviews: 5* / 3,OPERATIONAL,"('real_estate_agency', 'consultant', 'point_of_interest', 'establishment')",04727
Urbial inmobiliaria,"C. Real, 04510 Abla, Almería, España",+34 607 93 89 41,http://www.urbial.com/,4.4,7.0,es,Google reviews: 4.4* / 7,OPERATIONAL,"('real_estate_agency', 'point_of_interest', 'establishment')",04510
Inmobiliaria Brisahogar Laujar,"C. San Miguel, 9, 04470 Laujar de Andarax, Almería, España",+34 692 54 63 23,http://www.brisahogar.com/,,,es,Google reviews: * / None,OPERATIONAL,"('real_estate_agency', 'point_of_interest', 'establishment')",04470
Alpujamar,"C. Umbría, 21, 04760 Berja, Almería, España",+34 950 60 52 52,https://www.alpujamar.com/,4.1,10.0,es,Google reviews: 4.1* / 10,OPERATIONAL,"('real_estate_agency', 'point_of_interest', 'establishment')",04760
Realtez,,+34 644 74 88 17,https://www.realtez.com/,5.0,113.0,es,Google reviews: 5* / 113,OPERATIONAL,"('real_estate_agency', 'establishment')",
"Asesoría Alcolea, S.L.","Pl. de la Iglesia, 9, 04480 Alcolea, Almería, España",+34 950 51 21 78,http://www.asesorialcolea.es/,,,es,Google reviews: * / None,OPERATIONAL,"('real_estate_agency', 'insurance_agency', 'accounting', 'finance', 'consultant', 'point_of_interest', 'health', 'establishment')",04480
Gpb Inmobiliaria,"Blvr. Cdad. de Vícar, 1392, 04738 Puebla de Vícar, Almería, España",+34 950 55 33 18,http://www.gpbinmobiliaria.com/,4.0,51.0,es,Google reviews: 4* / 51,OPERATIONAL,"('real_estate_agency', 'point_of_interest', 'establishment')",04738
Inmobiliaria El Segundo,"04610 Cuevas del Almanzora, Almería, España",+34 609 02 03 01,,4.6,12.0,es,Google reviews: 4.6* / 12,OPERATIONAL,"('real_estate_agency', 'point_of_interest', 'establishment')",04610
Inmocuevas,"Av. Barcelona, 46 bis, 46 bis, 04610 Cuevas del Almanzora, Almería, España",+34 627 35 97 39,http://www.inmocuevasseguros.com/,4.9,86.0,es,Google reviews: 4.9* / 86,OPERATIONAL,"('real_estate_agency', 'point_of_interest', 'establishment')",04610
Tecnocasa agencia inmobiliaria ( 04610 ),"Av. Barcelona, 55, local, 04610 Cuevas del Almanzora, Almería, España",+34 611 44 67 45,https://cuevasdelalmanzora1.tecnocasa.es/,4.6,27.0,es,Google reviews: 4.6* / 27,OPERATIONAL,"('real_estate_agency', 'point_of_interest', 'establishment')",04610
Medalmar Inmobiliaria,"Av. del Secano, 58, 04617 Cuevas del Almanzora, Almería, España",+34 691 26 99 42,https://inmobiliariamedalmar.com/,5.0,9.0,es,Google reviews: 5* / 9,OPERATIONAL,"('real_estate_agency', 'point_of_interest', 'establishment')",04617
Globalspanishproperties,"Carretera Aljarillas, S/N, 04610 Cuevas del Almanzora, Almería, España",+34 645 34 52 17,http://www.globalspanishproperties.com/,5.0,15.0,es,Google reviews: 5* / 15,OPERATIONAL,"('real_estate_agency', 'point_of_interest', 'establishment')",04610
Costa y Sol Immo,,+34 673 57 96 80,https://www.costaysolimmo.es/,5.0,33.0,es,Google reviews: 5* / 33,OPERATIONAL,"('real_estate_agency', 'establishment')",
Alfacuevas,"Av. Carlos Herrera, 18, 04610 Cuevas del Almanzora, Almería, España",+34 655 57 01 08,,3.8,12.0,es,Google reviews: 3.8* / 12,OPERATIONAL,"('real_estate_agency', 'insurance_agency', 'point_of_interest', 'establishment')",04610
Costa Exclusiva Real Estate,,+34 623 38 99 33,http://www.costaexclusiva.casa/,5.0,30.0,es,Google reviews: 5* / 30,OPERATIONAL,"('real_estate_agency', 'establishment')",
Abel Avellaneda,"Tr.ª El Rulador, 10, 04610 Cuevas del Almanzora, Almería, España",+34 639 25 65 20,http://abelavellaneda.es/,4.5,11.0,es,Google reviews: 4.5* / 11,OPERATIONAL,"('real_estate_agency', 'point_of_interest', 'establishment')",04610
Indalhome Inmobiliaria ,"Edificio La Verja, Calle del Mar, Bajo, 04620 Vera, Almería, España",+34 666 89 40 68,http://www.indalhome.com/,4.7,143.0,es,Google reviews: 4.7* / 143,OPERATIONAL,"('real_estate_agency', 'point_of_interest', 'establishment')",04620
INMOBILIARIA ALTO ALMANZORA,"78-B, C. Carrera Virgen del Socorro, 04880 Tíjola, Almería, España",+34 950 42 12 53,http://altoalmanzora.com/,3.6,8.0,es,Google reviews: 3.6* / 8,OPERATIONAL,"('real_estate_agency', 'point_of_interest', 'establishment')",04880
Avenida Barcelona,"C. Sevilla, 0, 04610 Cuevas del Almanzora, Almería, España",+34 950 45 88 27,,5.0,1.0,es,Google reviews: 5* / 1,OPERATIONAL,"('real_estate_agency', 'point_of_interest', 'establishment')",04610
housecar cormecializacion de bienes y vehiculos,"04610 Cuevas del Almanzora, Almería, España",+34 651 50 44 24,,,,es,Google reviews: * / None,OPERATIONAL,"('real_estate_agency', 'point_of_interest', 'establishment')",04610
AR Medcoast Real Estate,"C. Jacinto Anglada, 42, 04620 Vera, Almería, España",+34 663 61 37 63,http://www.armedcoast.com/,5.0,65.0,es,Google reviews: 5* / 65,OPERATIONAL,"('real_estate_agency', 'point_of_interest', 'establishment')",04620
Property resales at Desert Springs,"10 Sierra Drive Desert Springs golf resort, 04610 Cuevas del Almanzora, Almería, España",+34 627 62 00 34,http://www.desertspringsproperty.net/,5.0,4.0,en,Google reviews: 5* / 4,OPERATIONAL,"('real_estate_agency', 'point_of_interest', 'establishment')",04610
API Almeria Property Investments,"Ronda de las Buganvillas, 42, 04621 Vera, Almería, España",+34 950 46 08 74,http://www.almeriapropertyinvestments.com/,4.9,91.0,es,Google reviews: 4.9* / 91,OPERATIONAL,"('real_estate_agency', 'point_of_interest', 'establishment')",04621
PACO PARRA Inmobiliaria,"Ronda de las Buganvillas, Local 23, 04621, Almería, España",+34 663 32 77 33,http://pacoparra.immo/,4.5,77.0,es,Google reviews: 4.5* / 77,OPERATIONAL,"('real_estate_agency', 'insurance_agency', 'finance', 'consultant', 'point_of_interest', 'establishment')",04621
Tecnocasa agencia inmobiliaria ( 04620 ),"pasaje Mercurio (Esq, Calle del Mar, 6, local, 04620 Vera, Almería, España",+34 950 96 82 91,https://vera1.tecnocasa.es/,4.9,112.0,en,Google reviews: 4.9* / 112,OPERATIONAL,"('real_estate_agency', 'finance', 'consultant', 'point_of_interest', 'establishment')",04620
Am3 Servicios Inmobiliarios,"Calle del Mar, 44, 04620 Vera, Almería, España",+34 950 39 32 48,http://www.am3s.com/,4.0,64.0,es,Google reviews: 4* / 64,OPERATIONAL,"('real_estate_agency', 'point_of_interest', 'establishment')",04620
Nicla-RMB Real Estate · Inmobiliaria,"Ronda de las Buganvillas, 22, 04621 Playas de Vera, Almería, España",+34 950 13 35 08,http://www.niclarmb.com/,5.0,10.0,es,Google reviews: 5* / 10,OPERATIONAL,"('real_estate_agency', 'point_of_interest', 'establishment')",04621
Medimar Homes,"Vera Plaza, Av. Ciudad de Valencia, Centro Comercial, 04621 Playas de Vera, Almería, España",+34 606 95 37 75,http://www.medimarhomes.com/,4.9,34.0,es,Google reviews: 4.9* / 34,OPERATIONAL,"('real_estate_agency', 'point_of_interest', 'establishment')",04621
Home Mar y Sol,"C. la Era, 54, 04620 Vera, Almería, España",+34 605 21 88 95,https://homemarysol.com/,5.0,2.0,en,Google reviews: 5* / 2,OPERATIONAL,"('real_estate_agency', 'point_of_interest', 'establishment')",04620
Gestion Esencial Inmobiliaria,"Av. Puerto Rey, 4, primer piso, local 29, 04621 Playas de Vera, Almería, España",+34 675 21 12 33,https://www.idealista.com/pro/gestionesencial,5.0,2.0,es,Google reviews: 5* / 2,OPERATIONAL,"('real_estate_agency', 'point_of_interest', 'establishment')",04621
LM by Lourdes Martínez,"Av. Juan Sebastián Elcano, 36, 04621 Vera, Almería, España",+34 645 80 76 36,https://www.lmbylourdesmartinez.com/,4.9,72.0,es,Google reviews: 4.9* / 72,OPERATIONAL,"('real_estate_agency', 'point_of_interest', 'establishment')",04621
RMB Spain ,"Ronda de las Buganvillas, 22, 04621 Vera, Almería, España",+34 678 34 71 25,http://www.rmbspain.com/,5.0,18.0,es,Google reviews: 5* / 18,OPERATIONAL,"('real_estate_agency', 'point_of_interest', 'establishment')",04621
Grupo Platinum Estates Vera,"Ronda de las Buganvillas, 25, 04621 Vera, Almería, España",+34 950 46 61 12,https://www.grupoplatinum.com/,4.8,19.0,es,Google reviews: 4.8* / 19,OPERATIONAL,"('real_estate_agency', 'point_of_interest', 'establishment')",04621
Inmo Vera Playa,"Carretera Garrucha, Av. de Villaricos, km. 3, 3, 04621 Playas de Vera, Almería, España",+34 950 50 01 36,https://www.inmoveraplaya.com/,4.2,86.0,en,Google reviews: 4.2* / 86,OPERATIONAL,"('real_estate_agency', 'point_of_interest', 'establishment')",04621
International Brokers,"centro comercial VERA PLAZA, Av. Ciudad de Valencia, 04621 Playas de Vera, Almería, España",+34 950 28 43 70,https://internationalbrokers.es/,4.1,30.0,fr,Google reviews: 4.1* / 30,OPERATIONAL,"('real_estate_agency', 'point_of_interest', 'establishment')",04621
Grupo Corporación Vera,"Ronda de las Buganvillas, 04621 Playas de Vera, Almería, España",+34 950 04 10 56,https://www.gcorporacion.es/,5.0,10.0,es,Google reviews: 5* / 10,OPERATIONAL,"('real_estate_agency', 'point_of_interest', 'establishment')",04621
INMOBILIARIAS DE GARRUCHA,,+34 629 62 70 84,,,,en,Google reviews: * / None,OPERATIONAL,"('real_estate_agency', 'establishment')",
Exclusive Homes Almería Real estate,"CC La esquina de, Av. Puerto Rey, local bajo 20, 04621 Playas de Vera, Almería, España",+34 722 85 33 26,https://www.ehrealestate.es/,5.0,4.0,es,Google reviews: 5* / 4,OPERATIONAL,"('real_estate_agency', 'point_of_interest', 'establishment')",04621
Los Hermanos S.L.,"C. Mayor, 23, 04620 Vera, Almería, España",+34 950 39 08 03,http://www.grupoloshermanos.com/,4.4,7.0,es,Google reviews: 4.4* / 7,OPERATIONAL,"('real_estate_agency', 'point_of_interest', 'establishment')",04620
Nicla Property Consultancy S.L.,"Ronda de las Buganvillas, 22, 04621 Vera, Almería, España",+34 950 13 35 08,http://www.nicla-casas.com/,4.4,43.0,es,Google reviews: 4.4* / 43,OPERATIONAL,"('real_estate_agency', 'point_of_interest', 'establishment')",04621
Property Sales Almeria,"Ronda de las Buganvillas, 38, 04621 Vera, Almería, España",+34 638 80 38 28,https://www.propertysales-almeria.com/,5.0,5.0,nl,Google reviews: 5* / 5,OPERATIONAL,"('real_estate_agency', 'point_of_interest', 'establishment')",04621
Almeria Housing,"C. Alfarero Salvador Hernández, 9, 04620 Vera, Almería, España",+34 604 39 16 48,https://www.almeriahousing.com/,5.0,2.0,en,Google reviews: 5* / 2,OPERATIONAL,"('real_estate_agency', 'point_of_interest', 'establishment')",04620
Andalusea Real Estate Agency,"C. El Arenal, Parque Comercial, 1ª Planta - Local 60, 04638, Almería, España",+34 632 12 02 05,http://www.andalusea.es/,4.7,66.0,es,Google reviews: 4.7* / 66,OPERATIONAL,"('real_estate_agency', 'point_of_interest', 'establishment')",04638
Gestinsur,"Centro Comercial Esquina de Puerto Rey, Avenida de Puerto Rey,1, 04620, Almería, España",+34 670 99 02 20,http://www.gestinsurpuertorey.es/,4.1,14.0,es,Google reviews: 4.1* / 14,OPERATIONAL,"('real_estate_agency', 'point_of_interest', 'establishment')",04620
Centro Comercial Inmobiliario ( 04621 ),"Ronda de las Buganvillas, 04621 Garrucha, Almería, España",+34 950 88 80 12,http://www.cci10.com/,2.9,23.0,es,Google reviews: 2.9* / 23,OPERATIONAL,"('real_estate_agency', 'point_of_interest', 'establishment')",04621
Almeria Property Portal,"C. Ali Bey, 2, Oficina 1, 04620 Vera, Almería, España",+34 616 85 72 23,https://almeriapropertyportal.com/,5.0,1.0,es,Google reviews: 5* / 1,OPERATIONAL,"('real_estate_agency', 'point_of_interest', 'establishment')",04620
NaturaEstates,"Av. Tortuga Boba, 14, 04621 Vera, Almería, España",+34 666 39 24 94,http://www.naturaestates.com/,4.4,11.0,es,Google reviews: 4.4* / 11,OPERATIONAL,"('real_estate_agency', 'point_of_interest', 'establishment')",04621
Sunmed Properties Vera Playa,"Av. Cdad. de Barcelona, 24, 04621 Playas de Vera, Almería, España",+34 670 91 41 41,http://www.sunmedproperties2008.com/,4.7,23.0,es,Google reviews: 4.7* / 23,OPERATIONAL,"('real_estate_agency', 'finance', 'point_of_interest', 'establishment')",04621
Mark and Andreas Apartments,"Camino el Hierro 118, Urbanización Parque del Marques, 11, 04617 Palomares, Almería, España",+34 618 06 89 72,https://www.mark-and-andreas-apartments.com/,5.0,7.0,en,Google reviews: 5* / 7,OPERATIONAL,"('real_estate_agency', 'lodging', 'point_of_interest', 'establishment')",04617
DAGASI,"C. Islas Canarias, 04621, Almería, España",+34 611 62 67 72,http://www.dagasi.es/,,,es,Google reviews: * / None,OPERATIONAL,"('real_estate_agency', 'point_of_interest', 'establishment')",04621
Apartements Naturiste Vera Playa,"urbanizacion Vera Natura, C. Naturaleza, bloque 25, 4, 04621 Playas de Vera, Almería, España",+34 618 92 78 80,,5.0,2.0,es,Google reviews: 5* / 2,OPERATIONAL,"('real_estate_agency', 'point_of_interest', 'establishment')",04621
Alquigestion Vera S.L.,"Lugar Urbanización Vera Natura, 0, 04621 Playas de Vera, Almería, España",+34 950 61 81 21,,4.0,4.0,es,Google reviews: 4* / 4,OPERATIONAL,"('real_estate_agency', 'point_of_interest', 'establishment')",04621
Apartment Naturista,"C/ Cdad. de Tarragona, 6A, 04621 Vera, Almería, España",+34 605 70 04 28,,2.5,2.0,es,Google reviews: 2.5* / 2,OPERATIONAL,"('real_estate_agency', 'point_of_interest', 'establishment')",04621
Damián Gómez ,"Av. de Andalucía, 9, 04619 Guazamara, Almería, España",+34 607 98 23 87,http://valoravendecostaalmeriamurcia.es/,5.0,9.0,es,Google reviews: 5* / 9,OPERATIONAL,"('real_estate_agency', 'point_of_interest', 'establishment')",04619
Dianthus Real Estate,"Av. de Andalucía, 9, 04619 Guazamara, Almería, España",+34 607 98 23 87,https://dianthusrealestate.com/contacto/,5.0,3.0,en,Google reviews: 5* / 3,OPERATIONAL,"('real_estate_agency', 'consultant', 'point_of_interest', 'establishment')",04619
Sebas Inmuebles,"C. Madrid, 9, 285, 04648 San Juan de los Terreros, Almería, España",+34 722 45 79 25,https://www.sebasinmuebles.com/,5.0,29.0,es,Google reviews: 5* / 29,OPERATIONAL,"('real_estate_agency', 'point_of_interest', 'establishment')",04648
Sg mediterránea,"Urbanización ""Puerta de, C. Teodosio, 17 - 1º - 74, 04620 Vera, Almería, España",+34 617 17 19 75,http://www.sgmediterranea.com/,3.7,3.0,es,Google reviews: 3.7* / 3,OPERATIONAL,"('real_estate_agency', 'point_of_interest', 'establishment')",04620
Premium Properties,"Av. Valle del Sol, 4, 04620 Vera, Almería, España",+34 607 58 95 01,http://www.valledelesterealestate.com/,3.0,6.0,es,Google reviews: 3* / 6,OPERATIONAL,"('real_estate_agency', 'point_of_interest', 'establishment')",04620
Mar y Viviendas Inmobiliaria en Garrucha,"C. Joaquín Escobar, 41, Bajo, 04630 Garrucha, Almería, España",+34 607 36 48 94,https://maryviviendas.es/,4.7,70.0,es,Google reviews: 4.7* / 70,OPERATIONAL,"('real_estate_agency', 'lodging', 'finance', 'consultant', 'general_contractor', 'point_of_interest', 'establishment')",04630
D & A Gestión Inmobiliaria,"Ctra. de Vera a, Carr. de Garrucha, nº 32 - local 3, 04621 Playas de Vera, Almería, España",+34 950 58 96 54,,4.5,18.0,es,Google reviews: 4.5* / 18,OPERATIONAL,"('real_estate_agency', 'point_of_interest', 'establishment')",04621
V2002 Services S.L.,"Pl. Mercado, 5, 04620 Vera, Almería, España",+34 950 39 08 10,http://www.v2002services.com/,,,de,Google reviews: * / None,OPERATIONAL,"('real_estate_agency', 'point_of_interest', 'establishment')",04620
Riley-Snelling,"Unnamed road, 04620 Vera, Almería, España",+34 674 47 07 38,,,,en,Google reviews: * / None,OPERATIONAL,"('real_estate_agency', 'point_of_interest', 'establishment')",04620
Juan Aguila Quiles,"C. Diego Caparrós, 1, 04620 Vera, Almería, España",+34 647 42 23 71,,3.0,2.0,es,Google reviews: 3* / 2,OPERATIONAL,"('real_estate_agency', 'point_of_interest', 'establishment')",04620
Inmobiliaria Vera Garrucha,"Carretera de Vera a Garrucha, Km 7, 04621 Las Marinas, Almería, España",+34 950 46 06 70,http://www.fincasveraplaya.com/,4.2,5.0,es,Google reviews: 4.2* / 5,OPERATIONAL,"('real_estate_agency', 'point_of_interest', 'establishment')",04621
Drv Inmobiliaria,"C. Cam. de en medio, 04620 Vera, Almería, España",+34 950 39 07 85,,,,es,Google reviews: * / None,OPERATIONAL,"('real_estate_agency', 'point_of_interest', 'establishment')",04620
Parcelas Puerto Vera,"P.º de los Caporchanes, 04621, Almería, España",+34 669 82 76 57,,5.0,4.0,es,Google reviews: 5* / 4,OPERATIONAL,"('real_estate_agency', 'point_of_interest', 'establishment')",04621
LOAISA,"P.º del Malecon, 18, 04630 Garrucha, Almería, España",+34 950 46 03 79,http://www.loaisa.es/,4.4,18.0,es,Google reviews: 4.4* / 18,OPERATIONAL,"('real_estate_agency', 'finance', 'consultant', 'general_contractor', 'point_of_interest', 'establishment')",04630
Hazlo Propiedades,"Edificio Moya, C. la Salud, 18, 04620 Vera, Almería, España",+34 662 04 66 89,,,,es,Google reviews: * / None,OPERATIONAL,"('real_estate_agency', 'point_of_interest', 'establishment')",04620
DPG Inmobiliaria,"P.º del Malecon, 94, 04630 Garrucha, Almería, España",+34 950 37 62 07,http://dpginmobiliaria.com/,4.5,6.0,es,Google reviews: 4.5* / 6,OPERATIONAL,"('real_estate_agency', 'point_of_interest', 'establishment')",04630
MOLA MOLA,"Ronda de las Buganvillas, local 24, 04621, Almería, España",+34 658 95 68 58,https://molamolahomes.com/,4.7,18.0,es,Google reviews: 4.7* / 18,OPERATIONAL,"('real_estate_agency', 'point_of_interest', 'establishment')",04621
Julia Inmobiliaria Garrucha,"P.º del Malecon, 7, 04630 Garrucha, Almería, España",+34 685 52 41 68,http://www.inmobiliariajulia.es/,4.6,20.0,es,Google reviews: 4.6* / 20,OPERATIONAL,"('real_estate_agency', 'point_of_interest', 'establishment')",04630
Location Almeria,"Avebida de puerto Rey 1, Centro Comercial Puerto Rey, Buzon 130, 04620 Vera, Almería, España",+34 664 48 92 53,,1.0,1.0,es,Google reviews: 1* / 1,OPERATIONAL,"('real_estate_agency', 'point_of_interest', 'establishment')",04620
Inmoempa,"Calle Mayor, 28, 2ª planta, puerta B, 04630 Garrucha, Almería, España",+34 667 20 91 42,http://www.inmoempa.com/,4.2,6.0,es,Google reviews: 4.2* / 6,OPERATIONAL,"('real_estate_agency', 'point_of_interest', 'establishment')",04630
Inmoval & Asociados,"C. Joaquín Escobar, 59, 04630 Garrucha, Almería, España",+34 670 80 26 49,http://inmoval-asociados.com/,4.2,6.0,es,Google reviews: 4.2* / 6,OPERATIONAL,"('real_estate_agency', 'point_of_interest', 'establishment')",04630
Parrosol S.L.,"Calle Mayor, 88, 04630 Garrucha, Almería, España",+34 696 90 23 85,http://www.parrosol.es/,4.5,44.0,es,Google reviews: 4.5* / 44,OPERATIONAL,"('real_estate_agency', 'general_contractor', 'consultant', 'point_of_interest', 'establishment')",04630
Dedalo75,"Calle Mayor, 21, 04630 Garrucha, Almería, España",+34 607 18 65 33,http://dedalo75.com/,5.0,11.0,es,Google reviews: 5* / 11,OPERATIONAL,"('real_estate_agency', 'point_of_interest', 'establishment')",04630
Solvia Inmobiliaria ( 04630 ),"Calle Mayor, 6, 04630 Garrucha, Almería, España",+34 600 08 60 36,http://www.solvia.es/,3.4,26.0,es,Google reviews: 3.4* / 26,OPERATIONAL,"('real_estate_agency', 'point_of_interest', 'establishment')",04630
Key Mare Inversiones y Participaciones S.L.,"Av. Ciudad de Valencia, 9, 04621 Vera, Almería, España",+34 950 13 11 58,,1.0,1.0,es,Google reviews: 1* / 1,OPERATIONAL,"('real_estate_agency', 'point_of_interest', 'establishment')",04621
Asesor De Inversiones Inmobiliaria,"C. Antonio Garrido, 4, 04628 Antas, Almería, España",+34 629 28 69 46,,,,es,Google reviews: * / None,OPERATIONAL,"('real_estate_agency', 'point_of_interest', 'establishment')",04628
Comunitat de Propietaris Virgen de la Cabeza,"C. El Olivar, 7, 04628 Antas, Almería, España",+34 950 45 37 08,,,,es,Google reviews: * / None,OPERATIONAL,"('real_estate_agency', 'point_of_interest', 'establishment')",04628
Find me a Home,"04629 Antas, Almería, España",+34 636 26 66 41,,,,en,Google reviews: * / None,OPERATIONAL,"('real_estate_agency', 'cottage', 'lodging', 'point_of_interest', 'establishment')",04629
Tecnocasa Estudio Mar de Plata 324 SL,"Calle Mayor, 119, local, 04630 Garrucha, Almería, España",+34 950 96 82 90,https://garrucha1.tecnocasa.es/,4.7,147.0,es,Google reviews: 4.7* / 147,OPERATIONAL,"('real_estate_agency', 'finance', 'consultant', 'point_of_interest', 'establishment')",04630
Estudio Mar de Plata 324 SL,"Calle Mayor, 119A, 04630 Garrucha, Almería, España",+34 659 06 48 64,,,,es,Google reviews: * / None,OPERATIONAL,"('real_estate_agency', 'point_of_interest', 'establishment')",04630
Puerto Y Playa,"C. Tenis, 4, 04630 Garrucha, Almería, España",+34 950 13 33 11,,4.6,5.0,es,Google reviews: 4.6* / 5,OPERATIONAL,"('real_estate_agency', 'point_of_interest', 'establishment')",04630
"Viota Sáinz, e.","C. Costa de Vera, 2, 04630 Garrucha, Almería, España",+34 950 46 06 69,,,,es,Google reviews: * / None,OPERATIONAL,"('real_estate_agency', 'point_of_interest', 'establishment')",04630
INDAACCION S.L.,"Calle Cervantes, 12B, 04630 Garrucha, Almería, España",+34 950 46 04 51,,,,es,Google reviews: * / None,OPERATIONAL,"('real_estate_agency', 'point_of_interest', 'establishment')",04630
Centro Comercial Inmobiliario ( 04620 ),"Carretera Vera - Garrucha, Urbanización Buganvilla. Local 19-20, 04620 Playas de Vera, Almería, España",+34 914 44 84 31,http://pinardegarrucha.com/,1.7,3.0,es,Google reviews: 1.7* / 3,OPERATIONAL,"('real_estate_agency', 'point_of_interest', 'establishment')",04620
Mar y Casas Mediterraneas S.L.,"C. Colón, 9, 04630 Garrucha, Almería, España",+34 950 13 37 45,,,,es,Google reviews: * / None,OPERATIONAL,"('real_estate_agency', 'point_of_interest', 'establishment')",04630
Hivernor Inves,"Calle Núñez de Balboa, 0 S/N (Urb la Medina), 04630 Garrucha, Almería, España",+34 950 13 32 93,,,,es,Google reviews: * / None,OPERATIONAL,"('real_estate_agency', 'point_of_interest', 'establishment')",04630
Irta Invest,"C. Corneta, 31, 04630 Garrucha, Almería, España",+34 950 39 70 42,,,,es,Google reviews: * / None,OPERATIONAL,"('real_estate_agency', 'point_of_interest', 'establishment')",04630
Assetia Consult,"C. Francisca Gonzalez Perez, 2, 04630 Garrucha, Almería, España",+34 950 13 95 81,,,,es,Google reviews: * / None,OPERATIONAL,"('real_estate_agency', 'point_of_interest', 'establishment')",04630
Inmobiliaria Look & Find Mojácar,"Mojacar Playa, P.º del Mediterráneo, 411, 04638 Mojácar, Almería, España",+34 950 61 50 16,,5.0,1.0,es,Google reviews: 5* / 1,OPERATIONAL,"('real_estate_agency', 'point_of_interest', 'establishment')",04638
OKISUR INMOBILIARIA.,"Av. de la Luz, 16, local 7, 04638 Mojácar, Almería, España",+34 950 47 20 10,http://www.okisur.com/,3.9,15.0,es,Google reviews: 3.9* / 15,OPERATIONAL,"('real_estate_agency', 'point_of_interest', 'establishment')",04638
REALTORS ALMERÍA.,"P.º del Mediterráneo, 27, 04638 Playa, Almería, España",+34 950 47 86 12,http://www.realtorsalmeria.com/,5.0,2.0,es,Google reviews: 5* / 2,OPERATIONAL,"('real_estate_agency', 'point_of_interest', 'establishment')",04638
NEW HOUSE SPAIN,"Calle las Artesas, 7, 04638 Vista de los Ángeles-Rumina, Almería, España",+34 950 61 50 16,http://www.newhousespain.eu/,5.0,31.0,es,Google reviews: 5* / 31,OPERATIONAL,"('real_estate_agency', 'finance', 'consultant', 'general_contractor', 'point_of_interest', 'establishment')",04638
European Property Company,"Calle Duende, 1 Centro Comercial Mojácar, PL2, 61E3, C. Duende, 1, 04638 Mojácar, Almería, España",+34 950 28 57 04,http://www.europeanpropertycompany.com/,4.7,24.0,es,Google reviews: 4.7* / 24,OPERATIONAL,"('real_estate_agency', 'point_of_interest', 'establishment')",04638
Price Brown Partnership,"P.º del Mediterráneo, 171, 04638 Mojácar, Almería, España",+34 950 47 89 15,http://www.pricebrown.com/,4.0,48.0,es,Google reviews: 4* / 48,OPERATIONAL,"('real_estate_agency', 'corporate_office', 'lodging', 'point_of_interest', 'establishment')",04638
Tecnocasa agencia inmobiliaria ( 04638 ),"P.º del Mediterráneo, 275, loc 1, 04638 Mojácar, Almería, España",+34 722 28 52 96,https://mojacar1.tecnocasa.es/,4.8,15.0,es,Google reviews: 4.8* / 15,OPERATIONAL,"('real_estate_agency', 'finance', 'consultant', 'point_of_interest', 'establishment')",04638
Indalfutur,"Mojacar Playa, P.º del Mediterráneo, 293, 04638 Mojácar, Almería, España",+34 609 02 65 26,https://www.indalfutur.com/,3.9,37.0,es,Google reviews: 3.9* / 37,OPERATIONAL,"('real_estate_agency', 'point_of_interest', 'establishment')",04638
Blue Sea Villas,"P.º del Mediterráneo, 91, 04638 Mojácar, Almería, España",+34 950 47 86 43,http://www.blueseavillas.co.uk/,4.4,288.0,en,Google reviews: 4.4* / 288,OPERATIONAL,"('real_estate_agency', 'point_of_interest', 'establishment')",04638
Veritas Homes Property Group,"Av. Andalucia, Parque Comercial, Planta 2 - Local 78, 04638, Almería, España",+34 950 47 24 30,http://www.veritashomes.co.uk/,4.7,20.0,es,Google reviews: 4.7* / 20,OPERATIONAL,"('real_estate_agency', 'point_of_interest', 'establishment')",04638
MOJÁCAR PROPERTY.,"P.º del Mediterráneo, 201, 04638 Vista de los Ángeles-Rumina, Almería, España",+34 633 44 64 67,https://mojacarproperty.es/,5.0,6.0,es,Google reviews: 5* / 6,OPERATIONAL,"('real_estate_agency', 'point_of_interest', 'establishment')",04638
New Wave Villas,"P.º del Mediterráneo, 48B, 04638 Mojácar, Almería, España",+34 950 47 58 00,http://www.newwavevillas.com/,4.7,12.0,en,Google reviews: 4.7* / 12,OPERATIONAL,"('real_estate_agency', 'point_of_interest', 'establishment')",04638
Inmobiliaria Mojácar,"Complejo Oasis del Mar, Local 2, Paseo del Mediterraneo, 04638, Almería, España",+34 950 47 58 00,,1.0,1.0,es,Google reviews: 1* / 1,OPERATIONAL,"('real_estate_agency', 'point_of_interest', 'establishment')",04638
Coastal Properties,"Multicentro Playa 38, 04638, Almería, España",+34 642 82 65 01,http://www.coastalpropertiesmojacar.com/,4.8,30.0,es,Google reviews: 4.8* / 30,OPERATIONAL,"('real_estate_agency', 'point_of_interest', 'establishment')",04638
Mojacarmar Real Estate,"04638 Mojácar, Almería, España",+34 636 90 31 84,https://www.mojacarmar.com/,3.0,2.0,es,Google reviews: 3* / 2,OPERATIONAL,"('real_estate_agency', 'point_of_interest', 'establishment')",04638
Okisur,"P.º del Mediterráneo, 367, 04638 Vista de los Ángeles-Rumina, Almería, España",+34 950 47 20 10,https://www.okisur.com/,5.0,1.0,es,Google reviews: 5* / 1,OPERATIONAL,"('real_estate_agency', 'point_of_interest', 'establishment')",04638
Inmobiliaria/Real Estate Espacios Mojácar,"Mojácar Beach, P.º del Mediterráneo, 30, 04638 Mojácar, Almería, España",+34 950 61 53 61,,1.0,1.0,es,Google reviews: 1* / 1,OPERATIONAL,"('real_estate_agency', 'plumber', 'point_of_interest', 'establishment')",04638
Polansky y Asociados Inmobiliaria,"Paseo del Mediterraneo 201, Edificio Guardias Viejas local 1, 04638, Almería, España",+34 950 47 80 86,,,,es,Google reviews: * / None,OPERATIONAL,"('real_estate_agency', 'point_of_interest', 'establishment')",04638
ESTATE AGENCY BY SOLICITORS MOJACAR,"Parque Comercial, 50, 04638, Almería, España",+34 950 47 27 75,,,,es,Google reviews: * / None,OPERATIONAL,"('real_estate_agency', 'point_of_interest', 'establishment')",04638
Almería Property Portal.,"Apartado de Correos, 1355, 04638 Mojácar, Almería, España",+351 915 187 301,http://almeriapropertyportal.com/,,,es,Google reviews: * / None,OPERATIONAL,"('real_estate_agency', 'point_of_interest', 'establishment')",04638
Price Brown S L,"Mojacar playa, P.º del Mediterráneo, 30, 04638 Mojácar, Almería, España",+34 950 47 22 20,http://www.pricebrown.com/,,,es,Google reviews: * / None,OPERATIONAL,"('real_estate_agency', 'point_of_interest', 'establishment')",04638
LUXH INMOBILIARIA,"C. Embajadores, 7, 04638 Mojácar, Almería, España",+34 621 25 11 68,https://luxh.eu/,,,es,Google reviews: * / None,OPERATIONAL,"('real_estate_agency', 'point_of_interest', 'establishment')",04638
Shamrock Investment,"C. Alondra, 6, 04638 Mojácar, Almería, España",+34 950 47 55 84,,4.0,4.0,es,Google reviews: 4* / 4,OPERATIONAL,"('real_estate_agency', 'point_of_interest', 'establishment')",04638
Coles of Andalucia TURRE,"Av. de Almeria, 78, 04639 Turre, Almería, España",+34 950 46 95 92,https://www.colespain.com/,4.8,132.0,en,Google reviews: 4.8* / 132,OPERATIONAL,"('real_estate_agency', 'consultant', 'point_of_interest', 'establishment')",04639
EuroTurre Iniciativas SL,"Av. de Almeria, 7, bajo, 04639 Turre, Almería, España",+34 621 21 37 23,https://euroturre.com/properties-for-sale,3.5,2.0,en,Google reviews: 3.5* / 2,OPERATIONAL,"('real_estate_agency', 'consultant', 'point_of_interest', 'establishment')",04639
Mojacar Estates Limited,"C. Almeria, 34, 04639 Turre, Almería, España",+34 950 46 82 75,,,,es,Google reviews: * / None,OPERATIONAL,"('real_estate_agency', 'point_of_interest', 'establishment')",04639
Vaitier,"Av. de Turre, 17, 04639 Turre, Almería, España",+34 950 52 84 40,,1.0,1.0,es,Google reviews: 1* / 1,OPERATIONAL,"('real_estate_agency', 'general_contractor', 'point_of_interest', 'establishment')",04639
Costa Levante Real Estate,"Av. los Antones, 83, 04649 Pulpí, Almería, España",+34 624 29 01 84,http://costalevanterealestate.com/,5.0,3.0,es,Google reviews: 5* / 3,OPERATIONAL,"('real_estate_agency', 'point_of_interest', 'establishment')",04649
Inmobiliaria Puerta del Litoral,"C. Ferrocarril, 1A, 04649 Pulpí, Almería, España",+34 950 61 95 12,,3.7,3.0,es,Google reviews: 3.7* / 3,OPERATIONAL,"('real_estate_agency', 'point_of_interest', 'establishment')",04649
Grupo Platinum Estates S.L,"C. Mar Rabiosa, 1, 04648 San Juan de los Terreros, Almería, España",+34 950 46 61 12,http://www.grupoplatinum.com/,4.6,183.0,es,Google reviews: 4.6* / 183,OPERATIONAL,"('real_estate_agency', 'consultant', 'point_of_interest', 'establishment')",04648
Real Estate pulpi,"C. del Cid, 61, 04647 Pulpí, Almería, España",+34 643 87 06 79,https://www.realestatepulpi.com/,,,en,Google reviews: * / None,OPERATIONAL,"('real_estate_agency', 'point_of_interest', 'establishment')",04647
Real Estate XXL,"C. del Cid, 61, 04647 Pulpí, Almería, España",+49 160 94693197,,,,de,Google reviews: * / None,OPERATIONAL,"('real_estate_agency', 'point_of_interest', 'establishment')",04647
Desarrollos Urbanos del Levante,"C. Sebastián, 7, 04640 Pulpí, Almería, España",+34 950 46 41 31,,,,es,Google reviews: * / None,OPERATIONAL,"('real_estate_agency', 'point_of_interest', 'establishment')",04640
VB Investment ,"C. Delfín, 4, 04648 San Juan de los Terreros, Almería, España",+34 647 48 56 89,http://www.vb-investment.com/,4.8,88.0,es,Google reviews: 4.8* / 88,OPERATIONAL,"('real_estate_agency', 'point_of_interest', 'establishment')",04648
PERITO JUDICIAL,"Av. de Andalucía, 13, 04640 Pulpí, Almería, España",+34 676 65 01 50,,,,es,Google reviews: * / None,OPERATIONAL,"('real_estate_agency', 'point_of_interest', 'establishment')",04640
RelyEstates,"C. Nacimiento, 04648 San Juan de los Terreros, Almería, España",+34 611 72 16 67,http://www.relyestates.com/,4.5,17.0,es,Google reviews: 4.5* / 17,OPERATIONAL,"('real_estate_agency', 'point_of_interest', 'establishment')",04648
Inmo Terreros Estate Agents ,"C. Mar Rabiosa, 19b, 04648 San Juan de los Terreros, Almería, España",+34 603 92 36 41,http://www.inmoterrerosmurcia.com/,4.1,44.0,es,Google reviews: 4.1* / 44,OPERATIONAL,"('real_estate_agency', 'point_of_interest', 'establishment')",04648
ASCPinmobiliaria,"Av. del Mediterráneo, 120, 04648 San Juan de los Terreros, Almería, España",+34 673 58 92 26,http://www.allspaincostproperties.com/,4.0,5.0,es,Google reviews: 4* / 5,OPERATIONAL,"('real_estate_agency', 'point_of_interest', 'establishment')",04648
Gogo Estates International,"Pl. P.P.Sectorcosta 1-P.1., 35, local 4 B, 04648 San Juan de los Terreros, Almería, España",+34 615 28 21 51,https://gogoestates.com/,4.7,145.0,es,Google reviews: 4.7* / 145,OPERATIONAL,"('real_estate_agency', 'finance', 'lawyer', 'consultant', 'general_contractor', 'point_of_interest', 'establishment')",04648
ELLAS & MARASON,"04648 Pulpí, Almería, España",+32 477 59 59 31,,,,es,Google reviews: * / None,OPERATIONAL,"('real_estate_agency', 'point_of_interest', 'establishment')",04648
Andalucia Investment Real Estate,"C. Hércules, 1, 04648, Almería, España",+34 619 04 63 66,,5.0,1.0,es,Google reviews: 5* / 1,OPERATIONAL,"('real_estate_agency', 'point_of_interest', 'establishment')",04648
Almeria Aguilon World,"Residencial Beverly Hills-Las Colinas, Av. de las Estrellas, 16, Blq. 5, 04648 San Juan de los Terreros, Almería, España",+34 687 19 23 30,,3.8,18.0,es,Google reviews: 3.8* / 18,OPERATIONAL,"('real_estate_agency', 'point_of_interest', 'establishment')",04648
immo andalucia properties,"Satelite, Av. 11 de Marzo, 04648 San Juan de los Terreros, Almería, España",+34 634 30 68 16,,,,es,Google reviews: * / None,OPERATIONAL,"('real_estate_agency', 'point_of_interest', 'establishment')",04648
Piso turístico La bubú,"Avenida puerta del litoral andaluz, 139, 04648 San Juan de los Terreros, Almería, España",+34 686 20 20 20,https://www.labubuterreros.com/,,,es,Google reviews: * / None,OPERATIONAL,"('real_estate_agency', 'lodging', 'point_of_interest', 'establishment')",04648
Inmobiliaria SerranoWorld,"C. Estacion, 8, 04815 Almanzora, Almería, España",+34 622 20 93 03,https://serranoworld.com/,4.0,46.0,es,Google reviews: 4* / 46,OPERATIONAL,"('real_estate_agency', 'point_of_interest', 'establishment')",04815
Calida Homes Property Consultancy,"Av. Andalucia, 04660 Arboleas, Almería, España",+34 950 43 07 63,https://www.calidahomespropconsult.com/,4.7,79.0,es,Google reviews: 4.7* / 79,OPERATIONAL,"('real_estate_agency', 'point_of_interest', 'establishment')",04660
Villa Fuente,"C. Estrella del Mar, 1, 04661 Arboleas, Almería, España",+32 497 41 05 68,http://www.villafuente.be/,4.9,10.0,nl,Google reviews: 4.9* / 10,OPERATIONAL,"('real_estate_agency', 'point_of_interest', 'establishment')",04661
Arroyo Investment and Property Services S.L.,"Pl. Almanzora, 04660 La Alfoquía, Almería, España",+34 950 06 40 34,,1.0,1.0,en,Google reviews: 1* / 1,OPERATIONAL,"('real_estate_agency', 'point_of_interest', 'establishment')",04660
Almeria Property Agency,"Plaza Constitucion, 3, 04660 Arboleas, Almería, España",+34 850 99 30 99,http://almeriapropertyagency.com/,4.0,8.0,en,Google reviews: 4* / 8,OPERATIONAL,"('real_estate_agency', 'point_of_interest', 'establishment')",04660
Homes of Spain ( 04692 ),"Diseminado, La Perulera, 23, 04692, Almería, España",+34 616 56 24 47,http://www.homesofspain.com/,,,es,Google reviews: * / None,OPERATIONAL,"('real_estate_agency', 'point_of_interest', 'establishment')",04692
Valle del Cabo de Gata,,+34 675 26 58 15,https://valledelcabodegata.com/,,,es,Google reviews: * / None,OPERATIONAL,"('real_estate_agency', 'consultant', 'establishment')",
Come to Almanzora,,+34 661 90 41 27,,,,es,Google reviews: * / None,OPERATIONAL,"('real_estate_agency', 'establishment')",
"Home, Living, Motoring)","Av. Andalucia, 1, 04661 La Alfoquía, Almería, España",+34 627 63 55 14,,,,es,Google reviews: * / None,OPERATIONAL,"('real_estate_agency', 'point_of_interest', 'establishment')",04661
SYM Spain,"Av. 28 de Febrero, 1, 04800 Albox, Almería, España",+34 676 31 66 11,,4.5,8.0,es,Google reviews: 4.5* / 8,OPERATIONAL,"('real_estate_agency', 'point_of_interest', 'establishment')",04800
España Rural,"Av. América, 5, 04800 Albox, Almería, España",+34 950 10 25 05,https://espanarural.com/,4.0,30.0,es,Google reviews: 4* / 30,OPERATIONAL,"('real_estate_agency', 'point_of_interest', 'establishment')",04800
Holmes for Homes Almeria,"Plaza Constitución, 3, 04660 Arboleas, Almería, España",+34 850 99 30 99,http://www.holmesforhomesalmeria.com/,4.1,16.0,en,Google reviews: 4.1* / 16,OPERATIONAL,"('real_estate_agency', 'point_of_interest', 'establishment')",04660
Almeria Properties Spain,"Bar la palmera, Av. Lepanto, 04800 Albox, Almería, España",+34 659 05 60 82,http://almeriapropertiesspain.com/,1.0,1.0,es,Google reviews: 1* / 1,OPERATIONAL,"('real_estate_agency', 'point_of_interest', 'establishment')",04800
Spanish Real Estates,"poligono industrial, 04660 Arboleas, Almería, España",+34 678 81 35 05,,,,en,Google reviews: * / None,OPERATIONAL,"('real_estate_agency', 'point_of_interest', 'establishment')",04660
Asociación de Vecinos El Hornillo,"C. las Palmeras, 13, 04600 Huércal-Overa, Almería, España",+34 950 47 12 25,,4.0,1.0,es,Google reviews: 4* / 1,OPERATIONAL,"('real_estate_agency', 'point_of_interest', 'establishment')",04600
Costa Fleming,"Av. Guillermo Reyna, 2, 04600 Huércal-Overa, Almería, España",+34 950 13 46 10,,,,es,Google reviews: * / None,OPERATIONAL,"('real_estate_agency', 'point_of_interest', 'establishment')",04600
Expovivienda Inmobiliaria,"Avenida Bulevar, 327, 04700 El Ejido, Almería, España",+34 655 73 44 21,https://expovivienda.es/oficina/inmobiliaria-el-ejido/,4.9,160.0,es,Google reviews: 4.9* / 160,OPERATIONAL,"('real_estate_agency', 'point_of_interest', 'establishment')",04700
Casas de Almería,"Blvr. de el Ejido, 357, 04700 El Ejido, Almería, España",+34 950 71 71 47,http://www.casasdealmeria.com/,5.0,79.0,en,Google reviews: 5* / 79,OPERATIONAL,"('real_estate_agency', 'point_of_interest', 'establishment')",04700
INBERCAM gestión inmobiliaria,"C. Miguel Ángel, 13, 04700 El Ejido, Almería, España",+34 950 57 10 47,https://m.facebook.com/inmobiliariainbercam/?locale2=es_ES,4.9,104.0,es,Google reviews: 4.9* / 104,OPERATIONAL,"('real_estate_agency', 'point_of_interest', 'establishment')",04700
Murgicasa Inmobiliaria,"P.º Pedro Ponce, 8, Local 1, 04700 El Ejido, Almería, España",+34 950 96 16 16,https://www.murgicasa.com/,4.8,134.0,es,Google reviews: 4.8* / 134,OPERATIONAL,"('real_estate_agency', 'point_of_interest', 'establishment')",04700
Diagonal3 Inmobiliaria,"C. Loma de la Mezquita, 73, 04700 El Ejido, Almería, España",+34 629 43 65 97,http://www.diagonal3.com/,4.8,19.0,es,Google reviews: 4.8* / 19,OPERATIONAL,"('real_estate_agency', 'finance', 'lawyer', 'consultant', 'point_of_interest', 'establishment')",04700
Inmobiliaria Inic. PROMHER,"C. Carrera San Isidro, 2, 04700 El Ejido, Almería, España",+34 620 90 44 15,,4.7,58.0,es,Google reviews: 4.7* / 58,OPERATIONAL,"('real_estate_agency', 'point_of_interest', 'establishment')",04700
Asesoría Inmobiliaria Hernández,"Blvr. de el Ejido, 303, 04700 El Ejido, Almería, España",+34 950 48 64 25,http://inmobiliariahernandez.net/,4.1,12.0,es,Google reviews: 4.1* / 12,OPERATIONAL,"('real_estate_agency', 'point_of_interest', 'establishment')",04700
Tecnocasa Agencia Inmobiliaria,"C. Cervantes, 108, 04700 El Ejido, Almería, España",+34 950 04 85 50,https://elejido1.tecnocasa.es/,4.9,242.0,es,Google reviews: 4.9* / 242,OPERATIONAL,"('real_estate_agency', 'finance', 'consultant', 'point_of_interest', 'establishment')",04700
Tecnocasa agencia inmobiliaria ( 04700 ),"P.º las Lomas, 157, Local 4, 04700 El Ejido, Almería, España",+34 950 04 56 68,https://elejido2.tecnocasa.es/,4.7,195.0,fr,Google reviews: 4.7* / 195,OPERATIONAL,"('real_estate_agency', 'finance', 'consultant', 'point_of_interest', 'establishment')",04700
Tecnocasa agencia inmobiliaria ( 04710 ),"Paseo Sta. María del Aguila, 59, 04710 El Ejido, Almería, España",+34 950 11 00 22,https://elejido3.tecnocasa.es/,5.0,49.0,es,Google reviews: 5* / 49,OPERATIONAL,"('real_estate_agency', 'finance', 'consultant', 'point_of_interest', 'establishment')",04710
INMOBILIARIA EXCLUSIVAS RUVI SL,"Blvr. de el Ejido, 231, 04700 El Ejido, Almería, España",+34 950 57 00 27,http://www.ruvi.org.es/,4.8,8.0,es,Google reviews: 4.8* / 8,OPERATIONAL,"('real_estate_agency', 'point_of_interest', 'establishment')",04700
LBSERVICIOSINMOBILIARIOS,,+34 663 90 56 69,https://www.lbserviciosinmobiliarios.com/,5.0,1.0,es,Google reviews: 5* / 1,OPERATIONAL,"('real_estate_agency', 'establishment')",
ADAIX EL EJIDO,"C. Cervantes, 142, 04700 El Ejido, Almería, España",+34 950 11 68 58,https://www.elejido.adaix.com/,5.0,2.0,es,Google reviews: 5* / 2,OPERATIONAL,"('real_estate_agency', 'point_of_interest', 'establishment')",04700
Hugo Martínez eXp Realty España,,+34 633 15 60 40,https://hugomartinez.exp-spain.com/,4.8,5.0,es,Google reviews: 4.8* / 5,OPERATIONAL,"('real_estate_agency', 'establishment')",
MS López Inmobiliaria,"C. Miguel Ángel, 8, 04700 El Ejido, Almería, España",+34 624 29 63 92,https://www.mslopezinmobiliaria.com/,,,es,Google reviews: * / None,OPERATIONAL,"('real_estate_agency', 'point_of_interest', 'establishment')",04700
Ejidocasa,"Av. del Oasis, 46, 04700 El Ejido, Almería, España",+34 619 29 38 45,https://www.ejidocasa.com/,5.0,2.0,es,Google reviews: 5* / 2,OPERATIONAL,"('real_estate_agency', 'point_of_interest', 'establishment')",04700
Planesa Inmobiliaria,"C. Gral. Gutiérrez Mellado, 04700 El Ejido, Almería, España",+34 950 48 71 51,,5.0,3.0,es,Google reviews: 5* / 3,OPERATIONAL,"('real_estate_agency', 'point_of_interest', 'establishment')",04700
EJIDOVIVIENDA,"Av. de Nicolas Salmeron, 2, 04700 El Ejido, Almería, España",+34 950 48 64 63,http://www.ejidovivienda.com/contactar.aspx,5.0,2.0,es,Google reviews: 5* / 2,OPERATIONAL,"('real_estate_agency', 'point_of_interest', 'establishment')",04700
Lola Cara Fernández,"P.º Pedro Ponce, 8, 04700 El Ejido, Almería, España",+34 640 34 32 18,https://www.lolacara.es/,5.0,4.0,es,Google reviews: 5* / 4,OPERATIONAL,"('real_estate_agency', 'point_of_interest', 'establishment')",04700
Fresgestin,"C. Almería, 70, 04700 El Ejido, Almería, España",+34 950 48 74 05,,4.2,20.0,es,Google reviews: 4.2* / 20,OPERATIONAL,"('real_estate_agency', 'consultant', 'general_contractor', 'point_of_interest', 'establishment')",04700
INMOBILIARIA BANKKASA,"C. Constantino, nº 20, 04700 El Ejido, Almería, España",+34 950 04 18 01,https://www.bankkasa.com/,3.0,2.0,es,Google reviews: 3* / 2,OPERATIONAL,"('real_estate_agency', 'point_of_interest', 'establishment')",04700
Iriama Inmobiliaria,"C. Tito, 21, 04700 El Ejido, Almería, España",+34 950 48 93 53,,,,es,Google reviews: * / None,OPERATIONAL,"('real_estate_agency', 'point_of_interest', 'establishment')",04700
Inmobiliaria imperium,"C. Murgis, 32A, 04700 El Ejido, Almería, España",+34 662 66 47 59,,,,es,Google reviews: * / None,OPERATIONAL,"('real_estate_agency', 'point_of_interest', 'establishment')",04700
CasaIndal Inmobiliaria,"C. Campiña, 6, Planta 1, Oficina 3, 04700 El Ejido, Almería, España",+34 610 80 93 28,https://www.facebook.com/casaindal/,,,es,Google reviews: * / None,OPERATIONAL,"('real_estate_agency', 'point_of_interest', 'establishment')",04700
HOgARO Servicios Inmobiliarios,"C. Venezuela, 9, 04700 El Ejido, Almería, España",+34 636 47 03 44,https://www.servihogaro.com/,,,es,Google reviews: * / None,OPERATIONAL,"('real_estate_agency', 'finance', 'consultant', 'general_contractor', 'point_of_interest', 'establishment')",04700
GUMAR,"C. Constantino, 6, 1º1ª, 04700 El Ejido, Almería, España",+34 950 57 23 66,http://grupogumar.com/,4.3,3.0,es,Google reviews: 4.3* / 3,OPERATIONAL,"('real_estate_agency', 'point_of_interest', 'establishment')",04700
Santaella Promotora Inmobiliaria,"C. Lobero, 29, 04700 El Ejido, Almería, España",,http://gruposantaella.com/,5.0,1.0,es,Google reviews: 5* / 1,OPERATIONAL,"('real_estate_agency', 'point_of_interest', 'establishment')",04700
Inmobiliaria José Godoy,"Blvr. de el Ejido, 146, 04700 El Ejido, Almería, España",+34 950 48 07 03,,3.7,3.0,es,Google reviews: 3.7* / 3,OPERATIONAL,"('real_estate_agency', 'point_of_interest', 'establishment')",04700
El Puerto Inmobiliaria ( 04711 ),"C. Galera, 3, 04711 Almerimar, Almería, España",+34 950 60 94 60,https://elpuertogp.es/,4.2,10.0,es,Google reviews: 4.2* / 10,OPERATIONAL,"('real_estate_agency', 'point_of_interest', 'establishment')",04711
New Home,"C. Madrid, 1, 1ºB, 04700 El Ejido, Almería, España",+34 950 11 28 22,http://www.newhomeai.com/,,,es,Google reviews: * / None,OPERATIONAL,"('real_estate_agency', 'point_of_interest', 'establishment')",04700
Servimedia Inmobiliaria,,+34 649 49 21 07,http://www.milanuncios.com/tienda/servimedia-inmobiliaria-13394.htm,,,es,Google reviews: * / None,OPERATIONAL,"('real_estate_agency', 'establishment')",
Re/Max Almería Costa,"C. Octavio Augusto, 20, 04700 El Ejido, Almería, España",+34 659 19 69 04,,,,es,Google reviews: * / None,OPERATIONAL,"('real_estate_agency', 'point_of_interest', 'establishment')",04700
Promociones Urbanísticas La Loma Blanca,"Av. del Oasis, 224, 04700 El Ejido, Almería, España",+34 620 84 32 50,,,,es,Google reviews: * / None,OPERATIONAL,"('real_estate_agency', 'point_of_interest', 'establishment')",04700
Chirivel Pereda Grupo Immobiliario,"C. Cervantes, 143, 04700 El Ejido, Almería, España",+34 950 33 30 25,http://www.chirivel-pereda.es/,3.3,3.0,es,Google reviews: 3.3* / 3,OPERATIONAL,"('real_estate_agency', 'point_of_interest', 'establishment')",04700
Inmobiliaria L y M,"C. Almería, 72, 04700 El Ejido, Almería, España",+34 950 48 99 23,,,,es,Google reviews: * / None,OPERATIONAL,"('real_estate_agency', 'point_of_interest', 'establishment')",04700
"EMD PROYECTOS Y GESTION, S.L.","Av. la Luz, 2, 04700 El Ejido, Almería, España",+34 655 82 71 74,https://www.emdinmobiliaria.com/,,,es,Google reviews: * / None,OPERATIONAL,"('real_estate_agency', 'point_of_interest', 'establishment')",04700
Inmobiliaria Valverde,"Av. Príncipes de España, 151, 04700 El Ejido, Almería, España",+34 950 11 19 31,,,,es,Google reviews: * / None,OPERATIONAL,"('real_estate_agency', 'point_of_interest', 'establishment')",04700
Comprotucasa24h,"Blvr. de el Ejido, 327, 04700 El Ejido, Almería, España",+34 950 56 37 35,,,,es,Google reviews: * / None,OPERATIONAL,"('real_estate_agency', 'point_of_interest', 'establishment')",04700
Promosol 2005 Sl,"C. Puerto Rico, 44, 04700 El Ejido, Almería, España",+34 950 57 00 61,,3.0,1.0,es,Google reviews: 3* / 1,OPERATIONAL,"('real_estate_agency', 'point_of_interest', 'establishment')",04700
Inversol Grupo Inmobiliario,"C. Dalías, 7, Bajo, 04712 Balerma, Almería, España",+34 950 60 62 21,http://www.inversolinmobiliaria.es/,4.9,217.0,es,Google reviews: 4.9* / 217,OPERATIONAL,"('real_estate_agency', 'point_of_interest', 'establishment')",04712
Inver Gestión,"C. Navas, 41, 04716 El Ejido, Almería, España",+1 204-818-7413,https://invergestion.com/,5.0,2.0,es,Google reviews: 5* / 2,OPERATIONAL,"('real_estate_agency', 'point_of_interest', 'establishment')",04716
Inmobiliaria Alejandro Zapata,"Carr. de la Mojonera, 148, 04716 Las Norias de Daza, Almería, España",+34 645 69 39 87,,5.0,3.0,es,Google reviews: 5* / 3,OPERATIONAL,"('real_estate_agency', 'point_of_interest', 'establishment')",04716
MHC Servicios Inmobiliarios,"Av. Mariano Hernández, 15, 04740 Roquetas de Mar, Almería, España",+34 950 33 81 50,http://www.mhcinmobiliaria.com/,4.9,55.0,es,Google reviews: 4.9* / 55,OPERATIONAL,"('real_estate_agency', 'point_of_interest', 'establishment')",04740
Inversiones Quintín Y Asociados Sl,"C. Fleming, 88, 04710 Santa María del Águila, Almería, España",+34 950 49 22 96,,,,es,Google reviews: * / None,OPERATIONAL,"('real_estate_agency', 'point_of_interest', 'establishment')",04710
Inmobiliaria Inversol Ferli,"C. Ingenio, 25, 04770 Adra, Almería, España",+34 950 40 12 49,http://www.inversolferli.com/,3.7,19.0,en,Google reviews: 3.7* / 19,OPERATIONAL,"('real_estate_agency', 'point_of_interest', 'establishment')",04770
ARC Inmobiliaria,"C. Río Tambre, 12, 04700 El Ejido, Almería, España",+34 622 79 07 05,,,,es,Google reviews: * / None,OPERATIONAL,"('real_estate_agency', 'point_of_interest', 'establishment')",04700
Dimensur,"C. José Córdoba Caparrós, 3, 04007 Almería, España",+34 950 28 20 10,https://www.dimensur.es/,4.3,40.0,es,Google reviews: 4.3* / 40,OPERATIONAL,"('real_estate_agency', 'consultant', 'general_contractor', 'point_of_interest', 'establishment')",04007
CHIRIVEL PEREDA,"C. Neptuno, 21, 04700 El Ejido, Almería, España",+34 950 33 30 25,,,,es,Google reviews: * / None,OPERATIONAL,"('real_estate_agency', 'point_of_interest', 'establishment')",04700
Proindavi,"Carr. de la Mojonera, 144, 04716 El Ejido, Almería, España",+34 950 58 80 95,,,,es,Google reviews: * / None,OPERATIONAL,"('real_estate_agency', 'point_of_interest', 'establishment')",04716
La Boutique Consulting,"Calle Iglesia, 27, 04700 El Ejido, Almería, España",+34 950 71 44 61,,1.0,1.0,es,Google reviews: 1* / 1,OPERATIONAL,"('real_estate_agency', 'point_of_interest', 'establishment')",04700
Almerimar Inmobiliaria,"C. Fragata, 1, 04711 Almerimar, Almería, España",+34 609 10 23 20,https://www.almerimarinmobiliaria.com/,4.6,9.0,es,Google reviews: 4.6* / 9,OPERATIONAL,"('real_estate_agency', 'point_of_interest', 'establishment')",04711
Inversol Grupo Inmobiliario.,"Entrada por la 2ª Dársena del puerto deportivo, C. Carabela, 25, Local 1, 04711 Almerimar, Almería, España",+34 950 93 68 20,http://www.inversolinmobiliaria.es/,4.9,100.0,es,Google reviews: 4.9* / 100,OPERATIONAL,"('real_estate_agency', 'point_of_interest', 'establishment')",04711
Inmobiliaria Sediana,"Av. Mar Azul, 17, 04715 Almerimar, Almería, España",+34 667 85 30 51,,5.0,3.0,es,Google reviews: 5* / 3,OPERATIONAL,"('real_estate_agency', 'point_of_interest', 'establishment')",04715
Almerimar Property Management,"C. Jabeque, 16, Local 5, 04711 Almerimar, Almería, España",+34 950 95 65 84,,,,en,Google reviews: * / None,OPERATIONAL,"('real_estate_agency', 'point_of_interest', 'establishment')",04711
AnCaVi,"C. Arquitecto Julián Laguna, 57, 04711 Almerimar, Almería, España",+34 624 65 67 37,,,,es,Google reviews: * / None,OPERATIONAL,"('real_estate_agency', 'point_of_interest', 'establishment')",04711
Inmovan Servicios Inmobiliarios,"C. Jabeque, 04711 El Ejido, Almería, España",+34 670 91 65 32,,1.0,4.0,es,Google reviews: 1* / 4,OPERATIONAL,"('real_estate_agency', 'point_of_interest', 'establishment')",04711
Alcor Properties S.L,"Plaza a Batel, 17, 04711 El Ejido, Almería, España",+34 950 60 79 57,http://www.alcor-properties.com/,2.8,11.0,es,Google reviews: 2.8* / 11,OPERATIONAL,"('real_estate_agency', 'point_of_interest', 'establishment')",04711
Andalucia Property Management,"Nº, C/ Dársena de la Batea, 20, 04711 El Ejido, Almería, España",+34 665 79 03 29,http://www.andaluciapropertymanagement.com/,4.0,2.0,es,Google reviews: 4* / 2,OPERATIONAL,"('real_estate_agency', 'point_of_interest', 'establishment')",04711
Antonio Moreno Asesor Inmobiliario,"C. Albatros, 81, 04711 El Ejido, Almería, España",+34 687 82 59 80,,,,es,Google reviews: * / None,OPERATIONAL,"('real_estate_agency', 'point_of_interest', 'establishment')",04711
Indanabes S L,"C. Borda, 30, 04711 Almerimar, Almería, España",+34 950 49 77 25,,3.0,1.0,es,Google reviews: 3* / 1,OPERATIONAL,"('real_estate_agency', 'point_of_interest', 'establishment')",04711
Wusadby SL,,+34 667 74 98 51,,,,es,Google reviews: * / None,OPERATIONAL,"('real_estate_agency', 'establishment')",
Vimar Inmobiliaria Balanegra,"C. Sorbas, 1, 04713 Balanegra, Almería, España",+34 950 92 18 82,http://www.inmobiliariavimar.es/,3.7,3.0,es,Google reviews: 3.7* / 3,OPERATIONAL,"('real_estate_agency', 'point_of_interest', 'establishment')",04713
PROMOCIONES BALERMA 2005 SOCIEDAD LIMITADA,"C. Dalías, 3, 04712 Balerma, Almería, España",+34 950 60 62 21,,3.0,1.0,es,Google reviews: 3* / 1,OPERATIONAL,"('real_estate_agency', 'general_contractor', 'point_of_interest', 'establishment')",04712
VidaVacational,,+34 604 81 15 24,,,,es,Google reviews: * / None,OPERATIONAL,"('real_estate_agency', 'establishment')",
Panacea inmobiliaria,"Bulevar de Vicar, 742, 04738 La Gangosa Vistasol, Almería, España",+34 611 06 28 16,https://www.vivepanacea.com/,4.7,173.0,fr,Google reviews: 4.7* / 173,OPERATIONAL,"('real_estate_agency', 'point_of_interest', 'establishment')",04738
Inmobiliaria Global Gestión,"Blvr. Cdad. de Vícar, 611, 04738 La Gangosa, Almería, España",+34 644 10 61 24,https://www.inmobiliariaglobalgestion.com/,4.5,33.0,es,Google reviews: 4.5* / 33,OPERATIONAL,"('real_estate_agency', 'point_of_interest', 'establishment')",04738
Tecnocasa agencia inmobiliaria ( 04738 ),"Blvr. Cdad. de Vícar, Local 1096, 04738 Vícar, Almería, España",+34 950 59 78 61,https://vicar2.tecnocasa.es/,4.9,188.0,es,Google reviews: 4.9* / 188,OPERATIONAL,"('real_estate_agency', 'consultant', 'finance', 'point_of_interest', 'establishment')",04738
Inmobiliaria Manuel Logmanieh,"Av. de Playa Serena, 212, 04740 Roquetas de Mar, Almería, España",+34 950 33 65 97,https://manuellogmanieh.com/,4.5,75.0,es,Google reviews: 4.5* / 75,OPERATIONAL,"('real_estate_agency', 'point_of_interest', 'establishment')",04740
Tecnocasa agencia inmobiliaria ( 04745 ),"Av. Europa, 94, local pb, 04745 La Mojonera, Almería, España",+34 950 43 78 68,https://lamojonera1.tecnocasa.es/,4.8,74.0,es,Google reviews: 4.8* / 74,OPERATIONAL,"('real_estate_agency', 'finance', 'consultant', 'point_of_interest', 'establishment')",04745
DANTI Servicios Inmobiliarios,"Blvr. Cdad. de Vícar, 1034, 04738 Las Cabañuelas, Almería, España",+34 950 55 70 07,http://www.inmobiliariadanti.com/,4.7,49.0,es,Google reviews: 4.7* / 49,OPERATIONAL,"('real_estate_agency', 'point_of_interest', 'establishment')",04738
HAKKO asesoría inmobiliaria,"Av. Europa, 179, 04745 La Mojonera, Almería, España",+34 950 67 66 51,,4.7,13.0,es,Google reviews: 4.7* / 13,OPERATIONAL,"('real_estate_agency', 'point_of_interest', 'establishment')",04745
REBEL HOME INMOBILIARIA,"Av. Mediterráneo, 45, 04740 Roquetas de Mar, Almería, España",+34 950 33 46 40,http://www.rebelhome.es/,4.1,97.0,es,Google reviews: 4.1* / 97,OPERATIONAL,"('real_estate_agency', 'point_of_interest', 'establishment')",04740
Zurimar Inmobiliaria,"Av. de Playa Serena, 210, 04740 Roquetas de Mar, Almería, España",+34 950 33 38 78,http://www.zurimar.com/,4.4,77.0,es,Google reviews: 4.4* / 77,OPERATIONAL,"('real_estate_agency', 'point_of_interest', 'establishment')",04740
DESARROLLO URBANO LAS NORIAS S.L.,"Calle Martínez Campos, 25, 04001 Almería, España",+34 950 27 12 92,http://www.consultoresyasociados.net/,4.5,4.0,es,Google reviews: 4.5* / 4,OPERATIONAL,"('real_estate_agency', 'point_of_interest', 'establishment')",04001
Baeza Cara Inmuebles S.L.,"C. Río Guadiana, 8, 04745 La Mojonera, Almería, España",+34 950 33 05 11,,,,es,Google reviews: * / None,OPERATIONAL,"('real_estate_agency', 'point_of_interest', 'establishment')",04745
Inmobiliaria Ven y Vive Aguadulce,"Av. de Carlos III, 559, 04720 Aguadulce, Almería, España",+34 950 55 16 07,http://www.venyvive.com/,4.5,122.0,es,Google reviews: 4.5* / 122,OPERATIONAL,"('real_estate_agency', 'point_of_interest', 'establishment')",04720
Inmobiliaria CASAENALMERIA,"C. Chillida, 4, Entreplanta, 04720 Aguadulce, Almería, España",+34 678 51 12 73,https://www.casaenalmeria.es/,5.0,11.0,es,Google reviews: 5* / 11,OPERATIONAL,"('real_estate_agency', 'point_of_interest', 'establishment')",04720
*****Alina Inmobiliaria*****,"Cam. de los Parrales, 310, 04720 Roquetas de Mar, Almería, España",+34 641 04 13 06,https://www.alinainmobiliaria.com/,5.0,125.0,es,Google reviews: 5* / 125,OPERATIONAL,"('real_estate_agency', 'point_of_interest', 'establishment')",04720
Inmobiliaria Yelmo,"Paso de los Robles 2, planta 4º, oficina 5, 04720 Aguadulce, Almería, España",+34 610 69 25 26,http://inmoyelmo.com/,4.7,74.0,en,Google reviews: 4.7* / 74,OPERATIONAL,"('real_estate_agency', 'point_of_interest', 'establishment')",04720
Tecnocasa agencia inmobiliaria ( 04720 ),"Av. de Carlos III, Local 517, 04720 Aguadulce, Almería, España",+34 950 71 60 80,https://roquetasdemar-aguadulce2.tecnocasa.es/,4.7,301.0,es,Google reviews: 4.7* / 301,OPERATIONAL,"('real_estate_agency', 'finance', 'consultant', 'point_of_interest', 'establishment')",04720
VIKTOR KOTSUR agente inmobiliario,"C. de Don Juan de Aústria, 62, 04720 Aguadulce, Almería, España",+34 950 80 19 75,https://inmobiliariavk.es/,4.8,56.0,es,Google reviews: 4.8* / 56,OPERATIONAL,"('real_estate_agency', 'point_of_interest', 'establishment')",04720
3D Inmobiliaria ,"C. de los Tartesos, 6, 04720 Aguadulce, Almería, España",+34 950 88 86 44,https://3d-inmobiliaria.com/,4.9,18.0,es,Google reviews: 4.9* / 18,OPERATIONAL,"('real_estate_agency', 'consultant', 'point_of_interest', 'establishment')",04720
Maher Inmobiliaria,"Pl. Angel Ortiz de Villajos, 4, Bloque 4, Local 1, 04720 Aguadulce, Almería, España",+34 950 34 87 77,http://www.maherinmobiliaria.com/,4.6,16.0,es,Google reviews: 4.6* / 16,OPERATIONAL,"('real_estate_agency', 'point_of_interest', 'establishment')",04720
Inmobiliaria MMC,"Carr. de los Motores, 83, 04720 Aguadulce, Almería, España",+34 950 55 40 96,https://www.inmobiliariammc.com/es/,3.9,15.0,es,Google reviews: 3.9* / 15,OPERATIONAL,"('real_estate_agency', 'point_of_interest', 'establishment')",04720
Profinca Gestión Inmobiliaria,"Av. de Carlos III, 573, 04720 Aguadulce, Almería, España",+34 638 40 53 86,https://pro-finca.es/,4.6,11.0,es,Google reviews: 4.6* / 11,OPERATIONAL,"('real_estate_agency', 'point_of_interest', 'establishment')",04720
Aliservices Inmobiliaria Online,,+34 610 08 71 64,https://www.instagram.com/alisevices_inmobiliaria?igsh=b2Y1d2YxN3R1YXJx,5.0,11.0,es,Google reviews: 5* / 11,OPERATIONAL,"('real_estate_agency', 'establishment')",
INMOBILIARIA ESPASOL,"P.º de los Robles, 2, Oficina 1º6, 04720 Aguadulce, Almería, España",+34 950 34 02 13,,3.5,29.0,en,Google reviews: 3.5* / 29,OPERATIONAL,"('real_estate_agency', 'point_of_interest', 'establishment')",04720
FOMENTO MEDITERRÁNEO ,"Av. Pedro Muñoz Seca, 3, 04720 Aguadulce, Almería, España",+34 661 97 80 05,,3.6,48.0,es,Google reviews: 3.6* / 48,OPERATIONAL,"('real_estate_agency', 'point_of_interest', 'establishment')",04720
State One,"Av. de Carlos III, 346, Entreplanta Oficina 2, 04720 Aguadulce, Almería, España",+34 950 55 26 32,,4.0,11.0,es,Google reviews: 4* / 11,OPERATIONAL,"('real_estate_agency', 'point_of_interest', 'establishment')",04720
Qksa Inmobiliaria,"C. Belfast, 5, 04720 Aguadulce, Almería, España",+34 616 84 36 60,http://www.qksainmobiliaria.com/,5.0,7.0,es,Google reviews: 5* / 7,OPERATIONAL,"('real_estate_agency', 'point_of_interest', 'establishment')",04720
Almería & Aguadulce Stays,"Pl. Torre Bahía, 04720 Aguadulce, Almería, España",+34 623 56 84 31,https://almeriaandaguadulce-stays.jimdosite.com/,5.0,13.0,es,Google reviews: 5* / 13,OPERATIONAL,"('real_estate_agency', 'lodging', 'point_of_interest', 'establishment')",04720
Inmobiliaria Casa España. Agencia inmobiliaria en Aguadulce,"C. de Don Juan de Aústria, 86, 04720 Aguadulce, Almería, España",+34 950 65 44 87,http://www.casaes.es/,2.0,4.0,es,Google reviews: 2* / 4,OPERATIONAL,"('real_estate_agency', 'point_of_interest', 'establishment')",04720
Inmobiliaria Cero,"Av. de Carlos III, 04720 Aguadulce, Almería, España",+34 950 55 29 10,http://www.imascero.com/,5.0,7.0,es,Google reviews: 5* / 7,OPERATIONAL,"('real_estate_agency', 'point_of_interest', 'establishment')",04720
ADOS Inmobiliaria,"C. de Don Juan de Aústria, 46, 04740 Roquetas de Mar, Almería, España",+34 950 67 41 41,,5.0,7.0,es,Google reviews: 5* / 7,OPERATIONAL,"('real_estate_agency', 'consultant', 'general_contractor', 'point_of_interest', 'establishment')",04740
Athenea Inmobiliaria Almeria,"Centro de Negocios Viapark, Diseminado Puente Culebra, 24, oficina 1-11, 04738 Vícar, Almería, España",+34 640 73 27 17,http://www.atheneainmobiliaria.es/,5.0,24.0,es,Google reviews: 5* / 24,OPERATIONAL,"('real_estate_agency', 'point_of_interest', 'establishment')",04738
Arquetipo Inmobiliaria,"P.º Marítimo, 80, 04720 Aguadulce, Almería, España",+34 658 79 15 54,http://www.arquetipoinversiones.com/,,,es,Google reviews: * / None,OPERATIONAL,"('real_estate_agency', 'point_of_interest', 'establishment')",04720
TU CASA INMOBILIARIA ,"Av. Reino de España, 47, 04740 Las Salinas, Almería, España",+34 633 70 64 06,http://www.agenciatucasa.com/,4.9,36.0,es,Google reviews: 4.9* / 36,OPERATIONAL,"('real_estate_agency', 'point_of_interest', 'establishment')",04740
Costa Africa Estates SL,"Av. de la Paz, 11, 04720 Aguadulce, Almería, España",,https://costaafricaestates.es/,5.0,9.0,es,Google reviews: 5* / 9,OPERATIONAL,"('real_estate_agency', 'point_of_interest', 'establishment')",04720
Esgar Almería 2006,"C. Pasadena, 7, 04720 Aguadulce, Almería, España",+34 950 34 48 42,,1.4,5.0,es,Google reviews: 1.4* / 5,OPERATIONAL,"('real_estate_agency', 'point_of_interest', 'establishment')",04720
Grupo Inmobiliario Olarizu,"Av. Juan Carlos I, 7, 04740 Roquetas de Mar, Almería, España",+34 950 97 04 44,http://www.olarizu.es/,4.3,208.0,es,Google reviews: 4.3* / 208,OPERATIONAL,"('real_estate_agency', 'point_of_interest', 'establishment')",04740
Victor López Servicios Inmobiliarios,"Av. de Carlos III, 391, 04720 Roquetas de Mar, Almería, España",+34 695 92 80 47,,5.0,5.0,es,Google reviews: 5* / 5,OPERATIONAL,"('real_estate_agency', 'point_of_interest', 'establishment')",04720
Medussa Properties,"C. Salzillo, nº 09, 04720 Aguadulce, Almería, España",+34 950 91 41 57,,1.0,1.0,es,Google reviews: 1* / 1,OPERATIONAL,"('real_estate_agency', 'point_of_interest', 'establishment')",04720
️ tuAnfitrión ,"Av. de Carlos III, 346, Entreplanta Oficina 2, 04720 Roquetas de Mar, Almería, España",+34 677 68 83 00,https://www.tuanfitrion.com/,,,es,Google reviews: * / None,OPERATIONAL,"('real_estate_agency', 'point_of_interest', 'establishment')",04720
Promotora Inmobiliaria Villaroquetas,"Av. Juan Carlos I, 48, 04740 Roquetas de Mar, Almería, España",+34 661 03 11 67,,4.8,61.0,es,Google reviews: 4.8* / 61,OPERATIONAL,"('real_estate_agency', 'point_of_interest', 'establishment')",04740
Ino Estrella Asesor Inmobiliario,"Ctra. de Alicun, 28, 04740 Roquetas de Mar, Almería, España",+34 664 65 37 25,,5.0,48.0,es,Google reviews: 5* / 48,OPERATIONAL,"('real_estate_agency', 'point_of_interest', 'establishment')",04740
IRES Properties,,+32 465 08 07 79,,,,es,Google reviews: * / None,OPERATIONAL,"('real_estate_agency', 'establishment')",
New Home ,"Av. Roquetas de Mar, 113, 04740 Roquetas de Mar, Almería, España",+34 950 11 28 22,http://newhomeai.com/,5.0,57.0,es,Google reviews: 5* / 57,OPERATIONAL,"('real_estate_agency', 'point_of_interest', 'establishment')",04740
Expovivienda Inmobiliaria Roquetas de Mar,"Av. Juan Carlos I, 56, 04740 Roquetas de Mar, Almería, España",+34 662 34 70 99,http://www.expovivienda.es/,4.1,126.0,es,Google reviews: 4.1* / 126,OPERATIONAL,"('real_estate_agency', 'consultant', 'point_of_interest', 'establishment')",04740
Trito Gestión,"C. de Don Juan de Aústria, 79, 04720 El Campillo del Moro, Almería, España",+34 690 85 08 20,https://www.tritogestion.com/,1.0,1.0,es,Google reviews: 1* / 1,OPERATIONAL,"('real_estate_agency', 'point_of_interest', 'establishment')",04720
INVERSIONES NUEVA ALMERIA,"Av. de Carlos III, 679, 04720 Aguadulce, Almería, España",+34 609 47 74 74,,,,es,Google reviews: * / None,OPERATIONAL,"('real_estate_agency', 'point_of_interest', 'establishment')",04720
Tecnocasa agencia inmobiliaria ( 04740 ),"Av. Juan Carlos I, 27, 04740 Roquetas de Mar, Almería, España",+34 950 32 11 24,https://roquetasdemar1.tecnocasa.es/,4.8,211.0,es,Google reviews: 4.8* / 211,OPERATIONAL,"('real_estate_agency', 'finance', 'consultant', 'point_of_interest', 'establishment')",04740
Paco Moreno Asesor Inmobiliario RE/MAX,"Calle Carretera de Alicun, Esquina con, C. Nobel, 28, 04740 Roquetas de Mar, Almería, España",+34 616 91 11 11,https://www.remax.es/buscador-de-agentes/almeria/roquetas-de-mar/todos/paco-moreno-8352/,5.0,14.0,es,Google reviews: 5* / 14,OPERATIONAL,"('real_estate_agency', 'point_of_interest', 'establishment')",04740
Inmobiliaria Indalocasa en Vícar,"MULTIOFICINAS CAORZA, planta 4 puerta 3, 04721 Vícar, Almería, España",+34 689 46 19 27,https://www.indalocasa.com/,,,es,Google reviews: * / None,OPERATIONAL,"('real_estate_agency', 'point_of_interest', 'establishment')",04721
Inmobiliaria Antonio Conesa,"C. Córdoba, 12, 04721 El Parador de las Hortichuelas, Almería, España",+34 638 11 92 28,,,,es,Google reviews: * / None,OPERATIONAL,"('real_estate_agency', 'point_of_interest', 'establishment')",04721
GMKG Inmobiliaria,"C. Sierra de Gádor, 8, 04720 El Parador de las Hortichuelas, Almería, España",+34 696 72 16 25,,,,es,Google reviews: * / None,OPERATIONAL,"('real_estate_agency', 'point_of_interest', 'establishment')",04720
SALA FUENTEAGUADULCE,"Carr. de los Motores, 22, 04720 Roquetas de Mar, Almería, España",+34 633 21 15 91,,,,es,Google reviews: * / None,OPERATIONAL,"('real_estate_agency', 'point_of_interest', 'establishment')",04720
Inversiones Inmobiliaria Disurca,"C. Invernaderos, 14, 04738 Puebla de Vícar, Almería, España",+34 950 55 46 95,,3.0,1.0,es,Google reviews: 3* / 1,OPERATIONAL,"('real_estate_agency', 'point_of_interest', 'establishment')",04738
Vicarcasa,"B, Blvr. Cdad. de Vícar, 1080, 04738 Vícar, Almería, España",+34 950 55 32 50,,4.5,2.0,es,Google reviews: 4.5* / 2,OPERATIONAL,"('real_estate_agency', 'point_of_interest', 'establishment')",04738
Juan Manuel Martin,"C. Invernaderos, 04738 Puebla de Vícar, Almería, España",+34 670 70 75 01,,,,es,Google reviews: * / None,OPERATIONAL,"('real_estate_agency', 'point_of_interest', 'establishment')",04738
Indalo vamar S.L,"C. Azabache, 59, Bajo B, 04738 La Gangosa, Almería, España",+34 660 13 69 61,,5.0,1.0,es,Google reviews: 5* / 1,OPERATIONAL,"('real_estate_agency', 'consultant', 'point_of_interest', 'establishment')",04738
RE/MAX Solución Roquetas,"Ctra. de Alicun, 28, 04740 Roquetas de Mar, Almería, España",+34 950 32 19 92,http://www.solucion.remax.es/,3.9,61.0,es,Google reviews: 3.9* / 61,OPERATIONAL,"('real_estate_agency', 'point_of_interest', 'establishment')",04740
Arena Gestión Inmobiliaria Roquetas de Mar,,+34 695 55 32 39,https://arenagestioninmobiliaria.com/,5.0,22.0,es,Google reviews: 5* / 22,OPERATIONAL,"('real_estate_agency', 'finance', 'consultant', 'establishment')",
Inmobiliaria Vimar Roquetas de Mar,"Avenida Sabinar, 363, 04740 Roquetas de Mar, Almería, España",+34 950 33 45 24,http://www.inmobiliariavimar.es/,4.7,409.0,es,Google reviews: 4.7* / 409,OPERATIONAL,"('real_estate_agency', 'point_of_interest', 'establishment')",04740
Inmobiliaria RUEDA,"C. Séneca, 13, 04740 Roquetas de Mar, Almería, España",+34 692 69 43 48,http://www.inmorueda.es/,4.7,31.0,es,Google reviews: 4.7* / 31,OPERATIONAL,"('real_estate_agency', 'point_of_interest', 'establishment')",04740
Moncalo Almería Inmobiliaria,"Av. Reino de España, 39, 04740 Roquetas de Mar, Almería, España",+34 652 11 92 58,http://www.moncaloalmeria.com/,4.1,7.0,es,Google reviews: 4.1* / 7,OPERATIONAL,"('real_estate_agency', 'point_of_interest', 'establishment')",04740
INMOBITUNING S.L,,+34 666 57 06 49,http://www.inmobituning.com/,3.9,24.0,es,Google reviews: 3.9* / 24,OPERATIONAL,"('real_estate_agency', 'establishment')",
INALKASA INMOBILIARIA,"Pl. San Cayetano, 1, 04740 Roquetas de Mar, Almería, España",+34 663 90 57 00,,4.1,9.0,es,Google reviews: 4.1* / 9,OPERATIONAL,"('real_estate_agency', 'point_of_interest', 'establishment')",04740
Charo Perez (Servicios Inmobiliarios),"Av. Curro Romero, 17, 1º PLANTA, OFICINA 5, 04740 Roquetas de Mar, Almería, España",+34 687 80 98 02,http://www.teamcharo.es/,5.0,1.0,es,Google reviews: 5* / 1,OPERATIONAL,"('real_estate_agency', 'point_of_interest', 'establishment')",04740
Ancemar Inmobliliaria,"Av. Unión Europea, 17, 04740 Roquetas de Mar, Almería, España",+34 640 05 67 99,http://www.ancemarinmobiliaria.com/,4.8,44.0,es,Google reviews: 4.8* / 44,OPERATIONAL,"('real_estate_agency', 'finance', 'general_contractor', 'point_of_interest', 'establishment')",04740
Vivacasa,,+34 607 71 68 43,,,,es,Google reviews: * / None,OPERATIONAL,"('real_estate_agency', 'establishment')",
Inmohogar Roquetas,"Av. de las Marinas, 146, 04740 Roquetas de Mar, Almería, España",+34 950 33 35 28,http://inmohogarroquetas.es/,4.6,84.0,es,Google reviews: 4.6* / 84,OPERATIONAL,"('real_estate_agency', 'point_of_interest', 'establishment')",04740
Inmobiliaria & Asesoría Leiza,"C. Murillo, 3, 04740 Roquetas de Mar, Almería, España",+34 654 68 15 58,,4.8,57.0,es,Google reviews: 4.8* / 57,OPERATIONAL,"('real_estate_agency', 'point_of_interest', 'establishment')",04740
Veritá Inmobiliaria,"Avenida Sabinar, 834, local 4, 04740 Roquetas de Mar, Almería, España",+34 654 01 27 41,https://www.veritainmobiliaria.com/,5.0,5.0,es,Google reviews: 5* / 5,OPERATIONAL,"('real_estate_agency', 'finance', 'consultant', 'point_of_interest', 'establishment')",04740
Pamela Moreno Gestión Inmobiliaria,"Av. Roquetas de Mar, 58, 04740 Roquetas de Mar, Almería, España",+34 665 52 86 92,http://www.facebook.com/profile.php?id=100087136515627,4.4,43.0,es,Google reviews: 4.4* / 43,OPERATIONAL,"('real_estate_agency', 'point_of_interest', 'establishment')",04740
Inmobiliaria Roquetas de Mar,"Av. Mediterráneo, 37, 04740 Roquetas de Mar, Almería, España",+34 676 63 85 51,http://www.todoalmeria.com/,4.0,8.0,es,Google reviews: 4* / 8,OPERATIONAL,"('real_estate_agency', 'point_of_interest', 'establishment')",04740
Locales Almería,"Av. Reino de España, 28, 04740 Roquetas de Mar, Almería, España",+34 950 17 15 42,https://www.localesalmeria.es/,5.0,2.0,es,Google reviews: 5* / 2,OPERATIONAL,"('real_estate_agency', 'point_of_interest', 'establishment')",04740
Iklena Properties,"Av. de Playa Serena, 202, 04740 Roquetas de Mar, Almería, España",+34 950 53 33 92,http://www.iklenaproperties.com/contacto/,4.8,14.0,es,Google reviews: 4.8* / 14,OPERATIONAL,"('real_estate_agency', 'point_of_interest', 'establishment')",04740
Fincasur Inmobiliaria,"C. San Cristóbal, 1, 04740 Roquetas de Mar, Almería, España",+34 619 08 13 61,http://fincasurinmobiliaria.es/,4.6,9.0,es,Google reviews: 4.6* / 9,OPERATIONAL,"('real_estate_agency', 'point_of_interest', 'establishment')",04740
"INMOBILIARIA CASAMAR, S.L.","Av. Pablo Picasso, 163, 04740 Roquetas de Mar, Almería, España",+34 950 32 33 54,http://www.inmobiliariacasamar.es/,5.0,3.0,es,Google reviews: 5* / 3,OPERATIONAL,"('real_estate_agency', 'point_of_interest', 'establishment')",04740
AELIT gestión inmobiliaria,"C. Romanilla, 85, 04740 Roquetas de Mar, Almería, España",+34 624 38 64 33,,5.0,1.0,es,Google reviews: 5* / 1,OPERATIONAL,"('real_estate_agency', 'point_of_interest', 'establishment')",04740
Inmobiliaria Berenguel,"Av. de Playa Serena, 202, 04740 Roquetas de Mar, Almería, España",+34 950 32 97 40,,3.6,11.0,es,Google reviews: 3.6* / 11,OPERATIONAL,"('real_estate_agency', 'point_of_interest', 'establishment')",04740
Immobiliarias en Almería ,"Miguel Indurain, 13, 04740 Roquetas de Mar, Almería, España",,http://www.unicasahome.es/,,,es,Google reviews: * / None,OPERATIONAL,"('real_estate_agency', 'point_of_interest', 'establishment')",04740
Inmo Costa Arco,"Av. Mariano Hernández, 11, 04740 Roquetas de Mar, Almería, España",+34 677 56 49 78,http://www.costa-arco.es/,5.0,1.0,es,Google reviews: 5* / 1,OPERATIONAL,"('real_estate_agency', 'point_of_interest', 'establishment')",04740
UKL Inmobiliaria,"C. Pombal, 9, 04740 Roquetas de Mar, Almería, España",+34 619 38 06 40,,,,es,Google reviews: * / None,OPERATIONAL,"('real_estate_agency', 'point_of_interest', 'establishment')",04740
ANGELES RUEDA INMOBILIARIA,"C. Gustavo Villapalos, 12, 04740 Roquetas de Mar, Almería, España",+34 608 95 04 24,http://www.angeleruedainmobiliaria.com/,4.0,3.0,es,Google reviews: 4* / 3,OPERATIONAL,"('real_estate_agency', 'point_of_interest', 'establishment')",04740
Inmobituning,"Avenida Sabinar, 373, 04740 Roquetas de Mar, Almería, España",+34 666 57 06 49,http://www.inmobituning.com/,3.3,15.0,es,Google reviews: 3.3* / 15,OPERATIONAL,"('real_estate_agency', 'point_of_interest', 'establishment')",04740
Inmobiliaria Godoy,"Av. Juan Carlos I, 108, 04740 Roquetas de Mar, Almería, España",+34 633 43 20 65,,3.3,3.0,en,Google reviews: 3.3* / 3,OPERATIONAL,"('real_estate_agency', 'point_of_interest', 'establishment')",04740
Inmobiliaria Faro,"Avenida Sabinar, 41, 04740 Roquetas de Mar, Almería, España",+34 950 14 69 40,http://www.inmobiliariafaro.com/,3.7,3.0,es,Google reviews: 3.7* / 3,OPERATIONAL,"('real_estate_agency', 'point_of_interest', 'establishment')",04740
Expovivienda INMOBILIARIA,"Av. Juan Carlos I, 40, 04740 Roquetas de Mar, Almería, España",+34 950 34 70 21,https://expovivienda.es/,3.7,3.0,es,Google reviews: 3.7* / 3,OPERATIONAL,"('real_estate_agency', 'point_of_interest', 'establishment')",04740
Gregorio Ramos Asesor en Charo Pérez Servicios Inmobiliarios,"Av. Curro Romero, 17, Primera Planta, 04740 Roquetas de Mar, Almería, España",+34 652 09 57 99,http://www.teamcharo.es/,5.0,6.0,es,Google reviews: 5* / 6,OPERATIONAL,"('real_estate_agency', 'point_of_interest', 'establishment')",04740
G & I Company,"Av. de Juan Bonachera, 15, 04740 Roquetas de Mar, Almería, España",+34 633 65 10 45,,4.5,2.0,es,Google reviews: 4.5* / 2,OPERATIONAL,"('real_estate_agency', 'point_of_interest', 'establishment')",04740
Roquesur Inmobiliaria,"C. la Gloria, 13, 04740 Roquetas de Mar, Almería, España",+34 693 74 86 40,,4.0,1.0,es,Google reviews: 4* / 1,OPERATIONAL,"('real_estate_agency', 'point_of_interest', 'establishment')",04740
Tecnocasa agencia inmobiliaria ( 04760 ),"Av. José Barrionuevo Peña, 19, local, 04760 Berja, Almería, España",+34 850 98 91 08,https://berja1.tecnocasa.es/,4.9,268.0,es,Google reviews: 4.9* / 268,OPERATIONAL,"('real_estate_agency', 'consultant', 'finance', 'point_of_interest', 'establishment')",04760
Inmuebles Guillén,"Av. José Barrionuevo Peña, 27, 04760 Berja, Almería, España",+34 950 49 21 28,http://www.inmueblesguillen.es/,4.5,24.0,es,Google reviews: 4.5* / 24,OPERATIONAL,"('real_estate_agency', 'point_of_interest', 'establishment')",04760
Jldelinea inmobiliaria,"C. Pje. del Libro, 1, 04770 Adra, Almería, España",+34 607 76 31 81,https://www.jldelineainmobiliaria.com/,4.9,42.0,es,Google reviews: 4.9* / 42,OPERATIONAL,"('real_estate_agency', 'point_of_interest', 'establishment')",04770
Inmobiliaria Godoy Y Durán,"Plaza de la Unidad, 04750 Dalías, Almería, España",+34 950 49 44 49,,,,es,Google reviews: * / None,OPERATIONAL,"('real_estate_agency', 'point_of_interest', 'establishment')",04750
Inmobiliaria Escamilla,"Av. José Barrionuevo Peña, 62, 04760 Berja, Almería, España",+34 615 68 77 52,https://www.fotocasa.es/es/inmobiliaria-inmobiliaria-escamilla/comprar/inmuebles/espana/todas-las-zonas/l?clientId=9202770564825,4.1,18.0,es,Google reviews: 4.1* / 18,OPERATIONAL,"('real_estate_agency', 'point_of_interest', 'establishment')",04760
Tecnocasa agencia inmobiliaria ( 04770 ),"Carrera de Natalio Rivas, 79, local, 04770 Adra, Almería, España",+34 950 02 73 91,https://adra1.tecnocasa.es/,4.8,93.0,es,Google reviews: 4.8* / 93,OPERATIONAL,"('real_estate_agency', 'consultant', 'finance', 'point_of_interest', 'establishment')",04770
LIDERCASA INTERNATIONAL,"04770 Adra, Almería, España",+34 950 60 40 61,http://www.lidercasa.tv/,5.0,1.0,es,Google reviews: 5* / 1,OPERATIONAL,"('real_estate_agency', 'point_of_interest', 'establishment')",04770
Grupo Adra ,"Prta del Mar, 4, 04770 Adra, Almería, España",+34 950 60 45 50,http://www.grupoadra.es/,3.3,6.0,es,Google reviews: 3.3* / 6,OPERATIONAL,"('real_estate_agency', 'point_of_interest', 'establishment')",04770
Adra Costa Inmobiliria,"Carr. de Almería, 6, 04778 Adra, Almería, España",+34 950 40 07 89,,3.4,12.0,es,Google reviews: 3.4* / 12,OPERATIONAL,"('real_estate_agency', 'point_of_interest', 'establishment')",04778
Esther Lupiáñez ,,+34 600 44 91 73,https://estherlupianez.exp-spain.com/,,,es,Google reviews: * / None,OPERATIONAL,"('real_estate_agency', 'consultant', 'establishment')",
Inmo Mare Nostrum,"Mar de Java, 04770 Adra, Almería, España",+34 624 04 16 43,,,,es,Google reviews: * / None,OPERATIONAL,"('real_estate_agency', 'point_of_interest', 'establishment')",04770
"Inmobiliaria Campillo, S.L.","Carr. de Almería, 2, 04770 Adra, Almería, España",+34 696 38 84 74,,,,es,Google reviews: * / None,OPERATIONAL,"('real_estate_agency', 'point_of_interest', 'establishment')",04770
Promocio0Nes Ucedo Rubí,"Carrera de Natalio Rivas, 7, 04770 Adra, Almería, España",+34 950 40 06 23,,,,es,Google reviews: * / None,OPERATIONAL,"('real_estate_agency', 'point_of_interest', 'establishment')",04770
Spanish Property Choice ,"Av. Lepanto, 15, 04800 Albox, Almería, España",+34 950 61 53 88,http://www.spanishpropertychoice.com/,4.4,19.0,en,Google reviews: 4.4* / 19,OPERATIONAL,"('real_estate_agency', 'point_of_interest', 'establishment')",04800
Gespaser,"C. Ramón y Cajal, 04800 Albox, Almería, España",+34 613 27 02 53,https://www.gespaser.com/,3.0,2.0,es,Google reviews: 3* / 2,OPERATIONAL,"('real_estate_agency', 'point_of_interest', 'establishment')",04800
Amazing Homes,"Av. 28 de Febrero, 18, 04800 Albox, Almería, España",+34 642 08 31 04,,5.0,2.0,es,Google reviews: 5* / 2,OPERATIONAL,"('real_estate_agency', 'point_of_interest', 'establishment')",04800
Manuel Martínez Carrillo,"Pl. Nueva, 6, 04800 Albox, Almería, España",+34 950 12 05 99,,5.0,1.0,es,Google reviews: 5* / 1,OPERATIONAL,"('real_estate_agency', 'point_of_interest', 'establishment')",04800
Blueline Investments,"Av. Pío XII, 6, 04800 Albox, Almería, España",+34 950 63 33 11,,,,es,Google reviews: * / None,OPERATIONAL,"('real_estate_agency', 'point_of_interest', 'establishment')",04800
INMOCELA,"Av. de la Fuente, 9, 04887 CELA, Almería, España",+34 615 91 48 54,https://www.inmocela.com/,4.5,13.0,es,Google reviews: 4.5* / 13,OPERATIONAL,"('real_estate_agency', 'point_of_interest', 'establishment')",04887
Real Spain,"Plaza del convento, 1, 04820 Vélez-Rubio, Almería, España",+34 623 45 94 94,http://realspainproperties.com/,5.0,32.0,es,Google reviews: 5* / 32,OPERATIONAL,"('real_estate_agency', 'consultant', 'point_of_interest', 'establishment')",04820
Inmotec Homes,"C. Merendero, 3, 04820 Vélez-Rubio, Almería, España",+34 628 68 44 01,https://www.inmotec-homes.com/,,,en,Google reviews: * / None,OPERATIONAL,"('real_estate_agency', 'point_of_interest', 'establishment')",04820
Plus Property Online,"P.º de la Libertad, 4, 04820 Vélez-Rubio, Almería, España",+34 644 42 25 72,http://pluspropertyonline.com/,3.7,6.0,es,Google reviews: 3.7* / 6,OPERATIONAL,"('real_estate_agency', 'point_of_interest', 'establishment')",04820
Pisos y casas en venta en Alhama. Inmobiliaria en Almeria,"C. Sevilla, 04860 Olula del Río, Almería, España",+34 950 44 34 71,,3.5,2.0,es,Google reviews: 3.5* / 2,OPERATIONAL,"('real_estate_agency', 'point_of_interest', 'establishment')",04860
Martos Realty,"C. Velázquez, 4, 04869 Fines, Almería, España",+34 626 06 53 27,https://www.martosrealty.es/,,,es,Google reviews: * / None,OPERATIONAL,"('real_estate_agency', 'point_of_interest', 'establishment')",04869
ARKITEC Gestión Inmobiliaria,"C. Maura, 26, 04880 Tíjola, Almería, España",+34 625 65 57 93,,3.7,3.0,es,Google reviews: 3.7* / 3,OPERATIONAL,"('real_estate_agency', 'point_of_interest', 'establishment')",04880
Inmobiliaria Marcovi,"C. Marqués de Comillas, 13, 04004 Almería, España",+34 950 23 22 44,http://www.inmobiliariamarcovi.com/,3.0,2.0,es,Google reviews: 3* / 2,OPERATIONAL,"('real_estate_agency', 'point_of_interest', 'establishment')",04004
