name,address,maps_phone,url,rating,reviews_count,language,comment,business_status,types,zip_code
Agencia Inmobiliaria Alicante,"Rbla. de Méndez Núñez, 35, 1B, 03001 Alicante (Alacant), Alicante, España",+34 966 10 32 33,https://www.inmobiliariaalicante.com/,4.9,206.0,es,Google reviews: 4.9* / 206,OPERATIONAL,"('real_estate_agency', 'point_of_interest', 'establishment')",03001
Inmobiliaria Casamayor,"C. de Ángel Lozano, 17, 03001 Alicante (Alacant), Alicante, España",+34 965 21 24 24,https://www.inmobiliariacasamayor.com/,4.8,1216.0,es,Google reviews: 4.8* / 1216,OPERATIONAL,"('real_estate_agency', 'point_of_interest', 'establishment')",03001
EZOVSKI real estate,"calle del teatro 25, local 2 esquina calle del Teatro, y, C. de las Navas, 03001 Alicante (Alacant), Alicante, España",+34 966 38 84 22,https://www.ezovski.es/,4.9,185.0,es,Google reviews: 4.9* / 185,OPERATIONAL,"('real_estate_agency', 'point_of_interest', 'establishment')",03001
Inmobiliaria Studio Centro,"Calle Belando, 14, Bajo, 03004 Alicante (Alacant), Alicante, España",+34 653 79 64 62,http://www.inmobiliariastudio.es/,4.8,194.0,es,Google reviews: 4.8* / 194,OPERATIONAL,"('real_estate_agency', 'point_of_interest', 'establishment')",03004
La Alicantina Inmobiliaria,"C. de las Navas, 50, 2ºC, 03001 Alicante (Alacant), Alicante, España",+34 670 52 64 14,http://www.inmobiliarialaalicantina.com/,4.7,162.0,es,Google reviews: 4.7* / 162,OPERATIONAL,"('real_estate_agency', 'point_of_interest', 'establishment')",03001
Inmolux ,"Av. de la Estación, 5, 03003 Alicante (Alacant), Alicante, España",+34 966 59 29 94,https://www.inmolux.es/,4.9,419.0,es,Google reviews: 4.9* / 419,OPERATIONAL,"('real_estate_agency', 'point_of_interest', 'establishment')",03003
Engel & Völkers ,"C/ Girona, 28, bajo, 03001 Alacant, Alicante, España",+34 966 28 70 70,http://www.engelvoelkers.com/alicante,4.5,170.0,es,Google reviews: 4.5* / 170,OPERATIONAL,"('real_estate_agency', 'point_of_interest', 'establishment')",03001
WeReal Grupo Inmobiliario,"Carrer Arquitecto Morell, 27, 03003 Alicante (Alacant), Alicante, España",+34 965 36 28 58,https://www.wereal.es/,4.9,272.0,es,Google reviews: 4.9* / 272,OPERATIONAL,"('real_estate_agency', 'point_of_interest', 'establishment')",03003
K&N ELITE Real Estate Agency,"C. Bailen, 3, Bajo, 03001 Alacant, Alicante, España",+34 966 11 81 88,http://www.knelite.com/,4.6,160.0,es,Google reviews: 4.6* / 160,OPERATIONAL,"('real_estate_agency', 'point_of_interest', 'establishment')",03001
Alicante Home Costa Blanca Inmobiliaria,"Av. Alfonso El Sabio, 21, primer piso, 03001 Alicante (Alacant), Alicante, España",+34 626 82 12 13,http://www.alicantehome.es/,4.9,116.0,en,Google reviews: 4.9* / 116,OPERATIONAL,"('real_estate_agency', 'lawyer', 'consultant', 'point_of_interest', 'establishment')",03001
Tourinmobiliarias Alicante Pla del Bon Repos,"Calle del Ing. Canales, 24, 03013 Alicante (Alacant), Alicante, España",+34 661 76 32 48,https://www.tourinmobiliarias.com/,4.9,382.0,es,Google reviews: 4.9* / 382,OPERATIONAL,"('real_estate_agency', 'finance', 'lawyer', 'consultant', 'point_of_interest', 'establishment')",03013
Inmoterreta SL ,"C. del Teatro, 25, local 2, 03001 Alicante (Alacant), Alicante, España",+34 653 38 53 01,https://inmoterreta.es/,4.7,100.0,es,Google reviews: 4.7* / 100,OPERATIONAL,"('real_estate_agency', 'point_of_interest', 'establishment')",03001
Domobo Homes & Co.,"Placa de los Luceros, 3, Entlo. C, 03001 Alacant, Alicante, España",+34 965 33 22 11,https://domobo.es/,4.9,179.0,es,Google reviews: 4.9* / 179,OPERATIONAL,"('real_estate_agency', 'finance', 'general_contractor', 'consultant', 'point_of_interest', 'establishment')",03001
Genera Soluciones Inmobiliarias,"Pl. Calvo Sotelo, 3, 03001 Alicante (Alacant), Alicante, España",+34 966 28 39 00,http://www.generainmobiliaria.com/,4.8,57.0,en,Google reviews: 4.8* / 57,OPERATIONAL,"('real_estate_agency', 'point_of_interest', 'establishment')",03001
NAT INMOBILIARIA,"C. Orense, 9, Local 4, 03003 Alicante (Alacant), Alicante, España",+34 673 81 15 15,http://www.natinmo.com/,5.0,147.0,es,Google reviews: 5* / 147,OPERATIONAL,"('real_estate_agency', 'point_of_interest', 'establishment')",03003
PÉREZ Y VIANA INMOBILIARIA ALICANTE CENTRO,"Pl. de la Muntanyeta, 4, 03001 Alacant, Alicante, España",+34 966 41 07 97,http://www.perezyviana.es/,4.7,56.0,es,Google reviews: 4.7* / 56,OPERATIONAL,"('real_estate_agency', 'point_of_interest', 'establishment')",03001
Inmobiliaria García,"C/ Italia, 22, 03003 Alacant, Alicante, España",+34 666 07 88 86,http://www.inmobiliariagarcia.net/,4.8,185.0,es,Google reviews: 4.8* / 185,OPERATIONAL,"('real_estate_agency', 'point_of_interest', 'establishment')",03003
Inmo Gallery,"Av. Alfonso El Sabio, 45, entlo 2, 03001 Alicante (Alacant), Alicante, España",+34 966 29 74 35,https://www.inmogallery.com/,4.9,126.0,es,Google reviews: 4.9* / 126,OPERATIONAL,"('real_estate_agency', 'point_of_interest', 'establishment')",03001
INMOBILIARIA MARTÍNEZ,"Carrer Portugal, 14, 03003 Alacant, Alicante, España",+34 618 73 65 14,https://martinezrsd.com/,5.0,89.0,es,Google reviews: 5* / 89,OPERATIONAL,"('real_estate_agency', 'point_of_interest', 'establishment')",03003
Margamora Agencia Inmobiliaria Alicante,"C. del Teatro, 28, 03001 Alicante (Alacant), Alicante, España",+34 665 68 70 18,http://www.margamora21.net/,4.5,149.0,es,Google reviews: 4.5* / 149,OPERATIONAL,"('real_estate_agency', 'point_of_interest', 'establishment')",03001
Inmoparadise Agencia Inmobiliaria ( 03007 ),"Av. de Aguilera, 45, 03007 Alicante (Alacant), Alicante, España",+34 722 50 36 95,https://inmoparadise.com/,4.8,218.0,es,Google reviews: 4.8* / 218,OPERATIONAL,"('real_estate_agency', 'point_of_interest', 'establishment')",03007
Lufran Inmobiliaria,"C. Rafael Altamira, 26, 03002 Alicante (Alacant), Alicante, España",+34 965 50 58 65,http://www.inmolufran.com/,4.4,259.0,es,Google reviews: 4.4* / 259,OPERATIONAL,"('real_estate_agency', 'point_of_interest', 'establishment')",03002
ROMAICA INMOBILIARIA Y REFORMAS,"C. San Telmo, 4, Bajo, 03002 Alicante (Alacant), Alicante, España",+34 614 38 47 27,https://www.romaica.com/,4.8,61.0,es,Google reviews: 4.8* / 61,OPERATIONAL,"('real_estate_agency', 'point_of_interest', 'establishment')",03002
Habitale,"Isabel La Católica, 24, 03007 Alacant, Alicante, España",+34 966 59 66 08,,4.8,177.0,es,Google reviews: 4.8* / 177,OPERATIONAL,"('real_estate_agency', 'point_of_interest', 'establishment')",03007
QUO Real Estate,"C. Canalejas, 13, 03001 Alicante (Alacant), Alicante, España",+34 633 44 40 28,https://www.quoinmobiliaria.com/,4.7,184.0,es,Google reviews: 4.7* / 184,OPERATIONAL,"('real_estate_agency', 'lawyer', 'consultant', 'point_of_interest', 'establishment')",03001
YER Inmobiliaria Alicante,"C. Bailen, 15, 03001 Alacant, Alicante, España",+34 671 50 97 40,http://yerrealty.com/,4.9,44.0,es,Google reviews: 4.9* / 44,OPERATIONAL,"('real_estate_agency', 'point_of_interest', 'establishment')",03001
J'achète en Espagne - Alicante,"C. Valdés, 11, 03001 Alicante (Alacant), Alicante, España",+34 965 02 72 01,https://jacheteenespagne.com/immobilier-alicante/,4.9,188.0,fr,Google reviews: 4.9* / 188,OPERATIONAL,"('real_estate_agency', 'consultant', 'finance', 'point_of_interest', 'establishment')",03001
Inmobiliaria Arenae,"Av. General Marvá, 39, Entlo C, 03005 Alacant, Alicante, España",+34 965 12 37 98,https://arenae.es/,5.0,112.0,es,Google reviews: 5* / 112,OPERATIONAL,"('real_estate_agency', 'consultant', 'point_of_interest', 'establishment')",03005
Lucas Fox,"C. Bazán, 28, bajo, 03001 Alicante (Alacant), Alicante, España",+34 966 04 83 56,https://www.lucasfox.com/offices/ali.html?utm_medium=organic&utm_source=google&utm_campaign=mybusiness_alicante,4.8,97.0,es,Google reviews: 4.8* / 97,OPERATIONAL,"('real_estate_agency', 'consultant', 'finance', 'point_of_interest', 'establishment')",03001
Inmo Café - Real Estate,"C. Bazán, 20, local 24, 03001 Alicante (Alacant), Alicante, España",+34 639 04 64 33,https://inmocafe.es/,5.0,100.0,es,Google reviews: 5* / 100,OPERATIONAL,"('real_estate_agency', 'point_of_interest', 'establishment')",03001
Inmobiliaria API Alted ,"Pl. Ruperto Chapí, 6, 1 A, 03001 Alicante (Alacant), Alicante, España",+34 965 14 38 28,http://www.apialted.com/,4.9,37.0,es,Google reviews: 4.9* / 37,OPERATIONAL,"('real_estate_agency', 'point_of_interest', 'establishment')",03001
Inmobiliaria Benalúa Alicante ,"Carrer Pérez Medina, 23, 03007 Alacant, Alicante, España",+34 865 60 47 69,https://www.inmobiliarianucleo.com/inmobiliarias/alicante-provincia/alicante/benalua?utm_source=local&utm_medium=gbp,4.7,273.0,es,Google reviews: 4.7* / 273,OPERATIONAL,"('real_estate_agency', 'point_of_interest', 'establishment')",03007
Alicante Inmuebles,"C. Poeta Quintana, 12, 03004 Alacant, Alicante, España",+34 617 47 20 16,http://www.alicanteinmuebles.es/,5.0,32.0,es,Google reviews: 5* / 32,OPERATIONAL,"('real_estate_agency', 'point_of_interest', 'establishment')",03004
Inmobiliaria Altozano Alicante ,"Av. Conde de Lumiares, 31, Local 4, 03010 Alicante (Alacant), Alicante, España",+34 692 10 38 22,https://www.inmobiliarianucleo.com/inmobiliarias/alicante-provincia/alicante/altozano?utm_source=local&utm_medium=gbp,4.9,302.0,es,Google reviews: 4.9* / 302,OPERATIONAL,"('real_estate_agency', 'point_of_interest', 'establishment')",03010
Alicante Properties,"Carrer Dr. Just, 37, 03007 Alacant, Alicante, España",+34 965 23 17 01,http://www.alicanteproperties.es/,4.8,111.0,es,Google reviews: 4.8* / 111,OPERATIONAL,"('real_estate_agency', 'point_of_interest', 'establishment')",03007
Entra y más,"C/ Gerona, 6, BAJO, 03001 Alicante (Alacant), Alicante, España",+34 678 00 88 00,https://www.entraymas.com/,4.9,51.0,es,Google reviews: 4.9* / 51,OPERATIONAL,"('real_estate_agency', 'general_contractor', 'point_of_interest', 'establishment')",03001
Mérito Inmoservicios,"C. Bazán, 28, 03001 Alicante (Alacant), Alicante, España",+34 647 07 57 86,https://meritoinmoservicios.com/,4.5,78.0,es,Google reviews: 4.5* / 78,OPERATIONAL,"('real_estate_agency', 'consultant', 'finance', 'point_of_interest', 'establishment')",03001
GestaliHome agencia inmobiliaria especializada en viviendas de obra nueva en España,"Pl. Músico Óscar Tordera Iñesta, 11, 03004 Alicante (Alacant), Alicante, España",+34 604 22 57 09,http://www.gestalihome.com/,5.0,48.0,es,Google reviews: 5* / 48,OPERATIONAL,"('real_estate_agency', 'general_contractor', 'point_of_interest', 'establishment')",03004
Key Costa International Real Estate,"C. del Teatro, 25 - Local 6, 03001 Alicante (Alacant), Alicante, España",+34 689 38 74 16,https://www.keycostablanca.com/,4.8,89.0,es,Google reviews: 4.8* / 89,OPERATIONAL,"('real_estate_agency', 'point_of_interest', 'establishment')",03001
Real Estate ALICANTE RAMBLA ,"2 B, Rbla. de Méndez Núñez, 48, 03002 Alicante (Alacant), Alicante, España",+34 965 20 48 07,http://www.inmobiliariarambla.com/,4.5,61.0,es,Google reviews: 4.5* / 61,OPERATIONAL,"('real_estate_agency', 'consultant', 'finance', 'point_of_interest', 'establishment')",03002
Azulcasa Estate Agents Alicante Inmobiliaria,"Av. Juan Sanchis Candela, 28, Local 10, 03015 Alicante (Alacant), Alicante, España",+34 965 12 21 95,https://www.azulcasa.es/,4.9,314.0,es,Google reviews: 4.9* / 314,OPERATIONAL,"('real_estate_agency', 'point_of_interest', 'establishment')",03015
Mi casa en Alicante,"Av. Maisonnave, 28 Bis, 4, 03003 Alicante (Alacant), Alicante, España",,https://www.micasaenalicante.com/,4.7,83.0,es,Google reviews: 4.7* / 83,OPERATIONAL,"('real_estate_agency', 'point_of_interest', 'establishment')",03003
Sonneil - Homes,"Mlle. Levante, 8, 03001 Alicante (Alacant), Alicante, España",+34 965 03 08 70,https://www.sonneil.com/?source=GMyBusiness&utm_source=GMyBusiness&utm_medium=GMyBusiness&utm_term=GMyBusiness,4.9,365.0,es,Google reviews: 4.9* / 365,OPERATIONAL,"('real_estate_agency', 'point_of_interest', 'establishment')",03001
Inmobiliaria San Blas Alicante ,"C. del Pintor Gisbert, 12, Local, 03005 Alicante (Alacant), Alicante, España",+34 865 55 30 08,https://www.inmobiliarianucleo.com/inmobiliarias/alicante-provincia/alicante/san-blas?utm_source=local&utm_medium=gbp,4.9,74.0,es,Google reviews: 4.9* / 74,OPERATIONAL,"('real_estate_agency', 'point_of_interest', 'establishment')",03005
ILUCANT GRUPO INMOBILIARIO,"Plaça d'Espanya, 2, 03004 Alacant, Alicante, España",+34 966 30 42 57,http://www.ilucant.com/,4.6,137.0,es,Google reviews: 4.6* / 137,OPERATIONAL,"('real_estate_agency', 'point_of_interest', 'establishment')",03004
IP Inmobiliaria y Gestión,"C. Médico Manero Mollà, 16, 3° puerta 5, 03001 Alicante (Alacant), Alicante, España",+34 865 60 13 03,https://www.ipinmobiliariaygestion.com/,4.9,33.0,es,Google reviews: 4.9* / 33,OPERATIONAL,"('real_estate_agency', 'point_of_interest', 'establishment')",03001
Reside Inmobiliaria,"Av. Maisonnave, 11, 6ºA, 03003 Alicante (Alacant), Alicante, España",+34 619 15 28 80,http://www.resideinmobiliaria.com/,4.8,39.0,es,Google reviews: 4.8* / 39,OPERATIONAL,"('real_estate_agency', 'point_of_interest', 'establishment')",03003
Óptima Inmobiliaria,"C. de Sant Mateu, 51, 03012 Alacant, Alicante, España",+34 965 25 85 11,https://www.optimainmobiliaria.es/,4.8,189.0,es,Google reviews: 4.8* / 189,OPERATIONAL,"('real_estate_agency', 'consultant', 'point_of_interest', 'establishment')",03012
Tú Property in Spain,"Pl. Pío XII, 1, 03012 Alicante (Alacant), Alicante, España",+34 966 14 94 17,https://tupropertyinspain.com/,4.6,252.0,es,Google reviews: 4.6* / 252,OPERATIONAL,"('real_estate_agency', 'consultant', 'point_of_interest', 'establishment')",03012
Fincas Soria ,"Calle Poeta Zorrilla, 23, Carrer Dr. Ferran, 17, 03012 Alacant, Alicante, España",+34 744 45 91 31,https://www.inmosun.com/,5.0,40.0,es,Google reviews: 5* / 40,OPERATIONAL,"('real_estate_agency', 'finance', 'consultant', 'point_of_interest', 'establishment')",03012
Vitality ,"Carrer Dr. Just, 1, 03007 Alacant, Alicante, España",+34 865 55 06 46,https://vitalityviviendas.es/,4.7,83.0,es,Google reviews: 4.7* / 83,OPERATIONAL,"('real_estate_agency', 'finance', 'consultant', 'point_of_interest', 'establishment')",03007
Inmobiliaria Golden Casas Alicante,"C. Gravina, 17, 5D, 03002 Alicante (Alacant), Alicante, España",+34 656 47 17 93,,5.0,12.0,es,Google reviews: 5* / 12,OPERATIONAL,"('real_estate_agency', 'consultant', 'point_of_interest', 'establishment')",03002
Inmo Dream House,"Av. Alfonso El Sabio, 17, Entreplanta, 03001 Alicante (Alacant), Alicante, España",+34 654 34 14 36,https://inmodreamhouse.com/,4.7,36.0,es,Google reviews: 4.7* / 36,OPERATIONAL,"('real_estate_agency', 'point_of_interest', 'establishment')",03001
Habitalia Alicante,"C. Reyes Católicos, 28, 03003 Alicante (Alacant), Alicante, España",+34 637 61 66 96,http://habitaliaalicante.com/,5.0,47.0,es,Google reviews: 5* / 47,OPERATIONAL,"('real_estate_agency', 'point_of_interest', 'establishment')",03003
Alegría Real Estate ( 03004 ),"Av. General Marvá, 24, 03004 Alacant, Alicante, España",+34 965 14 35 59,https://alegria-realestate.com/,4.5,122.0,es,Google reviews: 4.5* / 122,OPERATIONAL,"('real_estate_agency', 'corporate_office', 'point_of_interest', 'establishment')",03004
Amura Inmobiliaria Alicante,"Avenida Maisonnave, 28bis 4º 38.34369309191882, -0.49210313365563935, 03003 Alicante (Alacant), Alicante, España",+34 625 93 45 10,https://www.amurainmobiliaria.es/,5.0,14.0,es,Google reviews: 5* / 14,OPERATIONAL,"('real_estate_agency', 'point_of_interest', 'establishment')",03003
Centro de Viviendas de Alicante,"Av. Maisonnave, 41, 6A, 03003 Alicante (Alacant), Alicante, España",+34 600 66 34 40,http://www.centrodeviviendas.com/,4.6,128.0,es,Google reviews: 4.6* / 128,OPERATIONAL,"('real_estate_agency', 'point_of_interest', 'establishment')",03003
Inmobiliaria Bulevar,"Carrer Lleida, 10, esc 1 loc 6, 03012 Alacant, Alicante, España",+34 865 79 94 38,https://www.fotocasa.es/es/inmobiliaria-oficina-inmobiliaria-bulevar/comprar/inmuebles/espana/todas-las-zonas/l?clientId=9202770018068,4.9,92.0,es,Google reviews: 4.9* / 92,OPERATIONAL,"('real_estate_agency', 'point_of_interest', 'establishment')",03012
ALISPAIN PROPERTIES COSTABLANCA ,"C. del Poeta Quintana, 43, LOCAL BAJO Nº3 DRCHA, 03004 Alicante (Alacant), Alicante, España",+34 673 20 20 15,http://www.inmoalispain.com/,5.0,8.0,es,Google reviews: 5* / 8,OPERATIONAL,"('real_estate_agency', 'finance', 'lawyer', 'consultant', 'point_of_interest', 'establishment')",03004
INMOBILIARIA PADRE ESPLÁ,"avenida Padre Esplá, Esq, C. Río Seco, 56-58, local, 03013 Alicante (Alacant), Alicante, España",+34 865 55 23 31,,4.8,116.0,es,Google reviews: 4.8* / 116,OPERATIONAL,"('real_estate_agency', 'finance', 'consultant', 'point_of_interest', 'establishment')",03013
Inmoparadise Agencia Inmobiliaria ( 03012 ),"C. Dato Iradier, 20, local izquierda, 03012 Alicante (Alacant), Alicante, España",+34 722 50 36 95,https://inmoparadise.com/,4.9,119.0,es,Google reviews: 4.9* / 119,OPERATIONAL,"('real_estate_agency', 'point_of_interest', 'establishment')",03012
FUENTES de inmuebles - centro,"Plaça d'Espanya, C. San Vicente, 1 esquina, 03004 Alicante (Alacant), Alicante, España",+34 966 88 45 81,http://www.pisosdealicante.com/,4.9,60.0,es,Google reviews: 4.9* / 60,OPERATIONAL,"('real_estate_agency', 'point_of_interest', 'establishment')",03004
Inmobiliaria san mateo,"C. San Mateo, 12b, local 02, 03013 Alicante (Alacant), Alicante, España",+34 692 90 34 19,,4.7,133.0,es,Google reviews: 4.7* / 133,OPERATIONAL,"('real_estate_agency', 'consultant', 'finance', 'point_of_interest', 'establishment')",03013
Inmoprest Inmobiliaria,"C. Gral. Elizaicin, 1, local 1 bajo, 03013 Alacant, Alicante, España",+34 671 68 27 46,https://www.idealista.com/pro/inmoprest/venta-viviendas/,4.7,50.0,es,Google reviews: 4.7* / 50,OPERATIONAL,"('real_estate_agency', 'point_of_interest', 'establishment')",03013
New House Alicante,"C. del Curricán, 44, Local 22, 03540 Alicante (Alacant), Alicante, España",+34 644 47 60 45,https://newhousealicante.es/,4.9,158.0,es,Google reviews: 4.9* / 158,OPERATIONAL,"('real_estate_agency', 'point_of_interest', 'establishment')",03540
Sun Home Alicante,"C/ Tomás López Torregrosa, 5, 03002 Alacant, Alicante, España",+34 965 02 51 47,https://www.sunhomealicante.com/,4.8,16.0,es,Google reviews: 4.8* / 16,OPERATIONAL,"('real_estate_agency', 'point_of_interest', 'establishment')",03002
UNITAS GESTION INMOBILIARIA,"Plaza Sta. Teresa, Nº 11 Bajo, 03004 Alicante (Alacant), Alicante, España",+34 965 21 64 51,http://www.unitasinmobiliaria.com/,4.8,41.0,es,Google reviews: 4.8* / 41,OPERATIONAL,"('real_estate_agency', 'point_of_interest', 'establishment')",03004
Inmobiliaria Carolinas Bajas Alicante ,"C. Sevilla, 31, 03012 Alicante (Alacant), Alicante, España",+34 966 23 60 12,https://www.inmobiliarianucleo.com/inmobiliarias/alicante-provincia/alicante/carolinas-bajas?utm_source=local&utm_medium=gbp,4.7,40.0,es,Google reviews: 4.7* / 40,OPERATIONAL,"('real_estate_agency', 'point_of_interest', 'establishment')",03012
Inmobiliaria El Cabo,"Cam. del Faro, 11, local 11, 03540 Alicante (Alacant), Alicante, España",+34 618 32 28 33,http://www.inmoelcabo.com/,4.9,111.0,es,Google reviews: 4.9* / 111,OPERATIONAL,"('real_estate_agency', 'point_of_interest', 'establishment')",03540
Inmobiliaria Plá del Bon Repós Alicante ,"Av. del Padre Esplá, 7, 03013 Alicante (Alacant), Alicante, España",+34 692 48 63 05,https://www.inmobiliarianucleo.com/inmobiliarias/alicante-provincia/alicante/pla-del-bon-repos?utm_source=local&utm_medium=gbp,4.9,29.0,es,Google reviews: 4.9* / 29,OPERATIONAL,"('real_estate_agency', 'point_of_interest', 'establishment')",03013
Inmoquest,"Carrer Poeta Campos Vasallo, 26, 03004 Alacant, Alicante, España",+34 965 26 54 98,http://www.inmoquest.com/,4.8,41.0,es,Google reviews: 4.8* / 41,OPERATIONAL,"('real_estate_agency', 'point_of_interest', 'establishment')",03004
Amaya Domus Inmobiliaria,"Maestro José Garberí Serrano, 11, 03540 Alicante (Alacant), Alicante, España",+34 965 94 70 99,http://www.amayadomus.com/,4.8,340.0,es,Google reviews: 4.8* / 340,OPERATIONAL,"('real_estate_agency', 'point_of_interest', 'establishment')",03540
REMAX BLUE Inmobiliaria Alicante,"Av. de los Condes de Soto Ameno, 53, 03005 Alicante (Alacant), Alicante, España",+34 966 30 51 18,http://www.remaxblue.es/,4.7,146.0,es,Google reviews: 4.7* / 146,OPERATIONAL,"('real_estate_agency', 'point_of_interest', 'establishment')",03005
CIVIC Inmobiliaria,"Carrer Cardenal Belluga, 21, 03005 Alacant, Alicante, España",+34 601 38 41 38,http://www.civicinmobiliaria.com/,5.0,157.0,es,Google reviews: 5* / 157,OPERATIONAL,"('real_estate_agency', 'point_of_interest', 'establishment')",03005
MF GESTIÓN INMOBILIARIA,"Av. Maisonnave, 41, 3ºB, 03003 Alicante (Alacant), Alicante, España",+34 678 08 91 92,http://www.mfginmobiliaria.com/,5.0,62.0,es,Google reviews: 5* / 62,OPERATIONAL,"('real_estate_agency', 'point_of_interest', 'establishment')",03003
Balance Home,"Av. Maisonnave, 41, 3, 03003 Alacant, Alicante, España",+34 624 82 81 73,https://www.instagram.com/balancehomealc/,5.0,45.0,es,Google reviews: 5* / 45,OPERATIONAL,"('real_estate_agency', 'point_of_interest', 'establishment')",03003
Sonia Galán Asesores Inmobiliarios,"Av. Maisonnave, 41, 3º, 03003 Alicante (Alacant), Alicante, España",+34 655 47 47 48,http://soniagalan.es/,5.0,35.0,es,Google reviews: 5* / 35,OPERATIONAL,"('real_estate_agency', 'point_of_interest', 'establishment')",03003
BLAYMAR Agencia Inmobiliaria ,"Av. Maisonnave, 28 bis, 1, 03003 Alicante (Alacant), Alicante, España",+34 965 21 36 16,http://www.blaymar.com/,4.8,21.0,es,Google reviews: 4.8* / 21,OPERATIONAL,"('real_estate_agency', 'point_of_interest', 'establishment')",03003
Inmobiliaria Florida Portazgo Alicante ,"C. Cisne, 19, 03006 Alicante (Alacant), Alicante, España",+34 965 99 95 54,https://www.inmobiliarianucleo.com/inmobiliarias/alicante-provincia/alicante/florida-portazgo?utm_source=local&utm_medium=gbp,4.7,166.0,es,Google reviews: 4.7* / 166,OPERATIONAL,"('real_estate_agency', 'point_of_interest', 'establishment')",03006
Inmofreelance,"CC Bulevar Plaza, Av. de la Estación, 5, Local 47, 03003 Alicante (Alacant), Alicante, España",+34 665 61 86 75,http://inmofreelance.com/,4.7,49.0,es,Google reviews: 4.7* / 49,OPERATIONAL,"('real_estate_agency', 'consultant', 'point_of_interest', 'establishment')",03003
Inmo Mash,"Av. Eusebi Sempere, 4, 03003 Alacant, Alicante, España",+34 965 12 46 33,http://www.inmomash.com/,4.3,105.0,es,Google reviews: 4.3* / 105,OPERATIONAL,"('real_estate_agency', 'point_of_interest', 'establishment')",03003
Inmobiliaria e Interiorismo Blanco,"Carrer Pintor Aparicio, 12, 03003 Alacant, Alicante, España",+34 637 78 03 38,http://www.inmobiliariablanco.com/,4.4,19.0,es,Google reviews: 4.4* / 19,OPERATIONAL,"('real_estate_agency', 'general_contractor', 'point_of_interest', 'establishment')",03003
TotalRent,"Av. Benito Pérez Galdós, 1, bajo comercial, 03004 Alicante (Alacant), Alicante, España",+34 965 94 61 68,http://www.mytotalrent.com/,4.9,403.0,es,Google reviews: 4.9* / 403,OPERATIONAL,"('real_estate_agency', 'point_of_interest', 'establishment')",03004
FUENTES de inmuebles ,"Carrer Devesa, nº2, 03010 Alacant, Alicante, España",+34 966 35 88 30,http://www.inmobiliariadealicante.com/,4.7,174.0,es,Google reviews: 4.7* / 174,OPERATIONAL,"('real_estate_agency', 'point_of_interest', 'establishment')",03010
Inmobiliaria Plaza San Blas,"Pl. San Blas, 1, local, 03005 Alicante (Alacant), Alicante, España",+34 693 21 27 28,,4.7,29.0,es,Google reviews: 4.7* / 29,OPERATIONAL,"('real_estate_agency', 'finance', 'consultant', 'point_of_interest', 'establishment')",03005
Fincas HG,"Carrer Cardenal Belluga, 23, 03005 Alacant, Alicante, España",+34 651 80 12 10,https://www.fincashg.es/,4.8,131.0,es,Google reviews: 4.8* / 131,OPERATIONAL,"('real_estate_agency', 'point_of_interest', 'establishment')",03005
Abarca Servicios Inmobiliarios,"Av. de los Condes de Soto Ameno, 56, 03005 Alicante (Alacant), Alicante, España",+34 966 30 87 77,http://www.inmoabarca.com/,4.4,142.0,es,Google reviews: 4.4* / 142,OPERATIONAL,"('real_estate_agency', 'point_of_interest', 'establishment')",03005
Inmobiliaria Zona Norte Alicante ,"Economista German Bernacer, 16 Bajo ""INMOBILIARIA NUCLEO, 03011 Alicante (Alacant), Alicante, España",+34 677 10 78 84,https://www.inmobiliarianucleo.com/inmobiliarias/alicante-provincia/alicante/zona-norte?utm_source=local&utm_medium=gbp,5.0,87.0,es,Google reviews: 5* / 87,OPERATIONAL,"('real_estate_agency', 'point_of_interest', 'establishment')",03011
Viatecnic,"Carrer del Regidor Lorenzo Llaneras, 2, 03005 Alacant, Alicante, España",+34 966 93 73 19,http://www.viatecnic.es/,4.8,33.0,es,Google reviews: 4.8* / 33,OPERATIONAL,"('real_estate_agency', 'corporate_office', 'point_of_interest', 'establishment')",03005
DAURUM ESTATE ALICANTE,"C,/ Rosa Chacel 20 Local E Entrada, C. Francisco Muñoz Llorens, local E, 03008 Alicante (Alacant), Alicante, España",+34 965 94 76 38,https://www.daurumestate.com/,4.9,113.0,es,Google reviews: 4.9* / 113,OPERATIONAL,"('real_estate_agency', 'point_of_interest', 'establishment')",03008
Monapart Alicante,,+34 934 57 29 76,https://www.monapart.com/agentes/alicante,4.9,103.0,es,Google reviews: 4.9* / 103,OPERATIONAL,"('real_estate_agency', 'finance', 'establishment')",
Inmobiliaria Florida,"C. Sociedad Cultural Deportiva Betis Florida, 17, 03007 Alicante (Alacant), Alicante, España",+34 965 04 47 50,https://www.inmobiliarianucleo.com/inmobiliarias/alicante-provincia/alicante/florida-babel?utm_source=local&utm_medium=gbp,5.0,89.0,es,Google reviews: 5* / 89,OPERATIONAL,"('real_estate_agency', 'point_of_interest', 'establishment')",03007
Live-Costablanca Inmobiliaria en Alicante,"C. de Sta. Isabel, 13, 03005 Alicante (Alacant), Alicante, España",+34 645 75 26 63,https://www.live-costablanca.com/,4.4,15.0,en,Google reviews: 4.4* / 15,OPERATIONAL,"('real_estate_agency', 'point_of_interest', 'establishment')",03005
INMOBILIARIA GRUPO ECONOMICASA,"Carrer Foglietti, 24, 03007 Alacant, Alicante, España",+34 673 32 22 52,http://www.grupoeconomicasa.com/,4.0,100.0,es,Google reviews: 4* / 100,OPERATIONAL,"('real_estate_agency', 'point_of_interest', 'establishment')",03007
Área Centro,"Av. de la Estación, 14, 1D, 03005 Alicante (Alacant), Alicante, España",+34 965 25 89 47,,4.3,35.0,es,Google reviews: 4.3* / 35,OPERATIONAL,"('real_estate_agency', 'point_of_interest', 'establishment')",03005
Igh Properties,"Calle Callosa de Segura, 9, 03005 Alicante (Alacant), Alicante, España",+34 653 42 20 19,http://www.ighproperties.com/,5.0,38.0,es,Google reviews: 5* / 38,OPERATIONAL,"('real_estate_agency', 'consultant', 'point_of_interest', 'establishment')",03005
Redpiso,"Av. de Aguilera, 36, 03006 Alicante (Alacant), Alicante, España",+34 965 50 96 44,https://www.redpiso.es/oficina/inmobiliaria-alicante-estacion/venta,4.3,76.0,es,Google reviews: 4.3* / 76,OPERATIONAL,"('real_estate_agency', 'consultant', 'finance', 'point_of_interest', 'establishment')",03006
Agencia inmobiliaria ( 03014 ),"C. Sidi-Ifni, 11, local 1, 03014 Alicante (Alacant), Alicante, España",+34 865 68 54 26,,4.2,45.0,es,Google reviews: 4.2* / 45,OPERATIONAL,"('real_estate_agency', 'point_of_interest', 'establishment')",03014
YBC Gestiones Inmobiliarias,"Carrer Bono Guarner, 30, Inmobiliaria, 03005 Alacant, Alicante, España",+34 865 97 02 61,https://www.ybcgroup.es/,4.2,9.0,es,Google reviews: 4.2* / 9,OPERATIONAL,"('real_estate_agency', 'point_of_interest', 'establishment')",03005
Inmobiliaria Alicante Grupo Arai,"C. Catedratico Ferre Vidiella, 19, 03005 Alicante (Alacant), Alicante, España",+34 865 44 31 24,http://grupoarai.com/,5.0,1.0,es,Google reviews: 5* / 1,OPERATIONAL,"('real_estate_agency', 'point_of_interest', 'establishment')",03005
Buenos Pisos Inmobiliaria,"C/ Pardo Gimeno, 28, 03007 Alacant, Alicante, España",+34 965 08 52 20,http://www.buenospisosalicante.es/,4.7,15.0,es,Google reviews: 4.7* / 15,OPERATIONAL,"('real_estate_agency', 'point_of_interest', 'establishment')",03007
INMOVENTA,"Av. de la Estación, 5, Local 47, T, 03003 Alicante (Alacant), Alicante, España",+34 674 30 30 96,http://inmoventa21.com/,4.8,51.0,es,Google reviews: 4.8* / 51,OPERATIONAL,"('real_estate_agency', 'point_of_interest', 'establishment')",03003
LAE HOMES ALICANTE,"Av. de la Estación, 4, 03005 Alicante (Alacant), Alicante, España",+34 965 05 43 33,https://laehomes.com/oficinas,4.7,36.0,es,Google reviews: 4.7* / 36,OPERATIONAL,"('real_estate_agency', 'point_of_interest', 'establishment')",03005
Glowbal Inmobiliaria,"C. Astrónomo Comas Sola, 9, 03007 Alicante (Alacant), Alicante, España",+34 966 30 87 02,https://glowbal.es/,4.6,109.0,es,Google reviews: 4.6* / 109,OPERATIONAL,"('real_estate_agency', 'point_of_interest', 'establishment')",03007
Inmovilcash,"C. Renato Bardín, 2, BAJO, 03006 Alicante (Alacant), Alicante, España",+34 620 73 43 71,https://www.inmovilcash.es/,4.5,27.0,es,Google reviews: 4.5* / 27,OPERATIONAL,"('real_estate_agency', 'consultant', 'point_of_interest', 'establishment')",03006
LIVEN | Gestión Inmobiliaria,"Av. Maisonnave, 41, 7º E-F, 03003 Alicante (Alacant), Alicante, España",+34 685 53 52 00,https://somosliven.com/,5.0,12.0,es,Google reviews: 5* / 12,OPERATIONAL,"('real_estate_agency', 'lawyer', 'consultant', 'point_of_interest', 'establishment')",03003
Tecnocasa Agencia Inmobiliaria,"calle Carratalá, Esq, C/ Arquitecto Guardiola, 31, local, 03007 Alacant, Alicante, España",+34 626 41 58 48,https://alicante6.tecnocasa.es/,4.4,40.0,fr,Google reviews: 4.4* / 40,OPERATIONAL,"('real_estate_agency', 'finance', 'consultant', 'point_of_interest', 'establishment')",03007
Inmosergest Inmobiliaria,"Carrer Republica Argentina, 53, Bajo, 03007 Alacant, Alicante, España",+34 630 24 77 30,,4.5,26.0,es,Google reviews: 4.5* / 26,OPERATIONAL,"('real_estate_agency', 'point_of_interest', 'establishment')",03007
Inmobiliaria Fundeco Alicante,"C. de Orión, 16, Bajo, 03007 Alicante (Alacant), Alicante, España",+34 640 79 06 30,http://www.fundecoalicante.com/,4.4,8.0,es,Google reviews: 4.4* / 8,OPERATIONAL,"('real_estate_agency', 'point_of_interest', 'establishment')",03007
IBEMAR HOME Gestores y Asesores Inmobiliarios,"Carrer de Fernando Díaz de Mendoza, 18, 03008 Alacant, Alicante, España",+34 636 00 58 97,http://www.ibemarhome.com/,4.9,92.0,es,Google reviews: 4.9* / 92,OPERATIONAL,"('real_estate_agency', 'point_of_interest', 'establishment')",03008
Alcaraz Inmobiliaria,"C. de Ramón Gómez Sempere, 28, 03008 Alicante (Alacant), Alicante, España",+34 965 29 83 99,http://www.alcarazcentro.com/,4.3,76.0,es,Google reviews: 4.3* / 76,OPERATIONAL,"('real_estate_agency', 'finance', 'consultant', 'point_of_interest', 'establishment')",03008
Inmobiliaria Albaladejo y Bernicola,"C. Músico Antón Roch, 1- Local 1-A, 03008 Alicante (Alacant), Alicante, España",+34 618 54 68 35,https://www.albaladejoybernicola.es/,4.7,29.0,es,Google reviews: 4.7* / 29,OPERATIONAL,"('real_estate_agency', 'point_of_interest', 'establishment')",03008
Ventanas al Mar Inmobiliaria Urbanova,"C. Musico Juan Latorre Baeza, 2, 03008 Urbanova, Alicante, España",+34 640 72 78 02,https://www.ventanasalmar.es/,4.8,57.0,es,Google reviews: 4.8* / 57,OPERATIONAL,"('real_estate_agency', 'point_of_interest', 'establishment')",03008
Ventanas al Mar El Altet,"Av. de Cartagena, 19, Bajo, 03195 El Altet, Alicante, España",+34 965 27 23 21,https://www.ventanasalmar.es/,5.0,41.0,es,Google reviews: 5* / 41,OPERATIONAL,"('real_estate_agency', 'point_of_interest', 'establishment')",03195
ALL SPAIN ESTATES ,"Av. Maisonnave, 41, 3ºB, 03003 Alicante (Alacant), Alicante, España",+34 645 17 29 42,https://www.allspainestates.properties/,5.0,11.0,es,Google reviews: 5* / 11,OPERATIONAL,"('real_estate_agency', 'point_of_interest', 'establishment')",03003
Areia Home Inmobiliaria,"C. María Nomdedéu, 03006 Alicante (Alacant), Alicante, España",+34 613 75 37 44,http://www.areiahome.com/,5.0,22.0,es,Google reviews: 5* / 22,OPERATIONAL,"('real_estate_agency', 'point_of_interest', 'establishment')",03006
Núcleo Los Ángeles,"C. Juan de Juanes, 1, 03009 Alicante (Alacant), Alicante, España",+34 625 43 23 10,http://www.inmobiliarianucleo.com/,4.9,65.0,es,Google reviews: 4.9* / 65,OPERATIONAL,"('real_estate_agency', 'point_of_interest', 'establishment')",03009
Yanina Scotta - InmoGlobal,"Carrer Casa de los Mosaicos, 58A, 03690 Sant Vicent del Raspeig, Alicante, España",+34 615 42 56 41,http://www.yaninascotta.com/,4.8,203.0,es,Google reviews: 4.8* / 203,OPERATIONAL,"('real_estate_agency', 'point_of_interest', 'establishment')",03690
Inmobiliaria Carlos Carratalá,"C. Pinoso, 9, Bajo Izq, 03012 Alicante (Alacant), Alicante, España",+34 965 24 56 32,http://www.inmocarratala.com/,4.6,49.0,es,Google reviews: 4.6* / 49,OPERATIONAL,"('real_estate_agency', 'point_of_interest', 'establishment')",03012
Núcleo Carolinas Altas,"C. Amadeo de Saboya, 1, 03012 Alicante (Alacant), Alicante, España",+34 865 53 19 56,https://www.inmobiliarianucleo.com/oficinas/carolinas-altas,4.7,137.0,es,Google reviews: 4.7* / 137,OPERATIONAL,"('real_estate_agency', 'point_of_interest', 'establishment')",03012
𝑰𝑵𝑴𝑶𝑩𝑰𝑳𝑰𝑨𝑹𝑰𝑨 𝑽𝑰𝑨𝑵𝑨,"C/ Gral. Espartero, 49, 03012 Alicante (Alacant), Alicante, España",,https://www.vianaviana.com/,4.2,45.0,es,Google reviews: 4.2* / 45,OPERATIONAL,"('real_estate_agency', 'point_of_interest', 'establishment')",03012
INMOREFOR INMOBILIARIA,"Carrer Garbinet, 110, 03012 Alacant, Alicante, España",+34 965 04 39 11,http://www.inmorefor.com/,4.6,80.0,es,Google reviews: 4.6* / 80,OPERATIONAL,"('real_estate_agency', 'point_of_interest', 'establishment')",03012
Inmobiliaria Carolinas Altas,"C. Pinoso, 4, 03012 Alicante (Alacant), Alicante, España",+34 966 57 34 66,,4.8,23.0,es,Google reviews: 4.8* / 23,OPERATIONAL,"('real_estate_agency', 'point_of_interest', 'establishment')",03012
VR Casas Inmobiliaria Alicante,"C. Valle Inclán, 2, Bajo c, 03011 Alicante (Alacant), Alicante, España",+34 966 14 28 59,https://vrcasasalicante.com/,3.8,104.0,es,Google reviews: 3.8* / 104,OPERATIONAL,"('real_estate_agency', 'point_of_interest', 'establishment')",03011
InmoArquitectos,"Avinguda Novelda, 42, 03010 Alacant, Alicante, España",+34 672 87 09 97,https://www.inmoarquitectos.com/,4.6,28.0,es,Google reviews: 4.6* / 28,OPERATIONAL,"('real_estate_agency', 'point_of_interest', 'establishment')",03010
Spiral Homes,"Plaça d'Espanya, 1, 03010 Alacant, Alicante, España",+34 865 55 19 59,http://www.spiralhomesrealstate.com/,5.0,13.0,es,Google reviews: 5* / 13,OPERATIONAL,"('real_estate_agency', 'point_of_interest', 'establishment')",03010
Tecnocasa agencia inmobiliaria,"C. Abogado Pérez Mirete, 1, bajo c, 03011 Alicante (Alacant), Alicante, España",+34 966 14 88 55,https://alicante2.tecnocasa.es/,4.5,67.0,es,Google reviews: 4.5* / 67,OPERATIONAL,"('real_estate_agency', 'finance', 'consultant', 'point_of_interest', 'establishment')",03011
Inmobiliaria Inmo Freelance,,+34 651 53 31 54,,5.0,2.0,es,Google reviews: 5* / 2,OPERATIONAL,"('real_estate_agency', 'establishment')",
Grupo ARAI ,"Av. UNICEF, 8, 03010 Alicante (Alacant), Alicante, España",+34 633 08 41 05,http://www.grupoarai.es/,3.8,28.0,es,Google reviews: 3.8* / 28,OPERATIONAL,"('real_estate_agency', 'finance', 'consultant', 'general_contractor', 'point_of_interest', 'establishment')",03010
VCV Inmobiliaria - Alicante,"Av. del Pintor Javier Soler, 5, F, 03015 Alicante (Alacant), Alicante, España",+34 608 31 31 90,https://www.vcvinmobiliaria.com/,4.8,5.0,es,Google reviews: 4.8* / 5,OPERATIONAL,"('real_estate_agency', 'point_of_interest', 'establishment')",03015
Inmolux - Playa de San Juan,"Calle Tridente, Av. Historiador Vicente Ramos, 41, Esq, 03540 Alicante (Alacant), Alicante, España",+34 966 59 29 94,https://www.inmolux.es/,4.9,534.0,es,Google reviews: 4.9* / 534,OPERATIONAL,"('real_estate_agency', 'point_of_interest', 'establishment')",03540
Inmobiliarias IMC,"Passatge Nou Alacant, 1, 03014 Alacant, Alicante, España",+34 965 24 81 19,http://www.inmobiliariasimc.com/,3.2,18.0,es,Google reviews: 3.2* / 18,OPERATIONAL,"('real_estate_agency', 'point_of_interest', 'establishment')",03014
Alegría Real Estate ( 03014 ),"Av. Pintor Gastón Castelló, 26, 03014 Alicante (Alacant), Alicante, España",+34 625 90 94 27,https://alegria-realestate.com/,4.0,17.0,es,Google reviews: 4* / 17,OPERATIONAL,"('real_estate_agency', 'point_of_interest', 'establishment')",03014
Rafi Martínez Servicios Inmobiliarios,"C. Sacerdote Isidro Albert, 21, Local 3, 03010 Alicante (Alacant), Alicante, España",+34 671 10 49 27,http://www.inmorafi.es/,4.2,13.0,ca,Google reviews: 4.2* / 13,OPERATIONAL,"('real_estate_agency', 'point_of_interest', 'establishment')",03010
Inmobiliaria El PLA,"C/ Fiscal Miguel Gutiérrez Carbonell, 7, 03013 Alicante (Alacant), Alicante, España",+34 965 20 88 75,,3.0,12.0,es,Google reviews: 3* / 12,OPERATIONAL,"('real_estate_agency', 'point_of_interest', 'establishment')",03013
Hogar Mediterráneo,"Av. Maisonnave, 41, 3° B, 03003 Alicante (Alacant), Alicante, España",+34 637 87 97 80,https://www.hogarmediterraneo.com/,5.0,22.0,es,Google reviews: 5* / 22,OPERATIONAL,"('real_estate_agency', 'point_of_interest', 'establishment')",03003
Viviendas T&T,"C. Alcolecha, 1, 03014 Alicante (Alacant), Alicante, España",+34 663 42 97 44,https://viviendastyt.es/,4.4,14.0,en,Google reviews: 4.4* / 14,OPERATIONAL,"('real_estate_agency', 'point_of_interest', 'establishment')",03014
Agencia Inmobiliaria Grupo Garden,"Av. Bruselas, 12, Local 79, 03540 Alicante (Alacant), Alicante, España",+34 615 98 78 02,http://www.inmobiliariagrupogarden.com/,2.7,18.0,es,Google reviews: 2.7* / 18,OPERATIONAL,"('real_estate_agency', 'point_of_interest', 'establishment')",03540
Inmobiliaria Haroun,"Av. Pintor Gastón Castelló, 48, 03014 Alicante (Alacant), Alicante, España",+34 965 50 64 80,,1.0,1.0,es,Google reviews: 1* / 1,OPERATIONAL,"('real_estate_agency', 'point_of_interest', 'establishment')",03014
Inmobiliaria alacant,"C/ d'Alacant, 21 Bajo, 03100 Xixona, Alicante, España",+34 965 61 15 62,,3.0,2.0,es,Google reviews: 3* / 2,OPERATIONAL,"('real_estate_agency', 'finance', 'point_of_interest', 'establishment')",03100
Inmobeach Properties,"Av. Bruselas, 17, Local 9, 03540 Alicante (Alacant), Alicante, España",+34 965 16 82 05,https://www.yaencontre.com/inmobiliarias/alicante-alacant/inmobeach-properties-21667,4.5,75.0,es,Google reviews: 4.5* / 75,OPERATIONAL,"('real_estate_agency', 'point_of_interest', 'establishment')",03540
Alipark.es,"C. Metge Pedro Herrero, 4, 03006 Alacant, Alicante, España",+34 606 45 83 86,http://www.alipark.es/,4.5,14.0,es,Google reviews: 4.5* / 14,OPERATIONAL,"('real_estate_agency', 'point_of_interest', 'establishment')",03006
Gestión Inmobiliaria Urespa Cerdá 105,"C/ Cerdà, 105, 03009 Alacant, Alicante, España",+34 665 21 23 16,https://urespagestioninmobiliaria.com/,5.0,1.0,es,Google reviews: 5* / 1,OPERATIONAL,"('real_estate_agency', 'point_of_interest', 'establishment')",03009
Casa Coveta S.L,"C. Castilla, 03011 Alicante (Alacant), Alicante, España",+34 965 63 87 92,,,,es,Google reviews: * / None,OPERATIONAL,"('real_estate_agency', 'point_of_interest', 'establishment')",03011
BESTinmuebles,"Avinguda Novelda, 123, 03009 Alacant, Alicante, España",+34 632 39 80 77,,,,es,Google reviews: * / None,OPERATIONAL,"('real_estate_agency', 'point_of_interest', 'establishment')",03009
El Ángel Inmobiliaria,"Maestro José Garberí Serrano, 11, 03540 Alicante (Alacant), Alicante, España",+34 656 30 82 23,http://elangelinmobiliaria.com/,4.2,10.0,es,Google reviews: 4.2* / 10,OPERATIONAL,"('real_estate_agency', 'point_of_interest', 'establishment')",03540
Vender Casa Rápido Home Staging,"Calle El, C. del Sagrat, 6, 03690, Alicante, España",+34 685 09 50 36,,5.0,9.0,es,Google reviews: 5* / 9,OPERATIONAL,"('real_estate_agency', 'point_of_interest', 'establishment')",03690
Inmobiliaria Meroño,"Carrer Vicente Blasco Ibáñez, 5, 03201 Elx, Alicante, España",+34 965 44 40 44,http://www.inmobiliariamerono.es/,4.3,62.0,es,Google reviews: 4.3* / 62,OPERATIONAL,"('real_estate_agency', 'point_of_interest', 'establishment')",03201
ACTIVUM. Sede Levante,"C. Colombia, 11, 9º of. 83, 03010 Alicante (Alacant), Alicante, España",+34 680 59 96 99,http://www.activum.es/,2.7,18.0,es,Google reviews: 2.7* / 18,OPERATIONAL,"('real_estate_agency', 'consultant', 'point_of_interest', 'establishment')",03010
Explanada de Alicante 2001 S.L.,"C. Francisco Montero Pérez, 21, 03009 Alicante (Alacant), Alicante, España",+34 965 18 21 38,,4.5,17.0,es,Google reviews: 4.5* / 17,OPERATIONAL,"('real_estate_agency', 'point_of_interest', 'establishment')",03009
Ildefonso Cases,"C. Redován, 8, 03014 Alicante (Alacant), Alicante, España",+34 966 75 55 72,,5.0,2.0,es,Google reviews: 5* / 2,OPERATIONAL,"('real_estate_agency', 'point_of_interest', 'establishment')",03014
Ibex Inmobiliaria,"C. de los Postigos, 1, 03112 Alicante (Alacant), Alicante, España",+34 966 23 69 28,,,,es,Google reviews: * / None,OPERATIONAL,"('real_estate_agency', 'point_of_interest', 'establishment')",03112
Agencia Inmobiliaria Lux Life,"C. Manuel Antón, 9, bajo, 03004 Alacant, Alicante, España",+34 667 27 27 16,http://alicante-luxlife.com/,4.9,14.0,es,Google reviews: 4.9* / 14,OPERATIONAL,"('real_estate_agency', 'point_of_interest', 'establishment')",03004
Inmobiliaria Alicante Redpiso,"C. Angelita Rodríguez Preciado, 12, 03012 Alicante (Alacant), Alicante, España",+34 966 36 40 06,https://www.redpiso.es/oficina/inmobiliaria-alicante/venta,3.6,39.0,es,Google reviews: 3.6* / 39,OPERATIONAL,"('real_estate_agency', 'finance', 'consultant', 'point_of_interest', 'establishment')",03012
Premier Levante Inmobiliaria,"Av. Juan Sanchis Candela, 23, A, Entreplanta, Oficina 11, 03015 Alicante (Alacant), Alicante, España",+34 966 16 16 18,http://www.premierlevante.com/,4.6,138.0,es,Google reviews: 4.6* / 138,OPERATIONAL,"('real_estate_agency', 'point_of_interest', 'establishment')",03015
Inmoestar Inmobiliaria Carolinas Altas,"C. de Gongora, 9, entresuelo C, 03012 Alacant, Alicante, España",+34 664 31 29 71,https://inmoestar.es/,4.0,29.0,es,Google reviews: 4* / 29,OPERATIONAL,"('real_estate_agency', 'finance', 'consultant', 'point_of_interest', 'establishment')",03012
Inmobiliaria Inmodona,"C. de Sant Mateu, 41, 03012 Alacant, Alicante, España",+34 966 14 99 00,https://inmodona.com/,4.3,42.0,es,Google reviews: 4.3* / 42,OPERATIONAL,"('real_estate_agency', 'point_of_interest', 'establishment')",03012
Immobiliària Vendors 247,"C. del Capitán Segarra, 26, 03004 Alicante (Alacant), Alicante, España",+34 641 33 72 80,https://www.vendorsinmobiliaria.com/,4.8,33.0,es,Google reviews: 4.8* / 33,OPERATIONAL,"('real_estate_agency', 'point_of_interest', 'establishment')",03004
Alicante,"Carrer Lleida, 15, 03012 Alacant, Alicante, España",+34 666 92 14 06,,5.0,2.0,es,Google reviews: 5* / 2,OPERATIONAL,"('real_estate_agency', 'point_of_interest', 'establishment')",03012
Inmobiliaria Best House Alicante Vistahermosa,"Av. Juan Sanchis Candela, 15, Derecha, 03015 Alicante (Alacant), Alicante, España",+34 865 60 09 76,https://www.best-house.es/alicantevistahermosa/,4.7,39.0,es,Google reviews: 4.7* / 39,OPERATIONAL,"('real_estate_agency', 'point_of_interest', 'establishment')",03015
Solkasa,"C. de Josep Lluis Albinyana i Olmos, 5, 03013 Alicante (Alacant), Alicante, España",+34 966 37 86 40,http://www.solkasa.com/,4.5,126.0,es,Google reviews: 4.5* / 126,OPERATIONAL,"('real_estate_agency', 'point_of_interest', 'establishment')",03013
Idealpisos,"C. de Sant Mateu, 15, 03012 Alacant, Alicante, España",+34 966 35 00 63,http://inmobiliariaidealpisos.com/,4.5,67.0,en,Google reviews: 4.5* / 67,OPERATIONAL,"('real_estate_agency', 'point_of_interest', 'establishment')",03012
Terramar Alicante,"Pl. del Alcalde Agatángelo Soler, 1 A, Ofic.3, 03015 Alicante (Alacant), Alicante, España",+34 965 24 06 50,http://www.terramarinmo.com/,5.0,82.0,es,Google reviews: 5* / 82,OPERATIONAL,"('real_estate_agency', 'finance', 'consultant', 'point_of_interest', 'establishment')",03015
Hola House,"C. Gral. Elizaicin, 18, 03013 Alicante (Alacant), Alicante, España",+34 658 58 72 03,,4.0,105.0,es,Google reviews: 4* / 105,OPERATIONAL,"('real_estate_agency', 'point_of_interest', 'establishment')",03013
Remax Inmomas III Alicante,"Carrer Doctor José Luis de la Vega, 2, 03015 Alacant, Alicante, España",+34 966 66 56 51,http://inmomas.remax.es/,4.3,109.0,es,Google reviews: 4.3* / 109,OPERATIONAL,"('real_estate_agency', 'point_of_interest', 'establishment')",03015
FUENTES de inmuebles - Pla,"C. de San Mateo, C. Dato Iradier, 12, A esquina, 03013 Alicante (Alacant), Alicante, España",+34 965 31 43 07,https://www.pisosdealicante.com/,4.8,21.0,es,Google reviews: 4.8* / 21,OPERATIONAL,"('real_estate_agency', 'point_of_interest', 'establishment')",03013
Tierra Inmobiliaria,"Avenida Pintor Xavier Soler, 6 Entresuelo, Oficina-U, 03015 Alacant, Alicante, España",+34 966 35 80 53,http://www.tierrainmobiliaria.es/,5.0,16.0,es,Google reviews: 5* / 16,OPERATIONAL,"('real_estate_agency', 'point_of_interest', 'establishment')",03015
Inmobiliaria Bulevar Casas,"Av. Periodista Rodolfo de Salazar, 31, 03015 Alacant, Alicante, España",+34 695 54 89 14,http://www.bulevarsas.es/,4.0,60.0,es,Google reviews: 4* / 60,OPERATIONAL,"('real_estate_agency', 'point_of_interest', 'establishment')",03015
Cecilia Gonzalez Propiedades Inmobiliaria Alicante,"Carrer Lleida, 11, 03012 Alacant, Alicante, España",+34 614 21 71 54,https://www.ceciliapropiedades.com/,4.2,6.0,es,Google reviews: 4.2* / 6,OPERATIONAL,"('real_estate_agency', 'point_of_interest', 'establishment')",03012
Arena y Mar Servicios Inmobiliarios,,+34 622 08 69 97,https://arenaymarserviciosinmobiliarios.es/,5.0,8.0,es,Google reviews: 5* / 8,OPERATIONAL,"('real_estate_agency', 'establishment')",
Be Home Levante,"C. de Josep Lluis Albinyana i Olmos, 7, 03013 Alicante (Alacant), Alicante, España",+34 647 38 44 81,https://behomelevante.com/,5.0,9.0,es,Google reviews: 5* / 9,OPERATIONAL,"('real_estate_agency', 'point_of_interest', 'establishment')",03013
PLATINO INMOBILIARIA,"03012 Alicante (Alacant), Alicante, España",+34 600 06 50 97,http://www.inmobiplatinoalicante.com/,,,es,Google reviews: * / None,OPERATIONAL,"('real_estate_agency', 'point_of_interest', 'establishment')",03012
Urbazone,"Oficinas CBC, C/ Dr. Sapena, 54, 6A Oficinas, 03013 CBC, Alicante, España",+34 966 53 74 85,http://www.urbazone.es/,5.0,26.0,es,Google reviews: 5* / 26,OPERATIONAL,"('real_estate_agency', 'point_of_interest', 'establishment')",03013
Century 21 Plaza ,"Avenida Pintor Xavier Soler, 11B, 03015 Alacant, Alicante, España",+34 865 81 73 95,https://plaza.century21.es/,4.4,31.0,en,Google reviews: 4.4* / 31,OPERATIONAL,"('real_estate_agency', 'point_of_interest', 'establishment')",03015
Firmand,"Av. de Villajoyosa, 97, 03016 Alicante (Alacant), Alicante, España",+34 692 17 83 08,http://www.firmand.com/,4.9,105.0,es,Google reviews: 4.9* / 105,OPERATIONAL,"('real_estate_agency', 'point_of_interest', 'establishment')",03016
INMOBILIARIA EUROHUESCA,"Av. de Villajoyosa, 97, 03016 Alicante (Alacant), Alicante, España",+34 965 16 41 41,http://eurohuesca.com/,4.3,53.0,es,Google reviews: 4.3* / 53,OPERATIONAL,"('real_estate_agency', 'point_of_interest', 'establishment')",03016
Inmobiliaria Modo Home,"C. Trident, 41, 03540 Alacant, Alicante, España",+34 744 62 96 10,https://www.inmobiliariamodohome.com/,5.0,118.0,es,Google reviews: 5* / 118,OPERATIONAL,"('real_estate_agency', 'point_of_interest', 'establishment')",03540
Inmobiliaria playa San Juan Inmoplaya,,+34 697 29 80 74,http://www.inmoplayasanjuan.com/,4.7,50.0,es,Google reviews: 4.7* / 50,OPERATIONAL,"('real_estate_agency', 'establishment')",
Rivellorca Inmobiliaria,"Avinguda Fotógrafo Francisco Cano, 39, 03540 Alacant, Alicante, España",+34 670 50 95 22,https://www.rivellorca.com/,5.0,55.0,es,Google reviews: 5* / 55,OPERATIONAL,"('real_estate_agency', 'finance', 'point_of_interest', 'establishment')",03540
Inmobiliaria Playa San Juan ,"C. Trident, 31, Local 4, 03540 Alacant, Alicante, España",+34 678 85 77 31,https://www.larimarhome.com/,4.9,211.0,es,Google reviews: 4.9* / 211,OPERATIONAL,"('real_estate_agency', 'point_of_interest', 'establishment')",03540
Hansa Inmobiliaria,"Av. del Locutor Vicente Hipólito, 39, 03540 Alicante (Alacant), Alicante, España",+34 965 15 54 34,http://www.hansainmobiliaria.com/,4.7,118.0,es,Google reviews: 4.7* / 118,OPERATIONAL,"('real_estate_agency', 'point_of_interest', 'establishment')",03540
Agence immobilière Alicante  ( 03016 ),"C. del Olimpo, 7, 03016 Alicante (Alacant), Alicante, España",+34 951 84 08 41,https://mani-immobilier-francophone-alicante.com/,4.9,27.0,fr,Google reviews: 4.9* / 27,OPERATIONAL,"('real_estate_agency', 'point_of_interest', 'establishment')",03016
Inmobiliaria Juárez,"Avinguda de la Costa Blanca, 84, 03540 Alacant, Alicante, España",+34 965 16 08 88,http://www.inmobiliariajuarez.com/,4.7,80.0,es,Google reviews: 4.7* / 80,OPERATIONAL,"('real_estate_agency', 'point_of_interest', 'establishment')",03540
Riaza Gestion Inmobiliaria S.L.,"Av. Santander, 25, Local 24, 03540 Alicante (Alacant), Alicante, España",+34 965 16 08 67,https://www.inmoriaza.com/,4.6,127.0,es,Google reviews: 4.6* / 127,OPERATIONAL,"('real_estate_agency', 'general_contractor', 'point_of_interest', 'establishment')",03540
Magenta Living ,"C. Josefina Pascual, 4, 03540 Alicante (Alacant), Alicante, España",+34 664 61 04 31,http://www.magentaliving.es/,5.0,38.0,es,Google reviews: 5* / 38,OPERATIONAL,"('real_estate_agency', 'point_of_interest', 'establishment')",03540
Inmobiliaria San Juan de Alicante ,"Carrer Tomas Capelo, 8, 03550 Sant Joan d'Alacant, Alicante, España",+34 865 88 57 52,https://www.inmobiliarianucleo.com/inmobiliarias/alicante-provincia/sant-joan-dalacant?utm_source=local&utm_medium=gbp,4.6,154.0,es,Google reviews: 4.6* / 154,OPERATIONAL,"('real_estate_agency', 'point_of_interest', 'establishment')",03550
Inmobiliaria JPG,"Avinguda de la Diagonal, 6, 03550 Sant Joan d'Alacant, Alicante, España",+34 965 94 02 41,http://www.inmojpg.com/,4.6,91.0,es,Google reviews: 4.6* / 91,OPERATIONAL,"('real_estate_agency', 'point_of_interest', 'establishment')",03550
Carmenulloa Real Estate,"C. Océano, 36, 03540 Alicante (Alacant), Alicante, España",+34 634 41 99 27,http://www.carmenulloa.com/,5.0,138.0,es,Google reviews: 5* / 138,OPERATIONAL,"('real_estate_agency', 'point_of_interest', 'establishment')",03540
Inmobiliaria Inversión,"Av. de Holanda, 12, 58, 03540 Alicante (Alacant), Alicante, España",+34 965 15 02 61,http://www.inmobiliariainversion.es/,4.8,55.0,es,Google reviews: 4.8* / 55,OPERATIONAL,"('real_estate_agency', 'point_of_interest', 'establishment')",03540
Gesmar 2000 Inmobiliaria,"Av. Historiador Vicente Ramos, 30, local 8, 03540 Alicante (Alacant), Alicante, España",+34 671 62 99 10,http://www.gesmar2000.com/,4.7,192.0,es,Google reviews: 4.7* / 192,OPERATIONAL,"('real_estate_agency', 'point_of_interest', 'establishment')",03540
Club del Mar Inmobiliaria,"Av. San Sebastián, 10, 03540 Alicante (Alacant), Alicante, España",+34 611 61 35 09,https://clubdelmarinmobiliaria.com/,4.8,52.0,es,Google reviews: 4.8* / 52,OPERATIONAL,"('real_estate_agency', 'point_of_interest', 'establishment')",03540
QualityCasas,"Avinguda Goleta, 21, 03540 Alacant, Alicante, España",+34 966 04 80 19,http://www.qualitycasas.com/,3.9,208.0,es,Google reviews: 3.9* / 208,OPERATIONAL,"('real_estate_agency', 'point_of_interest', 'establishment')",03540
alto inmobiliaria,"Avinguda de la Costa Blanca, 21, 03540 Alacant, Alicante, España",+34 965 26 30 65,http://www.altoinmobiliaria.es/,3.3,46.0,es,Google reviews: 3.3* / 46,OPERATIONAL,"('real_estate_agency', 'point_of_interest', 'establishment')",03540
Inmobiliaria Cava,"C/ Jaume I, 20, 03550 Sant Joan d'Alacant, Alicante, España",+34 965 65 79 65,http://www.inmocava.es/,4.7,211.0,es,Google reviews: 4.7* / 211,OPERATIONAL,"('real_estate_agency', 'point_of_interest', 'establishment')",03550
Intermediaciones Inmobiliarias Sira S.L.,"Av. Euro, 28, 03114 Alicante (Alacant), Alicante, España",+34 966 95 46 48,https://inmobiliariaiis.com/,5.0,3.0,es,Google reviews: 5* / 3,OPERATIONAL,"('real_estate_agency', 'point_of_interest', 'establishment')",03114
Inmuebles Global Europa,,+34 617 21 08 78,https://inmueblesglobaleuropa.com/,4.9,67.0,es,Google reviews: 4.9* / 67,OPERATIONAL,"('real_estate_agency', 'establishment')",
Inmobiliaria Sandoval PAU5,"Maestro José Garberí Serrano, 2, Local 25, 03540 Alicante (Alacant), Alicante, España",+34 606 39 86 39,https://inmobiliariasandoval.es/,5.0,26.0,es,Google reviews: 5* / 26,OPERATIONAL,"('real_estate_agency', 'point_of_interest', 'establishment')",03540
Quo Real Estate,"Maestro José Garberí Serrano, 2, Local 13, 03540 Alicante (Alacant), Alicante, España",+34 690 98 68 31,https://www.quoinmobiliaria.com/,4.8,111.0,es,Google reviews: 4.8* / 111,OPERATIONAL,"('real_estate_agency', 'point_of_interest', 'establishment')",03540
Home Target Inmobiliaria,"Avinguda de la Costa Blanca, 129, 03540 Alacant, Alicante, España",+34 966 27 77 64,http://hometarget.es/,5.0,36.0,es,Google reviews: 5* / 36,OPERATIONAL,"('real_estate_agency', 'point_of_interest', 'establishment')",03540
Inmobiliaria Sandoval,"Av. de Holanda, 5, local 15, 03540 Alicante (Alacant), Alicante, España",+34 965 26 33 37,http://www.inmobiliariasandovalcosta.es/,4.1,37.0,es,Google reviews: 4.1* / 37,OPERATIONAL,"('real_estate_agency', 'point_of_interest', 'establishment')",03540
Yomaris Servicios Inmobiliarios,"Av. Historiador Vicente Ramos, 28, Local 16, 03540 Alicante (Alacant), Alicante, España",+34 966 38 51 05,http://www.yomaris.net/,4.6,81.0,es,Google reviews: 4.6* / 81,OPERATIONAL,"('real_estate_agency', 'point_of_interest', 'establishment')",03540
Inmobiliaria Leo,"Av. Santander, 14, Local 5, 03540 Alicante (Alacant), Alicante, España",+34 965 15 49 93,https://inmobiliarialeo.es/,3.9,45.0,es,Google reviews: 3.9* / 45,OPERATIONAL,"('real_estate_agency', 'point_of_interest', 'establishment')",03540
Inmoclick Alicante,"Av. Santander, 25, local 43, 03540 Alicante (Alacant), Alicante, España",+34 611 43 76 00,http://www.inmoclickalicante.com/,4.7,27.0,es,Google reviews: 4.7* / 27,OPERATIONAL,"('real_estate_agency', 'point_of_interest', 'establishment')",03540
Inmobiliaria Inmo360º,"Maestro José Garberí Serrano, 2, local 17, 03540 Alicante (Alacant), Alicante, España",+34 661 00 04 10,http://www.inmo360.net/,4.5,46.0,es,Google reviews: 4.5* / 46,OPERATIONAL,"('real_estate_agency', 'point_of_interest', 'establishment')",03540
INMOCOSTA ,"Centro Comercial Fontana, Av. de Holanda, 14, local 60, 03540 Alicante (Alacant), Alicante, España",+34 661 30 38 20,https://www.inmobiliariainmocosta.com/,5.0,21.0,es,Google reviews: 5* / 21,OPERATIONAL,"('real_estate_agency', 'point_of_interest', 'establishment')",03540
MyM Inmobiliaria Gestión integral,"Av. Conrado Albaladejo, 20, 03540 Alicante (Alacant), Alicante, España",+34 663 20 01 47,http://www.myminmobiliaria.es/,5.0,15.0,es,Google reviews: 5* / 15,OPERATIONAL,"('real_estate_agency', 'point_of_interest', 'establishment')",03540
Iduss Home Broker SL nueva ubicación en Rambla Mendez Nuñez 23 ,"Av. Joaquín Arias, 1, 03540 Alicante (Alacant), Alicante, España",+34 644 59 27 55,http://www.idusshomebroker.com/,5.0,40.0,es,Google reviews: 5* / 40,OPERATIONAL,"('real_estate_agency', 'point_of_interest', 'establishment')",03540
muñoz inmobiliaria,"centro comercial garden playa, Av. Bruselas, Local 68, 03540 Alicante (Alacant), Alicante, España",+34 666 85 45 78,,5.0,4.0,es,Google reviews: 5* / 4,OPERATIONAL,"('real_estate_agency', 'point_of_interest', 'establishment')",03540
Casa 10 Alicante Inmobiliaria & Inversiones,"Avenida Maestro José Garberí Serrano 16, Fiscal, Calle Segura, 12, 03540 Alicante (Alacant), Alicante, España",+34 965 04 87 67,http://www.casa10alicante.com/,4.8,26.0,es,Google reviews: 4.8* / 26,OPERATIONAL,"('real_estate_agency', 'consultant', 'point_of_interest', 'establishment')",03540
Habitar Inmobiliaria,"Calle Dr. Gadea, 13, 03550 Sant Joan d'Alacant, Alicante, España",+34 965 65 75 65,http://www.habitar.es/,4.6,88.0,es,Google reviews: 4.6* / 88,OPERATIONAL,"('real_estate_agency', 'point_of_interest', 'establishment')",03550
GESTIMAR INMOBILIARIA,"CITA PREVIA, Av. Conrado Albaladejo, 5, 03540 Alicante (Alacant), Alicante, España",+34 965 24 03 48,http://www.grupogestimar.com/,4.3,36.0,es,Google reviews: 4.3* / 36,OPERATIONAL,"('real_estate_agency', 'point_of_interest', 'establishment')",03540
housealicante ,"C. Maruja Pastor, 2, puerta 3, 5B, 03540 Alicante (Alacant), Alicante, España",+34 627 26 83 36,http://www.housealicante.com/,4.9,9.0,es,Google reviews: 4.9* / 9,OPERATIONAL,"('real_estate_agency', 'point_of_interest', 'establishment')",03540
Guimar Cabogolf,"Av. Historiador Vicente Ramos, 16, local 9, 03540 Alicante (Alacant), Alicante, España",+34 662 11 64 43,http://www.guimarcabogolf.es/,4.2,48.0,es,Google reviews: 4.2* / 48,OPERATIONAL,"('real_estate_agency', 'point_of_interest', 'establishment')",03540
Holy Homes Alicante & Aloha Home Staging,"C. Trident, 31, 03540 Alacant, Alicante, España",+34 639 23 75 25,http://www.holyhomesalicante.com/,4.9,32.0,es,Google reviews: 4.9* / 32,OPERATIONAL,"('real_estate_agency', 'point_of_interest', 'establishment')",03540
Alegria Real Estate ( 03540 ),"Av. Historiador Vicente Ramos, 9, 03540 Alicante (Alacant), Alicante, España",+34 965 16 26 22,https://alegria-realestate.com/,5.0,28.0,ru,Google reviews: 5* / 28,OPERATIONAL,"('real_estate_agency', 'point_of_interest', 'establishment')",03540
Apple Park Realty - Alicante,"Av. Pintor Fernando Soria, 03540 Alicante (Alacant), Alicante, España",+34 669 88 16 47,,5.0,17.0,en,Google reviews: 5* / 17,OPERATIONAL,"('real_estate_agency', 'point_of_interest', 'establishment')",03540
Inmobiliaria Playa San Juan Alicante ,"Av de Cataluña, 16, Local 4, 03540 Alicante (Alacant), Alicante, España",+34 649 97 41 72,http://www.redinversioneshispana.com/,4.9,9.0,es,Google reviews: 4.9* / 9,OPERATIONAL,"('real_estate_agency', 'point_of_interest', 'establishment')",03540
Inmobiliaria Sala,"C. Pintor Manuel Baeza Gómez, 35, Local, 03550 Sant Joan d'Alacant, Alicante, España",+34 650 66 33 45,http://inmobiliariasala.com/,4.9,73.0,es,Google reviews: 4.9* / 73,OPERATIONAL,"('real_estate_agency', 'point_of_interest', 'establishment')",03550
alicante.agency,"Av. Conrado Albaladejo, 03540 Alicante (Alacant), Alicante, España",+34 675 23 20 19,,5.0,2.0,en,Google reviews: 5* / 2,OPERATIONAL,"('real_estate_agency', 'point_of_interest', 'establishment')",03540
Two & Two Grupo Inmobiliario,"Avinguda de Benidorm, 9, Local 6, 03550 Sant Joan d'Alacant, Alicante, España",+34 611 70 68 68,https://22spain.com/,5.0,39.0,en,Google reviews: 5* / 39,OPERATIONAL,"('real_estate_agency', 'point_of_interest', 'establishment')",03550
Sandoval Costa,"Av. de Holanda, 5, 03540 Alicante (Alacant), Alicante, España",+34 965 26 33 37,http://www.inmobiliariasandovalcosta.es/,4.3,6.0,es,Google reviews: 4.3* / 6,OPERATIONAL,"('real_estate_agency', 'point_of_interest', 'establishment')",03540
Tabarka Inmobiliaria,"Av. Historiador Vicente Ramos, 03540 Alicante (Alacant), Alicante, España",+34 628 93 17 50,https://www.tabarkainmobiliaria.com/,4.6,9.0,es,Google reviews: 4.6* / 9,OPERATIONAL,"('real_estate_agency', 'point_of_interest', 'establishment')",03540
INMOGLOBO,"Maestro José Garberí Serrano, 12, local 10, 03540 Alicante (Alacant), Alicante, España",+34 666 74 43 50,https://www.inmoglobo.com/,5.0,5.0,es,Google reviews: 5* / 5,OPERATIONAL,"('real_estate_agency', 'finance', 'general_contractor', 'point_of_interest', 'establishment')",03540
INMOBILIARIA IN HOME PROPERTIES,"Calle Catedrático Abelardo Rigual Nº 1, Escalera 1, 2ºE, 03540 Cabo de Las Huertas, Alicante, Alicante, España",+34 664 49 86 17,https://inhomeproperties.blogspot.com/,4.6,5.0,es,Google reviews: 4.6* / 5,OPERATIONAL,"('real_estate_agency', 'point_of_interest', 'establishment')",03540
Fincas San Juan,"Carrer Mosén Pedro Mena, 18, 03550 Sant Joan d'Alacant, Alicante, España",+34 965 94 13 60,https://www.fincassanjuan.com/,4.4,175.0,es,Google reviews: 4.4* / 175,OPERATIONAL,"('real_estate_agency', 'point_of_interest', 'establishment')",03550
YER - Your Essential Realty,"Maestro José Garberí Serrano, 14, 03540 Alicante (Alacant), Alicante, España",+34 966 94 49 55,https://www.yerrealty.com/,5.0,28.0,es,Google reviews: 5* / 28,OPERATIONAL,"('real_estate_agency', 'point_of_interest', 'establishment')",03540
Inmobiliaria Alicante-Casas,"Centro Comercial Fontana, Av. de Holanda, 12, Local 11, 03540 Alicante (Alacant), Alicante, España",+34 619 18 88 82,http://alicante-casas.com/,2.9,14.0,es,Google reviews: 2.9* / 14,OPERATIONAL,"('real_estate_agency', 'point_of_interest', 'establishment')",03540
Fincas Santacreu,"Av. Santander, 26, 03540 Alicante (Alacant), Alicante, España",+34 965 15 69 10,http://fincassantacreu.com/,5.0,1.0,ca,Google reviews: 5* / 1,OPERATIONAL,"('real_estate_agency', 'point_of_interest', 'establishment')",03540
SolanaSpain,"Av. Santander, 21, Local 15, 03540 Alicante (Alacant), Alicante, España",+34 646 61 29 03,http://www.solanaspain.com/,5.0,4.0,en,Google reviews: 5* / 4,OPERATIONAL,"('real_estate_agency', 'point_of_interest', 'establishment')",03540
Agence immobilière Alicante  ( 03540 ),"Av. Arquitecto Félix Candela, 30, 03540 Alicante (Alacant), Alicante, España",+33 6 47 20 11 09,https://voguimmo.com/agence-immobiliere-alicante.html,5.0,7.0,fr,Google reviews: 5* / 7,OPERATIONAL,"('real_estate_agency', 'finance', 'point_of_interest', 'establishment')",03540
Inmobiliaria Collado,"Carrer Tomas Capelo, nº 1, 03550 Sant Joan d'Alacant, Alicante, España",+34 687 70 31 52,http://inmobiliariacollado.es/,4.1,22.0,es,Google reviews: 4.1* / 22,OPERATIONAL,"('real_estate_agency', 'point_of_interest', 'establishment')",03550
Hi Home,,+34 624 15 33 94,http://www.hihomeinmobiliaria.com/,5.0,9.0,es,Google reviews: 5* / 9,OPERATIONAL,"('real_estate_agency', 'establishment')",
Inmobiliaria Baeza ( 03550 ),"Carrer Mosén Pedro Mena, 20, 03550 Sant Joan d'Alacant, Alicante, España",+34 624 41 82 58,https://www.inmobiliariabaeza.com/,4.9,12.0,es,Google reviews: 4.9* / 12,OPERATIONAL,"('real_estate_agency', 'point_of_interest', 'establishment')",03550
Agencia Inmobiliaria El Nonno,"C. del Notario Salvador Montesinos Bonet, 8, 03550 Sant Joan d'Alacant, Alicante, España",+34 965 94 33 94,http://www.inmoelnonno.com/,3.7,17.0,es,Google reviews: 3.7* / 17,OPERATIONAL,"('real_estate_agency', 'point_of_interest', 'establishment')",03550
Inmobiliaria Nucleo Mutxamel,"Av. Carlos Soler, 28, LOC 2, 03110 Mutxamel, Alicante, España",+34 966 28 90 56,http://www.inmobiliarianucleo.com/,4.8,123.0,es,Google reviews: 4.8* / 123,OPERATIONAL,"('real_estate_agency', 'consultant', 'finance', 'point_of_interest', 'establishment')",03110
inmoMICASA,"Carrer Tomas Capelo, 4, 03550 San Juan, Alicante, España",+34 606 06 62 13,http://www.inmomicasa.es/,4.4,51.0,es,Google reviews: 4.4* / 51,OPERATIONAL,"('real_estate_agency', 'point_of_interest', 'establishment')",03550
Hi Home Tu inmobiliaria en Alicante,,+34 655 99 68 63,http://www.hihomeinmobiliaria.com/,,,es,Google reviews: * / None,OPERATIONAL,"('real_estate_agency', 'establishment')",
RK Gran Alacant,"Av. de Noruega, 165, 03130 el Gran Alacant, Alicante, España",+34 865 66 09 65,https://inmogranalacant.es/,4.7,239.0,es,Google reviews: 4.7* / 239,OPERATIONAL,"('real_estate_agency', 'point_of_interest', 'establishment')",03130
Stucasa Inmobiliaria,"C. del Mosén Pedro Mena, 20, local 3, 03550 Sant Joan d'Alacant, Alicante, España",+34 664 55 48 97,https://www.inmostucasa.com/,3.8,9.0,es,Google reviews: 3.8* / 9,OPERATIONAL,"('real_estate_agency', 'point_of_interest', 'establishment')",03550
Gestión Inmobiliaria Alicante,,+34 613 19 72 90,,,,es,Google reviews: * / None,OPERATIONAL,"('real_estate_agency', 'consultant', 'establishment')",
Costahispania Inmobiliaria,,+34 644 92 09 90,https://www.costahispaniainmobiliaria.com/,,,es,Google reviews: * / None,OPERATIONAL,"('real_estate_agency', 'establishment')",
Cataleya Mediterranea,,,http://cataleyamediterranea.com/,4.9,14.0,es,Google reviews: 4.9* / 14,OPERATIONAL,"('real_estate_agency', 'consultant', 'establishment')",
"AKRA GESTIÓN ACTIVOS, S. L.","C. Tomás Capelo, 4, BAJO, 03550 Sant Joan d'Alacant, Alicante, España",+34 965 15 45 85,http://www.akragestioninmuebles.es/,4.8,4.0,es,Google reviews: 4.8* / 4,OPERATIONAL,"('real_estate_agency', 'consultant', 'point_of_interest', 'establishment')",03550
Artecasas Alicante,"C. del Notario Salvador Montesinos Bonet, 8, 03550 Sant Joan d'Alacant, Alicante, España",+34 966 04 47 07,,1.0,2.0,es,Google reviews: 1* / 2,OPERATIONAL,"('real_estate_agency', 'point_of_interest', 'establishment')",03550
ALICANTE THE GLOBAL COMPANY MANAGEMENT S.L.,"C. Hogar Provincial, Local 5, 03560 Santa Faz, Alicante, España",,http://alicanteglobalgroup.es/,,,es,Google reviews: * / None,OPERATIONAL,"('real_estate_agency', 'point_of_interest', 'establishment')",03560
LT gestión ,"C. del Notario Salvador Montesinos Bonet, 8, 4º, 03550 Sant Joan d'Alacant, Alicante, España",+34 965 94 23 01,,5.0,1.0,es,Google reviews: 5* / 1,OPERATIONAL,"('real_estate_agency', 'consultant', 'point_of_interest', 'establishment')",03550
Santa Bárbara,"Carrer Berenguer de Marquina, 7, 03004 Alacant, Alicante, España",+34 965 14 20 30,http://inmosantabarbara.es/,4.1,16.0,es,Google reviews: 4.1* / 16,OPERATIONAL,"('real_estate_agency', 'point_of_interest', 'establishment')",03004
PIOM,"Avinguda de la Diagonal, 11, BAJO, LOCAL 2, 03550 SAN JUAN, Alicante, España",+34 657 80 42 63,https://www.piom.es/,,,es,Google reviews: * / None,OPERATIONAL,"('real_estate_agency', 'point_of_interest', 'establishment')",03550
Homsell,"C. del Notario Salvador Montesinos Bonet, 4, Entreplanta Derecha, 03550 Sant Joan d'Alacant, Alicante, España",+34 966 20 99 24,http://www.homsell.com/,,,es,Google reviews: * / None,OPERATIONAL,"('real_estate_agency', 'point_of_interest', 'establishment')",03550
SP Agencia Inmobiliaria,"Carrer Alfons el Magnànim, 24, 03802 Alcoi, Alicante, España",+34 634 71 62 69,https://www.sofiapanos.es/,5.0,4.0,es,Google reviews: 5* / 4,OPERATIONAL,"('real_estate_agency', 'point_of_interest', 'establishment')",03802
Inmobiliaria Alcoy - Núcleo,"Av. Alameda Camilo Sesto, 64, 03803 Alcoy, Alicante, España",+34 744 72 38 41,https://www.inmobiliarianucleo.com/inmobiliarias/alicante-provincia/alcoy?utm_source=local&utm_medium=gbp,4.7,31.0,es,Google reviews: 4.7* / 31,OPERATIONAL,"('real_estate_agency', 'point_of_interest', 'establishment')",03803
Inmobiliaria Número Uno,"Av. Alameda Camilo Sesto, 74, 03803 Alcoy, Alicante, España",+34 625 61 92 49,https://www.inmobiliarianumerouno.es/,4.3,86.0,es,Google reviews: 4.3* / 86,OPERATIONAL,"('real_estate_agency', 'point_of_interest', 'establishment')",03803
Luper Inmobiliaria,"C. Villafranqueza, 55, local 3, 03690 San Vicente del Raspeig, Alicante, España",+34 965 29 55 89,http://www.luperinmobiliaria.com/,4.0,193.0,es,Google reviews: 4* / 193,OPERATIONAL,"('real_estate_agency', 'point_of_interest', 'establishment')",03690
Agencia Inmobiliaria Costa Soñada,"Ed.Timonel, 73A, 03599 Puerto Campomanes-Grenwich, Alicante, España",+34 604 28 92 64,https://www.costasonada.es/,4.1,13.0,es,Google reviews: 4.1* / 13,OPERATIONAL,"('real_estate_agency', 'point_of_interest', 'establishment')",03599
Inmobiliaria Núcleo: Inmobiliaria en Elche ,"Avinguda de Novelda, 71, 03205 Elx, Alicante, España",+34 625 03 72 27,http://www.inmobiliarianucleo.com/,4.8,175.0,es,Google reviews: 4.8* / 175,OPERATIONAL,"('real_estate_agency', 'point_of_interest', 'establishment')",03205
Inmobiliaria Norte,"Carrer Jordi de Sant Jordi, 1-0, Esq. C, 03804 Sabadell, Alicante, España",+34 966 33 25 35,http://www.norteinmobiliaria.com/,4.4,35.0,es,Google reviews: 4.4* / 35,OPERATIONAL,"('real_estate_agency', 'point_of_interest', 'establishment')",03804
Inmobiliaria en Carrús Elche ,"Carrer José Díez Mora, 47, 03205 Elx, Alicante, España",+34 639 30 08 42,https://www.inmobiliarianucleo.com/inmobiliarias/alicante-provincia/elche/elche-carrus?utm_source=local&utm_medium=gbp,5.0,110.0,es,Google reviews: 5* / 110,OPERATIONAL,"('real_estate_agency', 'point_of_interest', 'establishment')",03205
Inmobiliaria Muro,"Avinguda de la Verge dels Desemparats, 21, 03830 Muro d'Alcoi, Alicante, España",+34 601 56 97 61,https://www.inmobiliariamuro.es/,2.8,13.0,es,Google reviews: 2.8* / 13,OPERATIONAL,"('real_estate_agency', 'point_of_interest', 'establishment')",03830
Alcoyhome,"Carrer Juan Gil Albert, 75, 03804 Alcoi, Alicante, España",+34 654 69 53 73,,4.0,12.0,ca,Google reviews: 4* / 12,OPERATIONAL,"('real_estate_agency', 'point_of_interest', 'establishment')",03804
Inmobiliaria El Campello ,"Av. de la Generalitat, 33, 03560 El Campello, Alicante, España",+34 865 88 57 52,https://www.inmobiliarianucleo.com/,4.7,20.0,es,Google reviews: 4.7* / 20,OPERATIONAL,"('real_estate_agency', 'point_of_interest', 'establishment')",03560
Inmobiliaria Picó Blanes,"Carrer Isabel la Católica, 24, 03803 Alcoi, Alicante, España",+34 965 54 54 54,https://www.picoblanes.com/,4.8,176.0,es,Google reviews: 4.8* / 176,OPERATIONAL,"('real_estate_agency', 'finance', 'consultant', 'point_of_interest', 'establishment')",03803
Inmobiliaria JBC Alcoi,"Puente de San Jorge, 4, 03803 Alcoi, Alicante, España",+34 966 52 15 11,http://www.inmobiliariajbc.com/,4.6,72.0,es,Google reviews: 4.6* / 72,OPERATIONAL,"('real_estate_agency', 'point_of_interest', 'establishment')",03803
Inmobiliaria Aitana,"C. Reyes Católicos, 17-4º, of.2, 03003 Alacant, Alicante, España",+34 622 54 19 22,http://www.inmoaitana.es/,4.7,18.0,es,Google reviews: 4.7* / 18,OPERATIONAL,"('real_estate_agency', 'point_of_interest', 'establishment')",03003
Vivienda Plus Inmobiliaria Elche ,"Carrer Poeta Miguel Hernandez, 58, 03201 Elx, Alicante, España",+34 966 09 48 35,http://www.viviendapluselche.com/,4.8,551.0,en,Google reviews: 4.8* / 551,OPERATIONAL,"('real_estate_agency', 'point_of_interest', 'establishment')",03201
Grupo ASG Gestiones Inmobiliarias,"Carrer Cristóbal Sanz, n 35, Bajo, 03201 Elx, Alicante, España",+34 966 41 00 40,http://www.grupoasg.es/,5.0,234.0,es,Google reviews: 5* / 234,OPERATIONAL,"('real_estate_agency', 'point_of_interest', 'establishment')",03201
Viviendanet Elche Agencia Inmobiliaria Asesores,"Carrer del Capità Antoni Mena, 35, 03201 Elx, Alicante, España",+34 966 09 37 87,http://www.viviendanet.com/,5.0,164.0,es,Google reviews: 5* / 164,OPERATIONAL,"('real_estate_agency', 'general_contractor', 'consultant', 'finance', 'point_of_interest', 'establishment')",03201
Grupo Horizonte,"C. Dr. Gregorio Marañón, 47, 03202 Elx, Alicante, España",+34 965 45 79 67,http://grupohorizonte.com/,4.6,156.0,es,Google reviews: 4.6* / 156,OPERATIONAL,"('real_estate_agency', 'point_of_interest', 'establishment')",03202
INMOBILIARIA BH ELCHE,"C. Velarde, 1, 03203 Elx, Alicante, España",+34 692 99 40 50,http://inmobiliariabh.com/,4.9,93.0,es,Google reviews: 4.9* / 93,OPERATIONAL,"('real_estate_agency', 'point_of_interest', 'establishment')",03203
Inmobiliaria Corazón de Jesús Elche ,"Carrer Reina Victoria, 80, 03201 Elx, Alicante, España",+34 966 17 19 26,https://www.inmobiliarianucleo.com/inmobiliarias/alicante-provincia/elche/elche-corazon-de-jesus,5.0,50.0,es,Google reviews: 5* / 50,OPERATIONAL,"('real_estate_agency', 'point_of_interest', 'establishment')",03201
INMOBILIARIA CASTILLO,"Carrer Poeta Miguel Hernandez, 42, bajo, 03201 Alacant, Alicante, España",+34 965 43 10 78,http://www.castilloinmobiliaria.com/,4.8,260.0,es,Google reviews: 4.8* / 260,OPERATIONAL,"('real_estate_agency', 'point_of_interest', 'establishment')",03201
Medina Inmobiliaria,"Avinguda de la Universitat d'Elx, 24, 03202 Elche, Alicante, España",+34 966 61 12 38,http://www.inmomedina.com/,4.7,172.0,es,Google reviews: 4.7* / 172,OPERATIONAL,"('real_estate_agency', 'general_contractor', 'consultant', 'finance', 'point_of_interest', 'establishment')",03202
Imnovación Inmobiliaria Elche,"Av. de la Llibertat, 121, 03201 Elx, Alicante, España",+34 966 09 00 90,http://www.imnovacion.es/,4.8,161.0,es,Google reviews: 4.8* / 161,OPERATIONAL,"('real_estate_agency', 'point_of_interest', 'establishment')",03201
MATEU Inmobiliaria,"Carrer Major del Pla, 9, 03204 Elx, Alicante, España",+34 696 04 91 68,https://www.mateuinmobiliaria.com/,4.9,45.0,es,Google reviews: 4.9* / 45,OPERATIONAL,"('real_estate_agency', 'point_of_interest', 'establishment')",03204
Keops Inmobiliaria,"Carrer del Capità Antoni Mena, 17, 03201 Elx, Alicante, España",+34 966 09 24 96,http://www.keopsinmobiliaria.es/,4.8,73.0,es,Google reviews: 4.8* / 73,OPERATIONAL,"('real_estate_agency', 'point_of_interest', 'establishment')",03201
Inmobiliaria Elche InmoUrbana,"Carrer Reina Victoria, 95, 03201 Elx, Alicante, España",+34 965 11 88 77,http://www.inmourbana.com/,4.6,85.0,es,Google reviews: 4.6* / 85,OPERATIONAL,"('real_estate_agency', 'point_of_interest', 'establishment')",03201
Inmobiliaria Núcleo Sector V ,"Pl. de Crevillent, 5, 03201 Elx, Alicante, España",+34 633 65 92 59,https://www.inmobiliarianucleo.com/,5.0,39.0,es,Google reviews: 5* / 39,OPERATIONAL,"('real_estate_agency', 'point_of_interest', 'establishment')",03201
Inmobiliaria Dama De Elche,"Carrer del Filet de Fora, 10, 03203 Elx, Alicante, España",+34 651 86 06 05,http://www.inmobiliariadamadelche.com/,4.2,27.0,es,Google reviews: 4.2* / 27,OPERATIONAL,"('real_estate_agency', 'point_of_interest', 'establishment')",03203
Premium Servicios Inmobiliarios,"Avinguda de la Universitat d'Elx, 16, 03202 Elche, Alicante, España",+34 966 61 30 36,http://www.premiumelche.com/,4.5,89.0,es,Google reviews: 4.5* / 89,OPERATIONAL,"('real_estate_agency', 'point_of_interest', 'establishment')",03202
Inmobiliaria Remax Inmomas,"Carrer Conrado del Campo, 16, 03204 Elx, Alicante, España",+34 966 66 56 51,http://www.inmomas.remax.es/,4.5,237.0,es,Google reviews: 4.5* / 237,OPERATIONAL,"('real_estate_agency', 'point_of_interest', 'establishment')",03204
Inmobiliaria Illihouse,"Avinguda en Joan Carles I, 73, 03202 Elx, Alicante, España",+34 966 61 30 51,http://www.illihouse.es/,4.5,81.0,es,Google reviews: 4.5* / 81,OPERATIONAL,"('real_estate_agency', 'consultant', 'point_of_interest', 'establishment')",03202
Inmobiliaria Núcleo - Altabix,"Carrer Cayetano Martínez, 32, 03202 Elx, Alicante, España",+34 684 72 43 56,https://inmobiliarianucleo.com/,5.0,3.0,es,Google reviews: 5* / 3,OPERATIONAL,"('real_estate_agency', 'point_of_interest', 'establishment')",03202
Inmobiliaria Uniroyal,"Carrer Dr. Sapena, 57, 03204 Elx, Alicante, España",+34 676 23 81 68,https://www.inmouniroyal.com/,4.8,4.0,es,Google reviews: 4.8* / 4,OPERATIONAL,"('real_estate_agency', 'point_of_interest', 'establishment')",03204
Mobilcasa,"Carrer Lope de Vega, 55, Entresuelo, 03201 Elx, Alicante, España",+34 676 44 40 28,,4.6,85.0,es,Google reviews: 4.6* / 85,OPERATIONAL,"('real_estate_agency', 'point_of_interest', 'establishment')",03201
Gestión Inmobiliaria Belda,"Carrer Camí dels Magros, 28, 03206 Elx, Alicante, España",+34 966 66 67 97,https://www.inmobiliariabelda.com/,4.0,8.0,es,Google reviews: 4* / 8,OPERATIONAL,"('real_estate_agency', 'point_of_interest', 'establishment')",03206
Mire-Casa Inmobiliaria,"Carrer José Díez Mora, 12, 03205 Elx, Alicante, España",+34 966 88 87 36,http://mercasainmobiliaria.com/,4.4,39.0,es,Google reviews: 4.4* / 39,OPERATIONAL,"('real_estate_agency', 'point_of_interest', 'establishment')",03205
Escapasol ,"C/ Frasquita Vazquez, 11, 03205 Elx, Alicante, España",+34 640 58 15 61,https://www.escapasol.com/,4.9,65.0,es,Google reviews: 4.9* / 65,OPERATIONAL,"('real_estate_agency', 'point_of_interest', 'establishment')",03205
Inmovalley,"Carrer Josep Maria Buck, 5, 03201 Elx, Alicante, España",+34 966 27 42 06,https://www.inmovalley.com/,4.1,19.0,es,Google reviews: 4.1* / 19,OPERATIONAL,"('real_estate_agency', 'point_of_interest', 'establishment')",03201
ALICANTE SOL INMOBILIARIA  ( 03195 ),"Av. S Bartolome Tir, 22, Local 7, 03195 Los Arenales del Sol, Alicante, España",+34 966 91 01 59,https://www.alicantesol.com/,4.9,242.0,es,Google reviews: 4.9* / 242,OPERATIONAL,"('real_estate_agency', 'finance', 'point_of_interest', 'establishment')",03195
Inmobiliaria y Servicios El Altet,"Carrer de l'Esglesia, 3, 03195 L'Altet, Alicante, España",+34 629 85 42 27,http://www.inmobiliariaelaltet.com/,4.7,103.0,es,Google reviews: 4.7* / 103,OPERATIONAL,"('real_estate_agency', 'point_of_interest', 'establishment')",03195
Tu Casa En Elche/TCE2023,"Carrer Concepción Arenal, 156, 03204 Elx, Alicante, España",+34 630 62 48 19,http://www.tucasaenelche.com/,3.4,15.0,es,Google reviews: 3.4* / 15,OPERATIONAL,"('real_estate_agency', 'finance', 'consultant', 'point_of_interest', 'establishment')",03204
Grupo Marina Abril,"C. Velarde, 1, 03203 Elx, Alicante, España",+34 692 99 40 50,http://grupomarinaabril.com/,5.0,2.0,es,Google reviews: 5* / 2,OPERATIONAL,"('real_estate_agency', 'point_of_interest', 'establishment')",03203
GA Homefinders,"Carrer de Finlandia, 19, Bl. 2 Local 5, 03130 el Gran Alacant, Alicante, España",+34 966 69 94 40,http://www.ga-homefinders.com/,4.6,104.0,es,Google reviews: 4.6* / 104,OPERATIONAL,"('real_estate_agency', 'point_of_interest', 'establishment')",03130
Inmobiliaria Alenda Golf InmoUrbana,"Frente Dicost, Av. del Mediterráneo, 3, 03679 Monforte del Cid, Alicante, España",+34 965 11 88 80,http://www.inmourbana.com/,4.7,73.0,es,Google reviews: 4.7* / 73,OPERATIONAL,"('real_estate_agency', 'consultant', 'point_of_interest', 'establishment')",03679
CM Real Estate,,+34 641 44 05 15,http://www.costablancaproperties.online/,,,es,Google reviews: * / None,OPERATIONAL,"('real_estate_agency', 'establishment')",
Ksenia Homes,"C. Creta, 67, 28, 03130 Gran Alacant, Alicante, España",+34 638 18 28 14,https://kseniahomes.com/,5.0,23.0,es,Google reviews: 5* / 23,OPERATIONAL,"('real_estate_agency', 'general_contractor', 'point_of_interest', 'establishment')",03130
NUCLEO SANTA POLA,"C. José Alejo Bonmatí, 2, 03130 Santa Pola, Alicante, España",+34 657 32 16 60,https://www.inmobiliarianucleo.com/,4.5,42.0,es,Google reviews: 4.5* / 42,OPERATIONAL,"('real_estate_agency', 'point_of_interest', 'establishment')",03130
Thansa Estate Agents Limited,"C. Caridad Soler Durá, 9, 03130 Gran Alacant, Alicante, España",+34 654 66 11 30,http://www.thansa.com/,4.7,15.0,es,Google reviews: 4.7* / 15,OPERATIONAL,"('real_estate_agency', 'point_of_interest', 'establishment')",03130
🌟 SVB Real Estate 🌟,,+34 627 52 20 27,https://svb-estates.com/,,,es,Google reviews: * / None,OPERATIONAL,"('real_estate_agency', 'establishment')",
Costa Blanca Eiendom · Gran Alacant,"Av. de Finlandia, 17, Local 14, 03130 Gran Alacant, Alicante, España",+34 865 88 88 88,https://cbeiendom.com/,5.0,1.0,en,Google reviews: 5* / 1,OPERATIONAL,"('real_estate_agency', 'point_of_interest', 'establishment')",03130
Inmobiliaria Bonalba Golf InmoUrbana,"ZONA COMERCIAL, Carrer del Vespre, S/N, 03110, Alicante, España",+34 965 62 17 01,http://www.inmourbana.com/,4.5,94.0,es,Google reviews: 4.5* / 94,OPERATIONAL,"('real_estate_agency', 'point_of_interest', 'establishment')",03110
LAV REAL ESTATE,"C. Creta, 67, 28, 03130 Santa Pola, Alicante, España",+34 606 50 93 89,http://www.lavrealestate.com/,5.0,29.0,es,Google reviews: 5* / 29,OPERATIONAL,"('real_estate_agency', 'point_of_interest', 'establishment')",03130
Fastighetsbyrån Santa Pola,"Av. Valencia, 6, 03130 Santa Pola, Alicante, España",+34 966 69 53 22,https://www.fastighetsbyran.com/sv/spanien/hitta-maklare/santa-pola,4.6,50.0,sv,Google reviews: 4.6* / 50,OPERATIONAL,"('real_estate_agency', 'point_of_interest', 'establishment')",03130
Gran Playa REAL ESTATE,"Av. Vicente Blasco Ibañez, 18, 03130 Santa Pola, Alicante, España",+34 965 41 34 17,http://www.inmogranplaya.es/,4.5,69.0,en,Google reviews: 4.5* / 69,OPERATIONAL,"('real_estate_agency', 'point_of_interest', 'establishment')",03130
ALICANTE SOL INMOBILIARIA  ( 03130 ),"Calle Fernando Pérez Ojeda, 31, 03130 Santa Pola, Alicante, España",+34 965 41 50 54,http://www.alicantesol.com/,4.8,313.0,es,Google reviews: 4.8* / 313,OPERATIONAL,"('real_estate_agency', 'lawyer', 'consultant', 'finance', 'point_of_interest', 'establishment')",03130
VIBENDO- Inmobiliaria en Elche,"Carrer Cristóbal Sanz, 55, 03201 Elx, Alicante, España",+34 965 43 50 36,http://www.vibendo.es/,4.9,575.0,es,Google reviews: 4.9* / 575,OPERATIONAL,"('real_estate_agency', 'consultant', 'point_of_interest', 'establishment')",03201
CHANNEL GROUP INMOBILIARIA ELCHE,"Carrer Gabriel Miró, 5, 03202 Elx, Alicante, España",+34 966 67 32 50,https://www.channelgroupinmobiliaria.com/,4.3,218.0,es,Google reviews: 4.3* / 218,OPERATIONAL,"('real_estate_agency', 'point_of_interest', 'establishment')",03202
Inmobiliaria Abalos,"Carrer Gabriel Miró, 15, 03201 Elx, Alicante, España",+34 965 44 22 12,http://www.abalos.net/,4.5,61.0,es,Google reviews: 4.5* / 61,OPERATIONAL,"('real_estate_agency', 'point_of_interest', 'establishment')",03201
Inmobiliaria Núcleo El Pla ,"C. Pere Joan Perpinyà, 38, 03204 Elx, Alicante, España",+34 654 16 30 61,https://www.inmobiliarianucleo.com/,4.9,108.0,es,Google reviews: 4.9* / 108,OPERATIONAL,"('real_estate_agency', 'point_of_interest', 'establishment')",03204
M&M International Inmobiliaria ,"Carrer Ample, 9, 03202 Elx, Alicante, España",+34 602 25 47 40,https://www.mmelche.com/,4.9,40.0,es,Google reviews: 4.9* / 40,OPERATIONAL,"('real_estate_agency', 'point_of_interest', 'establishment')",03202
ARRIENDA URBANA INMOBILIARIA REALTOR,"Carrer Mestre Serrano, 9, bajo, 03201 Elche, Alicante, España",+34 625 03 50 09,http://www.arriendaurbana.com/,4.8,55.0,es,Google reviews: 4.8* / 55,OPERATIONAL,"('real_estate_agency', 'finance', 'point_of_interest', 'establishment')",03201
Inmobiliaria Núcleo Carrus Este,"Carrer Camí dels Magros, 26, 03206 Elx, Alicante, España",+34 966 17 40 48,https://www.inmobiliarianucleo.com/,4.9,67.0,es,Google reviews: 4.9* / 67,OPERATIONAL,"('real_estate_agency', 'point_of_interest', 'establishment')",03206
ARISTA Inmobiliaria,"C/ Mariano Benlliure, 50, 03201 Elx, Alicante, España",+34 965 43 22 23,http://www.aristainmobiliaria.com/,4.7,51.0,es,Google reviews: 4.7* / 51,OPERATIONAL,"('real_estate_agency', 'finance', 'point_of_interest', 'establishment')",03201
NewHome Servicios Inmobiliarios,"Carrer Mare de Déu del Carme, nº9, Bajo, 03203 Elche, Alicante, España",+34 666 97 87 38,http://www.newhomeinmobiliaria.es/,4.9,44.0,es,Google reviews: 4.9* / 44,OPERATIONAL,"('real_estate_agency', 'point_of_interest', 'establishment')",03203
INMOBILIARIA VERDU,"Carrer Cristóbal Sanz, 26, 03201 Elx, Alicante, España",+34 965 46 64 01,http://inmoverdu.com/,4.1,40.0,es,Google reviews: 4.1* / 40,OPERATIONAL,"('real_estate_agency', 'point_of_interest', 'establishment')",03201
Excellence Real Estate SL,"Av. d'Alacant, N°87, 03202 Elx, Alicante, España",+34 965 04 79 02,http://www.excellence-realestate.com/,4.9,28.0,es,Google reviews: 4.9* / 28,OPERATIONAL,"('real_estate_agency', 'point_of_interest', 'establishment')",03202
Mundocasa Elche,"C. Obispo Winibal, 39, 03202 Elche, Alicante, España",+34 635 48 87 00,http://www.mundocasaelche.com/,4.4,134.0,es,Google reviews: 4.4* / 134,OPERATIONAL,"('real_estate_agency', 'point_of_interest', 'establishment')",03202
VARADERO ASESORES INMOBILIARIOS,"Plaça de la Constitució, N°13, 03203 Elx, Alicante, España",+34 966 61 32 97,http://www.varaderoinmobiliaria.com/,4.8,290.0,es,Google reviews: 4.8* / 290,OPERATIONAL,"('real_estate_agency', 'finance', 'point_of_interest', 'establishment')",03203
SERVICASA ELCHE GESTION INMOBILIARIA,"C. Antonio Mora Ferrández, 25, 03202 Elx, Alicante, España",+34 645 84 03 59,http://www.servicasaelche.com/,4.7,34.0,es,Google reviews: 4.7* / 34,OPERATIONAL,"('real_estate_agency', 'point_of_interest', 'establishment')",03202
Inmocasa Gestión Inmobiliaria,"Carrer Cayetano Martínez, 17, 03202 Elx, Alicante, España",+34 966 09 93 21,http://www.inmocasa.org/,3.9,117.0,es,Google reviews: 3.9* / 117,OPERATIONAL,"('real_estate_agency', 'point_of_interest', 'establishment')",03202
MAR Real Estate Elche,"Carrer Major de la Vila, 9, 03202 Elx, Alicante, España",+34 966 44 80 51,https://realestatemarlevante.com/,4.7,74.0,es,Google reviews: 4.7* / 74,OPERATIONAL,"('real_estate_agency', 'consultant', 'point_of_interest', 'establishment')",03202
AMPLIA RealEstate ,"C/ Almòrida, 5, 03203 Elx, Alicante, España",+34 613 60 67 47,https://ampliainmobiliaria.es/,5.0,13.0,es,Google reviews: 5* / 13,OPERATIONAL,"('real_estate_agency', 'point_of_interest', 'establishment')",03203
Delicasa Inmobiliarios,"C. Jaime Pomares Javaloyes, 9, 03202 Elx, Alicante, España",+34 966 09 95 75,http://www.inmobiliariadelicasa.es/,3.6,126.0,es,Google reviews: 3.6* / 126,OPERATIONAL,"('real_estate_agency', 'point_of_interest', 'establishment')",03202
Grupo Corporación Elche,"Carrer Corredora, 28, 03203 Elx, Alicante, España",+34 965 61 64 31,https://www.gcorporacion.es/,4.9,60.0,es,Google reviews: 4.9* / 60,OPERATIONAL,"('real_estate_agency', 'finance', 'consultant', 'general_contractor', 'point_of_interest', 'establishment')",03203
INMOBILIARIA MEDIMAR,"C. Luis Gonzaga Ll, 22, despacho nº 3, 03202 Elche, Alicante, España",+34 633 41 61 12,https://medimarinmo.com/,5.0,5.0,es,Google reviews: 5* / 5,OPERATIONAL,"('real_estate_agency', 'point_of_interest', 'establishment')",03202
NM Gestiones Inmobiliarias,"Carrer Alfredo Mira Gran, 10, 03202 Elx, Alicante, España",+34 625 82 87 40,http://www.nmgestionesinmobiliarias.com/,3.7,76.0,es,Google reviews: 3.7* / 76,OPERATIONAL,"('real_estate_agency', 'point_of_interest', 'establishment')",03202
Bancasas Inmobiliaria S.L.,"Carrer Fra Pere Balaguer, 10, 03202 Elx, Alicante, España",+34 966 93 12 47,http://www.bancasasinmobiliaria.es/,5.0,7.0,es,Google reviews: 5* / 7,OPERATIONAL,"('real_estate_agency', 'point_of_interest', 'establishment')",03202
MARINA ABRIL HOMES,"C. Velarde, 1, 03203 Elx, Alicante, España",+34 692 99 40 50,http://wwww.marinaabril.com/,5.0,52.0,es,Google reviews: 5* / 52,OPERATIONAL,"('real_estate_agency', 'point_of_interest', 'establishment')",03203
Danai Properties,"Carrer Antonio García Campos, 4-2, 03202 Elx, Alicante, España",+34 695 78 75 55,https://danaiproperties.com/,5.0,13.0,en,Google reviews: 5* / 13,OPERATIONAL,"('real_estate_agency', 'point_of_interest', 'establishment')",03202
Inmobiliaria Habitel,"03202, Av. Juan Carlos I, 81, 03203 Elche, Alicante, España",+34 965 42 01 59,http://www.habitel.com/,4.3,12.0,es,Google reviews: 4.3* / 12,OPERATIONAL,"('real_estate_agency', 'point_of_interest', 'establishment')",03202
Solaria Inmobiliaria,"Carrer Xàbia, 1, 03202 Elx, Alicante, España",+34 966 61 51 02,http://www.solariainmo.com/,4.0,33.0,es,Google reviews: 4* / 33,OPERATIONAL,"('real_estate_agency', 'point_of_interest', 'establishment')",03202
INMOBILIARIA COVES,"C. Pere Joan Perpinyà, 50, 03204 Elx, Alicante, España",+34 966 64 08 74,http://goo.gl/maps/ZdQfp,4.7,154.0,es,Google reviews: 4.7* / 154,OPERATIONAL,"('real_estate_agency', 'point_of_interest', 'establishment')",03204
Devalls&Escandell Asesores Inmobiliarios,"C. Camilo Flammarion, 34, bajo 3, 03201 Elche, Alicante, España",+34 966 16 11 43,http://devallsyescandell.com/,4.7,59.0,es,Google reviews: 4.7* / 59,OPERATIONAL,"('real_estate_agency', 'point_of_interest', 'establishment')",03201
Novocasa Inmobiliaria,"Carrer Lepanto, 14, 03201 Elx, Alicante, España",+34 966 66 69 99,http://www.novocasainmobiliaria.com/,4.5,35.0,es,Google reviews: 4.5* / 35,OPERATIONAL,"('real_estate_agency', 'point_of_interest', 'establishment')",03201
Inmobiliaria Lola García,"Carrer Bodega, 8, 03202 Elx, Alicante, España",+34 672 81 33 40,https://www.inmobiliarialolagarcia.com/,5.0,2.0,es,Google reviews: 5* / 2,OPERATIONAL,"('real_estate_agency', 'point_of_interest', 'establishment')",03202
Viviendaspain,,+34 695 67 81 09,https://viviendaspain.es/,4.8,26.0,es,Google reviews: 4.8* / 26,OPERATIONAL,"('real_estate_agency', 'establishment')",
Marhouse International,"Av. d'Alacant, 13, 03202 Elx, Alicante, España",+34 966 61 38 70,http://www.marhouseinternational.com/,4.9,9.0,es,Google reviews: 4.9* / 9,OPERATIONAL,"('real_estate_agency', 'point_of_interest', 'establishment')",03202
Futurcasa Inmobiliaria Elche (Inmobiliaria y Asesores Inmobiliarios),"Av. de la Llibertat, 33, 03201 Elx, Alicante, España",+34 601 04 76 45,http://www.futurcasainmobiliaria.es/,4.4,28.0,es,Google reviews: 4.4* / 28,OPERATIONAL,"('real_estate_agency', 'point_of_interest', 'establishment')",03201
Agencia inmobiliaria ( 03001 ),"C. Médico Manero Mollà, 16, 03001 Alicante (Alacant), Alicante, España",+351 924 680 258,,,,es,Google reviews: * / None,OPERATIONAL,"('real_estate_agency', 'point_of_interest', 'establishment')",03001
AparicioRealEstate,,+34 613 71 37 09,,5.0,22.0,es,Google reviews: 5* / 22,OPERATIONAL,"('real_estate_agency', 'establishment')",
Inmo Palma,"C. Juan Díez Martínez, 32, local, 03205 Elche, Alicante, España",+34 966 16 65 12,http://www.inmopalma.net/,4.8,143.0,es,Google reviews: 4.8* / 143,OPERATIONAL,"('real_estate_agency', 'point_of_interest', 'establishment')",03205
INMOBILIARIA DIAGONAL,"Carrer de la Diagonal, 84, 03206 Elx, Alicante, España",+34 965 43 24 59,,2.7,71.0,es,Google reviews: 2.7* / 71,OPERATIONAL,"('real_estate_agency', 'point_of_interest', 'establishment')",03206
Inmobiliaria Conazul,"Carrer del Capità Antoni Mena, 122, 03204 Elx, Alicante, España",+34 965 05 78 98,http://www.inmoconazul.com/,4.7,80.0,es,Google reviews: 4.7* / 80,OPERATIONAL,"('real_estate_agency', 'point_of_interest', 'establishment')",03204
Rockinbest,"Carrer Germans Navarro Caracena, 121, 03206 Elx, Alicante, España",+34 613 05 83 62,https://rockinbest.com/,4.9,55.0,es,Google reviews: 4.9* / 55,OPERATIONAL,"('real_estate_agency', 'point_of_interest', 'establishment')",03206
Inmobiliaria Metro Útil,"Carrer Antonio Machado, 29, 03204 Elx, Alicante, España",+34 966 16 32 39,https://www.inmobiliariametroutil.com/,4.6,38.0,es,Google reviews: 4.6* / 38,OPERATIONAL,"('real_estate_agency', 'point_of_interest', 'establishment')",03204
Inmo Sweet Home,"Carrer Reina Victoria, 101, 03201 Elx, Alicante, España",+34 965 46 65 83,https://www.inmosweethome.com/,4.4,19.0,es,Google reviews: 4.4* / 19,OPERATIONAL,"('real_estate_agency', 'point_of_interest', 'establishment')",03201
Inmobiliaria Hnos. Miralles,"Avinguda de Novelda, 88, 03206 Elx, Alicante, España",+34 637 78 70 12,http://www.inmobiliariahnosmiralles.com/,3.5,8.0,es,Google reviews: 3.5* / 8,OPERATIONAL,"('real_estate_agency', 'general_contractor', 'point_of_interest', 'establishment')",03206
GESÍNDER,"Carrer Reina Victoria, 137-139, 03201 Elx, Alicante, España",+34 965 41 09 65,http://www.gesinder.net/,3.9,17.0,es,Google reviews: 3.9* / 17,OPERATIONAL,"('real_estate_agency', 'finance', 'insurance_agency', 'consultant', 'point_of_interest', 'establishment')",03201
Rafael Bas Vicente,,+34 613 13 25 42,https://www.iadespana.es/agente-inmobiliario/rafael.bas,5.0,4.0,es,Google reviews: 5* / 4,OPERATIONAL,"('real_estate_agency', 'establishment')",
Inmobiliaria Urbana,"Av. Ausiàs March, 46-Bajo, 03206 Elx, Alicante, España",+34 677 49 90 30,,5.0,1.0,es,Google reviews: 5* / 1,OPERATIONAL,"('real_estate_agency', 'point_of_interest', 'establishment')",03206
M. Carmen Martín ,"C. Cristóbal Sanz, 5, entlo. izda, 03201 Elche, Alicante, España",+34 649 55 23 34,http://mcmagenteinmobiliario.com/,4.9,33.0,es,Google reviews: 4.9* / 33,OPERATIONAL,"('real_estate_agency', 'consultant', 'point_of_interest', 'establishment')",03201
idealhome inmobiliaria Elche,"Carrer Angel, 2, 03203 Elx, Alicante, España",+34 965 45 39 38,http://www.idealhome.es/,3.9,17.0,es,Google reviews: 3.9* / 17,OPERATIONAL,"('real_estate_agency', 'point_of_interest', 'establishment')",03203
INMO-GESTION ELCHE,"Carrer Josep Bernad Amorós, 35, 03205 Elx, Alicante, España",+34 865 67 51 90,,5.0,2.0,es,Google reviews: 5* / 2,OPERATIONAL,"('real_estate_agency', 'point_of_interest', 'establishment')",03205
Sureste Inmobiliaria,"Carrer Miguel de Unamuno, 32, 03202 Elx, Alicante, España",+34 601 08 03 01,http://suresteinmobiliaria.com/,4.3,3.0,es,Google reviews: 4.3* / 3,OPERATIONAL,"('real_estate_agency', 'point_of_interest', 'establishment')",03202
sureste inmobiliaria,"Carrer General Cosidó, 39, 03201 Elx, Alicante, España",+34 601 08 03 01,http://suresteinmobiliaria.com/contacto.php,,,en,Google reviews: * / None,OPERATIONAL,"('real_estate_agency', 'point_of_interest', 'establishment')",03201
Inmobiliaria Acequión Torrevieja ,"Av. Dr. Gregorio Marañón, 37, 03185 Torrevieja, Alicante, España",+34 865 71 88 17,https://www.inmobiliarianucleo.com/inmobiliarias/alicante-provincia/torrevieja/torrevieja-acequion?utm_source=local&utm_medium=gbp,4.8,97.0,es,Google reviews: 4.8* / 97,OPERATIONAL,"('real_estate_agency', 'point_of_interest', 'establishment')",03185
Núcleo San Vicente del Raspeig,"C. Pintor Picasso, 30, 03690 San Vicente del Raspeig, Alicante, España",+34 605 99 53 70,https://www.inmobiliarianucleo.com/inmobiliarias/alicante-provincia/san-vicente-del-raspeig,4.7,13.0,es,Google reviews: 4.7* / 13,OPERATIONAL,"('real_estate_agency', 'point_of_interest', 'establishment')",03690
360 Alicante,"Carrer José Antonio Cañete Juárez, 17, 03202 Elx, Alicante, España",+34 634 57 52 31,https://360alicante.com/,2.7,3.0,es,Google reviews: 2.7* / 3,OPERATIONAL,"('real_estate_agency', 'finance', 'point_of_interest', 'establishment')",03202
Inmobilix,"Av. Maisonnave, 3, planta 1, 03003 Alicante (Alacant), Alicante, España",+34 865 71 04 26,http://www.inmobilix.es/,4.2,135.0,es,Google reviews: 4.2* / 135,OPERATIONAL,"('real_estate_agency', 'insurance_agency', 'finance', 'general_contractor', 'point_of_interest', 'establishment')",03003
inmobiliaria jaimecoves,"Carrer del Capità Antoni Mena, 127, 03204 Elx, Alicante, España",+34 618 25 52 82,https://www.jaimecoves.com/,4.4,47.0,es,Google reviews: 4.4* / 47,OPERATIONAL,"('real_estate_agency', 'point_of_interest', 'establishment')",03204
Munay Servicios Patrimoniales,"Carrer Olegario Domarco Seller, 03206 Elx, Alicante, España",+34 683 10 72 21,,,,es,Google reviews: * / None,OPERATIONAL,"('real_estate_agency', 'consultant', 'point_of_interest', 'establishment')",03206
Grupo Coves,"Carrer Mariano Perez Vives, 34, 03205 Elx, Alicante, España",+34 966 64 08 74,https://grupocoves.es/,5.0,2.0,es,Google reviews: 5* / 2,OPERATIONAL,"('real_estate_agency', 'point_of_interest', 'establishment')",03205
Personal Shopper Inmobiliario Elche,,+34 633 13 85 33,,,,es,Google reviews: * / None,OPERATIONAL,"('real_estate_agency', 'consultant', 'establishment')",
MARKET Inmobiliaria ,"C/ Espoz y Mina, 6, 03130 Santa Pola, Alicante, España",+34 965 41 51 25,https://www.market-spain.com/,4.5,253.0,es,Google reviews: 4.5* / 253,OPERATIONAL,"('real_estate_agency', 'point_of_interest', 'establishment')",03130
Inmobiliaria VICTORIA,"Av. D'Escandinàvia, 72, Bajo, local 10, 03130 el Gran Alacant, Alicante, España",+34 966 69 77 79,http://www.victoria.es/,4.6,163.0,es,Google reviews: 4.6* / 163,OPERATIONAL,"('real_estate_agency', 'point_of_interest', 'establishment')",03130
redtoone Inmobiliaria,"C. San Vicente, 19, 03004 Alicante (Alacant), Alicante, España",+34 966 53 55 82,http://www.redtoone.com/,3.6,45.0,es,Google reviews: 3.6* / 45,OPERATIONAL,"('real_estate_agency', 'store', 'point_of_interest', 'establishment')",03004
Konecta2 Home,"C. José Luis Pérez Torregrosa, 16, 03203 Elche, Alicante, España",+34 614 36 03 81,https://www.konectadoshome.es/,5.0,9.0,es,Google reviews: 5* / 9,OPERATIONAL,"('real_estate_agency', 'point_of_interest', 'establishment')",03203
Núcleo Playa del Cura,"Av. de las Habaneras, 70, 03182 Torrevieja, Alicante, España",+34 865 71 96 40,https://www.inmobiliarianucleo.com/,4.6,99.0,es,Google reviews: 4.6* / 99,OPERATIONAL,"('real_estate_agency', 'point_of_interest', 'establishment')",03182
IBAKA HOMES,"Carrer María de Maeztu, 6, 03203 Elx, Alicante, España",+34 618 87 14 78,https://realestate.ibakahomes.com/,5.0,1.0,es,Google reviews: 5* / 1,OPERATIONAL,"('real_estate_agency', 'point_of_interest', 'establishment')",03203
SkandiaMäklarna Alicante ,"Calle Fernando Pérez Ojeda, 39, 03130 Santa Pola, Alicante, España",+34 865 71 92 53,http://www.skandiamaklarna.se/alicante,4.9,20.0,sv,Google reviews: 4.9* / 20,OPERATIONAL,"('real_estate_agency', 'point_of_interest', 'establishment')",03130
OPERA ESTATES,"Av. d'Alacant, 132, 03203 Elx, Alicante, España",+34 965 45 23 03,http://www.operaestates.com/,5.0,2.0,en,Google reviews: 5* / 2,OPERATIONAL,"('real_estate_agency', 'consultant', 'point_of_interest', 'establishment')",03203
Raval Inmobiliaria,"Av. de Alicante, N° 132, 1E, 03203 Elche, Alicante, España",+34 966 22 48 59,https://www.ravalinmobiliaria.com/,4.0,6.0,es,Google reviews: 4* / 6,OPERATIONAL,"('real_estate_agency', 'point_of_interest', 'establishment')",03203
Pishop Asesores Inmobiliarios S L,"Avinguda del Travalón, 46, 03203 Elx, Alicante, España",+34 965 45 39 38,,,,es,Google reviews: * / None,OPERATIONAL,"('real_estate_agency', 'point_of_interest', 'establishment')",03203
Bedrums Real Estate ,"Partida Algorós, poligono 1, 254, 03293 Elche, Alicante, España",+34 603 16 02 86,http://bedrums.com/,5.0,40.0,es,Google reviews: 5* / 40,OPERATIONAL,"('real_estate_agency', 'consultant', 'point_of_interest', 'establishment')",03293
Mora Inmobiliaria,"Ctra. Murcia-Alicante Km 714, 03205 Elche, Alicante, España",+34 965 46 92 11,https://morainmobiliaria.es/,3.7,7.0,es,Google reviews: 3.7* / 7,OPERATIONAL,"('real_estate_agency', 'point_of_interest', 'establishment')",03205
RocaTerramar,"San Antonio de Padua, 24, 03294 Foia d'Elx, Alicante, España",+34 695 48 60 97,http://rocaterramar.es/,2.3,8.0,es,Google reviews: 2.3* / 8,OPERATIONAL,"('real_estate_agency', 'point_of_interest', 'establishment')",03294
Pinet Grupo Inmobiliario,"Carretera Casa del León, Km 1, 200, 03293 Elx, Alicante, España",+34 630 96 77 82,,,,es,Google reviews: * / None,OPERATIONAL,"('real_estate_agency', 'point_of_interest', 'establishment')",03293
Inmoruiz Asesores Inmobiliarios,,+34 601 54 03 63,https://inmoruiz.es/,,,es,Google reviews: * / None,OPERATIONAL,"('real_estate_agency', 'consultant', 'establishment')",
Intercasa Activos Inmobiliarios,"Carrer de la Coronació, 4AC, 03320 Torre del Pla, Alicante, España",+34 966 14 80 88,http://www.activosintercasa.com/,5.0,38.0,es,Google reviews: 5* / 38,OPERATIONAL,"('real_estate_agency', 'point_of_interest', 'establishment')",03320
Direct Property,"Av. de Illice, 89, 03320 Torre del Pla, Alicante, España",+34 965 68 17 38,https://direct-property.net/,4.7,41.0,es,Google reviews: 4.7* / 41,OPERATIONAL,"('real_estate_agency', 'point_of_interest', 'establishment')",03320
Inmobiliaria Vivo,"Av. de Illice, 86, 03320 Torre del Pla, Alicante, España",+34 670 72 75 38,http://www.inmovivo.com/,4.8,17.0,es,Google reviews: 4.8* / 17,OPERATIONAL,"('real_estate_agency', 'point_of_interest', 'establishment')",03320
Inmobiliaria Torrellano,"Av. de Illice, 65, 03320 Torre del Pla, Alicante, España",+34 965 68 28 18,http://inmotorrellano.com/,4.5,26.0,es,Google reviews: 4.5* / 26,OPERATIONAL,"('real_estate_agency', 'point_of_interest', 'establishment')",03320
BM PROPERTIES,"C/ De la Libertad, 104, Entlo. Izq, 03320 Torre del Pla, Alicante, España",+34 965 68 14 58,http://www.inmobm.com/,4.0,5.0,es,Google reviews: 4* / 5,OPERATIONAL,"('real_estate_agency', 'point_of_interest', 'establishment')",03320
Exclusivas Reyna,"Carrer Poeta Miguel Hernandez, 9, 03201 Elx, Alicante, España",+34 966 66 22 42,http://www.exclusivasreyna.com/,2.0,11.0,es,Google reviews: 2* / 11,OPERATIONAL,"('real_estate_agency', 'point_of_interest', 'establishment')",03201
TEIS INMOBILIARIA,"Av. d'Alacant, 132, 03203 Elx, Alicante, España",+34 966 61 14 82,https://teis.com/contacto/,1.0,1.0,es,Google reviews: 1* / 1,OPERATIONAL,"('real_estate_agency', 'point_of_interest', 'establishment')",03203
INMOBILIARIA SANTA POLA,"Calle Muelle, 16, 03130 Santa Pola, Alicante, España",+34 965 41 65 62,http://inmobiliariasantapola.com/,4.4,58.0,es,Google reviews: 4.4* / 58,OPERATIONAL,"('real_estate_agency', 'point_of_interest', 'establishment')",03130
360 Invest Costa Blanca,"03202, Carrer José Antonio Cañete Juárez, 7, 03202 Elx, Alicante, España",+34 634 57 52 31,http://www.360alicante.com/,3.0,2.0,en,Google reviews: 3* / 2,OPERATIONAL,"('real_estate_agency', 'point_of_interest', 'establishment')",03202
InmohomeElche,"Ptd Altabix Plg 3 Nº56, Bj, 03296, Alicante, España",+34 603 03 50 01,https://www.inmohomeelche.net/,5.0,1.0,es,Google reviews: 5* / 1,OPERATIONAL,"('real_estate_agency', 'point_of_interest', 'establishment')",03296
Inmobiliaria Sepulcre,,+34 617 39 30 82,https://inmobiliariasepulcre.com/,1.0,1.0,es,Google reviews: 1* / 1,OPERATIONAL,"('real_estate_agency', 'establishment')",
Albi Juris Realty,"Av. d'Algoda, 50, B, 03296 Matola, Alicante, España",+34 966 36 38 10,https://www.albijurisrealty.com/,,,en,Google reviews: * / None,OPERATIONAL,"('real_estate_agency', 'point_of_interest', 'establishment')",03296
Mi casa en Elche,"Carrer Canyada, 6, 03206 Elx, Alicante, España",,https://micasaenelche.com/,,,fr,Google reviews: * / None,OPERATIONAL,"('real_estate_agency', 'point_of_interest', 'establishment')",03206
EduPascual,"Santa ana, 12, 03205 Elx, Alicante, España",+34 695 91 81 92,,,,es,Google reviews: * / None,OPERATIONAL,"('real_estate_agency', 'point_of_interest', 'establishment')",03205
Alegria Real Estate ( 03182 ),"Av. de las Habaneras, 87, 03182 Torrevieja, Alicante, España",+34 697 48 59 71,https://alegria-realestate.com/,4.6,711.0,es,Google reviews: 4.6* / 711,OPERATIONAL,"('real_estate_agency', 'point_of_interest', 'establishment')",03182
Inmobiliaria Nuñez,"Carretera Doctor Pérez Llorca, 03503 Benidorm, Alicante, España",+34 966 83 10 35,http://www.inmobiliarianunez.com/,4.2,63.0,es,Google reviews: 4.2* / 63,OPERATIONAL,"('real_estate_agency', 'point_of_interest', 'establishment')",03503
Inmobiliaria InmoSales Benidorm,"Av. de Ruzafa, 12, 03501 Benidorm, Alicante, España",+34 625 14 38 03,https://www.inmosales.com/,5.0,41.0,es,Google reviews: 5* / 41,OPERATIONAL,"('real_estate_agency', 'general_contractor', 'consultant', 'point_of_interest', 'establishment')",03501
INMOBILIARIA K BENIDORM,"Av. Rei Jaume I, 28, 03501 Benidorm, Alicante, España",+34 687 49 96 25,https://inmoselect.com/comunidad-valenciana/benidorm/#desc4,4.9,198.0,es,Google reviews: 4.9* / 198,OPERATIONAL,"('real_estate_agency', 'point_of_interest', 'establishment')",03501
Inmobiliaria Sol de Poniente,"C. Herrerías, 2, 03501 Benidorm, Alicante, España",+34 637 22 68 11,http://www.inmobiliariasoldeponiente.com/,4.7,102.0,en,Google reviews: 4.7* / 102,OPERATIONAL,"('real_estate_agency', 'point_of_interest', 'establishment')",03501
Inmobrisa Real Estate Benidorm,"Av. L'Aigüera, 7, Local, 3, 03501 Benidorm, Alicante, España",+34 965 06 44 44,http://www.inmobrisa.com/,4.9,447.0,es,Google reviews: 4.9* / 447,OPERATIONAL,"('real_estate_agency', 'point_of_interest', 'establishment')",03501
Inmobiliaria La Agencia M y M,"C/ de Tomàs Ortuño, 38, 03501 Benidorm, Alicante, España",+34 965 85 64 46,http://www.laagenciamym.com/,4.7,32.0,es,Google reviews: 4.7* / 32,OPERATIONAL,"('real_estate_agency', 'point_of_interest', 'establishment')",03501
If Inmobiliaria Benidorm,"Av. de Ruzafa, 37, local 4, 03501 Benidorm, Alicante, España",+34 966 81 24 75,http://www.ifinmobiliariabenidorm.com/,4.5,93.0,es,Google reviews: 4.5* / 93,OPERATIONAL,"('real_estate_agency', 'lodging', 'point_of_interest', 'establishment')",03501
Visual Home,"C/ de Tomàs Ortuño, 87, 03501 Benidorm, Alicante, España",+34 965 85 80 00,https://www.visual-home.es/,4.5,472.0,es,Google reviews: 4.5* / 472,OPERATIONAL,"('real_estate_agency', 'consultant', 'point_of_interest', 'establishment')",03501
Aila Homes,"Pl. de SS. MM. Los Reyes de España, 6, local 2B, 03501 Benidorm, Alicante, España",+34 660 08 57 42,http://www.ailahomes.com/,4.7,55.0,es,Google reviews: 4.7* / 55,OPERATIONAL,"('real_estate_agency', 'point_of_interest', 'establishment')",03501
Engel & Völkers Real Estate Inmobiliaria en Benidorm,"Av. del Mediterráneo, 43, 03503 Benidorm, Alicante, España",+34 961 15 20 23,https://www.engelvoelkers.com/benidorm/,4.8,228.0,es,Google reviews: 4.8* / 228,OPERATIONAL,"('real_estate_agency', 'consultant', 'point_of_interest', 'establishment')",03503
Inmobiliaria AVILA Benidorm,"C. Puente, 2, 03503 Benidorm, Alicante, España",+34 965 85 57 74,https://www.inmobiliariaavila.com/,4.3,18.0,es,Google reviews: 4.3* / 18,OPERATIONAL,"('real_estate_agency', 'point_of_interest', 'establishment')",03503
Agencia Poniente,"Pg. de la Carretera, 18, 03501 Benidorm, Alicante, España",+34 965 85 68 00,http://www.agenciaponiente.com/,4.5,48.0,es,Google reviews: 4.5* / 48,OPERATIONAL,"('real_estate_agency', 'lodging', 'consultant', 'point_of_interest', 'establishment')",03501
Inmobiliaria Milonas,"Av. del Mediterráneo, 66, local 5, 03503 Benidorm, Alicante, España",+34 865 68 21 00,http://www.milonas.es/,4.7,281.0,es,Google reviews: 4.7* / 281,OPERATIONAL,"('real_estate_agency', 'point_of_interest', 'establishment')",03503
INMOBILIARIA les Dunes S.L.,"Avenida del Mediterráneo, 38, Avenida Villajoyosa, 4, 03503 Benidorm, Alicante, España",+34 966 80 36 35,https://www.inmobiliarialesdunes.com/,4.2,40.0,es,Google reviews: 4.2* / 40,OPERATIONAL,"('real_estate_agency', 'point_of_interest', 'establishment')",03503
INMOBILIARIA TIFFANY ´S HOUSE en AV/ JUAN FUSTER ZARAGOZA N.º 10 LOCAL 6,"Av. Juan Fuster Zaragoza, 10, Local 6, 03503 Benidorm, Alicante, España",+34 624 22 03 45,https://www.pisos.com/inmobiliaria-tiffany_s_house/%20%20%20%20%20%20https://www.fotocasa.es/es/inmobiliaria-inmobiliaria-tiffany-s-house/comprar/inmuebles/espana/todas-las-zonas/l?clientId=9202768537474,4.9,57.0,es,Google reviews: 4.9* / 57,OPERATIONAL,"('real_estate_agency', 'point_of_interest', 'establishment')",03503
Matriz Gestiones Inmobiliarias,"C/ Taquigrafo Martí, 1, 03004 Alacant, Alicante, España",+34 625 36 20 82,https://www.matrizinmobiliaria.es/,4.7,12.0,es,Google reviews: 4.7* / 12,OPERATIONAL,"('real_estate_agency', 'point_of_interest', 'establishment')",03004
la inmobiliaria de confianza,"Plaça d'Espanya, 2, 03004 Alacant, Alicante, España",+34 665 76 20 00,http://www.casalogiainmo.com/,,,es,Google reviews: * / None,OPERATIONAL,"('real_estate_agency', 'point_of_interest', 'establishment')",03004
Alicante Real Estate Inmobiliaria La Mata,"Calle Mayor, 25, 03188 La Mata, Alicante, España",+34 966 92 55 73,https://alicante-realestate.com/,4.3,110.0,de,Google reviews: 4.3* / 110,OPERATIONAL,"('real_estate_agency', 'point_of_interest', 'establishment')",03188
House In Spain Invest ,"C. María Gil Vallejos, 32, Local O, 03182 Torrevieja, Alicante, España",+34 610 59 13 08,http://www.houseinspaininvest.com/,5.0,52.0,es,Google reviews: 5* / 52,OPERATIONAL,"('real_estate_agency', 'point_of_interest', 'establishment')",03182
Inmobiliaria Casa Diez - Altea,,+34 651 64 00 38,http://www.inmocasadiez.com/,4.8,17.0,es,Google reviews: 4.8* / 17,OPERATIONAL,"('real_estate_agency', 'establishment')",
Best House Torrevieja,"C. Caballero de Rodas, 1A, 1A - Bajo, 03181 Torrevieja, Alicante, España",+34 966 70 65 99,http://www.besthousetorrevieja.com/,4.9,96.0,es,Google reviews: 4.9* / 96,OPERATIONAL,"('real_estate_agency', 'point_of_interest', 'establishment')",03181
Inmobiliaria Maymar Torrevieja,"C. de Orihuela, 73, 03181 Torrevieja, Alicante, España",+34 965 71 04 54,https://www.maymar.com/,4.7,206.0,es,Google reviews: 4.7* / 206,OPERATIONAL,"('real_estate_agency', 'point_of_interest', 'establishment')",03181
Alicante Real Estate Torrevieja,"C. Caballero de Rodas, 1, 03181 Torrevieja, Alicante, España",+34 966 92 55 73,https://alicante-realestate.com/,4.4,50.0,de,Google reviews: 4.4* / 50,OPERATIONAL,"('real_estate_agency', 'point_of_interest', 'establishment')",03181
Casas y Mar,"Av. de las Habaneras, 121, 03183 Torrevieja, Alicante, España",+34 629 58 15 74,https://www.casasymar.com/,4.9,530.0,es,Google reviews: 4.9* / 530,OPERATIONAL,"('real_estate_agency', 'consultant', 'point_of_interest', 'establishment')",03183
Sunnier Homes,"P.º Vistalegre, 3, 03181 Torrevieja, Alicante, España",+34 965 71 74 47,http://sunnierhomes.com/,4.7,30.0,es,Google reviews: 4.7* / 30,OPERATIONAL,"('real_estate_agency', 'finance', 'general_contractor', 'consultant', 'point_of_interest', 'establishment')",03181
ESPHOUSES Inmobiliaria y Promotora,"Av. de Cervantes, 25, 03140 Guardamar del Segura, Alicante, España",+34 966 28 47 37,http://www.esphouses.com/,4.6,125.0,es,Google reviews: 4.6* / 125,OPERATIONAL,"('real_estate_agency', 'point_of_interest', 'establishment')",03140
SkandiaMäklarna Torrevieja,"Calle La Sal, Av. de las Habaneras, esquina, 03182 Torrevieja, Alicante, España",+34 966 27 14 58,http://www.skandiamaklarna.se/spanien/kontor/torrevieja,4.9,135.0,sv,Google reviews: 4.9* / 135,OPERATIONAL,"('real_estate_agency', 'point_of_interest', 'establishment')",03182
Eden Properties Investment ,"C. Zoa, 58, 03182 Torrevieja, Alicante, España",+34 965 70 68 68,https://edenpropertiesinvestment.com/,4.4,59.0,es,Google reviews: 4.4* / 59,OPERATIONAL,"('real_estate_agency', 'lawyer', 'consultant', 'point_of_interest', 'establishment')",03182
Inmokea ,"C. Campoamor, 66, 03181 Torrevieja, Alicante, España",+34 622 30 27 70,http://www.inmokea.com/,4.9,279.0,es,Google reviews: 4.9* / 279,OPERATIONAL,"('real_estate_agency', 'consultant', 'point_of_interest', 'establishment')",03181
Inmobiliaria en Torrevieja  ( 03181 ),"C. de Orihuela, 11, 03181 Torrevieja, Alicante, España",+34 966 26 30 13,http://www.mayrasa.com/,4.7,159.0,es,Google reviews: 4.7* / 159,OPERATIONAL,"('real_estate_agency', 'consultant', 'finance', 'point_of_interest', 'establishment')",03181
REMAX VISTA Torrevieja y El Campello (Alicante),"P.º de la Libertad, 6, 03181 Torrevieja, Alicante, España",+34 966 70 03 68,http://vista.remax.es/,4.7,189.0,es,Google reviews: 4.7* / 189,OPERATIONAL,"('real_estate_agency', 'point_of_interest', 'establishment')",03181
S PROPERTIES ,"C. Vicente Blasco Ibáñez, 126, 03182 Torrevieja, Alicante, España",+34 693 26 35 73,http://www.sproperties.es/,4.9,179.0,es,Google reviews: 4.9* / 179,OPERATIONAL,"('real_estate_agency', 'point_of_interest', 'establishment')",03182
INMOBILIARIA EN TORREVIEJA ,"C. Maestro Francisco Vallejos, 19, 03181 Torrevieja, Alicante, España",+34 966 94 27 80,https://vitaniahome.com/,4.8,91.0,es,Google reviews: 4.8* / 91,OPERATIONAL,"('real_estate_agency', 'consultant', 'point_of_interest', 'establishment')",03181
Sun and Sea Real Estate,"Pl. del Calvario, 03181 Torrevieja, Alicante, España",+34 633 38 78 14,https://sunandsearealestate.com/es/,4.8,939.0,es,Google reviews: 4.8* / 939,OPERATIONAL,"('real_estate_agency', 'point_of_interest', 'establishment')",03181
Inmobiliaria Embassy Levante Torrevieja,"C. Apolo, 50, 03182 Torrevieja, Alicante, España",+34 639 88 45 79,https://www.embassylevante.com/,4.8,233.0,es,Google reviews: 4.8* / 233,OPERATIONAL,"('real_estate_agency', 'point_of_interest', 'establishment')",03182
Elite Inmobiliarias,"C. San Gabriel, 1, 03181 Torrevieja, Alicante, España",+34 965 70 79 36,http://www.eliteinmobiliarias.com/,4.8,78.0,es,Google reviews: 4.8* / 78,OPERATIONAL,"('real_estate_agency', 'point_of_interest', 'establishment')",03181
A&M Real Estate,"C. de Orihuela, 60, 03181 Torrevieja, Alicante, España",+34 604 49 61 36,https://amestate.es/,4.9,168.0,es,Google reviews: 4.9* / 168,OPERATIONAL,"('real_estate_agency', 'point_of_interest', 'establishment')",03181
Spain Estate,"C. Maria Parodi, 2, 03181 Torrevieja, Alicante, España",+34 671 20 03 07,https://www.spainestate.com/,4.4,102.0,es,Google reviews: 4.4* / 102,OPERATIONAL,"('real_estate_agency', 'consultant', 'point_of_interest', 'establishment')",03181
JJ Properties Real Estate,"Pl. Waldo Calero, 3, 1A, 03181 Torrevieja, Alicante, España",+34 966 09 14 42,https://jjproperties.es/,5.0,105.0,es,Google reviews: 5* / 105,OPERATIONAL,"('real_estate_agency', 'point_of_interest', 'establishment')",03181
AGRUCASA ,"C. Clemente Gosálvez, 10, 03181 Torrevieja, Alicante, España",+34 616 75 90 39,https://www.agrucasa.com/,4.7,80.0,es,Google reviews: 4.7* / 80,OPERATIONAL,"('real_estate_agency', 'consultant', 'point_of_interest', 'establishment')",03181
"Inmodeals Properties S,L","Av. Diego Ramírez Pastor, 17, 03181 Torrevieja, Alicante, España",+34 697 73 43 13,http://www.inmodeals.com/,4.9,34.0,en,Google reviews: 4.9* / 34,OPERATIONAL,"('real_estate_agency', 'point_of_interest', 'establishment')",03181
EspanaTour Inmobiliaria. Недвижимость в Испании. Недвижимость Коста Бланка. Торревьеха,"C. de Orihuela, 72, 03181 Torrevieja, Alicante, España",+34 634 78 44 49,http://www.espanatour.es/,4.6,113.0,ru,Google reviews: 4.6* / 113,OPERATIONAL,"('real_estate_agency', 'finance', 'consultant', 'lodging', 'point_of_interest', 'establishment')",03181
SALINDRA ,"C. Fotógrafos Darblade, 6, 03181 Torrevieja, Alicante, España",+34 668 80 91 29,https://www.salindra.com/,5.0,27.0,es,Google reviews: 5* / 27,OPERATIONAL,"('real_estate_agency', 'point_of_interest', 'establishment')",03181
NBH Property Group,"Pl. Isabel II, 03181, 03181 Torrevieja, Alicante, España",+34 684 60 96 09,,5.0,80.0,es,Google reviews: 5* / 80,OPERATIONAL,"('real_estate_agency', 'point_of_interest', 'establishment')",03181
INMOPER INMOBILIARIA ,"C. Maria Parodi, 79, 03181 Torrevieja, Alicante, España",+34 640 10 26 39,https://www.inmoper.com/,5.0,18.0,es,Google reviews: 5* / 18,OPERATIONAL,"('real_estate_agency', 'point_of_interest', 'establishment')",03181
EUROPA INMO GESTION,"C. San Policarpo, 85, local 1, 03181 Torrevieja, Alicante, España",+34 621 23 29 55,http://www.europainmogestion.com/,4.5,67.0,es,Google reviews: 4.5* / 67,OPERATIONAL,"('real_estate_agency', 'finance', 'health', 'point_of_interest', 'establishment')",03181
Inmobiliaria Núcleo Piscinas Naturales,"C. Antonio Machado, 99, 03182 Torrevieja, Alicante, España",+34 865 53 06 79,https://www.inmobiliarianucleo.com/oficinas/piscinas-naturales,4.8,49.0,es,Google reviews: 4.8* / 49,OPERATIONAL,"('real_estate_agency', 'point_of_interest', 'establishment')",03182
Innovared ,"C. Ramón y Cajal, 45, 03182 Torrevieja, Alicante, España",+34 622 56 50 29,https://www.innovared.es/,4.9,57.0,es,Google reviews: 4.9* / 57,OPERATIONAL,"('real_estate_agency', 'finance', 'consultant', 'point_of_interest', 'establishment')",03182
Viviendas en la costa,"Av. de las Habaneras, 84, 03182 Torrevieja, Alicante, España",+34 965 70 96 62,http://www.viviendasenlacosta.com/,4.5,47.0,es,Google reviews: 4.5* / 47,OPERATIONAL,"('real_estate_agency', 'point_of_interest', 'establishment')",03182
Embassy My Home,"Av. de la Purisima, 53, bajo 3, 03182 Torrevieja, Alicante, España",+34 662 38 18 78,http://www.myhometorrevieja.com/,4.9,56.0,es,Google reviews: 4.9* / 56,OPERATIONAL,"('real_estate_agency', 'finance', 'consultant', 'point_of_interest', 'establishment')",03182
Dinmegler Real Estate Costa Blanca (Casas & Bostad),"C. Patricio Zammit, 26, 03182 Torrevieja, Alicante, España",+34 965 97 70 14,http://dinmegler.com/,4.8,88.0,es,Google reviews: 4.8* / 88,OPERATIONAL,"('real_estate_agency', 'consultant', 'point_of_interest', 'establishment')",03182
Grupo Torremar Inmobiliaria,"Esq. Purisima, C. Almudena, 2, 03182 Torrevieja, Alicante, España",+34 602 58 17 40,http://www.grupotorremar.com/,5.0,68.0,es,Google reviews: 5* / 68,OPERATIONAL,"('real_estate_agency', 'lodging', 'point_of_interest', 'establishment')",03182
J&M Spanish Properties MLS ASIVEGA,"Calle Fuensanta, C. Ulpiano, esquina, local bajo 2, 03182 Torrevieja, Alicante, España",+34 653 36 13 77,http://www.jmcostablanca.com/,4.7,79.0,es,Google reviews: 4.7* / 79,OPERATIONAL,"('real_estate_agency', 'point_of_interest', 'establishment')",03182
Marceli Costa Blanca,"C. San Pascual, 251, 03182 Torrevieja, Alicante, España",+34 606 80 12 11,http://www.vendertucasaentorrevieja.com/,5.0,24.0,es,Google reviews: 5* / 24,OPERATIONAL,"('real_estate_agency', 'point_of_interest', 'establishment')",03182
Inmobiliaria Hegra Levante en Torrevieja,"C. Patricio Zammit, 25, 03182 Torrevieja, Alicante, España",+34 679 95 11 42,http://www.hegrahouses.com/,4.8,43.0,en,Google reviews: 4.8* / 43,OPERATIONAL,"('real_estate_agency', 'general_contractor', 'point_of_interest', 'establishment')",03182
Inmobiliaria Torrevieja ,"C. María Gil Vallejos, 1, 03182 Torrevieja, Alicante, España",+34 692 10 38 14,https://www.inmobiliarianucleo.com/,4.7,41.0,es,Google reviews: 4.7* / 41,OPERATIONAL,"('real_estate_agency', 'consultant', 'point_of_interest', 'establishment')",03182
Grupo Peysa,"C. Ramón Gallud, 92, 03182 Torrevieja, Alicante, España",+34 965 71 66 11,https://grupopeysa.es/,4.4,51.0,es,Google reviews: 4.4* / 51,OPERATIONAL,"('real_estate_agency', 'finance', 'point_of_interest', 'establishment')",03182
NEW GENESIS INMOBILIARIA,"C. del Mar, 44, 03182 Torrevieja, Alicante, España",+34 675 94 17 04,http://www.newgenesis.es/,5.0,18.0,es,Google reviews: 5* / 18,OPERATIONAL,"('real_estate_agency', 'point_of_interest', 'establishment')",03182
Inmobiliaria Trópico,"Av. de las Habaneras, 54, 03182 Torrevieja, Alicante, España",+34 965 70 88 11,http://www.inmobiliariatropico.com/,4.8,26.0,es,Google reviews: 4.8* / 26,OPERATIONAL,"('real_estate_agency', 'point_of_interest', 'establishment')",03182
Inmobiliaria Alicante Casas,,+34 966 10 32 33,,5.0,3.0,es,Google reviews: 5* / 3,OPERATIONAL,"('real_estate_agency', 'establishment')",
Calas del Mar,"C. Caballero de Rodas, 109, 03182 Torrevieja, Alicante, España",+34 966 70 27 22,,4.5,29.0,es,Google reviews: 4.5* / 29,OPERATIONAL,"('real_estate_agency', 'point_of_interest', 'establishment')",03182
Asesor inmobiliario Roque Orts ,"Rbla. Juan Mateo García, 16, 4°A, 03181 Torrevieja, Alicante, España",+34 687 74 59 03,https://www.iadespana.es/agente-inmobiliario/roque.orts,5.0,1.0,es,Google reviews: 5* / 1,OPERATIONAL,"('real_estate_agency', 'point_of_interest', 'establishment')",03181
Roch Properties Real Estate,"Calle Ntra. Sra. de Montserrate, 6, Local 3, 03182 Torrevieja, Alicante, España",+34 678 37 51 81,https://www.rochproperties.com/,4.9,63.0,es,Google reviews: 4.9* / 63,OPERATIONAL,"('real_estate_agency', 'general_contractor', 'point_of_interest', 'establishment')",03182
Gesitel,"Calle Moriones, 27, 03182 Torrevieja, Alicante, España",+34 966 70 43 61,http://www.gesitel.es/,4.5,31.0,es,Google reviews: 4.5* / 31,OPERATIONAL,"('real_estate_agency', 'general_contractor', 'point_of_interest', 'establishment')",03182
INMOBILIARIA KITAI-REAL ESTATE,"C. Fragata, 16, 03182 Torrevieja, Alicante, España",+34 608 26 61 56,http://apartamentosentorrevieja.com/,4.8,84.0,es,Google reviews: 4.8* / 84,OPERATIONAL,"('real_estate_agency', 'point_of_interest', 'establishment')",03182
"Центр ""Глобус"" Торревьеха","C. Radio Murcia, 16, 03182 Torrevieja, Alicante, España",+34 965 70 70 45,http://www.globustv.net/,4.3,197.0,es,Google reviews: 4.3* / 197,OPERATIONAL,"('real_estate_agency', 'cafeteria', 'book_store', 'point_of_interest', 'store', 'establishment')",03182
Raser House Inmobiliaria Real estates in Torrevieja,"Calle Ramón Gallud, C. del Mar, 137, esq, 03182 Torrevieja, Alicante, España",+34 965 03 67 77,http://www.raserhouse.es/,4.8,48.0,es,Google reviews: 4.8* / 48,OPERATIONAL,"('real_estate_agency', 'point_of_interest', 'establishment')",03182
NUEVO HABITAT COSTA BLANCA S.L.,"C. Zoa, 23, 03182 Torrevieja, Alicante, España",+34 659 75 52 27,http://www.nuevohabitat.es/,4.5,10.0,es,Google reviews: 4.5* / 10,OPERATIONAL,"('real_estate_agency', 'point_of_interest', 'establishment')",03182
Inmobiliaria Juana,"C. Ramón y Cajal, 33, 03182 Torrevieja, Alicante, España",+34 966 70 05 08,http://inmobiliariajuana.com/,3.2,19.0,es,Google reviews: 3.2* / 19,OPERATIONAL,"('real_estate_agency', 'point_of_interest', 'establishment')",03182
BM Real Estate Agency,"C. Zoa, 21, 03182 Torrevieja, Alicante, España",+34 966 10 63 58,http://www.bmrealestate.es/,4.6,61.0,es,Google reviews: 4.6* / 61,OPERATIONAL,"('real_estate_agency', 'point_of_interest', 'establishment')",03182
Emenni Costa Blanca Inmobiliaria en Torrevieja ,"C. Goleta, 10, 03182 Torrevieja, Alicante, España",+34 657 19 23 49,http://www.emennicostablanca.com/,4.4,54.0,es,Google reviews: 4.4* / 54,OPERATIONAL,"('real_estate_agency', 'point_of_interest', 'establishment')",03182
Sol De España,"C. Apolo, 20, Local. Bajo B, 03182 Torrevieja, Alicante, España",+34 600 45 87 09,http://www.soldespana.com/,4.0,23.0,es,Google reviews: 4* / 23,OPERATIONAL,"('real_estate_agency', 'point_of_interest', 'establishment')",03182
Inmobiliaria Thamesys,"Av. de, Av. Diego Ramírez Pastor, N° 264, 03182 Torrevieja, Alicante, España",+34 627 43 26 86,http://inmobiliariathamesys.com/,3.9,10.0,es,Google reviews: 3.9* / 10,OPERATIONAL,"('real_estate_agency', 'point_of_interest', 'establishment')",03182
Inmobiliaria Flor de Lis ,"C. Capitán García Gea, 15, 03182 Torrevieja, Alicante, España",+34 657 23 93 53,,4.0,14.0,es,Google reviews: 4* / 14,OPERATIONAL,"('real_estate_agency', 'insurance_agency', 'finance', 'consultant', 'general_contractor', 'health', 'lodging', 'point_of_interest', 'establishment')",03182
M2 Costa Blanca Inmobiliaria,"Av. de la Mancha, 30, planta 1, local 21, 03183 Torrevieja, Alicante, España",+34 611 21 11 95,http://www.m2costablanca.com/,5.0,75.0,pl,Google reviews: 5* / 75,OPERATIONAL,"('real_estate_agency', 'point_of_interest', 'establishment')",03183
IS Real Estate Agency,"C. Pola de Siero, 10, 03182 Torrevieja, Alicante, España",+34 865 94 57 73,http://is-realestate.com/,4.8,92.0,es,Google reviews: 4.8* / 92,OPERATIONAL,"('real_estate_agency', 'point_of_interest', 'establishment')",03182
Fuster & Co Estate Agents Mäklare Torrevieja,"Av. Alonso de Quijano, 03183 Torrevieja, Alicante, España",+34 609 69 35 00,https://fusterandco.com/,4.9,71.0,es,Google reviews: 4.9* / 71,OPERATIONAL,"('real_estate_agency', 'point_of_interest', 'establishment')",03183
Torretay,"Av. Alfredo Nobel, 165, 03183 Torrevieja, Alicante, España",+34 966 92 18 97,,4.7,116.0,es,Google reviews: 4.7* / 116,OPERATIONAL,"('real_estate_agency', 'point_of_interest', 'establishment')",03183
Kolstad Property ,"Av. de las Cortes Valencianas, 29, 03183 Torrevieja, Alicante, España",+34 965 70 90 42,http://kolstadproperty.com/,4.7,109.0,es,Google reviews: 4.7* / 109,OPERATIONAL,"('real_estate_agency', 'point_of_interest', 'establishment')",03183
Inmobiliaria Adaix Torrevieja,"Av. Dr. Gregorio Marañón, 54, 03185 Torrevieja, Alicante, España",+34 966 78 94 61,https://torrevieja.adaix.com/,4.3,69.0,es,Google reviews: 4.3* / 69,OPERATIONAL,"('real_estate_agency', 'general_contractor', 'point_of_interest', 'establishment')",03185
MP Real Estate ,,+34 679 40 57 61,https://miriamproperties.com/,4.8,19.0,es,Google reviews: 4.8* / 19,OPERATIONAL,"('real_estate_agency', 'consultant', 'establishment')",
Inmobiliaria Playa de los Locos Torrevieja ,"Av. Dr. Mariano Ruiz Canovas, 4, 03183 Torrevieja, Alicante, España",+34 676 07 50 90,https://www.inmobiliarianucleo.com/inmobiliarias/alicante-provincia/torrevieja/playa-de-los-locos?utm_source=local&utm_medium=gbp,4.6,33.0,es,Google reviews: 4.6* / 33,OPERATIONAL,"('real_estate_agency', 'point_of_interest', 'establishment')",03183
Pink Flamingo Homes Agencia Inmobiliaria en Torrevieja,"Av. Diego Ramírez Pastor, 34, 03183 Torrevieja, Alicante, España",+34 609 33 23 41,https://www.pinkflamingohomes.es/,4.7,65.0,es,Google reviews: 4.7* / 65,OPERATIONAL,"('real_estate_agency', 'lodging', 'point_of_interest', 'establishment')",03183
inmobiliaria SandHouse,"C. Lanzarote, 03183 Torrevieja, Alicante, España",+34 655 18 71 16,http://www.sandhouse.es/,4.9,14.0,es,Google reviews: 4.9* / 14,OPERATIONAL,"('real_estate_agency', 'point_of_interest', 'establishment')",03183
AM Costa Blanca Real Estate,"C. Ramón Gallud, C. Heraclio, 78, Esq, 03181 Torrevieja, Alicante, España",+34 693 64 73 58,http://www.amcostablanca.com/,5.0,13.0,es,Google reviews: 5* / 13,OPERATIONAL,"('real_estate_agency', 'point_of_interest', 'establishment')",03181
Sunrisa Real Estate,"C. de Pedro Lorca, 29, 3º, 03181 Torrevieja, Alicante, España",+34 613 31 49 31,https://www.sunrisarealestate.com/,5.0,55.0,es,Google reviews: 5* / 55,OPERATIONAL,"('real_estate_agency', 'point_of_interest', 'establishment')",03181
Inmoboj,"C. la Paz, 16, 1º10, 03181 Torrevieja, Alicante, España",+34 653 78 90 83,http://www.inmoboj.com/,5.0,22.0,es,Google reviews: 5* / 22,OPERATIONAL,"('real_estate_agency', 'point_of_interest', 'establishment')",03181
Melafani Properties S.L,"C. los Jilgueros, 10, 03183 Torrevieja, Alicante, España",+34 620 92 66 50,http://www.melafaniproperties.com/,4.9,38.0,es,Google reviews: 4.9* / 38,OPERATIONAL,"('real_estate_agency', 'lawyer', 'consultant', 'point_of_interest', 'establishment')",03183
ALAS CASAS,"Cámara de Comercio, C. de las Amapolas, s/n, 03184 Torrevieja, Alicante, España",+34 651 77 40 35,http://www.alascasas.com/,5.0,99.0,es,Google reviews: 5* / 99,OPERATIONAL,"('real_estate_agency', 'point_of_interest', 'establishment')",03184
EMC Inmobiliaria,"C. Joaquín García Sánchez, 324, M 80, 03184 Torrevieja, Alicante, España",+34 654 94 24 31,https://www.emcinmobiliaria.es/,4.6,14.0,es,Google reviews: 4.6* / 14,OPERATIONAL,"('real_estate_agency', 'point_of_interest', 'establishment')",03184
inmobiliarias en torrevieja / SUNSET COSTA BLANCA ,"Av. Dr. Gregorio Marañón, 03185 Torrevieja, Alicante, España",+34 673 88 37 85,http://www.sunsetcostablanca.com/,5.0,7.0,es,Google reviews: 5* / 7,OPERATIONAL,"('real_estate_agency', 'point_of_interest', 'establishment')",03185
Espavista Real Estate,"Centro Comercial Parquemar, Av. Bélgica, 1, Local 12, 03188 Torrevieja, Alicante, España",+34 626 41 86 07,https://espavista.com/,4.6,72.0,es,Google reviews: 4.6* / 72,OPERATIONAL,"('real_estate_agency', 'point_of_interest', 'establishment')",03188
TORREVIEJAREALESTATE,"C. Goleta, 5, 03182 Torrevieja, Alicante, España",+34 722 23 31 18,http://www.torreviejarealestate.com/,3.7,9.0,es,Google reviews: 3.7* / 9,OPERATIONAL,"('real_estate_agency', 'point_of_interest', 'establishment')",03182
Fastighetsbyrån Torrevieja,"C. Diana, 0, 03183 Torrevieja, Alicante, España",+34 966 92 52 81,https://www.fastighetsbyran.com/sv/spanien/hitta-maklare/torrevieja,3.8,114.0,es,Google reviews: 3.8* / 114,OPERATIONAL,"('real_estate_agency', 'point_of_interest', 'establishment')",03183
Medimar Eiendom,"C. Narciso Yepes, 12, 03184 El Chaparral, Alicante, España",+34 610 46 03 32,https://medimareiendom.com/,4.6,31.0,es,Google reviews: 4.6* / 31,OPERATIONAL,"('real_estate_agency', 'consultant', 'point_of_interest', 'establishment')",03184
San Luis Property S. L.,"Urbanización San Luís, Pl. Tolosa, Local 7, 03184 Torrevieja, Alicante, España",+34 675 54 77 91,https://sanluises.com/,4.4,30.0,es,Google reviews: 4.4* / 30,OPERATIONAL,"('real_estate_agency', 'point_of_interest', 'establishment')",03184
Casas Espania,"Centro Comercial, C. Bizet, 1, Local 6, 03184 Torrevieja, Alicante, España",+34 966 78 52 02,https://www.casasespania.com/,4.0,77.0,es,Google reviews: 4* / 77,OPERATIONAL,"('real_estate_agency', 'consultant', 'point_of_interest', 'establishment')",03184
Solocasiones Levantina S.L,"Av. de la Opera, 95, 03184 Torrevieja, Alicante, España",+34 600 11 00 73,http://www.solocasiones.com/index.php,4.6,31.0,es,Google reviews: 4.6* / 31,OPERATIONAL,"('real_estate_agency', 'point_of_interest', 'establishment')",03184
Inmobiliaria Ruiz & Cissé Torrevieja. Vendemos tu Casa.,"Av. Bélgica, 2A, Portal 6, 3º 5, 03188 La Mata, Alicante, España",+34 604 47 76 32,https://www.ruizcisserealestate.com/,5.0,73.0,es,Google reviews: 5* / 73,OPERATIONAL,"('real_estate_agency', 'point_of_interest', 'establishment')",03188
San Luis International Real Estate Group,"comercial III, Av. Castuera, 03184 Torrevieja, Alicante, España",+34 634 35 73 47,http://www.sanluisinternational.com/,4.8,30.0,es,Google reviews: 4.8* / 30,OPERATIONAL,"('real_estate_agency', 'point_of_interest', 'establishment')",03184
TM Grupo Inmobiliario,"Plaza José Luis Serna, 1, 03184 Torrevieja, Alicante, España",+34 965 71 20 11,http://www.tmgrupoinmobiliario.com/,4.2,110.0,es,Google reviews: 4.2* / 110,OPERATIONAL,"('real_estate_agency', 'general_contractor', 'point_of_interest', 'establishment')",03184
Inmobiliaria InmoPancho,"Calle Mayor, 43, 03188 La Mata, Alicante, España",+34 966 92 64 69,https://inmopancho.com/,4.4,47.0,es,Google reviews: 4.4* / 47,OPERATIONAL,"('real_estate_agency', 'point_of_interest', 'establishment')",03188
Grupo Inmocosta,"Calle Mayor, 16, 03188 La Mata, Alicante, España",+34 965 70 55 35,http://www.grupoinmocosta.com/,4.5,57.0,es,Google reviews: 4.5* / 57,OPERATIONAL,"('real_estate_agency', 'point_of_interest', 'establishment')",03188
Agencia Inmobiliaria Kaixo,"Av. de Francia, 40, 03188 Torrevieja, Alicante, España",+34 966 92 18 87,http://www.kaixoagenciainmobiliaria.com/,4.1,40.0,es,Google reviews: 4.1* / 40,OPERATIONAL,"('real_estate_agency', 'point_of_interest', 'establishment')",03188
Capita Homes Real estate ,,+34 613 71 80 54,https://capitahomes.com/,5.0,23.0,es,Google reviews: 5* / 23,OPERATIONAL,"('real_estate_agency', 'establishment')",
Murillo Homes ,"Av. de los Europeos, 19, 03188 La Mata, Alicante, España",+34 966 14 93 96,https://murillohomes.com/,4.9,34.0,es,Google reviews: 4.9* / 34,OPERATIONAL,"('real_estate_agency', 'point_of_interest', 'establishment')",03188
SMILE PROPERTIES Inmobiliaria,"Calle Mayor, 32, 03188 La Mata, Alicante, España",+34 960 13 57 14,http://www.smileproperties.es/,5.0,11.0,es,Google reviews: 5* / 11,OPERATIONAL,"('real_estate_agency', 'finance', 'lawyer', 'consultant', 'point_of_interest', 'establishment')",03188
Inmobiliaria Núcleo - La Mata,"Calle Mayor, 21, 03188 La Mata, Alicante, España",+34 605 51 38 49,https://www.inmobiliarianucleo.com/,5.0,4.0,es,Google reviews: 5* / 4,OPERATIONAL,"('real_estate_agency', 'point_of_interest', 'establishment')",03188
FirMaPersson ,"Carr. del Torrejón, 3, local 111, 03188 Torrevieja, Alicante, España",+34 690 84 57 47,http://www.firmapersson.com/,4.9,13.0,es,Google reviews: 4.9* / 13,OPERATIONAL,"('real_estate_agency', 'general_contractor', 'consultant', 'point_of_interest', 'establishment')",03188
Inmobiliaria TorrePlaya,"Aguas Nuevas, 03183 La Mata, Alicante, España",+34 654 55 86 26,http://www.torreplaya.es/,4.3,8.0,es,Google reviews: 4.3* / 8,OPERATIONAL,"('real_estate_agency', 'consultant', 'point_of_interest', 'establishment')",03183
Inmobiliaria en Torrevieja  ( 03182 ),"Calle Moriones, 4, 03182 Torrevieja, Alicante, España",+34 677 49 11 26,https://tradicionlevante.es/,3.7,9.0,es,Google reviews: 3.7* / 9,OPERATIONAL,"('real_estate_agency', 'point_of_interest', 'establishment')",03182
Villa de la Costa,"Av. Bélgica, 1, 03188 La Mata, Alicante, España",+34 966 28 91 41,http://villadelacosta.com/,4.8,6.0,es,Google reviews: 4.8* / 6,OPERATIONAL,"('real_estate_agency', 'point_of_interest', 'establishment')",03188
MSA Real Estate,"Calle Mayor, 42, 03188 La Mata, Alicante, España",+34 966 92 22 18,http://www.msa-realestate.com/,4.2,6.0,es,Google reviews: 4.2* / 6,OPERATIONAL,"('real_estate_agency', 'point_of_interest', 'establishment')",03188
EUROPA INMO GESTION LA MATA,"Av. de Francia, 27, 03188 La Mata, Alicante, España",+34 621 23 29 55,http://www.europainmogestion.com/,5.0,3.0,es,Google reviews: 5* / 3,OPERATIONAL,"('real_estate_agency', 'point_of_interest', 'establishment')",03188
Lomas del Mar,"C. Soria, 144, B, 03188 Torrevieja, Alicante, España",+34 629 66 99 25,https://lomasdelmar.org/sobre-nosotros/,4.6,5.0,es,Google reviews: 4.6* / 5,OPERATIONAL,"('real_estate_agency', 'point_of_interest', 'establishment')",03188
Inmoservice360,,+34 600 57 41 03,https://inmoservice360.com/,5.0,89.0,es,Google reviews: 5* / 89,OPERATIONAL,"('real_estate_agency', 'establishment')",
EV Villanueva Inmobiliaria,,+34 645 68 40 55,https://www.idealista.com/pro/villa-nueva-inmobiliaria/,4.5,24.0,es,Google reviews: 4.5* / 24,OPERATIONAL,"('real_estate_agency', 'establishment')",
Asesor inmobiliario Safti Carlos,,+34 675 98 36 66,https://www.safti.es/tu-asesor-safti/carlos-castilla,5.0,7.0,es,Google reviews: 5* / 7,OPERATIONAL,"('real_estate_agency', 'consultant', 'establishment')",
Homiia Hiszpania,,+48 516 345 745,https://www.homiia.com/,5.0,20.0,es,Google reviews: 5* / 20,OPERATIONAL,"('real_estate_agency', 'establishment')",
Costa Sueños,,+34 699 64 43 26,http://www.costasuenos.es/,4.5,19.0,es,Google reviews: 4.5* / 19,OPERATIONAL,"('real_estate_agency', 'establishment')",
Anva Inmobiliaria,,+34 613 77 40 42,https://www.anvainmobiliaria.com/,4.5,2.0,es,Google reviews: 4.5* / 2,OPERATIONAL,"('real_estate_agency', 'establishment')",
Open Markets Services Spain S.L.,,+34 603 35 12 13,https://www.idealista.com/pro/open-markets-services/venta-viviendas/,4.5,16.0,es,Google reviews: 4.5* / 16,OPERATIONAL,"('real_estate_agency', 'establishment')",
MyM Inmobiliaria,,+34 663 20 01 17,http://www.myminmobiliaria.es/,3.0,4.0,es,Google reviews: 3* / 4,OPERATIONAL,"('real_estate_agency', 'establishment')",
RuralCoast Properties - Busot,"Carrer El Pi, 1, 03111 Busot, Alicante, España",+34 965 06 33 15,http://ruralcoast.com/,4.8,187.0,es,Google reviews: 4.8* / 187,OPERATIONAL,"('real_estate_agency', 'point_of_interest', 'establishment')",03111
LAR Servicios Inmobiliarios y Reformas,,+34 602 54 47 09,,5.0,2.0,es,Google reviews: 5* / 2,OPERATIONAL,"('real_estate_agency', 'establishment')",
Voymus Personal Shopper Inmobiliario,,+34 669 59 40 69,https://www.voymus.com/,5.0,2.0,es,Google reviews: 5* / 2,OPERATIONAL,"('real_estate_agency', 'consultant', 'establishment')",
Vivaire,,+34 608 10 83 71,https://vivaire.es/,5.0,15.0,es,Google reviews: 5* / 15,OPERATIONAL,"('real_estate_agency', 'establishment')",
La Costa Mediterranea,,+34 677 75 67 28,,5.0,1.0,es,Google reviews: 5* / 1,OPERATIONAL,"('real_estate_agency', 'establishment')",
Francisco Ortega IAD España asesor inmobiliario MUTXAMEL.,,+34 607 32 55 76,https://www.iadespana.es/agente-inmobiliario/francisco.ortega-valero,5.0,11.0,es,Google reviews: 5* / 11,OPERATIONAL,"('real_estate_agency', 'consultant', 'establishment')",
Danielle Croese IAD España,,+34 627 53 05 11,,5.0,25.0,es,Google reviews: 5* / 25,OPERATIONAL,"('real_estate_agency', 'consultant', 'establishment')",
Aurea agencia inmobiliaria en San Vicente del Raspeig Alicante,"C. Blasco Ibanez, 22, 03690 San Vicente del Raspeig, Alicante, España",+34 865 60 20 47,https://inmoaurea.com/,4.7,115.0,es,Google reviews: 4.7* / 115,OPERATIONAL,"('real_estate_agency', 'lodging', 'finance', 'consultant', 'point_of_interest', 'establishment')",03690
URBANALIZA ,"C. de Valencia, 2, 03690 San Vicente del Raspeig, Alicante, España",+34 966 27 09 43,https://www.urbanaliza.es/,4.7,81.0,es,Google reviews: 4.7* / 81,OPERATIONAL,"('real_estate_agency', 'point_of_interest', 'establishment')",03690
Propiedades Alicantinas ,"C. Jaime Segarra, 20, 03012 Alicante (Alacant), Alicante, España",+34 965 24 66 30,http://www.viviendasalicante.es/,3.8,12.0,es,Google reviews: 3.8* / 12,OPERATIONAL,"('real_estate_agency', 'point_of_interest', 'establishment')",03012
Rualcasa,"C. la Huerta, 21, 03690 San Vicente del Raspeig, Alicante, España",+34 965 67 62 50,http://www.rualcasa.com/,4.6,188.0,es,Google reviews: 4.6* / 188,OPERATIONAL,"('real_estate_agency', 'point_of_interest', 'establishment')",03690
Inmobiliaria Equus,"Av. del País Valencià, 77, 03820 Cocentaina, Alicante, España",+34 691 25 57 16,http://www.inmobiliariaequus.es/,4.3,48.0,es,Google reviews: 4.3* / 48,OPERATIONAL,"('real_estate_agency', 'point_of_interest', 'establishment')",03820
REMAX CONCORDE INMOBILIARIA ALICANTE,"Avinguda de la Costa Blanca, 16, 03540 Alacant, Alicante, España",+34 626 78 66 52,https://inmoremaxconcorde.com/,5.0,8.0,es,Google reviews: 5* / 8,OPERATIONAL,"('real_estate_agency', 'point_of_interest', 'establishment')",03540
Remax Princess,"C/ Navas, 25, 03001 Alacant, Alicante, España",+34 966 45 54 54,https://www.remaxprincess.com/,4.6,22.0,es,Google reviews: 4.6* / 22,OPERATIONAL,"('real_estate_agency', 'point_of_interest', 'establishment')",03001
Inmobiliaria Tecnica Hipotecar,,+34 966 33 33 67,,,,es,Google reviews: * / None,OPERATIONAL,"('real_estate_agency', 'establishment')",
RE/MAX Beach Homes ️ Agencia Inmobiliaria en Orihuela Costa,"CC Zeniamar, C. Abeto, SN, 03189 Dehesa de Campoamor, Alicante, España",+34 966 91 07 69,http://remaxbeachhomes.es/,4.8,116.0,es,Google reviews: 4.8* / 116,OPERATIONAL,"('real_estate_agency', 'consultant', 'point_of_interest', 'establishment')",03189
RE/MAX Glorieta Inmobiliaria Santa Pola,"Carrer Poeta Miguel Hernández, 13, 03130 Santa Pola, Alicante, España",+34 966 69 15 15,https://www.remaxglorieta.es/,4.9,359.0,es,Google reviews: 4.9* / 359,OPERATIONAL,"('real_estate_agency', 'point_of_interest', 'establishment')",03130
Century 21 Evolution ,"Av. Gabriel Miró, 14, 03710 Calpe, Alicante, España",+34 966 39 79 44,https://evolution.century21.es/,4.6,92.0,es,Google reviews: 4.6* / 92,OPERATIONAL,"('real_estate_agency', 'point_of_interest', 'establishment')",03710
Alicante Real Estate,"C. Ing. Sanchiz Pujalte, 12, 03010 Alicante (Alacant), Alicante, España",+34 965 91 02 07,,1.0,1.0,es,Google reviews: 1* / 1,OPERATIONAL,"('real_estate_agency', 'point_of_interest', 'establishment')",03010
REMAX VISTA II CAMPELLO,"C. Sant Bartomeu, 51, 03560 El Campello, Alicante, España",+34 865 64 66 00,http://www.vista.remax.es/,3.9,20.0,es,Google reviews: 3.9* / 20,OPERATIONAL,"('real_estate_agency', 'point_of_interest', 'establishment')",03560
Sky Perspective,"Avenida Serra Cabeco D´Or, 03530, Alicante, España",+34 628 02 50 43,,,,es,Google reviews: * / None,OPERATIONAL,"('real_estate_agency', 'point_of_interest', 'establishment')",03530
Mediterranean Lettings S.L.,"Rigoberto, Carrer Rigobert Albors, 9, 03801 Alcoy, Alicante, España",+34 608 01 23 27,http://www.mediterraneanlettings.com/,1.0,1.0,es,Google reviews: 1* / 1,OPERATIONAL,"('real_estate_agency', 'point_of_interest', 'establishment')",03801
Inmo Habitat Real Estate S.L Alicante,"Carrer Jaume I, 22, 03420 Castalla, Alicante, España",+34 677 13 55 32,http://www.mycasa.eu/,3.8,38.0,en,Google reviews: 3.8* / 38,OPERATIONAL,"('real_estate_agency', 'point_of_interest', 'establishment')",03420
Alicante Dream Homes Castalla,"C. Alcalde Juan Rico, 03420 Castalla, Alicante, España",+34 645 74 61 76,http://www.alicantedreamhomescastalla.com/,4.3,17.0,en,Google reviews: 4.3* / 17,OPERATIONAL,"('real_estate_agency', 'point_of_interest', 'establishment')",03420
Arqhouse,"C. Miranda, 12, 03699 Alicante (Alacant), Alicante, España",+34 661 08 63 87,,5.0,1.0,es,Google reviews: 5* / 1,OPERATIONAL,"('real_estate_agency', 'point_of_interest', 'establishment')",03699
Inmobiliaria en Alicante ,"Carrer del Carme, 4, 03110 Mutxamel, Alicante, España",+34 634 45 40 99,https://www.alborinmobiliaria.es/,4.8,294.0,es,Google reviews: 4.8* / 294,OPERATIONAL,"('real_estate_agency', 'point_of_interest', 'establishment')",03110
Inmobiliaria Mutxamel,"Carrer Mare de Deu del Remei, 2, local 01, 03110 Mutxamel, Alicante, España",+34 672 94 97 72,,5.0,5.0,es,Google reviews: 5* / 5,OPERATIONAL,"('real_estate_agency', 'point_of_interest', 'establishment')",03110
SSB ASESORES INMOBILIARIOS,"Avinguda Carlos Soler, 95, 03110 Mutxamel, Alicante, España",+34 673 49 00 55,http://www.ssbinmobiliaria.com/,4.7,32.0,es,Google reviews: 4.7* / 32,OPERATIONAL,"('real_estate_agency', 'point_of_interest', 'establishment')",03110
Inmobiliaria Inmogolf Bonalba,"Calle Vespre Centro Comercial Bonalba local 11, 03110, Alicante, España",+34 655 84 94 09,http://www.inmogolfbonalba.com/,4.8,164.0,es,Google reviews: 4.8* / 164,OPERATIONAL,"('real_estate_agency', 'point_of_interest', 'establishment')",03110
INMO VM COSTA,"Carrer de la Nit, 3, 03110 Mutxamel, Alicante, España",+34 698 91 30 78,http://www.inmovmcosta.com/,5.0,3.0,fr,Google reviews: 5* / 3,OPERATIONAL,"('real_estate_agency', 'point_of_interest', 'establishment')",03110
KS International Real Estate,"Carrer Tirant lo Blanc, 2 -4, local 1, 03110 Mutxamel, Alicante, España",,http://www.ksinternational.es/,5.0,2.0,es,Google reviews: 5* / 2,OPERATIONAL,"('real_estate_agency', 'point_of_interest', 'establishment')",03110
Grupo Mel,"C. del Mar, 10, bajo, 03110 Mutxamel, Alicante, España",+34 965 95 24 42,,4.0,4.0,es,Google reviews: 4* / 4,OPERATIONAL,"('real_estate_agency', 'point_of_interest', 'establishment')",03110
MEDITERRANEA Estate,"Carrer del Mati, 1, 03110 Mutxamel, Alicante, España",+34 660 15 48 30,http://www.mediterraneaestate.com/,3.3,12.0,es,Google reviews: 3.3* / 12,OPERATIONAL,"('real_estate_agency', 'accounting', 'finance', 'consultant', 'point_of_interest', 'establishment')",03110
Costa De Klöver,"Carrer de I'Aigualera, 6, 03110 Mutxamel, Alicante, España",,http://costa-de-klover.webnode.se/,5.0,5.0,en,Google reviews: 5* / 5,OPERATIONAL,"('real_estate_agency', 'point_of_interest', 'establishment')",03110
Seagull Villas,"Ca. Oriola, 15, 03110 Mutxamel, Alicante, España",+34 965 20 77 19,,4.0,1.0,es,Google reviews: 4* / 1,OPERATIONAL,"('real_estate_agency', 'point_of_interest', 'establishment')",03110
Gua property,"C. del Marge, 1, U33, 03110 Mutxamel, Alicante, España",+34 600 72 08 58,https://guaproperty.com/about-us/,5.0,1.0,en,Google reviews: 5* / 1,OPERATIONAL,"('real_estate_agency', 'point_of_interest', 'establishment')",03110
Gale Asociadas,"C\ Vespre Nº11 - Los Naranjos 3-4-Chalet 36, 03110 Mutxamel, Alicante, España",+34 677 68 40 76,,,,es,Google reviews: * / None,OPERATIONAL,"('real_estate_agency', 'point_of_interest', 'establishment')",03110
InmoBusot,"Carrer del Pal, 14, 03111 Busot, Alicante, España",+34 965 20 77 19,http://www.inmobusot.com/,4.5,40.0,es,Google reviews: 4.5* / 40,OPERATIONAL,"('real_estate_agency', 'point_of_interest', 'establishment')",03111
EMERALD ,"Calle Serra la Grana-pla Lloma, 1, 03111 Busot, Alicante, España",+34 622 06 71 38,,5.0,2.0,en,Google reviews: 5* / 2,OPERATIONAL,"('real_estate_agency', 'point_of_interest', 'establishment')",03111
Raymundo&Lundkvist,"Carrer del Pal, 14, 03111 Busot, Alicante, España",+34 965 20 77 19,,,,es,Google reviews: * / None,OPERATIONAL,"('real_estate_agency', 'point_of_interest', 'establishment')",03111
Aimar Servicio Inmobiliario,"Plaça de la Constitució, 03111 Busot, Alicante, España",+34 965 69 88 35,,,,es,Google reviews: * / None,OPERATIONAL,"('real_estate_agency', 'point_of_interest', 'establishment')",03111
Costamar Inmo,"Edificio Los Cisnes, C. Sant Bartomeu, 5, 03560 El Campello, Alicante, España",+34 965 63 38 00,http://www.costamarinmo.net/,4.7,64.0,es,Google reviews: 4.7* / 64,OPERATIONAL,"('real_estate_agency', 'point_of_interest', 'establishment')",03560
Inmo Sanz Y Gestiones Fiona S L,"C. Sant Bartomeu, 128, 03560 El Campello, Alicante, España",+34 965 63 32 06,http://www.inmosanz.net/,4.7,109.0,es,Google reviews: 4.7* / 109,OPERATIONAL,"('real_estate_agency', 'point_of_interest', 'establishment')",03560
Agencia Inmobiliaria Servicios Inmobiliarios El Campello,"C. Sant Bartomeu, 55, Local ""B, 03560 El Campello, Alicante, España",+34 966 59 35 83,http://www.inmoelcampello.com/,4.8,24.0,es,Google reviews: 4.8* / 24,OPERATIONAL,"('real_estate_agency', 'finance', 'general_contractor', 'consultant', 'point_of_interest', 'establishment')",03560
Inmojoven,"INMO JOVEN, Av. Jaime I el Conquistador, 70, 03560 El Campello, Alicante, España",+34 965 65 77 96,http://www.inmojoven.com/,4.5,122.0,es,Google reviews: 4.5* / 122,OPERATIONAL,"('real_estate_agency', 'point_of_interest', 'establishment')",03560
Bravos Estate ,"C. Sant Bartomeu, 33, local 4, El Campello Alicante, 03560, 03560 El Campello, Alicante, España",+34 674 75 77 50,https://www.bravosestate.com/en/service/Property-Management,4.8,66.0,en,Google reviews: 4.8* / 66,OPERATIONAL,"('real_estate_agency', 'point_of_interest', 'establishment')",03560
López & Henderson Since 1983,"San Bartolomé, 33, Local 1, 03560 El Campello, Alicante, España",+34 965 63 55 50,http://www.lopezandhenderson.com/,4.7,131.0,es,Google reviews: 4.7* / 131,OPERATIONAL,"('real_estate_agency', 'point_of_interest', 'establishment')",03560
Amandine Paris iad España asesoría en inmobiliaria en Alicante,"Carrer del Pla de Sarrió, 03560 El Campello, Alicante, España",+34 623 42 51 71,,5.0,2.0,es,Google reviews: 5* / 2,OPERATIONAL,"('real_estate_agency', 'consultant', 'point_of_interest', 'establishment')",03560
INMOROMAR SERVICIOS INMOBILIARIOS,"San Bartolomé, 35, Niviel 1, Local 11, 03560 El Campello, Alicante, España",+34 966 17 86 18,http://www.inmoromar.com/,4.3,83.0,es,Google reviews: 4.3* / 83,OPERATIONAL,"('real_estate_agency', 'point_of_interest', 'establishment')",03560
Baeza Inmobiliaria,"Av. de la Generalitat, 16, 03560 El Campello, Alicante, España",+34 865 58 53 82,https://www.baezainmobiliaria.com/,4.8,34.0,es,Google reviews: 4.8* / 34,OPERATIONAL,"('real_estate_agency', 'point_of_interest', 'establishment')",03560
Inmo 2000,"C. Sant Bartomeu, 79, 03560 El Campello, Alicante, España",+34 965 63 64 96,https://www.inmo2000.com/,4.5,202.0,es,Google reviews: 4.5* / 202,OPERATIONAL,"('real_estate_agency', 'point_of_interest', 'establishment')",03560
Inmobiliaria Costa Coveta SL,"Av. d'Espanya, 30, 03560 El Campello, Alicante, España",+34 965 63 80 28,http://www.costacoveta.com/,4.6,20.0,nl,Google reviews: 4.6* / 20,OPERATIONAL,"('real_estate_agency', 'point_of_interest', 'establishment')",03560
Elite Casas,"Calle Mayor, 34, 03569 Aigües, Alicante, España",+34 626 05 79 48,,2.7,3.0,es,Google reviews: 2.7* / 3,OPERATIONAL,"('real_estate_agency', 'point_of_interest', 'establishment')",03569
Inmobiliaria Costaplaya El Campello ,"C. Sant Bartomeu, 86, 03560 El Campello, Alicante, España",+34 965 63 33 33,http://www.costaplaya.es/,4.4,33.0,es,Google reviews: 4.4* / 33,OPERATIONAL,"('real_estate_agency', 'consultant', 'general_contractor', 'point_of_interest', 'establishment')",03560
RuralCoast Properties ,"Carrer de Muro, 1, Local 16, 03560 El Campello, Alicante, España",+34 965 06 33 15,https://www.ruralcoast.com/es/,5.0,31.0,es,Google reviews: 5* / 31,OPERATIONAL,"('real_estate_agency', 'point_of_interest', 'establishment')",03560
GEST CAMPELLO,"Carrer de Bélgica, 1, 03560 El Campello, Alicante, España",+34 965 63 92 92,http://gestcampello.com/,4.3,25.0,es,Google reviews: 4.3* / 25,OPERATIONAL,"('real_estate_agency', 'point_of_interest', 'establishment')",03560
Mar de Casas,"C. Sant Bartomeu, 35, Local 51, 03560 El Campello, Alicante, España",+34 966 10 58 21,http://www.grupomardecasas.com/,4.7,102.0,es,Google reviews: 4.7* / 102,OPERATIONAL,"('real_estate_agency', 'point_of_interest', 'establishment')",03560
inmosueño,"C. del Marge, 1, 03110, Alicante, España",+34 699 64 43 26,,5.0,1.0,es,Google reviews: 5* / 1,OPERATIONAL,"('real_estate_agency', 'point_of_interest', 'establishment')",03110
Houses In Spain,"C. de la Venta de la Remuda, 8, 03560 El Campello, Alicante, España",+34 699 77 52 33,https://www.housesinspain.com/,4.9,16.0,nl,Google reviews: 4.9* / 16,OPERATIONAL,"('real_estate_agency', 'point_of_interest', 'establishment')",03560
Sundrenched Villas,"C. Sant Bartomeu, 55, 03560 El Campello, Alicante, España",+34 966 59 35 83,https://www.sundrenchedvillas.com/,5.0,18.0,es,Google reviews: 5* / 18,OPERATIONAL,"('real_estate_agency', 'point_of_interest', 'establishment')",03560
BONAFE AGENCIA INMOBILIARIA,"Carrer 25 d'Abril de 1707, 5, 03560 El Campello, Alicante, España",+34 965 22 54 55,https://grupobonafe.com/,4.8,11.0,es,Google reviews: 4.8* / 11,OPERATIONAL,"('real_estate_agency', 'finance', 'consultant', 'general_contractor', 'point_of_interest', 'establishment')",03560
T&T Inmobiliaria Viviendas,"C. Pintor Antonio Amorós, 5, 03015 Alicante (Alacant), Alicante, España",+34 663 42 97 44,https://viviendastyt.es/,,,es,Google reviews: * / None,OPERATIONAL,"('real_estate_agency', 'point_of_interest', 'establishment')",03015
Inmolufran,"C/ Gral. Espartero, 107, 03012 Alicante (Alacant), Alicante, España",+34 965 25 27 63,https://www.inmolufran.com/,3.3,18.0,es,Google reviews: 3.3* / 18,OPERATIONAL,"('real_estate_agency', 'point_of_interest', 'establishment')",03012
Direct Costa Blanca S.L.,"C. Caoba, 15, 03690 San Vicente del Raspeig, Alicante, España",+34 649 23 63 96,http://dumvespanelsku.cz/,4.4,5.0,es,Google reviews: 4.4* / 5,OPERATIONAL,"('real_estate_agency', 'point_of_interest', 'establishment')",03690
vender casa rápido,,+34 697 66 36 23,,5.0,1.0,es,Google reviews: 5* / 1,OPERATIONAL,"('real_estate_agency', 'consultant', 'establishment')",
Vilanova Inmobiliaria,"C. Papaya, 13, 03189 Orihuela, Alicante, España",+34 682 28 96 74,http://www.vilanovainmobiliaria.es/,1.0,4.0,es,Google reviews: 1* / 4,OPERATIONAL,"('real_estate_agency', 'point_of_interest', 'establishment')",03189
Grupo Vilanova Consulting Sl,"C. Bazán, 20, 03001 Alicante (Alacant), Alicante, España",+34 965 20 37 00,https://grupovilanova.es/,3.6,38.0,es,Google reviews: 3.6* / 38,OPERATIONAL,"('real_estate_agency', 'finance', 'consultant', 'point_of_interest', 'establishment')",03001
mon rêve espagnol es,"Av. del Pino Santo, 15, 03011 Alicante (Alacant), Alicante, España",+34 693 01 52 87,https://monreveespagnol.com/fr/location/,,,fr,Google reviews: * / None,OPERATIONAL,"('real_estate_agency', 'point_of_interest', 'establishment')",03011
K,"MUSIC AMBROSIO DE COTES 8, 03110, Alicante, España",+507 6538-3427,,,,en,Google reviews: * / None,OPERATIONAL,"('real_estate_agency', 'consultant', 'point_of_interest', 'establishment')",03110
Diego de León Inversiones S.L.,"C. Cottolengo, 10, 03690 San Vicente del Raspeig, Alicante, España",+34 965 66 56 14,,,,es,Google reviews: * / None,OPERATIONAL,"('real_estate_agency', 'point_of_interest', 'establishment')",03690
Área Mediterránea Servicios Inmobiliarios S L ( 03330 ),"Av. de Madrid, 18, 03330 Crevillent, Alicante, España",+34 965 40 63 53,https://www.areamediterranea.com/?utm_source=GoogleBusiness&utm_medium=organic&utm_campaign=gbp-crevillent,4.8,294.0,es,Google reviews: 4.8* / 294,OPERATIONAL,"('real_estate_agency', 'point_of_interest', 'establishment')",03330
Marina Inmogestion S L,"Plaza Sierra Castilla, 32, 03177 Marina-Oasis, Alicante, España",+34 966 79 55 19,,3.0,2.0,es,Google reviews: 3* / 2,OPERATIONAL,"('real_estate_agency', 'point_of_interest', 'establishment')",03177
Comunidad de Usuarios Complejo Panoramix,"Carrer Poniente, 6, 03113 Xeperut, Alicante, España",+34 965 13 24 16,,,,es,Google reviews: * / None,OPERATIONAL,"('real_estate_agency', 'point_of_interest', 'establishment')",03113
Inmolukentum,,+34 601 25 16 35,https://inmolukentum.com/,5.0,1.0,es,Google reviews: 5* / 1,OPERATIONAL,"('real_estate_agency', 'establishment')",
Swiss Service Real Estate Alicante,,+34 616 31 01 79,https://www.inmoswiss-service.com/,5.0,5.0,es,Google reviews: 5* / 5,OPERATIONAL,"('real_estate_agency', 'establishment')",
Terrenos.es,,+34 644 60 98 75,https://alicante.terrenos.es/,5.0,3.0,es,Google reviews: 5* / 3,OPERATIONAL,"('real_estate_agency', 'establishment')",
inmoproject,,+34 665 66 06 37,https://www.inmoproject.com/,,,es,Google reviews: * / None,OPERATIONAL,"('real_estate_agency', 'establishment')",
HousINvert,,+34 685 80 17 14,https://www.idealista.com/pro/houseinvert,5.0,6.0,es,Google reviews: 5* / 6,OPERATIONAL,"('real_estate_agency', 'establishment')",
OMO STAYS ,,+34 865 86 11 02,https://omostays.com/,,,es,Google reviews: * / None,OPERATIONAL,"('real_estate_agency', 'establishment')",
X House Alicante,,+34 611 21 86 57,,,,es,Google reviews: * / None,OPERATIONAL,"('real_estate_agency', 'establishment')",
AT HOME Inmobiliaria Gran Alacant,"Avinguda del Mediterrani, 68, 03130 el Gran Alacant, Alicante, España",+34 966 69 52 89,http://www.inmoathome.com/,4.6,64.0,es,Google reviews: 4.6* / 64,OPERATIONAL,"('real_estate_agency', 'point_of_interest', 'establishment')",03130
Top Alacant,"Av. D'Escandinàvia, 72, local 4, 03130 Gran Alacant, Alicante, España",+34 966 69 82 81,http://www.topalacant.com/,4.5,143.0,es,Google reviews: 4.5* / 143,OPERATIONAL,"('real_estate_agency', 'car_rental', 'point_of_interest', 'establishment')",03130
Carabassí Casas Inmobiliaria Estate Agency,"Avenida Noruega 174 Novamar Centro Local 3a, 03130 Santa Pola, Alicante, España",+34 966 69 83 01,http://www.carabassi-casas.com/,4.6,139.0,es,Google reviews: 4.6* / 139,OPERATIONAL,"('real_estate_agency', 'point_of_interest', 'establishment')",03130
Inmobiliaria en Gran Alacant ,"Av. D'Escandinàvia, 37, 03130 el Gran Alacant, Alicante, España",+34 672 92 05 11,,5.0,1.0,es,Google reviews: 5* / 1,OPERATIONAL,"('real_estate_agency', 'general_contractor', 'consultant', 'finance', 'point_of_interest', 'establishment')",03130
Way Home,"Av. D'Escandinàvia, 23, bungalow 306, 03130 el Gran Alacant, Alicante, España",+34 966 91 04 92,http://www.wayhome.es/,4.8,74.0,es,Google reviews: 4.8* / 74,OPERATIONAL,"('real_estate_agency', 'point_of_interest', 'establishment')",03130
MARKET Inmobiliaria - GLORIETA,"Plaça de la Glorieta, 4, 03130 Santa Pola, Alicante, España",+34 965 41 67 38,http://www.market-spain.com/,4.9,120.0,es,Google reviews: 4.9* / 120,OPERATIONAL,"('real_estate_agency', 'point_of_interest', 'establishment')",03130
MBT Costa Med,,+34 665 36 58 75,https://mbtcostamed.es/contacto,5.0,64.0,es,Google reviews: 5* / 64,OPERATIONAL,"('real_estate_agency', 'establishment')",
Novadesta,"Av. de Noruega, 162, nº 1, 03130 Gran Alacant, Alicante, España",+34 966 69 82 12,https://novadesta.com/,4.6,111.0,es,Google reviews: 4.6* / 111,OPERATIONAL,"('real_estate_agency', 'lodging', 'point_of_interest', 'establishment')",03130
Fastighetsbyrån Alicante / Gran Alacant,"Avinguda del Mediterrani, 03130 el Gran Alacant, Alicante, España",+34 966 69 53 22,https://www.fastighetsbyran.com/en/spain/find-real-estate-agent/alicante,4.7,39.0,sv,Google reviews: 4.7* / 39,OPERATIONAL,"('real_estate_agency', 'consultant', 'point_of_interest', 'establishment')",03130
DAMIEN TREHOUX asesor inmobiliario iad Costa Blanca,,+34 604 44 27 93,https://www.iadespana.es/agente-inmobiliario/damien.trehoux,5.0,3.0,es,Google reviews: 5* / 3,OPERATIONAL,"('real_estate_agency', 'consultant', 'establishment')",
Easygoing Inmobiliaria,"Plaça Maestro Quislant, 9, 03130 Santa Pola, Alicante, España",+34 662 02 24 18,https://easygoinginmobiliaria.com/,4.9,69.0,es,Google reviews: 4.9* / 69,OPERATIONAL,"('real_estate_agency', 'point_of_interest', 'establishment')",03130
25 Casas Inmobiliaria,"Calle Fernando Pérez Ojeda, 2, 03130 Santa Pola, Alicante, España",+34 684 42 35 68,,4.9,64.0,es,Google reviews: 4.9* / 64,OPERATIONAL,"('real_estate_agency', 'point_of_interest', 'establishment')",03130
MAISON PORT ,"Calle Muelle, 3, 03130 Santa Pola, Alicante, España",+34 633 11 33 35,http://www.maisonport.es/,4.9,222.0,es,Google reviews: 4.9* / 222,OPERATIONAL,"('real_estate_agency', 'consultant', 'general_contractor', 'point_of_interest', 'establishment')",03130
Inmobiliaria Baeza ( 03130 ),"Plaça Maestro Quislant, 1, bajo, 03130 Santa Pola, Alicante, España",+34 685 65 41 66,http://www.inmobaeza.com/,4.6,108.0,es,Google reviews: 4.6* / 108,OPERATIONAL,"('real_estate_agency', 'point_of_interest', 'establishment')",03130
mares Inmobiliaria,"Carrer de Sant Antoni, 44, 03130 Santa Pola, Alicante, España",+34 966 69 46 29,http://www.maresinmobiliaria.es/,5.0,48.0,es,Google reviews: 5* / 48,OPERATIONAL,"('real_estate_agency', 'consultant', 'point_of_interest', 'establishment')",03130
Albrecht Real Estate ,"Av. Portus Ilicitanus, 4, esc 3, local 12, 03130 Santa Pola, Alicante, España",+34 695 33 79 00,http://albrechtrealestate.com/,5.0,37.0,es,Google reviews: 5* / 37,OPERATIONAL,"('real_estate_agency', 'finance', 'consultant', 'point_of_interest', 'establishment')",03130
Inmo Casa,"Plaça de la Glorieta, 12, 03130 Santa Pola, Alicante, España",+34 965 41 51 87,http://www.inmo-casa.es/,4.8,69.0,es,Google reviews: 4.8* / 69,OPERATIONAL,"('real_estate_agency', 'consultant', 'point_of_interest', 'establishment')",03130
Tucasa Inmobiliaria,"Carrer Almirante Antequera, 39, 03130 Santa Pola, Alicante, España",+34 966 69 60 30,https://www.tucasainmobiliaria.net/,4.9,59.0,ca,Google reviews: 4.9* / 59,OPERATIONAL,"('real_estate_agency', 'point_of_interest', 'establishment')",03130
ADCASAS,,+34 616 83 09 85,https://www.adcasas.com/,5.0,6.0,es,Google reviews: 5* / 6,OPERATIONAL,"('real_estate_agency', 'establishment')",
Alicante Costa Real Estate,"Carrer Almirante Antequera, 7, 03130 Santa Pola, Alicante, España",+34 691 47 20 34,http://www.alicantecosta.com/,4.5,4.0,es,Google reviews: 4.5* / 4,OPERATIONAL,"('real_estate_agency', 'point_of_interest', 'establishment')",03130
Kaiser & Wolf,"Calle Muelle, 8, 03130 Santa Pola, Alicante, España",+34 621 23 88 97,http://www.kaiserwolf.es/,4.8,142.0,es,Google reviews: 4.8* / 142,OPERATIONAL,"('real_estate_agency', 'point_of_interest', 'establishment')",03130
BeCasa,"Av. D'Escandinàvia, 23, btw 29, 03130 el Gran Alacant, Alicante, España",+34 624 71 32 36,https://www.inmobecasa.com/,5.0,3.0,es,Google reviews: 5* / 3,OPERATIONAL,"('real_estate_agency', 'point_of_interest', 'establishment')",03130
Costa sol inmobiliaria,"Carrer Almirante Antequera, 16, 03130 Santa Pola, Alicante, España",+34 965 41 61 62,http://www.costasolinmobiliaria.com/,4.2,80.0,es,Google reviews: 4.2* / 80,OPERATIONAL,"('real_estate_agency', 'point_of_interest', 'establishment')",03130
Inmobiliaria Alsurhome,,+34 644 59 04 94,,4.5,26.0,es,Google reviews: 4.5* / 26,OPERATIONAL,"('real_estate_agency', 'consultant', 'establishment')",
Arena ,"Carrer Zorrilla, 98, 03130 Santa Pola, Alicante, España",+34 615 47 17 77,https://www.inmobiliariaarena.es/,4.6,31.0,es,Google reviews: 4.6* / 31,OPERATIONAL,"('real_estate_agency', 'finance', 'general_contractor', 'consultant', 'point_of_interest', 'establishment')",03130
Taurus reality - Španělsko,"Av. de Polonia, 03130 el Gran Alacant, Alicante, España",+420 775 502 271,http://www.taurusreality.cz/,5.0,1.0,cs,Google reviews: 5* / 1,OPERATIONAL,"('real_estate_agency', 'point_of_interest', 'establishment')",03130
Inmobiliaria Master,"Carrer Almirante Antequera, 28, 03130 Santa Pola, Alicante, España",+34 966 69 21 22,http://inmobiliariamaster.es/,4.3,12.0,es,Google reviews: 4.3* / 12,OPERATIONAL,"('real_estate_agency', 'point_of_interest', 'establishment')",03130
KP REAL ESTATE SANTA POLA KAROLIN PERSSON,"Avenida, Calle Fernando Pérez Ojeda, 17, Bajo, 03130 Santa Pola, Alicante, España",+34 657 68 40 41,http://www.karolinpersson.com/,4.7,46.0,es,Google reviews: 4.7* / 46,OPERATIONAL,"('real_estate_agency', 'point_of_interest', 'establishment')",03130
Lexington Realty,"Carrer de Finlandia, 19, 03130 el Gran Alacant, Alicante, España",+34 966 69 51 52,http://www.lexington-realty.com/,3.6,30.0,da,Google reviews: 3.6* / 30,OPERATIONAL,"('real_estate_agency', 'point_of_interest', 'establishment')",03130
Agencia Inmobiliaria López,"Av. D'África, 1, 03130 el Gran Alacant, Alicante, España",+34 629 73 94 13,,5.0,1.0,es,Google reviews: 5* / 1,OPERATIONAL,"('real_estate_agency', 'point_of_interest', 'establishment')",03130
Easy Home Real Estate,"C. José Alejo Bonmatí, 18, 03130 Santa Pola, Alicante, España",+34 659 27 19 90,https://easyhomerealestate.com/,5.0,12.0,en,Google reviews: 5* / 12,OPERATIONAL,"('real_estate_agency', 'point_of_interest', 'establishment')",03130
Benfincas Gestión Comunidades S.L.,"Av/ Escandinavia, 23 VIV 227, URB ALTOMAR, 1, 03130 Gran Alacant, Alicante, España",+34 966 69 91 93,,3.9,40.0,es,Google reviews: 3.9* / 40,OPERATIONAL,"('real_estate_agency', 'point_of_interest', 'establishment')",03130
provocadordeventas,"C. de Antina, 31, 03130 Santa Pola, Alicante, España",+34 659 45 69 52,http://provocadordeventas.com/,4.7,74.0,es,Google reviews: 4.7* / 74,OPERATIONAL,"('real_estate_agency', 'point_of_interest', 'establishment')",03130
publikainmo,"C/ Espoz y Mina, 32, 03130 Santa Pola, Alicante, España",+34 629 45 43 42,https://www.publikainmo.com/,4.7,13.0,es,Google reviews: 4.7* / 13,OPERATIONAL,"('real_estate_agency', 'point_of_interest', 'establishment')",03130
Inmobiliaria Tabarca,"C. San Fernando, 57, 03001 Alicante (Alacant), Alicante, España",+34 965 20 77 69,,,,es,Google reviews: * / None,OPERATIONAL,"('real_estate_agency', 'point_of_interest', 'establishment')",03001
INMOBILIARIA CGI INTERNATIONAL GUARDAMAR ,"Avinguda del Mediterrani, 20, 03140 Guardamar del Segura, Alicante, España",+34 966 72 60 13,http://inmobiliariacgi.com/,4.8,324.0,es,Google reviews: 4.8* / 324,OPERATIONAL,"('real_estate_agency', 'consultant', 'general_contractor', 'point_of_interest', 'establishment')",03140
Inmobiliaria m2,"Carrer les Vinyes, 7, 03140 Guardamar del Segura, Alicante, España",+34 693 78 65 27,http://inmobiliaria-m2.com/,4.8,294.0,es,Google reviews: 4.8* / 294,OPERATIONAL,"('real_estate_agency', 'point_of_interest', 'establishment')",03140
INMOBILIARIA GRUPO NEXUS,"Av. del País Valencià, 34, 03140 Guardamar del Segura, Alicante, España",+34 965 72 79 60,http://www.nexusgrupo.com/,4.8,86.0,es,Google reviews: 4.8* / 86,OPERATIONAL,"('real_estate_agency', 'accounting', 'finance', 'point_of_interest', 'establishment')",03140
NJ INMOBILIARIA,"C. Mayor, 67, Bajo, 03140 Guardamar del Segura, Alicante, España",+34 693 77 23 51,http://www.njguardamar.com/,4.8,70.0,es,Google reviews: 4.8* / 70,OPERATIONAL,"('real_estate_agency', 'point_of_interest', 'establishment')",03140
Damián Ruiz Real Estate ,"C. Giner de los Ríos, 7, 03140 Guardamar del Segura, Alicante, España",+34 655 07 99 67,https://www.drealestate.es/,4.9,61.0,es,Google reviews: 4.9* / 61,OPERATIONAL,"('real_estate_agency', 'general_contractor', 'point_of_interest', 'establishment')",03140
Mediterranean Alicante,"Av. de Cervantes, 11, 03140 Guardamar del Segura, Alicante, España",+34 966 72 52 92,http://mediterraneanalicante.com/,4.5,46.0,es,Google reviews: 4.5* / 46,OPERATIONAL,"('real_estate_agency', 'point_of_interest', 'establishment')",03140
El Moncayo Properties,"Av. del País Valencià, 20, 03140 Guardamar del Segura, Alicante, España",+34 965 72 44 46,https://www.el-moncayo.com/,4.5,105.0,es,Google reviews: 4.5* / 105,OPERATIONAL,"('real_estate_agency', 'point_of_interest', 'establishment')",03140
Six Seconds Properties,"Carrer Major, 13, planta baja, 03140 Guardamar del Segura, Alicante, España",+34 965 05 96 85,https://sixsecondsproperties.com/,5.0,40.0,es,Google reviews: 5* / 40,OPERATIONAL,"('real_estate_agency', 'finance', 'consultant', 'point_of_interest', 'establishment')",03140
Grupo Encasa,"Carrer Nou d'Octubre, 2, 03140 Guardamar del Segura, Alicante, España",+34 652 53 46 04,https://www.grupoencasa.com/,4.8,33.0,es,Google reviews: 4.8* / 33,OPERATIONAL,"('real_estate_agency', 'point_of_interest', 'establishment')",03140
Naranja Spain · Real Estate Guardamar,"Carrer Lepanto, 1, 03140 Guardamar del Segura, Alicante, España",+34 865 71 66 53,https://naranjaspain.es/,4.6,80.0,es,Google reviews: 4.6* / 80,OPERATIONAL,"('real_estate_agency', 'consultant', 'point_of_interest', 'establishment')",03140
Larrosa&Co Properties,"Av. del País Valencià, 11, 03140 Guardamar del Segura, Alicante, España",+34 865 77 50 20,http://www.larrosaandco.com/es,5.0,91.0,es,Google reviews: 5* / 91,OPERATIONAL,"('real_estate_agency', 'general_contractor', 'point_of_interest', 'establishment')",03140
Inmobiliaria multiservicios Martivan,"Passatge Puerta de Rabat, 5, 03140 Guardamar del Segura, Alicante, España",+34 630 48 06 34,,5.0,31.0,es,Google reviews: 5* / 31,OPERATIONAL,"('real_estate_agency', 'point_of_interest', 'establishment')",03140
MARCO VILLAS REAL ESTATE,"Av. del País Valencià, 109, 03140 Guardamar del Segura, Alicante, España",+34 965 72 96 91,http://www.marcovillas.es/,5.0,66.0,es,Google reviews: 5* / 66,OPERATIONAL,"('real_estate_agency', 'point_of_interest', 'establishment')",03140
Monolit Servicio Inmobiliario,"Carrer Miguel Hernández, 131, 03140 Guardamar del Segura, Alicante, España",+34 640 06 70 50,http://monolitproperties.com/,4.5,96.0,es,Google reviews: 4.5* / 96,OPERATIONAL,"('real_estate_agency', 'corporate_office', 'point_of_interest', 'establishment')",03140
SoloMar Real Estate Agency in Spain,"Carrer Enginyer Mira, 16, 03140 Guardamar del Segura, Alicante, España",+34 677 10 68 59,https://solomarspain.com/,5.0,29.0,es,Google reviews: 5* / 29,OPERATIONAL,"('real_estate_agency', 'point_of_interest', 'establishment')",03140
ONONIX MAR SL,"Carrer Major, 30, 03140 Guardamar del Segura, Alicante, España",+34 965 72 81 78,https://www.ononix.es/,3.9,33.0,es,Google reviews: 3.9* / 33,OPERATIONAL,"('real_estate_agency', 'point_of_interest', 'establishment')",03140
ZEBRA HOMES Inmobiliaria,"Avinguda del Mediterrani, 3, 03140 Guardamar del Segura, Alicante, España",+34 965 72 97 93,http://www.zebrahomesspain.com/,4.3,37.0,es,Google reviews: 4.3* / 37,OPERATIONAL,"('real_estate_agency', 'point_of_interest', 'establishment')",03140
Inmobiliaria New Sun Properties,,+34 604 93 53 88,http://www.newsunproperties.es/,5.0,3.0,es,Google reviews: 5* / 3,OPERATIONAL,"('real_estate_agency', 'establishment')",
EB INMO SPAIN,"Carrer Miguel Hernández, 23, 03140 Guardamar del Segura, Alicante, España",+34 634 36 72 80,https://ebinmospain.com/,5.0,31.0,es,Google reviews: 5* / 31,OPERATIONAL,"('real_estate_agency', 'consultant', 'point_of_interest', 'establishment')",03140
Euromar Costa,"Pl. Constitución, 1, 03140 Guardamar del Segura, Alicante, España",+34 966 72 67 96,http://www.euromarcosta.com/,4.8,73.0,es,Google reviews: 4.8* / 73,OPERATIONAL,"('real_estate_agency', 'consultant', 'point_of_interest', 'establishment')",03140
Inmosáez,"Carrer Blasco Ibáñez, 53, 03140 Guardamar del Segura, Alicante, España",+34 650 37 92 57,https://www.inmosaez.es/,4.6,10.0,ca,Google reviews: 4.6* / 10,OPERATIONAL,"('real_estate_agency', 'point_of_interest', 'establishment')",03140
MGA Spain Real Estate,"C. Mayor, 15, edificio Eurocentro (Oficina, 03140 Guardamar del Segura, Alicante, España",+34 654 06 02 61,https://www.mgarealestate.es/?utm_source=google&utm_medium=wix_google_business_profile&utm_campaign=9600420047130387593,4.6,10.0,ru,Google reviews: 4.6* / 10,OPERATIONAL,"('real_estate_agency', 'point_of_interest', 'establishment')",03140
INMO GUARDAMAR,"Carrer Major, 5, 03140 Guardamar del Segura, Alicante, España",+34 639 60 69 54,http://www.inmoguardamar.es/,5.0,6.0,es,Google reviews: 5* / 6,OPERATIONAL,"('real_estate_agency', 'point_of_interest', 'establishment')",03140
Roka Invest,"C. Cartagena, 5, bajo 2 Oficina, 03140 Guardamar del Segura, Alicante, España",+34 865 52 57 77,https://www.rokainvest.com/,5.0,43.0,nl,Google reviews: 5* / 43,OPERATIONAL,"('real_estate_agency', 'finance', 'point_of_interest', 'establishment')",03140
J&L IMMOBILIER ,"Avinguda del Mediterrani, 1, 03140 Guardamar del Segura, Alicante, España",+34 665 98 51 36,https://immoalicante.com/,4.5,40.0,fr,Google reviews: 4.5* / 40,OPERATIONAL,"('real_estate_agency', 'point_of_interest', 'establishment')",03140
IBERIA Estate,"Carrer Sant Josep, 3, Bajo A, 03140 Guardamar del Segura, Alicante, España",+34 604 42 18 79,http://iberiaestate.com/,4.9,50.0,en,Google reviews: 4.9* / 50,OPERATIONAL,"('real_estate_agency', 'point_of_interest', 'establishment')",03140
Inmobiliaria Estate Agents,"C. los Arcos, 1, Local 3, 03170 Cdad. Quesada, Alicante, España",+34 966 71 83 92,http://www.homes4u.es/,4.8,83.0,en,Google reviews: 4.8* / 83,OPERATIONAL,"('real_estate_agency', 'point_of_interest', 'establishment')",03170
Country Life Properties ,"Av. de Crevillente, 6, 03150 Dolores, Alicante, España",+34 625 61 48 88,https://countrylifeproperties.es/,4.2,53.0,es,Google reviews: 4.2* / 53,OPERATIONAL,"('real_estate_agency', 'consultant', 'point_of_interest', 'establishment')",03150
Olé Immobilier / SpainEasy ,"Av. General Marvá, 10, 03004 Alacant, Alicante, España",+33 7 44 09 54 15,https://oleimmobilier.com/,4.9,22.0,es,Google reviews: 4.9* / 22,OPERATIONAL,"('real_estate_agency', 'point_of_interest', 'establishment')",03004
TORO SERVICIOS INMOBILIARIOS,"C. San Francisco, 58, 03001 Alacant, Alicante, España",+34 722 11 48 66,http://www.toroserviciosinmobiliarios.com/,4.0,89.0,es,Google reviews: 4* / 89,OPERATIONAL,"('real_estate_agency', 'point_of_interest', 'establishment')",03001
Inmobiliaria Fincas SASI,"Av. Eusebi Sempere, 22, 03003 Alacant, Alicante, España",+34 865 75 13 05,https://www.finques-sasi.com/,4.3,35.0,es,Google reviews: 4.3* / 35,OPERATIONAL,"('real_estate_agency', 'point_of_interest', 'establishment')",03003
Casaquinta,"Av. Callosa Segura, 5, 03158 Catral, Alicante, España",+34 965 72 35 77,http://www.casaquinta.com/,4.0,72.0,es,Google reviews: 4* / 72,OPERATIONAL,"('real_estate_agency', 'point_of_interest', 'establishment')",03158
Inmobiliaria Palazon,"C. la Purísima, 61, 03158 Catral, Alicante, España",+34 966 78 76 61,http://www.inmopalazon.com/,3.5,44.0,es,Google reviews: 3.5* / 44,OPERATIONAL,"('real_estate_agency', 'point_of_interest', 'establishment')",03158
Holiday Homes Catral,"C. Albellón, 3, 03158 Catral, Alicante, España",+34 966 78 71 05,http://www.holidayhomescatral.com/,4.0,46.0,en,Google reviews: 4* / 46,OPERATIONAL,"('real_estate_agency', 'point_of_interest', 'establishment')",03158
My Costa Blanca Home,"C. la Purísima, 64, 03158 Catral, Alicante, España",+34 865 77 96 86,http://www.mycostablancahome.com/,4.7,42.0,en,Google reviews: 4.7* / 42,OPERATIONAL,"('real_estate_agency', 'point_of_interest', 'establishment')",03158
HS Properties,"Av. Comunidad Valenciana, 2, 03158 Catral, Alicante, España",+34 666 31 97 16,http://www.hsproperties.net/,5.0,1.0,nl,Google reviews: 5* / 1,OPERATIONAL,"('real_estate_agency', 'point_of_interest', 'establishment')",03158
Sunspania Inmobiliaria,"C. Azorín, 31, Local 1, 03158 Catral, Alicante, España",+34 616 19 95 11,http://sunspania.com/en,5.0,1.0,es,Google reviews: 5* / 1,OPERATIONAL,"('real_estate_agency', 'point_of_interest', 'establishment')",03158
Inmobiliaria Ruiz Quesada. #inmueblesunicos,"Carrer Blasco Ibañez, 6, 1, 03330 Crevillent, Alicante, España",+34 965 40 54 84,http://www.ruizquesada.es/,4.8,46.0,es,Google reviews: 4.8* / 46,OPERATIONAL,"('real_estate_agency', 'point_of_interest', 'establishment')",03330
Alicante Living ,"C. Extremadura, 11c, 03158 Catral, Alicante, España",+34 651 11 79 44,http://alicanteliving.com/,,,en,Google reviews: * / None,OPERATIONAL,"('real_estate_agency', 'general_contractor', 'point_of_interest', 'establishment')",03158
Martinez Rincon,"C. Churruca, 11, Entresuelo B, 03003 Alicante (Alacant), Alicante, España",+34 865 83 12 32,http://www.martinezrinconinmobiliaria.com/,4.0,49.0,es,Google reviews: 4* / 49,OPERATIONAL,"('real_estate_agency', 'point_of_interest', 'establishment')",03003
M.R.Servicios Inmobiliarios,"C. Donadores, 2, 03160 Almoradí, Alicante, España",+34 865 68 58 52,http://www.mrinmobiliarios.com/,4.9,43.0,es,Google reviews: 4.9* / 43,OPERATIONAL,"('real_estate_agency', 'point_of_interest', 'establishment')",03160
Immomaison,"C. Miguel Hernández, 11, b, 03160 Almoradí, Alicante, España",+34 654 07 74 84,http://immomaison.es/,5.0,89.0,es,Google reviews: 5* / 89,OPERATIONAL,"('real_estate_agency', 'point_of_interest', 'establishment')",03160
Inmobiliaria J.L. Morales,"C. Ramón y Cajal, 38, 03160 Almoradí, Alicante, España",+34 966 78 25 34,http://www.inmomorales.com/,4.2,67.0,es,Google reviews: 4.2* / 67,OPERATIONAL,"('real_estate_agency', 'point_of_interest', 'establishment')",03160
Inmobiliaria Reina,"Av. de Daya Nueva, 6, 03160 Almoradí, Alicante, España",+34 966 78 21 78,http://www.inmobiliariareina.com/,4.4,23.0,es,Google reviews: 4.4* / 23,OPERATIONAL,"('real_estate_agency', 'point_of_interest', 'establishment')",03160
T&C Real Estate,"Carrer Dr. Sirvent, 52, 03160 Almoradí, Alicante, España",+34 623 34 64 23,https://www.tycrealestate.com/,4.9,35.0,es,Google reviews: 4.9* / 35,OPERATIONAL,"('real_estate_agency', 'general_contractor', 'consultant', 'finance', 'point_of_interest', 'establishment')",03160
Igloo Servicios Inmobiliarios,"C. Mayor, 56, 03160 Almoradí, Alicante, España",+34 661 74 47 78,http://www.urbanigloo.es/,4.6,52.0,es,Google reviews: 4.6* / 52,OPERATIONAL,"('real_estate_agency', 'consultant', 'finance', 'point_of_interest', 'establishment')",03160
NOOW | Espacio Levante - Inmobiliaria,"C. Amparo Quiles, 15, Bajo, 03160 Almoradí, Alicante, España",+34 966 78 15 59,http://www.noow.es/,4.7,64.0,es,Google reviews: 4.7* / 64,OPERATIONAL,"('real_estate_agency', 'point_of_interest', 'establishment')",03160
Inmofeliz costablanca,"C. Fernando de Rojas, 13, 03169 Algorfa, Alicante, España",+34 605 52 00 25,http://www.inmofeliz.com/,4.6,27.0,es,Google reviews: 4.6* / 27,OPERATIONAL,"('real_estate_agency', 'point_of_interest', 'establishment')",03169
Home Costa Blanca Real Estate Agent,"C. Mayor, 15, 03169 Algorfa, Alicante, España",+34 711 00 55 55,http://www.homecostablanca.com/,5.0,43.0,en,Google reviews: 5* / 43,OPERATIONAL,"('real_estate_agency', 'point_of_interest', 'establishment')",03169
Casas Connect / Connect Conveyancing,"Avenida Antonio Pedrera Soler, Urb. La Finca Golf, 13a, 03169 Algorfa, Alicante, España",+34 966 01 12 47,http://www.casas-connect.es/,5.0,96.0,es,Google reviews: 5* / 96,OPERATIONAL,"('real_estate_agency', 'point_of_interest', 'establishment')",03169
Habitania House,"C. Mayor, 18, 03169 Algorfa, Alicante, España",+34 687 72 91 40,,4.4,5.0,es,Google reviews: 4.4* / 5,OPERATIONAL,"('real_estate_agency', 'point_of_interest', 'establishment')",03169
INIESTA SPAIN Real Estate,"x, 03169 Algorfa, Alicante, España",+34 693 42 01 74,https://www.iniestaspain.com/,5.0,23.0,en,Google reviews: 5* / 23,OPERATIONAL,"('real_estate_agency', 'point_of_interest', 'establishment')",03169
Algorfa Property,"C. Manuel de Falla, 40, 03169 Algorfa, Alicante, España",+34 965 70 28 46,,5.0,2.0,en,Google reviews: 5* / 2,OPERATIONAL,"('real_estate_agency', 'consultant', 'point_of_interest', 'establishment')",03169
EL ARFERO,"Av de las Naciones, 1 CC, 03187 Algorfa, Alicante, España",+34 600 34 14 87,http://www.elarfero.be/,4.9,54.0,nl,Google reviews: 4.9* / 54,OPERATIONAL,"('real_estate_agency', 'point_of_interest', 'establishment')",03187
Costa blanca Lettings,"26, La Finca, Av. Antonio Pedrera Soler, 53-26, 03169 Algorfa, Alicante, España",+34 688 72 00 13,http://costablanca-lettings.com/,1.0,1.0,bn,Google reviews: 1* / 1,OPERATIONAL,"('real_estate_agency', 'point_of_interest', 'establishment')",03169
INMOTRIVIUM ,"C/ Navas, 38, Entresuelo, 03001 Alacant, Alicante, España",+34 682 90 90 89,,3.9,7.0,es,Google reviews: 3.9* / 7,OPERATIONAL,"('real_estate_agency', 'point_of_interest', 'establishment')",03001
Inmobiliaria Ensort Alicante,"C. de Ángel Lozano, 18, Segundo C, 03001 Alicante (Alacant), Alicante, España",+34 672 61 84 92,https://www.valort.es/,5.0,3.0,es,Google reviews: 5* / 3,OPERATIONAL,"('real_estate_agency', 'point_of_interest', 'establishment')",03001
Century 21 Mediterranean Homes ,"C.C. La Mosca, C/ Santa Alodia, Local 5, 03189 Playa Flamenca, Alicante, España",+34 966 36 65 21,https://mediterraneanhomes.century21.es/?utm_source=GMB&utm_medium=google-my-business&utm_campaign=Google+My+Business,4.8,93.0,es,Google reviews: 4.8* / 93,OPERATIONAL,"('real_estate_agency', 'finance', 'consultant', 'general_contractor', 'point_of_interest', 'establishment')",03189
Suiters Alicante,"Av. Alfonso El Sabio, 7, 03002 Alicante (Alacant), Alicante, España",+34 675 47 10 66,https://wearesuiters.com/,4.5,84.0,es,Google reviews: 4.5* / 84,OPERATIONAL,"('real_estate_agency', 'point_of_interest', 'establishment')",03002
INMOROJALES Real Estate Inmobiliaria Rojales Ciudad Quesada,"C. Constitución, 4, bajo A, 03170 Rojales, Alicante, España",+34 966 71 43 49,http://www.inmorojales.com/,4.2,20.0,es,Google reviews: 4.2* / 20,OPERATIONAL,"('real_estate_agency', 'finance', 'point_of_interest', 'establishment')",03170
Intasun Homes,"Av. Justo Quesada, 33, 03170 Rojales, Alicante, España",+34 966 29 07 81,https://intasunhomes.com/,4.8,53.0,es,Google reviews: 4.8* / 53,OPERATIONAL,"('real_estate_agency', 'consultant', 'point_of_interest', 'establishment')",03170
Iwannahome Real Estate Inmobiliaria Rojales Ciudad Quesada,"Av. Vega Baja, 7, 03170 Rojales, Alicante, España",+34 865 52 57 98,http://www.iwannahome.es/,4.2,9.0,es,Google reviews: 4.2* / 9,OPERATIONAL,"('real_estate_agency', 'point_of_interest', 'establishment')",03170
Atlântico Service,"Urbanización Lo Pepin, Av. de España, 7, 03170 Cdad. Quesada, Alicante, España",+34 649 24 94 55,http://www.atlantico-service.com/,4.8,27.0,es,Google reviews: 4.8* / 27,OPERATIONAL,"('real_estate_agency', 'point_of_interest', 'establishment')",03170
Vivienda 82,"Av. del Recorral, 151, casa, 1, 03170 Rojales, Alicante, España",+34 636 45 22 26,https://www.vivienda82.es/,4.8,26.0,en,Google reviews: 4.8* / 26,OPERATIONAL,"('real_estate_agency', 'point_of_interest', 'establishment')",03170
Nelemans Real Estate,"C. Valentín Fuster, 12, 03170 Rojales, Alicante, España",+34 966 79 22 88,http://www.nelemans.es/,5.0,86.0,es,Google reviews: 5* / 86,OPERATIONAL,"('real_estate_agency', 'point_of_interest', 'establishment')",03170
Petra Hönig,"Avda. de las Naciones, 18 A Urb, 03170 Cdad. Quesada, Alicante, España",+34 966 71 80 06,https://propertyforsaleciudadquesada.com/,4.3,250.0,es,Google reviews: 4.3* / 250,OPERATIONAL,"('real_estate_agency', 'consultant', 'point_of_interest', 'establishment')",03170
MedCasa Mediterranean Homes,"C. Virgen del Carmen, 44, bajo, 03179 Formentera del Segura, Alicante, España",+34 747 46 93 75,http://www.medcasa.eu/,4.9,71.0,es,Google reviews: 4.9* / 71,OPERATIONAL,"('real_estate_agency', 'point_of_interest', 'establishment')",03179
Vivendix Rojales Gestión Inmobiliaria,"C. Rafael Alberti, 3, 03179 Rojales, Alicante, España",+34 966 71 31 98,https://vivendix.es/,3.4,7.0,es,Google reviews: 3.4* / 7,OPERATIONAL,"('real_estate_agency', 'insurance_agency', 'lawyer', 'consultant', 'point_of_interest', 'establishment')",03179
Ideal Home Spain,,+34 655 92 43 32,,4.8,16.0,es,Google reviews: 4.8* / 16,OPERATIONAL,"('real_estate_agency', 'establishment')",
Barceló Real Estate,"C. las Adelfas, 1, 03170 Cdad. Quesada, Alicante, España",+34 965 72 54 75,https://barcelorealestate.com/,4.5,57.0,es,Google reviews: 4.5* / 57,OPERATIONAL,"('real_estate_agency', 'consultant', 'point_of_interest', 'establishment')",03170
Montsé&AM Property Real Estate Quesada,"Av. de las Naciones, 82, 03170 Cdad. Quesada, Alicante, España",+34 650 02 36 77,https://www.agencymgam.com/,5.0,21.0,es,Google reviews: 5* / 21,OPERATIONAL,"('real_estate_agency', 'point_of_interest', 'establishment')",03170
Costa Blanca Bolig,"Av. de las Naciones, 50, 03170 Cdad. Quesada, Alicante, España",+34 966 27 69 05,https://www.costablancabolig.com/,4.7,97.0,es,Google reviews: 4.7* / 97,OPERATIONAL,"('real_estate_agency', 'consultant', 'point_of_interest', 'establishment')",03170
Villas Amarillas Estate Agents Inmobiliaria Gestoria,"Calle Azul, 5 Urb, 03170 Cdad. Quesada, Alicante, España",+34 965 72 58 05,http://www.villasamarillas.com/,4.4,35.0,es,Google reviews: 4.4* / 35,OPERATIONAL,"('real_estate_agency', 'finance', 'consultant', 'general_contractor', 'point_of_interest', 'establishment')",03170
Villas Blanca Real Estate Agents,"C. Turismo, Local Nº 7, 03170 Cdad. Quesada, Alicante, España",+34 965 72 55 47,https://villasblancarealestate.com/,4.5,26.0,es,Google reviews: 4.5* / 26,OPERATIONAL,"('real_estate_agency', 'consultant', 'point_of_interest', 'establishment')",03170
RO Spain Real Estate,"C. Poeta Quintana, 41, 03004 Alacant, Alicante, España",+34 966 27 69 23,https://www.ro-spain.com/,4.9,68.0,es,Google reviews: 4.9* / 68,OPERATIONAL,"('real_estate_agency', 'point_of_interest', 'establishment')",03004
Smart Properties,"C. Alfredo Kraus, 1, 03177 San Fulgencio, Alicante, España",+34 966 79 07 87,https://smartpropertiesinspain.com/,4.4,190.0,es,Google reviews: 4.4* / 190,OPERATIONAL,"('real_estate_agency', 'consultant', 'general_contractor', 'point_of_interest', 'establishment')",03177
Barclays Properties,"Urb. La Marina, C. Parque Guadalquivir, 10, 03177 San Fulgencio, Alicante, España",+34 966 79 78 85,https://barclaysproperties.com/,4.8,247.0,es,Google reviews: 4.8* / 247,OPERATIONAL,"('real_estate_agency', 'general_contractor', 'point_of_interest', 'establishment')",03177
Watsons Real Estate La Marina,"C. Amsterdam, 2D, 03177 San Fulgencio, Alicante, España",+34 965 06 30 12,https://watsonsrealestate.net/,4.9,252.0,es,Google reviews: 4.9* / 252,OPERATIONAL,"('real_estate_agency', 'finance', 'consultant', 'point_of_interest', 'establishment')",03177
Tomassen inmobiliaria,"C. Pedro María Unanue, 1, local 20, 03177 San Fulgencio, Alicante, España",+34 604 27 87 16,https://tomasseninmobiliaria.com/,5.0,13.0,en,Google reviews: 5* / 13,OPERATIONAL,"('real_estate_agency', 'point_of_interest', 'establishment')",03177
Newstart Estates,"Av. de Londres, 1182, 03177 San Fulgencio, Alicante, España",+34 965 03 89 90,http://newstartestates.com/,4.7,188.0,es,Google reviews: 4.7* / 188,OPERATIONAL,"('real_estate_agency', 'point_of_interest', 'establishment')",03177
MCB Costa Blanca immobilier,"Calle Mar Mediterráneo, 8 Centro Comercial, Bahia de las Dunas, local 14, 03177 San Fulgencio, Alicante, España",+33 6 17 33 15 42,https://www.mcbcostablanca.com/,4.7,36.0,fr,Google reviews: 4.7* / 36,OPERATIONAL,"('real_estate_agency', 'lodging', 'point_of_interest', 'establishment')",03177
Agrupación Martí S.L.,"Pl. Constitución, 25, 03177 San Fulgencio, Alicante, España",+34 966 79 44 02,,5.0,14.0,es,Google reviews: 5* / 14,OPERATIONAL,"('real_estate_agency', 'point_of_interest', 'establishment')",03177
Mi Casa en España,"C. María Callas, 4, 03177 San Fulgencio, Alicante, España",+34 694 41 60 70,http://www.micasaenespana.es/,4.1,88.0,es,Google reviews: 4.1* / 88,OPERATIONAL,"('real_estate_agency', 'point_of_interest', 'establishment')",03177
URBANRED Inmobiliaria Inmotravel,"C/ de Paris, 1, Local E, 03003 Alicante (Alacant), Alicante, España",+34 965 98 48 24,http://www.urbanred.es/,5.0,13.0,es,Google reviews: 5* / 13,OPERATIONAL,"('real_estate_agency', 'point_of_interest', 'establishment')",03003
Richhome Real Estate,"C. Perdiz, 1, bajo, 03187 Los Montesinos, Alicante, España",+34 644 56 26 08,http://www.richhome.es/,4.5,13.0,es,Google reviews: 4.5* / 13,OPERATIONAL,"('real_estate_agency', 'point_of_interest', 'establishment')",03187
INMONTELARIA INMOBILIARIA MONTESINOS,"Calle Taray, 117, 03187 Los Montesinos, Alicante, España",+34 865 66 14 39,http://www.inmontelaria.com/,3.0,2.0,es,Google reviews: 3* / 2,OPERATIONAL,"('real_estate_agency', 'point_of_interest', 'establishment')",03187
Olivia Real Estate,"Pl. Sagrado Corazón, 2, 03187 Los Montesinos, Alicante, España",+34 667 18 88 71,http://www.olivia-realestate.com/,5.0,4.0,es,Google reviews: 5* / 4,OPERATIONAL,"('real_estate_agency', 'point_of_interest', 'establishment')",03187
FincaGestion ,"Av. del Mar, 33, 2º Dcha, 03187 Los Montesinos, Alicante, España",+34 966 72 04 68,http://fincagestionmontesinos.com/,5.0,1.0,es,Google reviews: 5* / 1,OPERATIONAL,"('real_estate_agency', 'insurance_agency', 'point_of_interest', 'establishment')",03187
C&T Estate S.L.,"Polígono Ind Lo Blanc, 3, Parcela 6, 03187 Los Montesinos, Alicante, España",+34 642 11 97 31,https://www.ctestate.com/,4.5,2.0,es,Google reviews: 4.5* / 2,OPERATIONAL,"('real_estate_agency', 'point_of_interest', 'establishment')",03187
Age Concern España,"Av. del Mar, 39, 03187 Los Montesinos, Alicante, España",+34 966 72 01 22,,4.7,3.0,es,Google reviews: 4.7* / 3,OPERATIONAL,"('real_estate_agency', 'point_of_interest', 'establishment')",03187
Costa Blanca Homes in Spain Always the sun S.L.,"calle paraná Residencial Miraflores IV Bloque 25 localA7 Sector j-1, 03189 Playa Flamenca, Alicante, España",+34 603 14 83 78,http://www.costablancahomesinspain.com/,4.8,207.0,es,Google reviews: 4.8* / 207,OPERATIONAL,"('real_estate_agency', 'point_of_interest', 'establishment')",03189
Costa Invest Real Estate,"Salvador Dali Street 20 bajo 1, Ctro. Comercial Via Park 1, 03189 Playa Flamenca, Alicante, España",+34 966 76 04 22,https://costainvest.com/,4.3,385.0,es,Google reviews: 4.3* / 385,OPERATIONAL,"('real_estate_agency', 'consultant', 'point_of_interest', 'establishment')",03189
United Real Estate ,"Rda. Ramon de Campoamor, 3, Edif. Ronda II, bajo izda, 03189 Dehesa de Campoamor, Alicante, España",+34 675 15 94 22,https://www.unitedrealestate.es/,5.0,182.0,es,Google reviews: 5* / 182,OPERATIONAL,"('real_estate_agency', 'finance', 'consultant', 'point_of_interest', 'establishment')",03189
Inmo Investments,"C. Alhambra, 18, 03189 La Zenia, Alicante, España",+34 966 91 99 17,https://www.inmoinvestments.com/,4.7,206.0,en,Google reviews: 4.7* / 206,OPERATIONAL,"('real_estate_agency', 'finance', 'consultant', 'point_of_interest', 'establishment')",03189
Ibero Homes Inmobiliaria ,"Av. de las Adelfas, 18, BAJO, 03189 Dehesa de Campoamor, Alicante, España",+34 609 68 15 05,https://www.iberohomes.com/,4.8,163.0,es,Google reviews: 4.8* / 163,OPERATIONAL,"('real_estate_agency', 'point_of_interest', 'establishment')",03189
Inmobiliaria en Orihuela Costa ,"C. Abeto, s/n, local 6, Centro Comercial Zeniamar, 03189 Dehesa de Campoamor, Alicante, España",+34 644 37 26 18,https://jonathansuarezr.com/,5.0,16.0,es,Google reviews: 5* / 16,OPERATIONAL,"('real_estate_agency', 'consultant', 'point_of_interest', 'establishment')",03189
Home Pandora ,"C. Isla Tabarca, n°2, 03189 Orihuela, Alicante, España",+48 22 606 41 36,http://www.homepandora.com/,4.8,216.0,es,Google reviews: 4.8* / 216,OPERATIONAL,"('real_estate_agency', 'point_of_interest', 'establishment')",03189
Costa Homes Real Estate,"C. Alhambra, 8, local 6, 03189 La Zenia, Alicante, España",+34 865 94 30 49,http://www.costahomes.es/,5.0,175.0,es,Google reviews: 5* / 175,OPERATIONAL,"('real_estate_agency', 'point_of_interest', 'establishment')",03189
HomeEspaña Villamartin,"Carretera Villamartín, 13 Los Dolses 1, Commercial Centre, Unit 115, 03189 Orihuela Costa, Alicante, España",+34 966 82 02 28,https://www.homeespana.com/,5.0,100.0,es,Google reviews: 5* / 100,OPERATIONAL,"('real_estate_agency', 'point_of_interest', 'establishment')",03189
Inmobiliaria Tecnohouse en Aguamarina y Cabo Cervera,"Urbanización Aguamarina, C. Fuego, 1, 03189 Dehesa de Campoamor, Alicante, España",+34 630 33 77 03,http://www.tecnohouse.es/,4.5,57.0,es,Google reviews: 4.5* / 57,OPERATIONAL,"('real_estate_agency', 'insurance_agency', 'point_of_interest', 'establishment')",03189
Investforhome Real Estate,"C. Ramón de Campoamor, 12, 03189 Orihuela Costa, Alicante, España",+34 648 65 44 03,http://www.investforhome.com/,5.0,46.0,en,Google reviews: 5* / 46,OPERATIONAL,"('real_estate_agency', 'point_of_interest', 'establishment')",03189
Bennecke Real Estate Agency (Inmobiliaria),"Calle Cala Dorada, Urb. Rocio del Mar, 1, 03189 Torrevieja, Alicante, España",+34 965 71 43 62,http://www.bennecke.com/,4.7,438.0,es,Google reviews: 4.7* / 438,OPERATIONAL,"('real_estate_agency', 'point_of_interest', 'establishment')",03189
CostaGroupEstates,"Zenia Boulevard, C. Jade, 2, Local 90, 03189 Dehesa de Campoamor, Alicante, España",+34 966 89 06 25,http://www.costagroupestates.com/,4.9,100.0,en,Google reviews: 4.9* / 100,OPERATIONAL,"('real_estate_agency', 'point_of_interest', 'establishment')",03189
Impact Inmobiliaria,"C. Pimienta, 03189 Dehesa de Campoamor, Alicante, España",+34 744 63 70 50,http://www.impactinmobiliaria.com/,4.4,40.0,fr,Google reviews: 4.4* / 40,OPERATIONAL,"('real_estate_agency', 'point_of_interest', 'establishment')",03189
Spain Homes | Alicante Office,"Urbanización La Zenia II, Ctra. de Villamartín, 12, Casa 22, 03189 Orihuela Costa, Alicante, España",+34 951 23 59 59,https://spainhomes.com/,5.0,12.0,en,Google reviews: 5* / 12,OPERATIONAL,"('real_estate_agency', 'consultant', 'point_of_interest', 'establishment')",03189
Rosa Mediterranean Houses,"C. Escorpio, nº4, local 25, 03189 La Florida, Alicante, España",+34 965 32 80 74,http://www.rosamh.com/,4.6,200.0,es,Google reviews: 4.6* / 200,OPERATIONAL,"('real_estate_agency', 'point_of_interest', 'establishment')",03189
Adaleta ,"Av. de Ibiza, 16, 03189 Orihuela Costa, Alicante, España",+34 865 94 20 48,https://www.adaletaspain.com/,5.0,64.0,es,Google reviews: 5* / 64,OPERATIONAL,"('real_estate_agency', 'point_of_interest', 'establishment')",03189
Vincent Real Estate,"Ed Miraflores III, C.Niágara, 7, Local 6, 03189 Playa Flamenca, Alicante, España",+34 965 32 66 06,https://www.vincent-realestate.com/,4.9,36.0,es,Google reviews: 4.9* / 36,OPERATIONAL,"('real_estate_agency', 'finance', 'consultant', 'point_of_interest', 'establishment')",03189
Inmobiliaria HENAREJOS,"Edificio RONDA I, Rda. Ramon de Campoamor, 1, 03189 Dehesa de Campoamor, Alicante, España",+34 965 32 06 36,,3.7,6.0,es,Google reviews: 3.7* / 6,OPERATIONAL,"('real_estate_agency', 'point_of_interest', 'establishment')",03189
Alegria Real Estate ( 03189 ),"Ctra. de Villamartín, 1, local 9, 03189 La Zenia, Alicante, España",+34 672 73 38 80,http://www.alegria-realestate.com/,4.8,10.0,es,Google reviews: 4.8* / 10,OPERATIONAL,"('real_estate_agency', 'point_of_interest', 'establishment')",03189
Inmobiliara Gessicon ,"C. Extremadura, 3, 03300 Orihuela, Alicante, España",+34 669 87 16 98,http://www.gessicon.com/,4.7,205.0,es,Google reviews: 4.7* / 205,OPERATIONAL,"('real_estate_agency', 'point_of_interest', 'establishment')",03300
Sangria Properties,"Calle Manuel de Falla Centro Comercial Rioja Ground floor N°28, 03189, Alicante, España",+34 966 77 25 53,https://www.sangriaproperties.com/,4.5,60.0,en,Google reviews: 4.5* / 60,OPERATIONAL,"('real_estate_agency', 'point_of_interest', 'establishment')",03189
OLE INTERNATIONAL,"Av. de las Brisas, 11, 03189 Villamartín, Alicante, España",+34 966 76 43 02,http://www.oleinternational.com/,4.1,111.0,es,Google reviews: 4.1* / 111,OPERATIONAL,"('real_estate_agency', 'point_of_interest', 'establishment')",03189
Lux Home Spain,,+34 643 43 31 17,https://luxhomespain.com/es/inicio/,5.0,1.0,es,Google reviews: 5* / 1,OPERATIONAL,"('real_estate_agency', 'establishment')",
Inmosureste Orihuela,"C/ Obispo Rocamora, 36, Bajo Esquina, 03300 Orihuela, Alicante, España",+34 965 30 61 28,http://www.inmosureste.es/,3.9,66.0,es,Google reviews: 3.9* / 66,OPERATIONAL,"('real_estate_agency', 'point_of_interest', 'establishment')",03300
OK Inmobiliaria,"C. San Pascual, 19, Entresuelo 3, 03300 Orihuela, Alicante, España",+34 600 58 12 00,https://okinmobiliaria.es/,5.0,16.0,es,Google reviews: 5* / 16,OPERATIONAL,"('real_estate_agency', 'point_of_interest', 'establishment')",03300
PRIMER GRUPO Vegacasa,"C. Duque de Tamames, 49, 03300 Orihuela, Alicante, España",+34 966 74 00 66,https://www.primergrupovegacasa.com/,4.8,61.0,es,Google reviews: 4.8* / 61,OPERATIONAL,"('real_estate_agency', 'point_of_interest', 'establishment')",03300
Your New Home Spain,"CC Lomas De, C. Caspio, 2, 03189 Cabo Roig, Alicante, España",+34 638 45 24 49,https://www.yournewhomespain.com/,4.8,4.0,es,Google reviews: 4.8* / 4,OPERATIONAL,"('real_estate_agency', 'point_of_interest', 'establishment')",03189
Blansat Inmobiliaria,"C. Mayor, 47, 03190 Pilar de la Horadada, Alicante, España",+34 965 35 27 14,http://www.blansat.com/,4.9,750.0,es,Google reviews: 4.9* / 750,OPERATIONAL,"('real_estate_agency', 'point_of_interest', 'establishment')",03190
Julia Soluciones Inmobiliarias,"C. San Juan, 16, 03190 Pilar de la Horadada, Alicante, España",+34 676 47 32 86,https://juliainmobiliaria.es/,4.9,263.0,es,Google reviews: 4.9* / 263,OPERATIONAL,"('real_estate_agency', 'consultant', 'point_of_interest', 'establishment')",03190
SERVIHISPANIA INMOBILIARIA Y MULTISERVICIOS,"Av. del Mar Menor, 39, 03191 Torre de la Horadada, Alicante, España",+34 633 04 27 86,https://servihispania.com/,5.0,92.0,es,Google reviews: 5* / 92,OPERATIONAL,"('real_estate_agency', 'point_of_interest', 'establishment')",03191
Inmobiliaria Aemar,"C/ Canarias - Avd. Velero, s/n, Residencial Horadada, C. Canarias, 37, 03191 Torre de la Horadada, Alicante, España",+34 966 74 65 51,http://www.aemar.com/,4.4,50.0,es,Google reviews: 4.4* / 50,OPERATIONAL,"('real_estate_agency', 'point_of_interest', 'establishment')",03191
Habitate inmobiliaria,"Calle Benito Pérez Galdós, Cruce, C. del Escultor Ribera Girona, 25, 03190 Pilar de la Horadada, Alicante, España",+34 689 96 41 54,https://www.habitateinmobiliaria.com/,5.0,46.0,es,Google reviews: 5* / 46,OPERATIONAL,"('real_estate_agency', 'point_of_interest', 'establishment')",03190
Horadada Homes,"C. Virgen de la Asunción, 27, Local 3, 03191 Torre de la Horadada, Alicante, España",+34 865 61 88 18,http://www.horadadahomes.com/,4.9,59.0,es,Google reviews: 4.9* / 59,OPERATIONAL,"('real_estate_agency', 'point_of_interest', 'establishment')",03191
Kinu5 Inmobiliaria,"C. Arpón, 26, 03191 Torre de la Horadada, Alicante, España",+34 966 76 92 51,http://www.kinu5.com/,4.3,41.0,es,Google reviews: 4.3* / 41,OPERATIONAL,"('real_estate_agency', 'point_of_interest', 'establishment')",03191
Desire Properties,"Av. Pino del P C, 7, 03191 Pinar de Campoverde, Alicante, España",+34 603 31 45 70,https://desire-properties.com/,5.0,27.0,es,Google reviews: 5* / 27,OPERATIONAL,"('real_estate_agency', 'point_of_interest', 'establishment')",03191
Koala Properties,"Pl. Libertad, 11, 03193 San Miguel de Salinas, Alicante, España",+34 722 31 37 14,https://www.koalaproperties.es/,4.8,208.0,es,Google reviews: 4.8* / 208,OPERATIONAL,"('real_estate_agency', 'point_of_interest', 'establishment')",03193
AT HOME REAL ESTATE,"C. Pozo-Blanco, 03193 San Miguel de Salinas, Alicante, España",+34 661 29 70 97,https://www.athomerealestate.es/,5.0,10.0,nl,Google reviews: 5* / 10,OPERATIONAL,"('real_estate_agency', 'point_of_interest', 'establishment')",03193
Villas Fox S.L.,"C. Pablo Picasso, 9, 03193 San Miguel de Salinas, Alicante, España",+34 965 72 01 98,http://www.villasfox.com/,4.9,157.0,en,Google reviews: 4.9* / 157,OPERATIONAL,"('real_estate_agency', 'point_of_interest', 'establishment')",03193
MJ Sanz Real Estate,"Placa de los Luceros, 1, 03001 Alacant, Alicante, España",,https://mariajesussanz.exp-spain.com/ecard,5.0,22.0,es,Google reviews: 5* / 22,OPERATIONAL,"('real_estate_agency', 'point_of_interest', 'establishment')",03001
INMOBILIARIA MARINA COSTA,"Av. de l'Alegría, 48, Bajo, 03194 La Marina, Alicante, España",+34 965 41 97 71,http://www.marinacosta.com/,4.4,16.0,es,Google reviews: 4.4* / 16,OPERATIONAL,"('real_estate_agency', 'point_of_interest', 'establishment')",03194
Inmukasa Inmobiliaria,"Av. de l'Alegría, Nº13 bajo, 03194 la Marina, Alicante, España",+34 965 41 90 36,http://www.zonadeplayas.com/,4.0,1.0,es,Google reviews: 4* / 1,OPERATIONAL,"('real_estate_agency', 'point_of_interest', 'establishment')",03194
LA MARINA INMO,"C. Parque del Manzanares, 186, bajo, 03177 San Fulgencio, Alicante, España",+34 622 26 00 13,http://www.lamarinainmo.com/,4.8,18.0,es,Google reviews: 4.8* / 18,OPERATIONAL,"('real_estate_agency', 'point_of_interest', 'establishment')",03177
LA MARINA SERVICES INTERNATIONAL,"Calle Berna, L. Sport Complex, Urbanizacion La Marina, 2A, 03177 San Fulgencio, Alicante, España",+34 966 79 60 39,https://propertyespania.com/,4.2,22.0,en,Google reviews: 4.2* / 22,OPERATIONAL,"('real_estate_agency', 'consultant', 'point_of_interest', 'establishment')",03177
Emma's bureau,"Parque del Amadorio, 148, Bajo 5, 03177 San Fulgencio, Alicante, España",+34 677 27 49 68,http://emmasbureau.com/,4.8,30.0,es,Google reviews: 4.8* / 30,OPERATIONAL,"('real_estate_agency', 'point_of_interest', 'establishment')",03177
Marina Properties,"C. Mar Mediterráneo, 8, local 77, 03177 San Fulgencio, Alicante, España",+34 693 81 19 51,http://www.marinaproperties.es/,5.0,18.0,es,Google reviews: 5* / 18,OPERATIONAL,"('real_estate_agency', 'accounting', 'finance', 'point_of_interest', 'establishment')",03177
Su Casita,"C. Atenas, 59, 03177 San Fulgencio, Alicante, España",+34 966 79 00 12,https://www.sucasita.eu/,4.7,37.0,es,Google reviews: 4.7* / 37,OPERATIONAL,"('real_estate_agency', 'consultant', 'point_of_interest', 'establishment')",03177
CasaLasDunas,"Av. de Londres, 1A, local 2, 03177 La Marina, Alicante, España",+34 965 72 44 89,http://www.casalasdunas.com/nl,4.2,84.0,nl,Google reviews: 4.2* / 84,OPERATIONAL,"('real_estate_agency', 'point_of_interest', 'establishment')",03177
Inmobiliaria Zafira,"Marina Oasis Calle Parque del Nervión, 141, Urbanizacion la Marina, 141, 03177 San Fulgencio, Alicante, España",+34 966 79 00 68,,3.5,14.0,es,Google reviews: 3.5* / 14,OPERATIONAL,"('real_estate_agency', 'point_of_interest', 'establishment')",03177
HS La Marina,,+34 607 30 72 66,http://hslamarina.com/,3.0,1.0,es,Google reviews: 3* / 1,OPERATIONAL,"('real_estate_agency', 'consultant', 'establishment')",
Sunny Amorós ,,+34 607 30 72 66,http://www.inmocafe.es/%20y%20%20www.hslamarina.com,,,es,Google reviews: * / None,OPERATIONAL,"('real_estate_agency', 'consultant', 'establishment')",
Just Click Home Legal Department,"Pl. Amistad, 6, 03194 La Marina, Alicante, España",+34 965 41 90 17,,,,es,Google reviews: * / None,OPERATIONAL,"('real_estate_agency', 'lawyer', 'consultant', 'point_of_interest', 'establishment')",03194
La Marina Properties,"C. Madrid, 107, 03177 San Fulgencio, Alicante, España",+34 699 03 77 25,http://lamarinaproperties.com/,5.0,1.0,es,Google reviews: 5* / 1,OPERATIONAL,"('real_estate_agency', 'point_of_interest', 'establishment')",03177
MarinaEstate,"C. Teresa Berganza, 4, 03177 San Fulgencio, Alicante, España",+34 965 29 40 70,https://www.marinaestate.net/,1.2,5.0,es,Google reviews: 1.2* / 5,OPERATIONAL,"('real_estate_agency', 'point_of_interest', 'establishment')",03177
360 RealEstate,"03177 Daya Vieja, Alicante, España",+34 658 84 63 80,,5.0,1.0,es,Google reviews: 5* / 1,OPERATIONAL,"('real_estate_agency', 'point_of_interest', 'establishment')",03177
Hus i Fastigheter till salu i Spanien,"Pl. Sierra Castilla, 33, 03170 San Fulgencio, Alicante, España",+34 647 42 78 18,,,,de,Google reviews: * / None,OPERATIONAL,"('real_estate_agency', 'general_contractor', 'point_of_interest', 'establishment')",03170
VZM Real Estate Agency,"Av. de Londres, 1A, Local 18, 03177 San Fulgencio, Alicante, España",+34 654 36 79 45,http://www.vzmmakelaar.com/,3.6,5.0,nl,Google reviews: 3.6* / 5,OPERATIONAL,"('real_estate_agency', 'point_of_interest', 'establishment')",03177
Agentstovo Espaniia Medvizimosti (Недвижимость В Испании),"Pl. Sierra Castilla, 33, 03177 San Fulgencio, Alicante, España",+34 634 16 48 72,,,,de,Google reviews: * / None,OPERATIONAL,"('real_estate_agency', 'point_of_interest', 'establishment')",03177
Advanta Estates,"Pl. Sierra Castilla, 5, 03177 San Fulgencio, Alicante, España",+34 966 79 67 79,,3.5,4.0,es,Google reviews: 3.5* / 4,OPERATIONAL,"('real_estate_agency', 'point_of_interest', 'establishment')",03177
"Prosihal, S.L.","Local 3, Av. de Londres, 1A, 03177 San Fulgencio, Alicante, España",+34 966 79 77 98,,4.8,6.0,es,Google reviews: 4.8* / 6,OPERATIONAL,"('real_estate_agency', 'point_of_interest', 'establishment')",03177
Servicios Inmobiliarios Integrales Domoserv S L,"Ctra. Alicante-Cartagena, 0, 03177 La Marina, Alicante, España",+34 966 72 55 45,,,,es,Google reviews: * / None,OPERATIONAL,"('real_estate_agency', 'point_of_interest', 'establishment')",03177
Cathy & Audrey,"C. Río Segura, 13, 03177 San Fulgencio, Alicante, España",+34 966 79 63 72,,2.3,3.0,es,Google reviews: 2.3* / 3,OPERATIONAL,"('real_estate_agency', 'point_of_interest', 'establishment')",03177
Inmobiliaria Dunas de Arenales,"Av. S Bartolome Tir, 2, 03195 Los Arenales del Sol, Alicante, España",+34 966 91 05 27,http://www.dunasdearenales.com/,4.4,112.0,es,Google reviews: 4.4* / 112,OPERATIONAL,"('real_estate_agency', 'point_of_interest', 'establishment')",03195
Bonita Casa,"Avinguda Sant Francesc, 03195 L'Altet, Alicante, España",+34 640 25 91 14,https://www.bonita-casa.no/,5.0,2.0,en,Google reviews: 5* / 2,OPERATIONAL,"('real_estate_agency', 'point_of_interest', 'establishment')",03195
Inmo Trias,"Carrer Bergantí, 3, 03195 L'Altet, Alicante, España",+34 965 08 49 27,http://www.inmotrias.com/,4.0,1.0,en,Google reviews: 4* / 1,OPERATIONAL,"('real_estate_agency', 'point_of_interest', 'establishment')",03195
Kierohogar,"Carrer del Mar, 2, 03195 L'Altet, Alicante, España",+34 689 35 51 74,http://www.kierohogar.com/,3.0,3.0,es,Google reviews: 3* / 3,OPERATIONAL,"('real_estate_agency', 'point_of_interest', 'establishment')",03195
Europa Inmo,"Av. S Bartolome Tir, 29, 03195 Los Arenales del Sol, Alicante, España",+34 966 91 03 27,http://www.europainmo.net/,4.3,13.0,es,Google reviews: 4.3* / 13,OPERATIONAL,"('real_estate_agency', 'point_of_interest', 'establishment')",03195
Novabolig,"Carrer Baca, 11, 03195 L'Altet, Alicante, España",+34 684 42 85 10,,,,en,Google reviews: * / None,OPERATIONAL,"('real_estate_agency', 'point_of_interest', 'establishment')",03195
Ada Servicios Inmobiliarios,"Av. de Cartagena, 36, 03195 Elche, Alicante, España",+34 693 64 63 89,https://ada-servicios-imobiliarios.ueniweb.com/,1.0,2.0,es,Google reviews: 1* / 2,OPERATIONAL,"('real_estate_agency', 'point_of_interest', 'establishment')",03195
Lidón y Lidón,"Carrer Martín de Torres, 6, Local 3, 03202 Elx, Alicante, España",+34 650 02 97 72,https://www.lidonylidon.com/,4.0,28.0,es,Google reviews: 4* / 28,OPERATIONAL,"('real_estate_agency', 'consultant', 'point_of_interest', 'establishment')",03202
LZRealty Servicios Inmobiliarios,"C. Cristóbal Sanz, 5, Entreplanta, 03201 Elche, Alicante, España",+34 965 45 04 12,http://www.lzrealty.es/,4.2,11.0,es,Google reviews: 4.2* / 11,OPERATIONAL,"('real_estate_agency', 'consultant', 'point_of_interest', 'establishment')",03201
Inmoadapta Orihuela,"Av. de España, 2, bajo, 03300 Orihuela, Alicante, España",+34 658 96 71 19,https://inmoadapta.com/,5.0,38.0,es,Google reviews: 5* / 38,OPERATIONAL,"('real_estate_agency', 'point_of_interest', 'establishment')",03300
RK Red Oriol Inmobiliaria Orihuela,"Av. Teodomiro, 37, ENTRESUELO B, 03300 Orihuela, Alicante, España",+34 966 73 77 50,https://www.redoriol.com/?utm_source=GoogleBusiness&utm_medium=organic&utm_campaign=gbp-web,4.8,714.0,es,Google reviews: 4.8* / 714,OPERATIONAL,"('real_estate_agency', 'consultant', 'finance', 'point_of_interest', 'establishment')",03300
10 Soles Inmobiliaria ,"C. Valencia, 13, 03300 Orihuela, Alicante, España",+34 661 74 84 10,https://www.10soles.com/,4.5,118.0,es,Google reviews: 4.5* / 118,OPERATIONAL,"('real_estate_agency', 'point_of_interest', 'establishment')",03300
Inmobiliaria RK Playa Flamenca,"C. Pablo Picasso, 1, Planta 1ª, local 11, 03189 Orihuela, Alicante, España",+34 966 76 02 96,https://inmoplayaflamenca.com/?utm_source=GoogleBusiness&utm_medium=organic&utm_campaign=gbp-web,4.9,261.0,es,Google reviews: 4.9* / 261,OPERATIONAL,"('real_estate_agency', 'point_of_interest', 'establishment')",03189
Inmobiliaria & abogados sol 8 Vidal,"C. Duque de Tamames, 39, 03300 Orihuela, Alicante, España",+34 686 62 08 39,http://www.sol8vidal.com/,4.0,272.0,es,Google reviews: 4* / 272,OPERATIONAL,"('real_estate_agency', 'point_of_interest', 'establishment')",03300
Solvia Inmobiliaria ( 03300 ),"C. Duque de Tamames, 18, 03300 Orihuela, Alicante, España",+34 966 34 12 89,https://www.solvia.es/,4.5,54.0,es,Google reviews: 4.5* / 54,OPERATIONAL,"('real_estate_agency', 'point_of_interest', 'establishment')",03300
Vegahouse,"C. Castellón, 5, 03300 Orihuela, Alicante, España",+34 966 34 40 68,https://www.vegahouse.es/,4.3,19.0,es,Google reviews: 4.3* / 19,OPERATIONAL,"('real_estate_agency', 'point_of_interest', 'establishment')",03300
Dayas Partners INMOBILIARIA & ABOGADOS,"Calle Dr. Jose Maria Sarget, 43, 03300 Orihuela, Alicante, España",+34 634 37 10 40,http://dayas.org/,3.7,23.0,es,Google reviews: 3.7* / 23,OPERATIONAL,"('real_estate_agency', 'point_of_interest', 'establishment')",03300
Torrelche Inmobiliaria,"Carrer Alcudia, 3, 03320 Torre del Pla, Alicante, España",+34 619 01 15 39,https://www.torrelche.com/,,,es,Google reviews: * / None,OPERATIONAL,"('real_estate_agency', 'point_of_interest', 'establishment')",03320
Juan Manuel Sotoca Layon,"Av. de Illice, 0, 03320 Torre del Pla, Alicante, España",+34 902 40 66 00,,3.0,1.0,es,Google reviews: 3* / 1,OPERATIONAL,"('real_estate_agency', 'point_of_interest', 'establishment')",03320
Piso Joven S.L. ( 03320 ),"Calle Particular, 10, 03320 Torrellano, Alicante, España",+34 965 46 00 53,,,,es,Google reviews: * / None,OPERATIONAL,"('real_estate_agency', 'point_of_interest', 'establishment')",03320
Carlos Hernández Colmenero,"Av. de Illice, 38, 03320 Torre del Pla, Alicante, España",+34 966 37 77 20,,,,es,Google reviews: * / None,OPERATIONAL,"('real_estate_agency', 'point_of_interest', 'establishment')",03320
"ESCUDO CAMINA, SL",,+34 677 84 20 55,,,,es,Google reviews: * / None,OPERATIONAL,"('real_estate_agency', 'establishment')",
INMOBILIARIA FLORIDA,"Av. d'Oriola, 84, 03006 Alacant, Alicante, España",+34 684 48 63 15,,1.0,1.0,es,Google reviews: 1* / 1,OPERATIONAL,"('real_estate_agency', 'point_of_interest', 'establishment')",03006
Inmobiliaria  ( 03330 ),"Carrer Cor de Jesus Corazon de Jesus, 18, local 2, 03330 Crevillent, Alicante, España",+34 607 30 65 94,https://www.aquiestatucasa.com/,4.3,24.0,es,Google reviews: 4.3* / 24,OPERATIONAL,"('real_estate_agency', 'point_of_interest', 'establishment')",03330
Inmobiliaria Adsuar,"Carrer Sant Tomas, 4, A, 03330 Crevillent, Alicante, España",+34 965 40 64 27,http://inmoadsuar.com/,4.2,26.0,es,Google reviews: 4.2* / 26,OPERATIONAL,"('real_estate_agency', 'point_of_interest', 'establishment')",03330
Inmobiliaria D´alfredo,"Carrer Sant Tomas, 20, 03330 Crevillent, Alicante, España",+34 644 60 44 47,http://www.inmoalfredo.es/,4.6,51.0,es,Google reviews: 4.6* / 51,OPERATIONAL,"('real_estate_agency', 'point_of_interest', 'establishment')",03330
Imagine Costa Blanca,"Carrer Santissima Trinitat, 90, 03330 Crevillent, Alicante, España",+34 965 40 15 71,http://www.imaginecostablanca.com/,4.5,35.0,es,Google reviews: 4.5* / 35,OPERATIONAL,"('real_estate_agency', 'point_of_interest', 'establishment')",03330
Inmobiliaria Calderón,"Carrer Portes d'Oriola, 5, 03330 Crevillent, Alicante, España",+34 965 05 23 84,http://inmocalderon.es/,4.5,31.0,es,Google reviews: 4.5* / 31,OPERATIONAL,"('real_estate_agency', 'point_of_interest', 'establishment')",03330
Inmobiliaria Arronis,"Carrer de la Verge del Pilar, 4, 03330 Crevillent, Alicante, España",+34 966 68 13 80,https://www.arronis.com/,4.2,22.0,es,Google reviews: 4.2* / 22,OPERATIONAL,"('real_estate_agency', 'point_of_interest', 'establishment')",03330
GRUPO INMOBILIARIO PEDRO CARBONELL,"03330 Crevillente, Alicante, España",+34 965 46 06 06,http://www.grupopedrocarbonell.com/,3.6,7.0,es,Google reviews: 3.6* / 7,OPERATIONAL,"('real_estate_agency', 'point_of_interest', 'establishment')",03330
Inmuebles dominguez,"Carrer Vila, 2, 03330 Crevillent, Alicante, España",+34 965 40 42 37,,,,es,Google reviews: * / None,OPERATIONAL,"('real_estate_agency', 'point_of_interest', 'establishment')",03330
Domoteca,"Carrer Salitre, 2, 03330 Crevillent, Alicante, España",+34 965 40 11 56,,5.0,1.0,es,Google reviews: 5* / 1,OPERATIONAL,"('real_estate_agency', 'point_of_interest', 'establishment')",03330
Alicante Maravillas Real Estate / Inmobiliaria,"C. Juan Carlos I, 18, 03689 Hondón de los Frailes, Alicante, España",+34 679 28 75 98,http://www.alicantemaravillas.com/,5.0,67.0,es,Google reviews: 5* / 67,OPERATIONAL,"('real_estate_agency', 'point_of_interest', 'establishment')",03689
Alicante Country Villas Inmobiliaria,"C. Purísima, 28, 03669 La Romana, Alicante, España",+34 649 78 41 63,https://www.alicantecountryvillas.com/,4.8,22.0,es,Google reviews: 4.8* / 22,OPERATIONAL,"('real_estate_agency', 'point_of_interest', 'establishment')",03669
INMOBILIARIA GISE,"Av. del Calvario, 45, 03340 Albatera, Alicante, España",+34 965 48 71 47,https://www.gisespain.com/,4.6,46.0,es,Google reviews: 4.6* / 46,OPERATIONAL,"('real_estate_agency', 'general_contractor', 'point_of_interest', 'establishment')",03340
INMOBILIARIA DG COMMERCE,"C. San Pascual, 63, Local 11, 03340 Albatera, Alicante, España",+34 610 52 55 72,https://www.inmodg.com/,5.0,3.0,es,Google reviews: 5* / 3,OPERATIONAL,"('real_estate_agency', 'point_of_interest', 'establishment')",03340
Live Spain For Life,"Ctra. Hondón Frailes, 03340 Albatera, Alicante, España",+34 618 36 49 56,http://www.livespainforlife.com/,4.8,130.0,en,Google reviews: 4.8* / 130,OPERATIONAL,"('real_estate_agency', 'point_of_interest', 'establishment')",03340
Veracruz,"Carrer Primer de Maig, Núm. 16, 03330 Crevillent, Alicante, España",+34 965 40 44 90,,,,es,Google reviews: * / None,OPERATIONAL,"('real_estate_agency', 'point_of_interest', 'establishment')",03330
Alicante Sales & Lettings,"Pl. de la Villa, 30, 03688 Hondón de las Nieves, Alicante, España",+34 711 00 15 07,http://alicante-sl.com/,4.7,56.0,es,Google reviews: 4.7* / 56,OPERATIONAL,"('real_estate_agency', 'point_of_interest', 'establishment')",03688
Nadvla Costa Home,,+34 623 27 92 23,https://nadvlacostahome.com/,4.6,11.0,es,Google reviews: 4.6* / 11,OPERATIONAL,"('real_estate_agency', 'establishment')",
Atalaya Inmobiliaria,"C. Humorista Gráfico Forges, 2, 03001 Alicante (Alacant), Alicante, España",+34 965 20 34 21,http://www.atalayainmobiliaria.com/contacto,4.4,14.0,es,Google reviews: 4.4* / 14,OPERATIONAL,"('real_estate_agency', 'point_of_interest', 'establishment')",03001
CASAS Y PISOS ALICANTE,"Av. d'Oriola, 25, 03007 Alacant, Alicante, España",+34 966 10 30 00,http://www.casasypisosalicante.com/,3.2,21.0,es,Google reviews: 3.2* / 21,OPERATIONAL,"('real_estate_agency', 'point_of_interest', 'establishment')",03007
INMOADAPTA,"C. Canónigo Manuel Cayuelas Ballesta, 12, 03360 Callosa de Segura, Alicante, España",+34 865 66 78 78,http://www.inmoadapta.com/,4.9,200.0,es,Google reviews: 4.9* / 200,OPERATIONAL,"('real_estate_agency', 'point_of_interest', 'establishment')",03360
Inmo Alejandro Martinez,"C. Luis Almunia, 15, 03360 Callosa de Segura, Alicante, España",+34 667 61 13 07,http://www.inmoalexmartinez.com/index.php,4.7,120.0,es,Google reviews: 4.7* / 120,OPERATIONAL,"('real_estate_agency', 'point_of_interest', 'establishment')",03360
Inmobiliaria Jones,"C. Rbla. Baja, 33, 03360 Callosa de Segura, Alicante, España",+34 965 31 03 64,http://inmobiliariajones.com/?post_type=property,4.9,9.0,es,Google reviews: 4.9* / 9,OPERATIONAL,"('real_estate_agency', 'point_of_interest', 'establishment')",03360
Inmobiliaria Martinez,"Cl. Poeta Francisco Salinas, 17, 03360 Callosa de Segura, Alicante, España",+34 667 61 13 07,http://inmobiliariamartinez.com/,4.3,7.0,es,Google reviews: 4.3* / 7,OPERATIONAL,"('real_estate_agency', 'point_of_interest', 'establishment')",03360
Inmobiliaria Docasa,"Calle reverendo hermelando diaz juan N 6, Vía Calles Desconocidas, 2, 03360 Callosa de Segura, Alicante, España",+34 966 18 88 50,http://www.docasa.es/,4.1,33.0,es,Google reviews: 4.1* / 33,OPERATIONAL,"('real_estate_agency', 'point_of_interest', 'establishment')",03360
INMOGUTRI,"Calle Soprano Rosa Zaragoza, 7, 03360 Callosa de Segura, Alicante, España",+34 633 68 58 55,http://www.inmogutrispain.com/,4.3,31.0,es,Google reviews: 4.3* / 31,OPERATIONAL,"('real_estate_agency', 'point_of_interest', 'establishment')",03360
INMOBILIARIA VEGA BAJA,"C. Cervantes, 7 BIS, 03360 Callosa de Segura, Alicante, España",+34 644 52 09 90,,3.7,3.0,es,Google reviews: 3.7* / 3,OPERATIONAL,"('real_estate_agency', 'point_of_interest', 'establishment')",03360
Inmobiliaria Antón,"Av. de Alcoy, 42, 03510 Callosa de Ensarriá, Alicante, España",+34 655 88 24 40,http://www.inmobiliariaanton.com/,4.5,10.0,es,Google reviews: 4.5* / 10,OPERATIONAL,"('real_estate_agency', 'point_of_interest', 'establishment')",03510
Inmocallosa,"Ctra. De Bolulla, 1, 03510 Callosa de Ensarriá, Alicante, España",+34 965 88 05 54,https://www.inmocallosa.com/,4.0,3.0,es,Google reviews: 4* / 3,OPERATIONAL,"('real_estate_agency', 'point_of_interest', 'establishment')",03510
Viviendas Hnos.Grau,"C. Rbla. Baja, 81, 03360 Callosa de Segura, Alicante, España",+34 966 75 86 12,http://viviendasgrau.com/,4.7,3.0,es,Google reviews: 4.7* / 3,OPERATIONAL,"('real_estate_agency', 'point_of_interest', 'establishment')",03360
José Luis Martínez García,"Cl. Poeta Francisco Salinas, García, 17, 03360 Callosa de Segura, Alicante, España",+34 965 31 11 82,,3.0,3.0,es,Google reviews: 3* / 3,OPERATIONAL,"('real_estate_agency', 'point_of_interest', 'establishment')",03360
Ruiz Aldea & Asociados,"Av. de Aguilera, 6, 1 izq, 03006 Alicante (Alacant), Alicante, España",+34 696 96 55 36,http://www.ruizaldeainmobiliaria.com/,4.8,23.0,es,Google reviews: 4.8* / 23,OPERATIONAL,"('real_estate_agency', 'consultant', 'point_of_interest', 'establishment')",03006
Inmobiliaria Ferrández,"C. Pascual Martínez, 90, 03370 Redován, Alicante, España",+34 639 28 30 41,,,,es,Google reviews: * / None,OPERATIONAL,"('real_estate_agency', 'point_of_interest', 'establishment')",03370
Canovan Inmobiliaria,"C. San Jerónimo, 3, 03370 Redován, Alicante, España",+34 616 99 02 08,,5.0,2.0,es,Google reviews: 5* / 2,OPERATIONAL,"('real_estate_agency', 'point_of_interest', 'establishment')",03370
Inmobiliaria Granero,"C. Velázquez, 5, Bajo, 03370 Redován, Alicante, España",+34 604 42 36 85,https://www.inmogranero.com/,,,es,Google reviews: * / None,OPERATIONAL,"('real_estate_agency', 'point_of_interest', 'establishment')",03370
MC Properties Inmobiliaria,"C. 6 de Diciembre, 33, bajo, 03370 Redován, Alicante, España",+34 615 82 55 80,https://www.mcproperties.com.es/,,,es,Google reviews: * / None,OPERATIONAL,"('real_estate_agency', 'point_of_interest', 'establishment')",03370
Avanza Inmuebles,"Av. Constitución, 104, entlo-B, 03400 Villena, Alicante, España",+34 966 11 95 54,https://www.avanzainmuebles.com/,4.5,121.0,es,Google reviews: 4.5* / 121,OPERATIONAL,"('real_estate_agency', 'point_of_interest', 'establishment')",03400
Kasaveintiuno,"C. Cervantes, 19, bajo izquierda, 03400 Villena, Alicante, España",+34 687 85 24 14,http://www.kasa21.es/,4.6,31.0,es,Google reviews: 4.6* / 31,OPERATIONAL,"('real_estate_agency', 'point_of_interest', 'establishment')",03400
Inmoden Costa,"Parque Ruperto Chapí, 7, 03400 Villena, Alicante, España",+34 965 80 82 80,http://www.inmodencosta.com/,4.6,8.0,es,Google reviews: 4.6* / 8,OPERATIONAL,"('real_estate_agency', 'point_of_interest', 'establishment')",03400
Area Urbana,"Pl. el Rollo, 16c, 03400 Villena, Alicante, España",+34 965 80 75 03,http://www.asiareaurbana.com/,3.9,30.0,es,Google reviews: 3.9* / 30,OPERATIONAL,"('real_estate_agency', 'store', 'point_of_interest', 'establishment')",03400
Gomis Inmobiliaria,"C. Juan Chaumel, 1, 03400 Villena, Alicante, España",+34 965 80 53 14,,4.2,28.0,es,Google reviews: 4.2* / 28,OPERATIONAL,"('real_estate_agency', 'point_of_interest', 'establishment')",03400
Vivento,"C. de la Corredera, 36, 03400 Villena, Alicante, España",+34 865 52 51 65,http://www.vivento.es/,3.9,37.0,es,Google reviews: 3.9* / 37,OPERATIONAL,"('real_estate_agency', 'point_of_interest', 'establishment')",03400
VILLENA SERVICIOS INMOBILIARIOS Y FINANCIEROS,"C. del Cap. Postigo, 4, 03400 Villena, Alicante, España",+34 965 80 08 61,http://www.villenasinfin.com/,3.7,3.0,es,Google reviews: 3.7* / 3,OPERATIONAL,"('real_estate_agency', 'point_of_interest', 'establishment')",03400
Fincas Biar S.L,"Carrer Sant Cristòfol, 2, 03410 Biar, Alicante, España",+34 965 81 08 91,http://www.fincasbiar.com/,4.6,68.0,en,Google reviews: 4.6* / 68,OPERATIONAL,"('real_estate_agency', 'point_of_interest', 'establishment')",03410
Inmobiliaria Inmoplans,"Carrer Cervantes, 71, 03420 Castalla, Alicante, España",+34 965 56 13 79,http://www.inmoplans.com/,3.9,34.0,es,Google reviews: 3.9* / 34,OPERATIONAL,"('real_estate_agency', 'consultant', 'point_of_interest', 'establishment')",03420
Inmo Habitat One Real Estate SL. CI,"C. Río Oca, 2B, 03420 Castalla, Alicante, España",+34 677 13 55 32,http://www.mycasa.eu/,3.7,33.0,en,Google reviews: 3.7* / 33,OPERATIONAL,"('real_estate_agency', 'consultant', 'point_of_interest', 'establishment')",03420
YENAR INMOBILIARIA,"Carrer Horta la Vila, 30, 03420 Castalla, Alicante, España",+34 966 56 06 82,https://www.yenar.com/,,,es,Google reviews: * / None,OPERATIONAL,"('real_estate_agency', 'point_of_interest', 'establishment')",03420
Mira Mira Urbana,"Carrer Camí de Cabanyes, 21, 03420 Castalla, Alicante, España",+34 619 43 17 37,https://miramiraurbana.com/,5.0,1.0,es,Google reviews: 5* / 1,OPERATIONAL,"('real_estate_agency', 'point_of_interest', 'establishment')",03420
Construcciones la Foia S.L.,"C. V.Blasco Ibáñez, Nº 4, 03420 Castalla, Alicante, España",+34 609 53 57 51,http://www.lafoiasl.com/,,,es,Google reviews: * / None,OPERATIONAL,"('real_estate_agency', 'point_of_interest', 'establishment')",03420
Inmobiliaria Avenida,"Carrer Cervantes, 10, 03430 Onil, Alicante, España",+34 965 56 47 50,https://inmobiliariaavenida.net/,4.6,29.0,es,Google reviews: 4.6* / 29,OPERATIONAL,"('real_estate_agency', 'point_of_interest', 'establishment')",03430
Inmobiliaria INMOBITRIR,,+34 605 90 28 09,https://www.inmobitrir.com/,,,es,Google reviews: * / None,OPERATIONAL,"('real_estate_agency', 'establishment')",
Alicante Dream Homes,"Calle Comparsa Moros Beduinos, 5, Local 1, 03610 Petrer, Alicante, España",+34 645 74 61 76,http://www.alicantedreamhomes.com/,4.5,102.0,en,Google reviews: 4.5* / 102,OPERATIONAL,"('real_estate_agency', 'consultant', 'general_contractor', 'point_of_interest', 'establishment')",03610
Casarrubio Inmobiliaria ,"Avinguda de la Pau, 36, 03430 Onil, Alicante, España",+34 966 55 70 89,https://www.casarrubio.com/,4.8,23.0,es,Google reviews: 4.8* / 23,OPERATIONAL,"('real_estate_agency', 'point_of_interest', 'establishment')",03430
Inmobiliaria La Foia,"Carrer Ramón y Cajal, 4, 03440 Ibi, Alicante, España",+34 966 55 27 05,http://www.inmobiliarialafoia.com/,4.8,49.0,es,Google reviews: 4.8* / 49,OPERATIONAL,"('real_estate_agency', 'point_of_interest', 'establishment')",03440
Alicante Sunshine Villas,"Avenida Historiador Bernardo Herrero 7, 03630 Sax, Alicante, España",+34 647 79 11 52,http://www.alicantesunshinevillas.com/,4.6,47.0,en,Google reviews: 4.6* / 47,OPERATIONAL,"('real_estate_agency', 'point_of_interest', 'establishment')",03630
OLCINA INMOBILIARIA,"Carrer de la Constitució, 9, 03440 Ibi, Alicante, España",+34 613 77 55 33,https://www.olcinainmobiliaria.com/,4.9,82.0,es,Google reviews: 4.9* / 82,OPERATIONAL,"('real_estate_agency', 'point_of_interest', 'establishment')",03440
Oceans Properties,,+34 722 75 17 54,https://oceans-properties.com/,,,es,Google reviews: * / None,OPERATIONAL,"('real_estate_agency', 'establishment')",
Itaca Inmobiliaria,"C. Manuel Soler, 7, local 4, 03440 Ibi, Alicante, España",+34 692 42 65 20,http://inmobiliariaitacaibi.es/,4.6,27.0,es,Google reviews: 4.6* / 27,OPERATIONAL,"('real_estate_agency', 'point_of_interest', 'establishment')",03440
Inmobiliaria Guillem,"Carrer Major, 35, 03440 Ibi, Alicante, España",+34 688 98 33 66,http://www.inmobiliariaguillem.com/,4.6,47.0,es,Google reviews: 4.6* / 47,OPERATIONAL,"('real_estate_agency', 'point_of_interest', 'establishment')",03440
mondo inmobiliarias onil,"Carrer Portal, nº 1, 03430 Onil, Alicante, España",+34 655 56 65 71,http://www.mondoinmobiliaria.com/es/donde-estamos.html,4.0,7.0,es,Google reviews: 4* / 7,OPERATIONAL,"('real_estate_agency', 'point_of_interest', 'establishment')",03430
Luxury Properties Alicante,"Carrer Cardenal Payá, 4, 03430 Onil, Alicante, España",+34 965 56 55 99,,,,es,Google reviews: * / None,OPERATIONAL,"('real_estate_agency', 'point_of_interest', 'establishment')",03430
Servicios Inmobiliarios INTERWORLD ,"Carrer Metge Antonio Anguiz, 1, 03440 Ibi, Alicante, España",+34 965 08 89 02,http://www.interworldibi.com/,4.4,96.0,es,Google reviews: 4.4* / 96,OPERATIONAL,"('real_estate_agency', 'consultant', 'point_of_interest', 'establishment')",03440
Inmobiliaria Rojas y Administración Fincas Rojas,"Av. de Juan Carlos I, 63, 03440 Ibi, Alicante, España",+34 616 01 53 92,http://www.inmobiliariarojas.es/,4.3,32.0,es,Google reviews: 4.3* / 32,OPERATIONAL,"('real_estate_agency', 'point_of_interest', 'establishment')",03440
FincasJM Gestión Inmobiliaria,"Carrer Ramón y Cajal, 9, 03440 Ibi, Alicante, España",+34 647 68 70 29,http://www.fincasjm.es/,4.7,9.0,es,Google reviews: 4.7* / 9,OPERATIONAL,"('real_estate_agency', 'point_of_interest', 'establishment')",03440
Area Inmobiliaria Pastor SL,"Av. de la Pau, 36, 03440 Ibi, Alicante, España",+34 966 55 34 34,http://www.inmobiliariapastor.com/,4.4,15.0,es,Google reviews: 4.4* / 15,OPERATIONAL,"('real_estate_agency', 'point_of_interest', 'establishment')",03440
KASA10 INMOBILIARIA,"Carrer Nou d'Octubre, 18, Bajo, 03440 Ibi, Alicante, España",+34 692 67 17 10,http://www.kasa10.com/,3.4,13.0,es,Google reviews: 3.4* / 13,OPERATIONAL,"('real_estate_agency', 'finance', 'consultant', 'point_of_interest', 'establishment')",03440
amatu-CASA inmobiliaria,"Carrer Dr. Ochoa, 2, 03440 Ibi, Alicante, España",+34 676 02 80 38,http://www.amatu-casa.com/,5.0,5.0,es,Google reviews: 5* / 5,OPERATIONAL,"('real_estate_agency', 'point_of_interest', 'establishment')",03440
Topcosta Estates,"Av. de Juan Carlos I, 59, 03440 Ibi, Alicante, España",+34 671 41 87 58,https://www.topcostaestates.com/,4.8,4.0,nl,Google reviews: 4.8* / 4,OPERATIONAL,"('real_estate_agency', 'point_of_interest', 'establishment')",03440
Inmo in,"Carrer Reis Catòlics, 5, 03440 Ibi, Alicante, España",+34 629 57 35 34,,3.3,14.0,es,Google reviews: 3.3* / 14,OPERATIONAL,"('real_estate_agency', 'point_of_interest', 'establishment')",03440
Afinem,"Carrer Ramón y Cajal, 2, 03440 Ibi, Alicante, España",+34 966 55 29 79,,1.0,1.0,es,Google reviews: 1* / 1,OPERATIONAL,"('real_estate_agency', 'point_of_interest', 'establishment')",03440
Inmochoclan,"Carrer Pintor Aparicio, 33, 03003 Alacant, Alicante, España",+34 608 27 00 99,http://www.inmochoclan.com/,4.5,11.0,es,Google reviews: 4.5* / 11,OPERATIONAL,"('real_estate_agency', 'point_of_interest', 'establishment')",03003
Vivienda en Alicante Inmobiliaria,"Av. Eusebio Sempere, 4, Entreplanta Izquierda, 03003 Alicante (Alacant), Alicante, España",+34 611 71 45 27,http://viviendaenalicante.com/,5.0,1.0,es,Google reviews: 5* / 1,OPERATIONAL,"('real_estate_agency', 'point_of_interest', 'establishment')",03003
Inmobiliaria Planet House,"C. Susana Llaneras, 51, 03001 Alicante (Alacant), Alicante, España",+34 617 38 64 77,,5.0,1.0,es,Google reviews: 5* / 1,OPERATIONAL,"('real_estate_agency', 'point_of_interest', 'establishment')",03001
Euroloix,"Av. del Mediterráneo, 64, 03503 Benidorm, Alicante, España",+34 965 85 98 89,http://www.euroloix.com/,4.0,161.0,es,Google reviews: 4* / 161,OPERATIONAL,"('real_estate_agency', 'point_of_interest', 'establishment')",03503
GRUPO OLA AZUL INMOBILIARIA,"Av. Juan Fuster Zaragoza, 10, 03503 Benidorm, Alicante, España",+34 965 85 19 27,http://www.grupolaazul.com/,4.4,65.0,es,Google reviews: 4.4* / 65,OPERATIONAL,"('real_estate_agency', 'lodging', 'point_of_interest', 'establishment')",03503
Fincas Benidorm,"Fincas Benidorm, Av. de Madrid, 23, 03503 Benidorm, Alicante, España",+34 965 85 17 71,http://www.fincasbenidorm.com/,3.3,156.0,es,Google reviews: 3.3* / 156,OPERATIONAL,"('real_estate_agency', 'point_of_interest', 'establishment')",03503
Inmobiliaria en Benidorm BENIPISOS,"C. del Esperanto, 4, LOCAL2, 03503 Benidorm, Alicante, España",+34 675 58 59 40,http://www.benipisos.com/,3.9,28.0,es,Google reviews: 3.9* / 28,OPERATIONAL,"('real_estate_agency', 'consultant', 'point_of_interest', 'establishment')",03503
Inmobiliaria Medrano,"Carrer del Secretario Juan Antonio Baldovi, 03502 Benidorm, Alicante, España",+34 965 85 48 53,https://www.inmobiliariamedrano.es/,4.2,79.0,es,Google reviews: 4.2* / 79,OPERATIONAL,"('real_estate_agency', 'point_of_interest', 'establishment')",03502
Torres Inmobiliaria,"Av. de Benidorm, 17, 03509 Finestrat, Alicante, España",+34 645 78 82 74,http://www.torresfinestrat.com/,4.8,17.0,ca,Google reviews: 4.8* / 17,OPERATIONAL,"('real_estate_agency', 'general_contractor', 'point_of_interest', 'establishment')",03509
Fincas La Cala,"Avda Marina Baixa, 14, loc 4, 03509 Finestrat, Alicante, España",+34 966 80 28 04,http://www.fincaslacala.com/,4.3,64.0,es,Google reviews: 4.3* / 64,OPERATIONAL,"('real_estate_agency', 'point_of_interest', 'establishment')",03509
Inmobiliaria Gestoria Climent,"Av. de Benidorm, 11, 03509 Finestrat, Alicante, España",+34 965 87 82 09,https://www.miguelcliment.es/,4.1,39.0,es,Google reviews: 4.1* / 39,OPERATIONAL,"('real_estate_agency', 'point_of_interest', 'establishment')",03509
REMAX Inmomas II Benidorm,"Avinguda País Valencià, 2, 03509 Finestrat, Alicante, España",+34 966 66 56 51,http://www.inmomas.remax.es/,4.8,164.0,es,Google reviews: 4.8* / 164,OPERATIONAL,"('real_estate_agency', 'point_of_interest', 'establishment')",03509
Alegria Real Estate ( 03509 ),"Avinguda País Valencià, 2, 03509 Finestrat, Alicante, España",+34 625 90 94 27,https://alegria-realestate.com/,4.6,66.0,es,Google reviews: 4.6* / 66,OPERATIONAL,"('real_estate_agency', 'point_of_interest', 'establishment')",03509
Inma Sea Property,"Av. Camí de Reis, 13, Local Bajo B, 03509 Finestrat, Alicante, España",+34 652 86 02 81,https://www.inmaseaproperty.com/,5.0,11.0,es,Google reviews: 5* / 11,OPERATIONAL,"('real_estate_agency', 'point_of_interest', 'establishment')",03509
Pisos Calahome y Loterías,"Av. de la Marina Baixa, 42, 03509 Finestrat, Alicante, España",+34 966 80 43 23,http://pisoscalahome.com/,4.2,30.0,es,Google reviews: 4.2* / 30,OPERATIONAL,"('real_estate_agency', 'point_of_interest', 'establishment')",03509
Neodom Real Estate,"Av. de Finestrat, Km. 5, 03509 Finestrat, Alicante, España",+34 685 76 19 17,https://www.neodom.es/,4.5,33.0,ru,Google reviews: 4.5* / 33,OPERATIONAL,"('real_estate_agency', 'point_of_interest', 'establishment')",03509
Creative ElitHouse,"Av. de la Marina Baixa, 3, Local 4, 03509 Benidorm, Alicante, España",+34 618 43 30 02,http://elithouse.es/,4.9,11.0,ru,Google reviews: 4.9* / 11,OPERATIONAL,"('real_estate_agency', 'point_of_interest', 'establishment')",03509
Constance Hage,"Calle Riu de la Tapiada, 21, 03509 Finestrat, Alicante, España",+34 647 53 97 37,https://www.linkedin.com/in/constancehage/,5.0,1.0,nl,Google reviews: 5* / 1,OPERATIONAL,"('real_estate_agency', 'point_of_interest', 'establishment')",03509
Real Vida Immo & Property Tours,"Carrer Costa Dorada, 1, 03509 Finestrat, Alicante, España",+34 639 56 31 95,https://realvidapropertytours.com/,5.0,7.0,es,Google reviews: 5* / 7,OPERATIONAL,"('real_estate_agency', 'point_of_interest', 'establishment')",03509
Spanish Life,"Carrer Migjorn, 3, 03570 Benidorm, Alicante, España",+34 865 45 01 87,https://spanish-life.estate/es/,5.0,7.0,uk,Google reviews: 5* / 7,OPERATIONAL,"('real_estate_agency', 'point_of_interest', 'establishment')",03570
MILPISOS,"Av. Rosa dels Vents, 9, local 12, 03570 Benidorm, Alicante, España",+34 966 80 83 94,http://www.milpisos.es/,3.9,102.0,es,Google reviews: 3.9* / 102,OPERATIONAL,"('real_estate_agency', 'point_of_interest', 'establishment')",03570
Elite Spain Houses,"On line Estate, 03509 Finestrat, Alicante, España",+34 601 90 25 73,http://www.elitespainhouses.com/,4.2,29.0,it,Google reviews: 4.2* / 29,OPERATIONAL,"('real_estate_agency', 'point_of_interest', 'establishment')",03509
costaluxinvest,"C. Segovia, 19, 03509 Finestrat, Alicante, España",+34 601 90 17 79,https://www.costaluxinvest.es/?utm_source=google&utm_medium=wix_google_business_profile&utm_campaign=10587167898334781794,5.0,3.0,ru,Google reviews: 5* / 3,OPERATIONAL,"('real_estate_agency', 'point_of_interest', 'establishment')",03509
Inmokalas,"Av. de la Marina Baixa, 29, local 14, 03509 Benidorm, Alicante, España",+34 656 99 74 52,https://inmokalas.com/,4.8,12.0,es,Google reviews: 4.8* / 12,OPERATIONAL,"('real_estate_agency', 'point_of_interest', 'establishment')",03509
Sublicasa Real Estate,"C. Copenhague, 28, 03509 Finestrat, Alicante, España",+34 691 26 62 54,http://www.sublicasa.com/,4.6,24.0,nl,Google reviews: 4.6* / 24,OPERATIONAL,"('real_estate_agency', 'consultant', 'point_of_interest', 'establishment')",03509
INMOBLANCA123,"Partida de Hortetes, 3, 03509 Finestrat, Alicante, España",+34 664 13 40 76,,3.0,2.0,es,Google reviews: 3* / 2,OPERATIONAL,"('real_estate_agency', 'point_of_interest', 'establishment')",03509
Costa Blanca Grup,"Carrer Marinada, 7, local 4, 03570 Benidorm, Alicante, España",+34 622 94 69 11,https://costablancagrup.com/,4.7,14.0,ru,Google reviews: 4.7* / 14,OPERATIONAL,"('real_estate_agency', 'point_of_interest', 'establishment')",03570
Cala Bahía,"Residencial ""Calasol"", Av. de la Marina Baixa, 3, 03509 Finestrat, Alicante, España",+34 966 83 09 44,,3.8,52.0,es,Google reviews: 3.8* / 52,OPERATIONAL,"('real_estate_agency', 'consultant', 'point_of_interest', 'establishment')",03509
Inmobiliaria Beach Benidorm,"Av/ Benissa 3 Edificio Alborán Planta 10E, 03502 Benidorm, Alicante, España",+34 618 04 57 76,https://www.beachbenidorm.es/,4.7,27.0,es,Google reviews: 4.7* / 27,OPERATIONAL,"('real_estate_agency', 'point_of_interest', 'establishment')",03502
Inmobiliaria KDGest / Недвижимость KDGest,"local 1, Av. de la Marina Baixa, 13, 03509, Alicante, España",+34 678 76 50 38,http://www.kdgest.com/,4.1,15.0,es,Google reviews: 4.1* / 15,OPERATIONAL,"('real_estate_agency', 'point_of_interest', 'establishment')",03509
Deniz Estate,"Carrer Migjorn, 3, 03570 Benidorm, Alicante, España",+34 865 44 30 04,https://deniz-estate.com/,4.1,39.0,ru,Google reviews: 4.1* / 39,OPERATIONAL,"('real_estate_agency', 'point_of_interest', 'establishment')",03570
5 Senses Homes by Promogama,"Carrer Praga, 60, 03509 Finestrat, Alicante, España",+34 601 98 76 39,http://www.ninmar.com/,5.0,1.0,es,Google reviews: 5* / 1,OPERATIONAL,"('real_estate_agency', 'point_of_interest', 'establishment')",03509
PuertoSal Inmobiliaria,"Carrer Berna, 03509 Finestrat, Alicante, España",+34 672 65 80 97,,3.5,2.0,es,Google reviews: 3.5* / 2,OPERATIONAL,"('real_estate_agency', 'point_of_interest', 'establishment')",03509
Costa Activa,"Av. de la Armada Española, 26, Local 4, 03502 Benidorm, Alicante, España",+34 966 88 27 03,https://costactiva.com/,4.8,52.0,es,Google reviews: 4.8* / 52,OPERATIONAL,"('real_estate_agency', 'general_contractor', 'consultant', 'point_of_interest', 'establishment')",03502
ZAGO ESTATE SL,"Calle Alfaz del PI, Carrer Gandia, esquina, 03509 Finestrat, Alicante, España",+34 633 84 04 57,http://zagoestate.com/,5.0,1.0,es,Google reviews: 5* / 1,OPERATIONAL,"('real_estate_agency', 'point_of_interest', 'establishment')",03509
Properties Spain powered by eXp,"Calle Dr. Server, 3, 03502 Benidorm, Alicante, España",+34 648 02 28 74,https://mypropertiesspain.com/,5.0,13.0,en,Google reviews: 5* / 13,OPERATIONAL,"('real_estate_agency', 'point_of_interest', 'establishment')",03502
Agencia Inmobiliaria Altair,"Av. de la Marina Baixa, 13, 1A, 03509 Benidorm, Alicante, España",+34 678 76 50 38,,4.0,2.0,es,Google reviews: 4* / 2,OPERATIONAL,"('real_estate_agency', 'point_of_interest', 'establishment')",03509
Araestate Inmobiliaria,"Av. Rosa dels Vents, 5, Local 2A, 03570 Benidorm, Alicante, España",+34 603 15 35 44,http://araestate.com/,4.6,25.0,es,Google reviews: 4.6* / 25,OPERATIONAL,"('real_estate_agency', 'point_of_interest', 'establishment')",03570
Rise,"C. Viena, 47, 03509 Finestrat, Alicante, España",+34 966 23 00 30,,5.0,1.0,es,Google reviews: 5* / 1,OPERATIONAL,"('real_estate_agency', 'general_contractor', 'point_of_interest', 'establishment')",03509
Hilltop Inmobiliaria,,+34 965 06 33 29,,,,es,Google reviews: * / None,OPERATIONAL,"('real_estate_agency', 'establishment')",
Centre de Negocis Terramar ,"Avinguda País Valencià, 7, 03509 Finestrat, Alicante, España",+34 966 80 48 63,http://terramarcentrodenegocios.es/,4.2,35.0,ca,Google reviews: 4.2* / 35,OPERATIONAL,"('real_estate_agency', 'point_of_interest', 'establishment')",03509
Virbel,"Av. Rosa de los Vientos, 17, local 8, 03570 Villajoyosa, Alicante, España",+34 669 48 43 95,https://www.virbel.net/,4.4,7.0,es,Google reviews: 4.4* / 7,OPERATIONAL,"('real_estate_agency', 'point_of_interest', 'establishment')",03570
NM COSTABLANCA HOME,"Av. Vicente Llorca Alós, 2, 03502 Benidorm, Alicante, España",+34 679 30 68 25,https://www.nmcostablancahome.com/,5.0,22.0,es,Google reviews: 5* / 22,OPERATIONAL,"('real_estate_agency', 'point_of_interest', 'establishment')",03502
Gestión Inmobiliaria Virgen de Belén S.L.,"Av. de la Marina Baixa, 12, 03509 Benidorm, Alicante, España",+34 966 80 79 31,,3.0,2.0,es,Google reviews: 3* / 2,OPERATIONAL,"('real_estate_agency', 'point_of_interest', 'establishment')",03509
Inmo Benidorm,"C. Isla Mallorca, 36, 03509 Golf Bahía, Alicante, España",+34 671 03 82 17,,,,es,Google reviews: * / None,OPERATIONAL,"('real_estate_agency', 'point_of_interest', 'establishment')",03509
Vinal,"Av. de la Marina Baixa, 3, 03509 Benidorm, Alicante, España",+34 966 80 88 91,,3.0,1.0,es,Google reviews: 3* / 1,OPERATIONAL,"('real_estate_agency', 'point_of_interest', 'establishment')",03509
Horus Real Estate ,"Av. de Mont Benidorm, 11, local 3, 03502 Benidorm, Alicante, España",+34 653 51 77 04,https://horusre.net/,5.0,3.0,es,Google reviews: 5* / 3,OPERATIONAL,"('real_estate_agency', 'point_of_interest', 'establishment')",03502
INMOBILIARIA MEDITERRÁNEO,"Av. Rei Jaume I, 30, 03501 Benidorm, Alicante, España",+34 620 88 66 20,https://www.inmobiliariamediterraneo.es/,4.4,71.0,es,Google reviews: 4.4* / 71,OPERATIONAL,"('real_estate_agency', 'point_of_interest', 'establishment')",03501
benidormarenda.com,"C. la Cala, 2, Piso 2, Puerta 3, 03502 Benidorm, Alicante, España",+34 699 44 93 37,,5.0,1.0,ca,Google reviews: 5* / 1,OPERATIONAL,"('real_estate_agency', 'point_of_interest', 'establishment')",03502
LA KASA BLANCA HOUSE,"C/ L'Alfas del Pi, 3, Edificio Coblanca 28, Local 16, 03502 Benidorm, Alicante, España",+34 966 80 81 78,http://www.lakasablancahouse.es/,3.5,4.0,es,Google reviews: 3.5* / 4,OPERATIONAL,"('real_estate_agency', 'point_of_interest', 'establishment')",03502
Spain Time Realty,"Av. Mariners de la Vila Joiosa, 15, local 3, 03570 La Vila Joiosa, Alicante, España",+34 966 80 11 60,http://www.spaintime.es/,4.0,38.0,ru,Google reviews: 4* / 38,OPERATIONAL,"('real_estate_agency', 'point_of_interest', 'establishment')",03570
Laima Estate,"Av. Rosa de los Vientos, 5, local 2A, 03570 Benidorm, Alicante, España",+34 624 55 08 54,https://www.laimaestate.com/,4.0,4.0,es,Google reviews: 4* / 4,OPERATIONAL,"('real_estate_agency', 'point_of_interest', 'establishment')",03570
COQUETA HOMES,"C. Isla Mallorca, 03509 Golf Bahía, Alicante, España",,http://coquetahomes.com/,5.0,1.0,es,Google reviews: 5* / 1,OPERATIONAL,"('real_estate_agency', 'point_of_interest', 'establishment')",03509
MONICA HOUSES REAL ESTATE,"Av. de Benidorm, 46, 03570 La Vila Joiosa, Alicante, España",+34 604 40 50 51,https://www.monicahouses.com/,5.0,70.0,es,Google reviews: 5* / 70,OPERATIONAL,"('real_estate_agency', 'point_of_interest', 'establishment')",03570
Inmobiliaria Casero Habitat,"Av. del País Valencià, 27, local 3, 03570 La Vila Joiosa, Alicante, España",+34 644 33 30 09,https://caserohabitat.com/,4.7,47.0,es,Google reviews: 4.7* / 47,OPERATIONAL,"('real_estate_agency', 'point_of_interest', 'establishment')",03570
Inmobiliaria Alone,"Carrer Calvari Convent, 3, 03510 Callosa d'en Sarrià, Alicante, España",+34 965 88 23 91,http://inmobiliaria-alone.es/,3.0,1.0,es,Google reviews: 3* / 1,OPERATIONAL,"('real_estate_agency', 'point_of_interest', 'establishment')",03510
Administraciones Callosa S L,"Carrer Cervantes, 19, 03510 Callosa d'en Sarrià, Alicante, España",+34 965 88 22 22,,2.5,2.0,es,Google reviews: 2.5* / 2,OPERATIONAL,"('real_estate_agency', 'point_of_interest', 'establishment')",03510
Inmovalle,"Ctra. d'Alcoi, 14, Local 4, 03516 Benimantell, Alicante, España",+34 617 66 49 73,http://www.inmovalle.es/,4.6,24.0,es,Google reviews: 4.6* / 24,OPERATIONAL,"('real_estate_agency', 'point_of_interest', 'establishment')",03516
inmobiliaria urban polop,"Carrer Gabriel Miró, 35, 03520 Polop, Alicante, España",+34 653 94 50 28,http://www.urban-polop.com/,3.5,50.0,nl,Google reviews: 3.5* / 50,OPERATIONAL,"('real_estate_agency', 'point_of_interest', 'establishment')",03520
ELENA CHERNOVA ASESORA INMOBILIARIA POLOP,"03520 Polop, Alicante, España",+34 654 59 62 18,https://www.iadespana.es/agente-inmobiliario/elena.chernova,,,es,Google reviews: * / None,OPERATIONAL,"('real_estate_agency', 'point_of_interest', 'establishment')",03520
KONNA HOMES Costa Blanca Real Estate,,+34 622 16 65 06,https://www.konnahomes.com/,5.0,18.0,es,Google reviews: 5* / 18,OPERATIONAL,"('real_estate_agency', 'establishment')",
Activa Casas Inmobiliaria,"Av. de Aguilera, 36, 3ºA, 03006 Alicante (Alacant), Alicante, España",+34 671 11 15 73,http://activacasas.com/,4.8,17.0,es,Google reviews: 4.8* / 17,OPERATIONAL,"('real_estate_agency', 'point_of_interest', 'establishment')",03006
APINucia Inmobiliaria,"Carrer de Guadalest, 21, Local 10 Apinucia, 03530 La Nucia, Alicante, España",+34 965 87 03 68,https://www.apinucia.es/,5.0,1.0,es,Google reviews: 5* / 1,OPERATIONAL,"('real_estate_agency', 'point_of_interest', 'establishment')",03530
inmoNUCIA,"Avinguda de la Marina Baixa, 68, 03530 La Nucia, Alicante, España",+34 966 89 53 66,http://www.inmonucia.com/,4.3,57.0,es,Google reviews: 4.3* / 57,OPERATIONAL,"('real_estate_agency', 'point_of_interest', 'establishment')",03530
Home Contact Inmobiliaria,,+34 865 60 66 21,http://www.homecontact.es/,3.8,5.0,es,Google reviews: 3.8* / 5,OPERATIONAL,"('real_estate_agency', 'establishment')",
Cimma Real Estate,"Plaza Del Sol, Avinguda de Coloma, 1 Cc, Loc 1-2, 03530 La Nucía, Alicante, España",+34 965 99 23 18,https://cimmarealestate.com/,4.3,48.0,es,Google reviews: 4.3* / 48,OPERATIONAL,"('real_estate_agency', 'point_of_interest', 'establishment')",03530
Find It Real Estate,,+34 658 62 92 80,https://www.finditrealestate.com/,5.0,10.0,es,Google reviews: 5* / 10,OPERATIONAL,"('real_estate_agency', 'consultant', 'establishment')",
Vicaelx Inmobiliaria,"Av. d'Altea, 2, local B, 03530 La Nucía, Alicante, España",+34 965 85 09 82,,4.7,13.0,es,Google reviews: 4.7* / 13,OPERATIONAL,"('real_estate_agency', 'point_of_interest', 'establishment')",03530
Hgu inmobiliaria,"Carrer Argentina, 1, Local 7, 03530 La Nucía, Alicante, España",+34 966 87 61 14,https://www.hgu.es/,5.0,2.0,es,Google reviews: 5* / 2,OPERATIONAL,"('real_estate_agency', 'point_of_interest', 'establishment')",03530
YOUR HOME by the sea,,+34 686 43 99 46,,5.0,6.0,es,Google reviews: 5* / 6,OPERATIONAL,"('real_estate_agency', 'establishment')",
Agente Inmobiliario REMAX,"Coronel, C. Comandante Seva, 49, 03550 Sant Joan d'Alacant, Alicante, España",+34 614 48 67 55,,,,es,Google reviews: * / None,OPERATIONAL,"('real_estate_agency', 'point_of_interest', 'establishment')",03550
CJP | Real Estate Group,"Villa Marco Village, Av. del Fabraquer, 38, Local 13-15 (C.C, 03560 Alicante (Alacant), Alicante, España",+34 614 51 25 21,https://www.realestatecjp.com/,5.0,80.0,en,Google reviews: 5* / 80,OPERATIONAL,"('real_estate_agency', 'point_of_interest', 'establishment')",03560
Dalia,"Carrer Dr. Ivorra, 42, 03550 Sant Joan d'Alacant, Alicante, España",+34 644 79 07 96,,,,es,Google reviews: * / None,OPERATIONAL,"('real_estate_agency', 'point_of_interest', 'establishment')",03550
AKRA tasaciones,"Avinguda de, C/ Jaume I, 28, 03550 Sant Joan d'Alacant, Alicante, España",+34 692 68 77 56,https://www.akratasaciones.com/,4.9,7.0,es,Google reviews: 4.9* / 7,OPERATIONAL,"('real_estate_agency', 'finance', 'point_of_interest', 'establishment')",03550
ÓPALO Gestión Inmobiliaria,"C/ de Juan Ramón Jiménez, 28, 03560 El Campello, Alicante, España",+34 865 81 56 10,http://opaloinmobiliaria.com/,3.9,42.0,es,Google reviews: 3.9* / 42,OPERATIONAL,"('real_estate_agency', 'point_of_interest', 'establishment')",03560
Percan Inmobiliaria,"C. García Lorca, 1, 03560 El Campello, Alicante, España",+34 965 63 68 03,http://www.percan.es/,4.4,43.0,es,Google reviews: 4.4* / 43,OPERATIONAL,"('real_estate_agency', 'general_contractor', 'point_of_interest', 'establishment')",03560
Inmohelptel,"Ctra. Benimagrell, 11, 03560 El Campello, Alicante, España",+34 615 97 02 89,https://www.inmobiliariahelptel.es/,4.6,14.0,es,Google reviews: 4.6* / 14,OPERATIONAL,"('real_estate_agency', 'point_of_interest', 'establishment')",03560
Tavolini Home · Servicios Inmobiliarios,"C. Sant Bartomeu, 122, 03560 El Campello, Alicante, España",+34 633 72 60 22,http://www.tavolinihome.com/,4.6,39.0,de,Google reviews: 4.6* / 39,OPERATIONAL,"('real_estate_agency', 'point_of_interest', 'establishment')",03560
Confirma Inmobiliaria,"C. Sant Bartomeu, 81, 03560 El Campello, Alicante, España",+34 865 55 55 11,http://www.grupoconfirma.com/,4.4,20.0,es,Google reviews: 4.4* / 20,OPERATIONAL,"('real_estate_agency', 'condominium_complex', 'lawyer', 'accounting', 'finance', 'consultant', 'point_of_interest', 'establishment')",03560
INMOTHOMAS,"Av. Jaime I el Conquistador, 13, local e, 03560 El Campello, Alicante, España",+34 611 54 90 95,https://www.inmothomas.com/,4.8,8.0,es,Google reviews: 4.8* / 8,OPERATIONAL,"('real_estate_agency', 'point_of_interest', 'establishment')",03560
Inmobiliaria Cala d'or Property Services,"C. d'Oriola, 1, 03560 El Campello, Alicante, España",+34 607 07 80 37,http://www.caladorcostablanca.com/,4.2,29.0,es,Google reviews: 4.2* / 29,OPERATIONAL,"('real_estate_agency', 'point_of_interest', 'establishment')",03560
Grupo K s Properties,"Avenida San Bartlome 126 bj esquina calle Sant Francesc, 22, Carrer Sant Pere, 18, 03560 El Campello, Alicante, España",+34 965 63 60 95,http://www.grupoks.net/,3.3,9.0,es,Google reviews: 3.3* / 9,OPERATIONAL,"('real_estate_agency', 'point_of_interest', 'establishment')",03560
Pau Promociones,"Carrer del Curricán, 14, 03560 El Campello, Alicante, España",+34 965 63 01 06,,5.0,2.0,es,Google reviews: 5* / 2,OPERATIONAL,"('real_estate_agency', 'point_of_interest', 'establishment')",03560
INMO CAMPELLO,"Carrer de la Figuera, 4, local, 03560, 03560 El Campello, Alicante, España",+34 965 65 78 58,,3.6,11.0,es,Google reviews: 3.6* / 11,OPERATIONAL,"('real_estate_agency', 'point_of_interest', 'establishment')",03560
Inmobiliaria Osnola,"C. Sant Bartomeu, 65, 03560 El Campello, Alicante, España",+34 625 56 74 30,https://inmobiliariaosnola.com.es/,5.0,1.0,es,Google reviews: 5* / 1,OPERATIONAL,"('real_estate_agency', 'point_of_interest', 'establishment')",03560
Alexander Spain Real Estate,"San Bartolomé, 103, Local B, 03560 El Campello, Alicante, España",+34 658 89 15 23,http://www.alexanderspain.com/,5.0,6.0,es,Google reviews: 5* / 6,OPERATIONAL,"('real_estate_agency', 'point_of_interest', 'establishment')",03560
Puertalmar Inmobiliaria El Campello,"C. Lisboa, 160, 03560 El Campello, Alicante, España",+34 865 55 15 23,http://www.puertalmar.com/,5.0,2.0,es,Google reviews: 5* / 2,OPERATIONAL,"('real_estate_agency', 'point_of_interest', 'establishment')",03560
333 team Alicante property experts agency,"Av. del Fabraquer, 38, 03560 El Campello, Alicante, España",+34 693 33 00 99,https://www.costa.top/,5.0,6.0,en,Google reviews: 5* / 6,OPERATIONAL,"('real_estate_agency', 'point_of_interest', 'establishment')",03560
Lion Real Estate Group SL,"San Bartolomé, 33, local 7, 03560 El Campello, Alicante, España",+34 679 63 01 80,http://www.lionrealestategroup.com/,4.6,23.0,es,Google reviews: 4.6* / 23,OPERATIONAL,"('real_estate_agency', 'point_of_interest', 'establishment')",03560
Inmobiliaria RM,"​C. del Vicari Samuel Riquelme, 4, 03560 El Campello, Alicante, España",+34 722 59 19 40,https://www.inmobiliaria-rm.com/,5.0,1.0,es,Google reviews: 5* / 1,OPERATIONAL,"('real_estate_agency', 'point_of_interest', 'establishment')",03560
Inmobiliaria Gloriamar,"Ctra. Benimagrell, 11, 03560 El Campello, Alicante, España",+34 965 65 26 62,,3.4,5.0,es,Google reviews: 3.4* / 5,OPERATIONAL,"('real_estate_agency', 'point_of_interest', 'establishment')",03560
First Villas Costa Blanca,"C. Sant Bartomeu, 33, 03560 El Campello, Alicante, España",+34 609 10 74 06,https://firstvillascostablanca.com/,5.0,2.0,es,Google reviews: 5* / 2,OPERATIONAL,"('real_estate_agency', 'point_of_interest', 'establishment')",03560
Solvia Inmobiliaria ( 03560 ),"C. Sant Bartomeu, 55, 03560 El Campello, Alicante, España",+34 679 48 50 72,https://www.solvia.es/,3.3,38.0,es,Google reviews: 3.3* / 38,OPERATIONAL,"('real_estate_agency', 'point_of_interest', 'establishment')",03560
Costa Colijn,"Av. d'Espanya, 30, 03560 El Campello, Alicante, España",+34 644 23 89 50,https://www.costacolijn.nl/,5.0,2.0,nl,Google reviews: 5* / 2,OPERATIONAL,"('real_estate_agency', 'point_of_interest', 'establishment')",03560
El Campello Apartments,"Avinguda de Germanies, 4, 03560 El Campello, Alicante, España",,https://www.facebook.com/CampelloHomesInvest,,,en,Google reviews: * / None,OPERATIONAL,"('real_estate_agency', 'point_of_interest', 'establishment')",03560
VillaCare,"Carrer dels Molins, 6, 03560 El Campello, Alicante, España",+34 660 47 48 05,http://www.villacare.eu/,3.5,12.0,es,Google reviews: 3.5* / 12,OPERATIONAL,"('real_estate_agency', 'point_of_interest', 'establishment')",03560
Inmobiliaria Habitame,"Carrer d'Alboran, 4, 03560 El Campello, Alicante, España",+34 635 72 40 56,,,,es,Google reviews: * / None,OPERATIONAL,"('real_estate_agency', 'point_of_interest', 'establishment')",03560
Caktus Mantenimiento y Servicios. Jardineros en El Campello. Limpeza de Piscinas. Inmobiliaria.,"Carrer l'Alcalde José Carratala Baeza, 3, 03560 El Campello, Alicante, España",+34 635 35 40 68,http://www.campellopropertyservice.com/,4.8,19.0,es,Google reviews: 4.8* / 19,OPERATIONAL,"('real_estate_agency', 'general_contractor', 'point_of_interest', 'establishment')",03560
CH INMOBILIARIA,"Carrer de la Pinta, 6, P01, 03560 El Campello, Alicante, España",+34 674 29 74 51,,1.0,2.0,es,Google reviews: 1* / 2,OPERATIONAL,"('real_estate_agency', 'point_of_interest', 'establishment')",03560
Casas4u,"C. Sant Bartomeu, 65, 03560 El Campello, Alicante, España",+34 655 52 02 78,http://www.casas4u.nl/,,,es,Google reviews: * / None,OPERATIONAL,"('real_estate_agency', 'point_of_interest', 'establishment')",03560
Sierra de Altea Inmobiliaria,"C. Costa Blanca, 4, Lab, 03590 Altea, Alicante, España",+34 600 62 62 63,http://www.sierradealtea.com/,4.6,12.0,es,Google reviews: 4.6* / 12,OPERATIONAL,"('real_estate_agency', 'point_of_interest', 'establishment')",03590
InmoGil,"Carrer Rei Jaume I, 22, 03760 Ondara, Alicante, España",+34 626 21 67 55,http://inmogil.com/,4.5,2.0,es,Google reviews: 4.5* / 2,OPERATIONAL,"('real_estate_agency', 'point_of_interest', 'establishment')",03760
Ga Inmuebles,"Calle Juan Carlos I, 3, esc. 2, entlo, 03600 Elda, Alicante, España",+34 608 20 46 46,https://www.ga-inmuebles.es/,,,es,Google reviews: * / None,OPERATIONAL,"('real_estate_agency', 'point_of_interest', 'establishment')",03600
Villa Dolores,,+34 965 63 89 91,http://www.villacare.eu/,,,es,Google reviews: * / None,OPERATIONAL,"('real_estate_agency', 'establishment')",
Vilahome Inmobiliaria By Marta,"Carrer Colón, 109, 03570 La Vila Joiosa, Alicante, España",+34 608 04 57 07,https://www.vilahomeinmobiliaria.com/es,4.8,65.0,es,Google reviews: 4.8* / 65,OPERATIONAL,"('real_estate_agency', 'point_of_interest', 'establishment')",03570
Agence immobilier Villajoyosa MASMARSEA,"C. Barranquet, 9, bajo, 03570 La Vila Joiosa, Alicante, España",+34 647 74 10 18,http://www.masmarsea.com/,4.1,36.0,es,Google reviews: 4.1* / 36,OPERATIONAL,"('real_estate_agency', 'point_of_interest', 'establishment')",03570
Epihome agence immobilière francophone,"Carrer Cervantes, 22, 03570 La Vila Joiosa, Alicante, España",+34 966 32 14 88,http://www.epihome.com/,4.8,72.0,es,Google reviews: 4.8* / 72,OPERATIONAL,"('real_estate_agency', 'finance', 'point_of_interest', 'establishment')",03570
Grupo II Inmobiliaria,"C. Barranquet, 2, 03570 La Vila Joiosa, Alicante, España",+34 609 15 55 18,http://www.grupo2inmo.es/,4.5,21.0,es,Google reviews: 4.5* / 21,OPERATIONAL,"('real_estate_agency', 'point_of_interest', 'establishment')",03570
Inmobiliaria Jonia Estate,"Av. País Valencia, 12, bajo, 03570 Villajoyosa, Alicante, España",+34 630 48 18 02,http://www.joniaestate.com/,4.6,48.0,es,Google reviews: 4.6* / 48,OPERATIONAL,"('real_estate_agency', 'general_contractor', 'point_of_interest', 'establishment')",03570
Paradise Property Spain,"Urb. Sainvi, Partida Paraíso, 44, Torre, 3, local 4 D, 03570 La Vila Joiosa, Alicante, España",+34 678 80 94 37,http://paradisepropertyspain.com/,5.0,50.0,es,Google reviews: 5* / 50,OPERATIONAL,"('real_estate_agency', 'point_of_interest', 'establishment')",03570
Class Inmobiliaria,"Carrer Colón, 20, bajo, 03570 La Vila Joiosa, Alicante, España",+34 619 16 58 08,http://www.classinmobiliaria.es/,4.7,14.0,es,Google reviews: 4.7* / 14,OPERATIONAL,"('real_estate_agency', 'point_of_interest', 'establishment')",03570
EUROCASAS CONSULTING SL,"Carrer Colón, 99, 03570 La Vila Joiosa, Alicante, España",+34 966 05 24 22,http://www.eurocasasconsulting.com/,4.8,41.0,es,Google reviews: 4.8* / 41,OPERATIONAL,"('real_estate_agency', 'point_of_interest', 'establishment')",03570
La Vila Casas Real Estate,"Av. de Benidorm, 34, 03570 La Vila Joiosa, Alicante, España",+34 623 18 38 86,https://www.lavilacasas.com/,4.8,32.0,es,Google reviews: 4.8* / 32,OPERATIONAL,"('real_estate_agency', 'point_of_interest', 'establishment')",03570
DLeal Gestión inmobiliaria,"Av. del País Valencià, 4, bajo izquierda, 03570 La Vila Joiosa, Alicante, España",+34 600 62 70 42,https://www.dleal.es/,4.8,20.0,es,Google reviews: 4.8* / 20,OPERATIONAL,"('real_estate_agency', 'point_of_interest', 'establishment')",03570
InmoJonense,"C. Huit de Maig, 3, Local 7, 03570 La Vila Joiosa, Alicante, España",+34 965 89 04 49,http://www.inmojonense.com/,4.2,32.0,es,Google reviews: 4.2* / 32,OPERATIONAL,"('real_estate_agency', 'point_of_interest', 'establishment')",03570
Inmo 33,"03570 Villajoyosa, Alicante, España",+34 601 21 58 23,https://www.inmo33.es/section/sobre-nosotros/,5.0,4.0,es,Google reviews: 5* / 4,OPERATIONAL,"('real_estate_agency', 'point_of_interest', 'establishment')",03570
Inmobiliaria Plaça Major,"Carrer Pizarro, 11, Local 2, 03570 La Vila Joiosa, Alicante, España",+34 965 89 37 49,,5.0,10.0,es,Google reviews: 5* / 10,OPERATIONAL,"('real_estate_agency', 'point_of_interest', 'establishment')",03570
VivaMar Real Estate,"Av. Mariners de la Vila Joiosa, 03570 La Vila Joiosa, Alicante, España",+34 602 61 26 44,https://vivamarestate.com/,5.0,1.0,uk,Google reviews: 5* / 1,OPERATIONAL,"('real_estate_agency', 'point_of_interest', 'establishment')",03570
Laura Villas,,+34 627 93 19 65,http://www.lauravillas.com/,5.0,24.0,es,Google reviews: 5* / 24,OPERATIONAL,"('real_estate_agency', 'establishment')",
Gestión Inmobiliaria Baldó S.L.,"Av. País Valenciá, nº 6, Bj., Av. País Valencia, 6, local 1, 03570 Villajoyosa, Alicante, España",+34 965 89 12 46,,4.6,8.0,es,Google reviews: 4.6* / 8,OPERATIONAL,"('real_estate_agency', 'point_of_interest', 'establishment')",03570
INMOBILIARIA La Vila Inmogarden,"Av. del País Valencià, 34, 03570 La Vila Joiosa, Alicante, España",+34 623 33 37 71,,5.0,2.0,es,Google reviews: 5* / 2,OPERATIONAL,"('real_estate_agency', 'point_of_interest', 'establishment')",03570
Allonis Homes,"Plaça de la Generalitat, 10, 03570 La Vila Joiosa, Alicante, España",+34 667 76 16 10,http://www.allonishomes.com/,5.0,8.0,en,Google reviews: 5* / 8,OPERATIONAL,"('real_estate_agency', 'point_of_interest', 'establishment')",03570
LuxInvest,"C. Edeta, 3, Bloque 2, BAJO 1, 03570 Villajoyosa, Alicante, España",+34 618 68 55 51,http://www.luxinvest.eu/,4.3,6.0,ca,Google reviews: 4.3* / 6,OPERATIONAL,"('real_estate_agency', 'finance', 'consultant', 'general_contractor', 'point_of_interest', 'establishment')",03570
Expert Services,"Partida Torres Nte., 14D, 03570 Villajoyosa, Alicante, España",+380 93 497 6298,http://www.expertservices.es/,5.0,1.0,ru,Google reviews: 5* / 1,OPERATIONAL,"('real_estate_agency', 'point_of_interest', 'establishment')",03570
Fincas Secanet,"Plaça de la Generalitat, 2, 03570 La Vila Joiosa, Alicante, España",+34 965 89 42 21,http://www.fincassecanet.com/,3.4,14.0,es,Google reviews: 3.4* / 14,OPERATIONAL,"('real_estate_agency', 'point_of_interest', 'establishment')",03570
Grupo FIL,"Av. Cdad. de Requena, 2, local 1, 03570 La Vila Joiosa, Alicante, España",+34 965 89 08 19,http://www.grupofil.es/,4.4,17.0,es,Google reviews: 4.4* / 17,OPERATIONAL,"('real_estate_agency', 'point_of_interest', 'establishment')",03570
Spainluxinvest,"C. Edeta, 3, BAJO 1, 03570 Villajoyosa, Alicante, España",+34 618 68 55 51,http://www.spainluxinvest.com/,5.0,3.0,en,Google reviews: 5* / 3,OPERATIONAL,"('real_estate_agency', 'point_of_interest', 'establishment')",03570
PROM Viviendas + Servicios,"Av. Marina Baixa, 3, 03570 La Vila Joiosa, Alicante, España",+34 966 81 02 76,http://www.inmoprom.com/,5.0,2.0,es,Google reviews: 5* / 2,OPERATIONAL,"('real_estate_agency', 'point_of_interest', 'establishment')",03570
villajoyosa-immo,"Carrer Jaime Soler Urriós, 4, 03570 La Vila Joiosa, Alicante, España",+34 966 85 30 23,,4.5,2.0,de,Google reviews: 4.5* / 2,OPERATIONAL,"('real_estate_agency', 'consultant', 'point_of_interest', 'establishment')",03570
LaVilaDomus,"Urbanización Sainvi, Partida Paraíso, 44, 03570 Villajoyosa, Alicante, España",+34 965 89 34 54,http://laviladomus.com/,3.5,26.0,es,Google reviews: 3.5* / 26,OPERATIONAL,"('real_estate_agency', 'point_of_interest', 'establishment')",03570
Inmobiliaria Roma Joiosa,"Carrer Jaime Soler Urriós, 4, 03570 La Vila Joiosa, Alicante, España",+34 966 81 06 01,,,,es,Google reviews: * / None,OPERATIONAL,"('real_estate_agency', 'point_of_interest', 'establishment')",03570
"Prom 95, S.L.","Av. del País Valencià, 3, 03570 La Vila Joiosa, Alicante, España",+34 966 81 02 76,http://www.inmoprom.com/,4.4,13.0,es,Google reviews: 4.4* / 13,OPERATIONAL,"('real_estate_agency', 'general_contractor', 'point_of_interest', 'establishment')",03570
CostaBlancaHem S.L.,"Av. del País Valencià, 32, 03570 La Vila Joiosa, Alicante, España",+34 665 63 96 13,http://www.costablancahem.com/,5.0,3.0,en,Google reviews: 5* / 3,OPERATIONAL,"('real_estate_agency', 'point_of_interest', 'establishment')",03570
HappyVila Real Estate,"Carrer Arsenal, 14, 03570 Villajoyosa, Alicante, España",+34 965 89 33 94,http://www.happyvila.es/,3.5,11.0,es,Google reviews: 3.5* / 11,OPERATIONAL,"('real_estate_agency', 'point_of_interest', 'establishment')",03570
Litoral Inmobiliaria ( None ),,+34 605 46 02 79,,1.0,1.0,es,Google reviews: 1* / 1,OPERATIONAL,"('real_estate_agency', 'establishment')",
REAL COSTA HOME,"Carrer Marinada, 7, Bajos 10, 03570 Villajoyosa, Alicante, España",+34 603 22 06 98,http://www.realcostahome.es/,3.0,6.0,es,Google reviews: 3* / 6,OPERATIONAL,"('real_estate_agency', 'point_of_interest', 'establishment')",03570
Noel Picou Remax,"Urbanisacion Terramar, Avinguda Tellerola, 9, 03570 La Vila Joiosa, Alicante, España",+34 684 42 29 80,,4.8,16.0,es,Google reviews: 4.8* / 16,OPERATIONAL,"('real_estate_agency', 'consultant', 'point_of_interest', 'establishment')",03570
Allon Costa,"C.Constitució, 5, 03570 La Vila Joiosa, Alicante, España",+34 633 90 75 34,https://alloncosta.com/,,,es,Google reviews: * / None,OPERATIONAL,"('real_estate_agency', 'point_of_interest', 'establishment')",03570
Moorish Homes,"Carrer Frai Posidonio Major, 38, 03570 La Vila Joiosa, Alicante, España",+34 610 99 02 47,http://www.moorishhomes.com/,4.9,7.0,en,Google reviews: 4.9* / 7,OPERATIONAL,"('real_estate_agency', 'point_of_interest', 'establishment')",03570
IBG Realty,"Av. Mestral, 5, 03570 La Vila Joiosa, Alicante, España",+34 629 45 73 95,https://www.ibgrealty.com/,,,en,Google reviews: * / None,OPERATIONAL,"('real_estate_agency', 'point_of_interest', 'establishment')",03570
Agencia inmobiliaria AlexHomeInvest,"Carrer Llinares, 3, 03010 Alacant, Alicante, España",+34 634 30 07 94,https://alexhomeinvest.com/,5.0,5.0,ru,Google reviews: 5* / 5,OPERATIONAL,"('real_estate_agency', 'point_of_interest', 'establishment')",03010
RISEL ,"C. Susana Llaneras, 9, 03001 Alicante (Alacant), Alicante, España",+34 613 51 53 92,https://risel.com/,4.7,23.0,ru,Google reviews: 4.7* / 23,OPERATIONAL,"('real_estate_agency', 'point_of_interest', 'establishment')",03001
Rsc Property,"C. Prof. Manuel Sala, 6, 03003 Alicante (Alacant), Alicante, España",+34 618 87 11 49,http://wew.rscproperty.es/,3.7,3.0,es,Google reviews: 3.7* / 3,OPERATIONAL,"('real_estate_agency', 'point_of_interest', 'establishment')",03003
Luxinmo,"Plaza de los Deportes, 2, Local 1, 03590 Altea, Alicante, España",+34 965 04 97 67,https://www.luxinmo.com/,4.6,141.0,es,Google reviews: 4.6* / 141,OPERATIONAL,"('real_estate_agency', 'point_of_interest', 'establishment')",03590
ALBIR PROPERTY REAL ESTATE ,"Av. de Oscar Esplà, 16, 03581 L'Albir, Alicante, España",+34 966 44 33 00,https://www.albirproperty.com/,5.0,20.0,en,Google reviews: 5* / 20,OPERATIONAL,"('real_estate_agency', 'point_of_interest', 'establishment')",03581
VILLAS ALFAZ GESTION INMOBILIARIA,"centro comercial Sofia en, Camí de la Cantera, 2, local 7, 03581 El Albir, Alicante, España",+34 671 19 35 81,http://villasalfaz.com/,5.0,53.0,es,Google reviews: 5* / 53,OPERATIONAL,"('real_estate_agency', 'point_of_interest', 'establishment')",03581
HusmanHagberg Altea Dénia,"Av de l'Albir, 31, 03581 El Albir, Alicante, España",+34 652 79 99 42,https://spanien.husmanhagberg.se/en/maklare/altea/?utm_source=mybusiness&utm_medium=organic&utm_campaign=GMB&utm_content=altea,5.0,170.0,es,Google reviews: 5* / 170,OPERATIONAL,"('real_estate_agency', 'point_of_interest', 'establishment')",03581
Solalbir Inmobiliaria & Real Estate S.L.,"Cam. Viejo de Altea, 41, local 6 y 7, 03581 El Albir, Alicante, España",+34 695 59 24 02,https://solalbir.com/,4.1,32.0,es,Google reviews: 4.1* / 32,OPERATIONAL,"('real_estate_agency', 'point_of_interest', 'establishment')",03581
R E C Real Estate Agency,"Avenida L'ALBIR, 66-68 Edif.Alpisol Local3 Portal 3, 03581 Alfaz del Pi, Alicante, España",+34 673 68 92 63,https://realestatescostablanca.com/,4.6,67.0,es,Google reviews: 4.6* / 67,OPERATIONAL,"('real_estate_agency', 'finance', 'consultant', 'point_of_interest', 'establishment')",03581
Albir Confort,"Av de l'Albir, 36, 03581 El Albir, Alicante, España",+34 966 86 45 42,https://www.albirconfort.es/,4.1,87.0,es,Google reviews: 4.1* / 87,OPERATIONAL,"('real_estate_agency', 'point_of_interest', 'establishment')",03581
Real Homes Spain,"Av de l'Albir, 159, Local 1, 03581 El Albir, Alicante, España",+34 966 18 13 19,https://www.realhomespain.com/,4.3,17.0,es,Google reviews: 4.3* / 17,OPERATIONAL,"('real_estate_agency', 'point_of_interest', 'establishment')",03581
VILLAS INTERNACIONAL,"Avenida de l'Albir 80, edif, Plaza, local 3, 03581 El Albir, Alicante, España",+34 618 59 83 38,https://www.villasinternacional.com/,4.9,11.0,es,Google reviews: 4.9* / 11,OPERATIONAL,"('real_estate_agency', 'point_of_interest', 'establishment')",03581
Team Premier RE/MAX Living,,+34 642 01 97 56,http://www.remaxliving.es/,5.0,25.0,es,Google reviews: 5* / 25,OPERATIONAL,"('real_estate_agency', 'finance', 'establishment')",
Inmoluk Proprietăți Spania,"Puerto Deportivo Luis Campomanes 59, 03590 Altea, Alicante, España",+34 642 37 50 88,https://www.inmolukproprietatispania.com/,4.8,38.0,en,Google reviews: 4.8* / 38,OPERATIONAL,"('real_estate_agency', 'consultant', 'general_contractor', 'point_of_interest', 'establishment')",03590
Immo Espagne ®,"Carrer Illeta, 18, 03590 Altea, Alicante, España",+34 634 98 67 28,https://www.immoespagne.es/,5.0,50.0,fr,Google reviews: 5* / 50,OPERATIONAL,"('real_estate_agency', 'finance', 'consultant', 'point_of_interest', 'establishment')",03590
ALTEAINVEST,"Passeig del Mediterrani, 4, 03590 Altea, Alicante, España",+34 966 88 02 33,https://www.alteainvest.com/,5.0,104.0,es,Google reviews: 5* / 104,OPERATIONAL,"('real_estate_agency', 'point_of_interest', 'establishment')",03590
INMOPUERTO MEDITERRÁNEO,"Av. Corts Valencianes, 6, 03590 Altea, Alicante, España",+34 646 76 91 53,http://inmopuertomediterraneo.com/,5.0,84.0,es,Google reviews: 5* / 84,OPERATIONAL,"('real_estate_agency', 'point_of_interest', 'establishment')",03590
Premium Villas Costa Blanca,"C. la Quilla, 11, 03590 Altea, Alicante, España",+34 965 84 84 54,https://www.premium-villas-costa-blanca.com/,4.8,102.0,es,Google reviews: 4.8* / 102,OPERATIONAL,"('real_estate_agency', 'consultant', 'general_contractor', 'point_of_interest', 'establishment')",03590
Altea Life,"Plaça del Esports, 03590 Altea, Alicante, España",+34 965 03 02 38,https://www.altealife.es/,4.6,140.0,es,Google reviews: 4.6* / 140,OPERATIONAL,"('real_estate_agency', 'point_of_interest', 'establishment')",03590
Casaltea Inmobiliaria,"C. Vora La Via, 2, 03590 Altea, Alicante, España",+34 965 06 86 25,http://www.casaltea.net/,4.7,44.0,es,Google reviews: 4.7* / 44,OPERATIONAL,"('real_estate_agency', 'point_of_interest', 'establishment')",03590
Sigmaltea,,+34 649 42 86 87,http://www.sigmaltea.com/,4.9,27.0,es,Google reviews: 4.9* / 27,OPERATIONAL,"('real_estate_agency', 'establishment')",
Inmobiliaria Teresa Jordá,"Plaza Granada mascarat, 2, 03590 Altea, Alicante, España",+34 965 84 40 22,https://www.teresajorda.com/,4.6,11.0,en,Google reviews: 4.6* / 11,OPERATIONAL,"('real_estate_agency', 'point_of_interest', 'establishment')",03590
Ana Tecles Real Estate,"C. Comte d'Altea, 4, 03590 Altea, Alicante, España",+34 649 45 53 14,http://www.anatecles.com/,5.0,44.0,es,Google reviews: 5* / 44,OPERATIONAL,"('real_estate_agency', 'consultant', 'point_of_interest', 'establishment')",03590
Costa Blanca Investments ,"Puerto Deportivo Luis Campomanes, 59, 03590 Altea, Alicante, España",+34 651 77 03 68,https://www.costablancainvestments.com/?utm_source=google&utm_medium=gbp&utm_campaign=Altea&utm_id=maps,4.9,80.0,en,Google reviews: 4.9* / 80,OPERATIONAL,"('real_estate_agency', 'consultant', 'point_of_interest', 'establishment')",03590
Tobío Partner,"Calle San Pedro, 36, Local C, 03590 Altea, Alicante, España",+34 609 60 10 17,https://www.tobiopartner.com/,5.0,31.0,es,Google reviews: 5* / 31,OPERATIONAL,"('real_estate_agency', 'point_of_interest', 'establishment')",03590
Altea Hills Realty,"URB URLISA I, C. Costa Esmeralda, 132, 03590 Altea, Alicante, España",+34 673 96 40 30,https://www.alteahills.es/,4.5,202.0,es,Google reviews: 4.5* / 202,OPERATIONAL,"('real_estate_agency', 'point_of_interest', 'establishment')",03590
Inmobiliaria en Altea ,"Carrer la Trompa, 7, 03590 Altea, Alicante, España",+34 865 56 80 93,,5.0,1.0,es,Google reviews: 5* / 1,OPERATIONAL,"('real_estate_agency', 'general_contractor', 'point_of_interest', 'establishment')",03590
Costa Blanca Realty,"Cap-negret, 53a, planta baja, 03590 Altea, Alicante, España",+34 650 26 78 37,http://www.costablanca-realty.com/,4.8,23.0,es,Google reviews: 4.8* / 23,OPERATIONAL,"('real_estate_agency', 'point_of_interest', 'establishment')",03590
Eurocasa Inmobiliaria,"Carrer Garganes, 03590 Altea, Alicante, España",+34 661 18 96 25,http://www.euro-casa.info/,4.3,36.0,es,Google reviews: 4.3* / 36,OPERATIONAL,"('real_estate_agency', 'point_of_interest', 'establishment')",03590
inmoIBIS Inmobiliaria,"Av. Comunitat Valenciana, Nº9, 03590 Altea, Alicante, España",+34 636 97 08 89,http://www.inmoibis.com/,3.5,52.0,es,Google reviews: 3.5* / 52,OPERATIONAL,"('real_estate_agency', 'point_of_interest', 'establishment')",03590
Elena Hills,"Calle Suecia, Local 4, Altea Hills, 03599 Altea, Alicante, España",+34 966 88 89 96,http://www.elenahills.com/,4.6,125.0,es,Google reviews: 4.6* / 125,OPERATIONAL,"('real_estate_agency', 'point_of_interest', 'establishment')",03599
Inmobiliaria Urbaltea,"Av l'Alt Rei En Jaume I, 31, 03590 Altea, Alicante, España",+34 965 84 53 22,http://www.urbaltea.com/,4.8,9.0,es,Google reviews: 4.8* / 9,OPERATIONAL,"('real_estate_agency', 'point_of_interest', 'establishment')",03590
Dinah Properties Inmobiliaria en Altea,"Comodoro, Puerto Deportivo L'Campomanes, 03590 Altea, Alicante, España",+34 660 28 81 49,http://www.dinahproperties.com/,4.1,59.0,es,Google reviews: 4.1* / 59,OPERATIONAL,"('real_estate_agency', 'consultant', 'point_of_interest', 'establishment')",03590
RealtyVillas,"03590 Altea, Alicante, España",+34 607 42 03 63,http://realtyvillas.com/,5.0,2.0,es,Google reviews: 5* / 2,OPERATIONAL,"('real_estate_agency', 'electrician', 'general_contractor', 'point_of_interest', 'establishment')",03590
ESPHOUSES ,"Carrer Raspall, 2, 03590 Altea, Alicante, España",+34 966 88 06 08,http://www.esphouses.com/,4.7,24.0,es,Google reviews: 4.7* / 24,OPERATIONAL,"('real_estate_agency', 'point_of_interest', 'establishment')",03590
Luxury Lifestyle Services S.L.,"Carrer Benidorm, 03590 Altea, Alicante, España",+34 865 52 22 76,http://www.luxurylifestyleservices.es/,4.2,19.0,es,Google reviews: 4.2* / 19,OPERATIONAL,"('real_estate_agency', 'consultant', 'point_of_interest', 'establishment')",03590
Soluciones Altea,"C. Garganes, 3A, Local bajo, 03590 Altea, Alicante, España",+34 687 87 56 67,http://www.solucionesaltea.com/,3.9,29.0,es,Google reviews: 3.9* / 29,OPERATIONAL,"('real_estate_agency', 'point_of_interest', 'establishment')",03590
Luna Navarro Real Estate Services,"Carrer Costa Blanca, 4, Oficina 1, 03590 Altea, Alicante, España",+34 620 25 27 72,https://lunanavarro.com/,4.6,26.0,es,Google reviews: 4.6* / 26,OPERATIONAL,"('real_estate_agency', 'point_of_interest', 'establishment')",03590
Inmobancaria,,+34 647 98 30 51,http://www.inmobancaria.com/,3.0,2.0,es,Google reviews: 3* / 2,OPERATIONAL,"('real_estate_agency', 'establishment')",
Stadman International,"C. Comte d'Altea, 64, 03590 Altea, Alicante, España",+34 966 44 64 34,http://www.stadmaninternational.com/,4.8,57.0,es,Google reviews: 4.8* / 57,OPERATIONAL,"('real_estate_agency', 'point_of_interest', 'establishment')",03590
Soler & Associates International Realtors,"Cap-negret, 53a, 03590 Altea, Alicante, España",+34 605 95 55 03,http://www.conveyancingservicesspain.com/,5.0,25.0,es,Google reviews: 5* / 25,OPERATIONAL,"('real_estate_agency', 'point_of_interest', 'establishment')",03590
Neo Propiedades,"Clot de Mingot, C. Conde de Altea, 68, 03590 Altea, Alicante, España",+34 646 82 97 16,https://www.neopropiedades.es/,5.0,2.0,es,Google reviews: 5* / 2,OPERATIONAL,"('real_estate_agency', 'point_of_interest', 'establishment')",03590
S-VILLAS,"C. Corniola, 12, 03590 Altea, Alicante, España",+34 623 02 86 80,https://www.s-villas.com/,5.0,10.0,nl,Google reviews: 5* / 10,OPERATIONAL,"('real_estate_agency', 'point_of_interest', 'establishment')",03590
Alonso Mateo Homes,"Ctra. de Callosa, 21, 03590 Altea, Alicante, España",+34 865 44 30 92,https://alonsomateohomes.com/,5.0,11.0,es,Google reviews: 5* / 11,OPERATIONAL,"('real_estate_agency', 'general_contractor', 'point_of_interest', 'establishment')",03590
Select Estates,"Camí Font del Garroferet, 1, 03590 Altea, Alicante, España",+34 965 84 67 33,http://www.selectestatesspain.com/,4.4,32.0,es,Google reviews: 4.4* / 32,OPERATIONAL,"('real_estate_agency', 'point_of_interest', 'establishment')",03590
Costablancagreen,"Campomanes, C. Currica, 03590 Pueblo Mascarat, Alicante, España",+34 600 56 76 77,http://www.costablancagreen.com/,4.4,9.0,es,Google reviews: 4.4* / 9,OPERATIONAL,"('real_estate_agency', 'point_of_interest', 'establishment')",03590
Altea la Nova,"C. Sondeo, 9, Piso 143, 03599 Altea la Vieja, Alicante, España",+34 673 96 40 30,http://www.altealanova.es/,4.6,106.0,es,Google reviews: 4.6* / 106,OPERATIONAL,"('real_estate_agency', 'point_of_interest', 'establishment')",03599
Coldwell Banker Aqua Real Estate,"Costera Pont del Montcau, 7, 03590 Altea, Alicante, España",+34 966 26 60 73,https://www.coldwellbanker.es/aqua,5.0,22.0,es,Google reviews: 5* / 22,OPERATIONAL,"('real_estate_agency', 'point_of_interest', 'establishment')",03590
Europa Sol Inmobiliaria,"C. Manuel de Falla, 2, 03580 Alfaz del Pi, Alicante, España",+34 966 86 57 76,https://www.europasol.com/,4.6,70.0,es,Google reviews: 4.6* / 70,OPERATIONAL,"('real_estate_agency', 'point_of_interest', 'establishment')",03580
Punta Sol Home,"Passeig del Mediterrani, 1, Local 10 1ºPlanta Oficina 4, 03590 Altea, Alicante, España",+34 662 45 12 31,http://www.punta-sol-home.com/,4.6,50.0,es,Google reviews: 4.6* / 50,OPERATIONAL,"('real_estate_agency', 'point_of_interest', 'establishment')",03590
Protucana,"Edif. Timonel 77, B, 03590 Altea, Alicante, España",+34 965 84 47 02,http://www.protucana.com/,4.2,19.0,es,Google reviews: 4.2* / 19,OPERATIONAL,"('real_estate_agency', 'point_of_interest', 'establishment')",03590
Azur Invest,"Carrer Constitució, 1, 03590 Altea, Alicante, España",+34 965 84 58 35,https://www.azurinvest.net/,4.0,49.0,ca,Google reviews: 4* / 49,OPERATIONAL,"('real_estate_agency', 'point_of_interest', 'establishment')",03590
Greenwich Village,"03599 Altea, Alicante, España",+34 965 84 05 43,http://www.inmogreenwich.com/,4.6,29.0,es,Google reviews: 4.6* / 29,OPERATIONAL,"('real_estate_agency', 'point_of_interest', 'establishment')",03599
InmoAltea,"Carrer Garganes, 3, 03590 Altea, Alicante, España",+34 965 84 10 05,http://www.habitale.com/,4.6,7.0,es,Google reviews: 4.6* / 7,OPERATIONAL,"('real_estate_agency', 'point_of_interest', 'establishment')",03590
Inmobiliaria Spainville Villa Gadea,"Urb. Villa Gadea, local 3, N-332, 03590 Altea, Alicante, España",+34 620 24 17 40,https://www.spainville.com/,4.9,7.0,es,Google reviews: 4.9* / 7,OPERATIONAL,"('real_estate_agency', 'point_of_interest', 'establishment')",03590
Altea Properties,"Carrer Montseny, 4, 03580 Cautivador, Alicante, España",+34 647 71 76 08,http://www.alteaproperties.com/,5.0,3.0,es,Google reviews: 5* / 3,OPERATIONAL,"('real_estate_agency', 'point_of_interest', 'establishment')",03580
D&D ALTEA,"C. Comte d'Altea, 66, 03590 Altea, Alicante, España",+34 966 88 01 62,http://dydaltea.com/,,,es,Google reviews: * / None,OPERATIONAL,"('real_estate_agency', 'finance', 'point_of_interest', 'establishment')",03590
Lovas Eiendom,"Regata, Carrer Raspall, 3, entrada por, 03590 Altea, Alicante, España",+34 619 02 18 69,http://www.lovaseiendom.es/,4.5,8.0,en,Google reviews: 4.5* / 8,OPERATIONAL,"('real_estate_agency', 'point_of_interest', 'establishment')",03590
Elena Hills Calpe,"C. la Niña, 3a, 03710 Calpe, Alicante, España",+34 966 88 89 66,http://www.elenahills.com/,4.8,11.0,es,Google reviews: 4.8* / 11,OPERATIONAL,"('real_estate_agency', 'point_of_interest', 'establishment')",03710
Engel & Völkers Altea,"Plaça del Esports, 5, 03590 Altea, Alicante, España",+34 965 03 89 42,https://www.engelvoelkers.com/es/es/shops/altea,4.4,10.0,es,Google reviews: 4.4* / 10,OPERATIONAL,"('real_estate_agency', 'point_of_interest', 'establishment')",03590
Rubisan Grupo Inmobiliario,"C. Pablo Iglesias, 113, 03600 Elda, Alicante, España",+34 966 98 04 76,http://www.gruporubisan.es/,4.9,319.0,es,Google reviews: 4.9* / 319,OPERATIONAL,"('real_estate_agency', 'point_of_interest', 'establishment')",03600
Inmobiliaria Soria Casas,"C. Manuel Maestre, 31, 03600 Elda, Alicante, España",+34 966 98 02 45,https://soriacasas.com/,4.9,335.0,es,Google reviews: 4.9* / 335,OPERATIONAL,"('real_estate_agency', 'consultant', 'point_of_interest', 'establishment')",03600
Fincas Juanjo,"Av. José Martinez González, 3, 03600 Elda, Alicante, España",+34 687 17 12 09,https://www.fincasjuanjo.es/,4.9,295.0,es,Google reviews: 4.9* / 295,OPERATIONAL,"('real_estate_agency', 'consultant', 'point_of_interest', 'establishment')",03600
Masquecasas,"C. Príncipe de Asturias, 64, 03600 Elda, Alicante, España",+34 966 23 57 42,https://www.masquecasas.es/,4.9,152.0,es,Google reviews: 4.9* / 152,OPERATIONAL,"('real_estate_agency', 'point_of_interest', 'establishment')",03600
Casa Fácil,"C. Pablo Iglesias, 85, 03600 Elda, Alicante, España",+34 965 39 52 00,http://www.e-casafacil.com/,4.7,321.0,es,Google reviews: 4.7* / 321,OPERATIONAL,"('real_estate_agency', 'point_of_interest', 'establishment')",03600
Nieves López Inmobiliaria,,+34 606 72 35 94,https://www.nieveslopezinmobiliaria.com/,4.9,12.0,es,Google reviews: 4.9* / 12,OPERATIONAL,"('real_estate_agency', 'finance', 'general_contractor', 'local_government_office', 'government_office', 'consultant', 'establishment')",
Centro Habitat | Inmobiliaria,"C. Petrer, 9, 03600 Elda, Alicante, España",+34 966 31 32 96,http://www.centrohabitat.com/,4.9,61.0,es,Google reviews: 4.9* / 61,OPERATIONAL,"('real_estate_agency', 'point_of_interest', 'establishment')",03600
NovaCasa Servicios Inmobiliarios,"Av. José Martinez González, 101, 03600 Elda, Alicante, España",+34 865 79 31 93,http://www.novacasaelda.com/,4.6,211.0,es,Google reviews: 4.6* / 211,OPERATIONAL,"('real_estate_agency', 'point_of_interest', 'establishment')",03600
RNA Inmuebles,"C. Pablo Iglesias, 55, bajo 1, 03600 Elda, Alicante, España",+34 622 18 38 90,http://www.rnainmuebles.com/,4.8,44.0,es,Google reviews: 4.8* / 44,OPERATIONAL,"('real_estate_agency', 'insurance_agency', 'consultant', 'point_of_interest', 'establishment')",03600
Bienes & Raices ,"Av. Camilo Jose Cela, 6, 03600 Elda, Alicante, España",+34 613 79 29 79,https://www.bienesyraices.es/,5.0,75.0,es,Google reviews: 5* / 75,OPERATIONAL,"('real_estate_agency', 'point_of_interest', 'establishment')",03600
INNOVA Inmobiliaria,"C. Zorrilla, 03600 Elda, Alicante, España",+34 722 84 96 55,http://www.innovaelda.com/,5.0,5.0,es,Google reviews: 5* / 5,OPERATIONAL,"('real_estate_agency', 'point_of_interest', 'establishment')",03600
Inka Inmobiliaria,"C. Pi y Margall, 22, 03600 Elda, Alicante, España",+34 865 64 33 90,http://inkaelda.es/,4.0,22.0,es,Google reviews: 4* / 22,OPERATIONAL,"('real_estate_agency', 'point_of_interest', 'establishment')",03600
Fincamar Inmobiliaria,"Carrer Comparsa Moros Nous, 2, 03610 Petrer, Alicante, España",+34 966 18 71 96,http://www.fincamar.es/,4.9,104.0,es,Google reviews: 4.9* / 104,OPERATIONAL,"('real_estate_agency', 'point_of_interest', 'establishment')",03610
Inmobiliaria Ceylan,"Av. José Martinez González, 61, 03600 Elda, Alicante, España",+34 747 46 17 95,https://inmoceylan.com/,4.8,20.0,es,Google reviews: 4.8* / 20,OPERATIONAL,"('real_estate_agency', 'point_of_interest', 'establishment')",03600
Incoe Inmobiliaria,"Av. José Martinez González, 21, 03600 Elda, Alicante, España",+34 965 28 94 98,https://www.incoeinmobiliaria.com/,5.0,4.0,es,Google reviews: 5* / 4,OPERATIONAL,"('real_estate_agency', 'point_of_interest', 'establishment')",03600
Premier Ideal Homes Inmobiliaria,"C. Barberán y Collar, 18, 03600 Elda, Alicante, España",+34 624 77 22 37,https://www.premieridealhomes.es/,4.2,5.0,es,Google reviews: 4.2* / 5,OPERATIONAL,"('real_estate_agency', 'point_of_interest', 'establishment')",03600
Inmobiliaria Elda - Núcleo,"Plaza Mayor, 1, 03600 Elda, Alicante, España",+34 624 11 66 26,https://www.inmobiliarianucleo.com/inmobiliarias/alicante-provincia/elda?utm_source=local&utm_medium=gbp,4.7,14.0,es,Google reviews: 4.7* / 14,OPERATIONAL,"('real_estate_agency', 'point_of_interest', 'establishment')",03600
Inmobiliaria Cazorla,"Av. Chapí, 12, 03600 Elda, Alicante, España",+34 965 39 04 61,http://www.inmocazorlaelda.com/,3.5,42.0,es,Google reviews: 3.5* / 42,OPERATIONAL,"('real_estate_agency', 'point_of_interest', 'establishment')",03600
Inmogest Habitale,"Av. Chapí, 39, 03600 Elda, Alicante, España",+34 965 39 96 80,http://www.habitale.com/inmogest,3.2,37.0,es,Google reviews: 3.2* / 37,OPERATIONAL,"('real_estate_agency', 'point_of_interest', 'establishment')",03600
Evocasas,"Av. José Martinez González, Nº25, Bajo, 03600 Elda, Alicante, España",+34 643 62 39 93,http://www.evocasas.es/,4.7,11.0,es,Google reviews: 4.7* / 11,OPERATIONAL,"('real_estate_agency', 'point_of_interest', 'establishment')",03600
Chapí Inmobiliaria,"Av. Chapí, 27, 03600 Elda, Alicante, España",+34 966 18 21 68,https://chapiinmobiliaria.com/,3.2,29.0,es,Google reviews: 3.2* / 29,OPERATIONAL,"('real_estate_agency', 'point_of_interest', 'establishment')",03600
Finca 17,"Av. José Martinez González, 68, 1º, 03600 Elda, Alicante, España",+34 670 22 17 07,http://finca17.com/,4.4,12.0,es,Google reviews: 4.4* / 12,OPERATIONAL,"('real_estate_agency', 'point_of_interest', 'establishment')",03600
Promodela Inmobiliaria,"C. Antonino Vera, 57, 03600 Elda, Alicante, España",+34 625 12 21 55,http://promodela.com/,3.5,15.0,es,Google reviews: 3.5* / 15,OPERATIONAL,"('real_estate_agency', 'consultant', 'point_of_interest', 'establishment')",03600
Inmobiliaria Albert ( 03640 ),"Carrer Major, 25, 03640 Monòver, Alicante, España",+34 622 04 25 63,http://inmoalbert.es/,4.7,103.0,es,Google reviews: 4.7* / 103,OPERATIONAL,"('real_estate_agency', 'point_of_interest', 'establishment')",03640
Grupo Ap,"03600 Elda, Alicante, España",+34 966 36 05 60,https://www.oficinagrupoap.com/,4.0,6.0,es,Google reviews: 4* / 6,OPERATIONAL,"('real_estate_agency', 'point_of_interest', 'establishment')",03600
SIF,"Av. de Madrid, 51, 03610 Petrer, Alicante, España",+34 966 23 51 79,http://www.solucionesinmobiliarias.eu/,4.8,168.0,es,Google reviews: 4.8* / 168,OPERATIONAL,"('real_estate_agency', 'lawyer', 'consultant', 'point_of_interest', 'establishment')",03610
Mariola Martínez,"C. Pi y Margall, 42, 03600 Elda, Alicante, España",+34 652 82 34 34,http://mariolamartinez.es/,4.2,5.0,es,Google reviews: 4.2* / 5,OPERATIONAL,"('real_estate_agency', 'point_of_interest', 'establishment')",03600
Syce Inmobiliaria Y Proyectos,"Carrer Juan Carlos I, 6, 03640 Monòver, Alicante, España",+34 966 96 03 94,http://www.apired.com/,5.0,8.0,es,Google reviews: 5* / 8,OPERATIONAL,"('real_estate_agency', 'point_of_interest', 'establishment')",03640
Castell Property,"03600 Elda, Alicante, España",+34 698 90 15 49,http://www.castellproperty.com/,5.0,2.0,es,Google reviews: 5* / 2,OPERATIONAL,"('real_estate_agency', 'point_of_interest', 'establishment')",03600
InmoAvanti servicios inmobiliarios,"Carrer Comparsa Moros Vells, 3, 03610 Petrer, Alicante, España",+34 966 39 23 76,http://www.inmoavanti.com/,3.9,48.0,en,Google reviews: 3.9* / 48,OPERATIONAL,"('real_estate_agency', 'point_of_interest', 'establishment')",03610
CBC Grupo,"Coworking, C. Príncipe de Asturias, 9, 03600 Elda, Alicante, España",+34 965 39 81 81,http://www.cbcgrupo.com/,4.3,6.0,es,Google reviews: 4.3* / 6,OPERATIONAL,"('real_estate_agency', 'point_of_interest', 'establishment')",03600
LA CASA DE TUS SUEÑOS,"C. Gran Vía, 52, 03630 Sax, Alicante, España",+34 688 70 81 35,http://lacasadetussueñosmp.com/,5.0,74.0,es,Google reviews: 5* / 74,OPERATIONAL,"('real_estate_agency', 'point_of_interest', 'establishment')",03630
Grupo Martinez Dominguez Abogados / Adm. de fincas / Inmobiliaria,"Av. José Martinez González, 57, 03600 Elda, Alicante, España",+34 965 38 31 32,,4.8,6.0,ca,Google reviews: 4.8* / 6,OPERATIONAL,"('real_estate_agency', 'consultant', 'point_of_interest', 'establishment')",03600
Inmobiliaria INVERSAB,"Carrer Vicente Blasco Ibáñez, 10, 03660 Novelda, Alicante, España",+34 965 62 48 13,http://www.inversab.es/,4.8,220.0,es,Google reviews: 4.8* / 220,OPERATIONAL,"('real_estate_agency', 'point_of_interest', 'establishment')",03660
All House Spain,,+34 672 59 92 08,http://www.allhousespain.com/,2.5,4.0,es,Google reviews: 2.5* / 4,OPERATIONAL,"('real_estate_agency', 'establishment')",
Grupo Piñol Inmobiliaria,"Pg. de l'Esplanada, 10, 03610 Petrer, Alicante, España",+34 966 95 53 77,https://www.grupopinyol-inmobiliaria.com/,4.0,4.0,es,Google reviews: 4* / 4,OPERATIONAL,"('real_estate_agency', 'point_of_interest', 'establishment')",03610
Inmoveras,"Av. Reina Sofia, 23, 03610 Petrer, Alicante, España",+34 966 39 33 33,http://www.inmoveras.com/,4.3,20.0,es,Google reviews: 4.3* / 20,OPERATIONAL,"('real_estate_agency', 'point_of_interest', 'establishment')",03610
SALA POR HORAS,"C. Maestro Ramón Gorgé, 26, 03600 Elda, Alicante, España",+34 654 77 29 92,https://salaporhoras.wordpress.com/,5.0,6.0,es,Google reviews: 5* / 6,OPERATIONAL,"('real_estate_agency', 'point_of_interest', 'establishment')",03600
Inmolanding,"C. Menéndez Pelayo, 8, 1, 03600 Elda, Alicante, España",+34 902 01 24 39,,5.0,1.0,es,Google reviews: 5* / 1,OPERATIONAL,"('real_estate_agency', 'consultant', 'point_of_interest', 'establishment')",03600
Ivette Castillejo Pico Asesor Inmobiliario,,+34 644 43 77 49,https://ivettecastillejo.my.canva.site/,,,es,Google reviews: * / None,OPERATIONAL,"('real_estate_agency', 'establishment')",
Inmobiliaria Novelda,"Carrer Emilio Castelar, 29, 03660 Novelda, Alicante, España",+34 965 60 31 61,https://www.inmobiliarianovelda.com/,4.9,28.0,es,Google reviews: 4.9* / 28,OPERATIONAL,"('real_estate_agency', 'point_of_interest', 'establishment')",03660
Mediterraneo Casas,"C. Pi y Margall, 24, 03600 Elda, Alicante, España",+34 607 43 05 91,,,,es,Google reviews: * / None,OPERATIONAL,"('real_estate_agency', 'point_of_interest', 'establishment')",03600
Grupo Ideas Sax,"Pl. Cervantes, 3, 03630 Sax, Alicante, España",+34 966 96 83 49,http://www.grupoideas.com.es/,3.6,50.0,es,Google reviews: 3.6* / 50,OPERATIONAL,"('real_estate_agency', 'point_of_interest', 'establishment')",03630
Inmobitrir,"Av. el Guirnei, 15, 03610 Petrer, Alicante, España",+34 605 90 28 09,http://www.inmobitrir.com/,,,es,Google reviews: * / None,OPERATIONAL,"('real_estate_agency', 'point_of_interest', 'establishment')",03610
Lorenzo Guerrini ,,+34 658 50 27 45,http://www.safti.es/,,,es,Google reviews: * / None,OPERATIONAL,"('real_estate_agency', 'establishment')",
Ermae Promociones,"Calle Maestro Bartolomé Maestre, 3, 03610 Petrer, Alicante, España",+34 965 37 41 13,,,,es,Google reviews: * / None,OPERATIONAL,"('real_estate_agency', 'point_of_interest', 'establishment')",03610
Cardoso Real Estate,"C. Gral. Lacy, 15, 03003 Alicante (Alacant), Alicante, España",+34 615 66 97 09,https://www.cardosoalicanteinmo.com/,5.0,11.0,es,Google reviews: 5* / 11,OPERATIONAL,"('real_estate_agency', 'point_of_interest', 'establishment')",03003
Agencia Inmobiliaria en Alicante ,"Calle del Médico Pascual Pérez, 3, 2ªplanta, 03001 Alicante (Alacant), Alicante, España",+34 685 47 50 43,http://oneestategestiona.com/,,,es,Google reviews: * / None,OPERATIONAL,"('real_estate_agency', 'consultant', 'point_of_interest', 'establishment')",03001
Country Fincas,"Calle Cánovas del Castillo, 15, 03650 Pinoso, Alicante, España",+34 966 18 06 24,http://countryfincas.com/,4.6,94.0,es,Google reviews: 4.6* / 94,OPERATIONAL,"('real_estate_agency', 'point_of_interest', 'establishment')",03650
Inmobiliaria Ptoral,"Calle Cánovas del Castillo, 6, 03650 Pinoso, Alicante, España",+34 965 64 80 88,https://ptoral.com/en/,5.0,3.0,en,Google reviews: 5* / 3,OPERATIONAL,"('real_estate_agency', 'point_of_interest', 'establishment')",03650
FINCAS DELTELL,"Calle Cánovas del Castillo, 4, 03650 Pinoso, Alicante, España",+34 965 47 77 95,http://fincasdeltell.com/,4.7,30.0,es,Google reviews: 4.7* / 30,OPERATIONAL,"('real_estate_agency', 'point_of_interest', 'establishment')",03650
ADP Inmobiliaria,"A, Calle Cánovas del Castillo, 9, 03650 Pinoso, Alicante, España",+34 965 47 77 95,,4.0,4.0,es,Google reviews: 4* / 4,OPERATIONAL,"('real_estate_agency', 'point_of_interest', 'establishment')",03650
Lyc Properties,"C. Bailén, 38, 03650 Pinoso, Alicante, España",+34 653 99 09 40,http://www.lycproperties.com/,4.8,25.0,es,Google reviews: 4.8* / 25,OPERATIONAL,"('real_estate_agency', 'general_contractor', 'point_of_interest', 'establishment')",03650
APM Multiservicios,"C. Azorín, 2, 03650 Pinoso, Alicante, España",+34 689 33 49 27,,4.1,7.0,es,Google reviews: 4.1* / 7,OPERATIONAL,"('real_estate_agency', 'general_contractor', 'point_of_interest', 'establishment')",03650
Grupo AM inmobiliaria,"Calle Cánovas del Castillo, 5, 03650 Pinoso, Alicante, España",+34 675 95 58 19,,,,es,Google reviews: * / None,OPERATIONAL,"('real_estate_agency', 'point_of_interest', 'establishment')",03650
Villas Pinoso,"Carrer Canalejas, 13, 03650 El Pinós, Alicante, España",+34 633 17 38 35,https://www.villaspinoso.com/,1.0,1.0,nl,Google reviews: 1* / 1,OPERATIONAL,"('real_estate_agency', 'point_of_interest', 'establishment')",03650
Inmobiliaria  ( 03660 ),"Carrer Almoina, 18, Bajo, 03660 Novelda, Alicante, España",+34 670 05 72 87,https://sgvinmobiliaria.com/,3.8,17.0,es,Google reviews: 3.8* / 17,OPERATIONAL,"('real_estate_agency', 'finance', 'point_of_interest', 'establishment')",03660
Área Mediterránea Servicios Inmobiliarios S L ( 03660 ),"Av. de la Constitución, 2, 03660 Novelda, Alicante, España",+34 965 40 63 53,https://www.areamediterranea.com/inmobiliaria-novelda/?utm_source=GoogleBusiness&utm_medium=organic&utm_campaign=gbp-novelda,4.5,69.0,es,Google reviews: 4.5* / 69,OPERATIONAL,"('real_estate_agency', 'point_of_interest', 'establishment')",03660
Immomati,"Partida, Horna Baja, 16R, 03660 Novelda, Alicante, España",+34 695 60 78 78,http://www.immomati.com/,5.0,10.0,nl,Google reviews: 5* / 10,OPERATIONAL,"('real_estate_agency', 'point_of_interest', 'establishment')",03660
Inmobiliaria Albert ( 03660 ),"Carrer Cervantes, 40, 03660 Novelda, Alicante, España",+34 605 86 98 70,http://inmoalbert.es/,4.5,30.0,es,Google reviews: 4.5* / 30,OPERATIONAL,"('real_estate_agency', 'point_of_interest', 'establishment')",03660
INMOBILIARIA KASALISTA,"Av. de la Constitución, 95, 03660 Novelda, Alicante, España",+34 965 60 62 74,http://www.kasalista.es/,3.7,22.0,en,Google reviews: 3.7* / 22,OPERATIONAL,"('real_estate_agency', 'point_of_interest', 'establishment')",03660
Vendotucasa,"C. San Roque, 34, 03660 Novelda, Alicante, España",+34 600 34 43 55,http://vendotucasa.es/,3.0,12.0,es,Google reviews: 3* / 12,OPERATIONAL,"('real_estate_agency', 'point_of_interest', 'establishment')",03660
Antón Casas,"Carrer Alcalde Manuel Alberola, 30, 03660 Novelda, Alicante, España",+34 966 28 52 48,https://www.antoncasas.com/,4.6,9.0,es,Google reviews: 4.6* / 9,OPERATIONAL,"('real_estate_agency', 'point_of_interest', 'establishment')",03660
Trato Fincas SL,"Av. de la Constitución, 9, 03660 Novelda, Alicante, España",+34 965 60 30 75,http://www.tratofincas.com/,3.6,8.0,es,Google reviews: 3.6* / 8,OPERATIONAL,"('real_estate_agency', 'point_of_interest', 'establishment')",03660
Gestora Inversiones De Alicante,"Carrer l'Argentina, 13, 03660 Novelda, Alicante, España",+34 965 60 53 35,,3.5,12.0,es,Google reviews: 3.5* / 12,OPERATIONAL,"('real_estate_agency', 'point_of_interest', 'establishment')",03660
Finques TRAVESSIA ,"Carrer Emilio Castelar, 6, bajo, 03660 Novelda, Alicante, España",+34 966 19 53 42,http://www.finquestravessia.com/,4.0,36.0,es,Google reviews: 4* / 36,OPERATIONAL,"('real_estate_agency', 'consultant', 'point_of_interest', 'establishment')",03660
Primer Espacio,"C. Rafael Altamira, 10, 03660 Novelda, Alicante, España",+34 966 41 10 21,https://www.primerespacio.com/,2.8,6.0,es,Google reviews: 2.8* / 6,OPERATIONAL,"('real_estate_agency', 'point_of_interest', 'establishment')",03660
PROMOCIONES CID PINEDA,"Carrer Maria Cristina, 70, 03660 Novelda, Alicante, España",+34 965 60 17 73,http://promocionescidpineda.es/,5.0,2.0,es,Google reviews: 5* / 2,OPERATIONAL,"('real_estate_agency', 'point_of_interest', 'establishment')",03660
Aspelx Lacid S.L.,"Av. Orihuela, 1, 03680 Aspe, Alicante, España",+34 965 49 57 21,http://www.aspelx.com/,4.5,182.0,es,Google reviews: 4.5* / 182,OPERATIONAL,"('real_estate_agency', 'point_of_interest', 'establishment')",03680
Novelda Urbana,"Av. de la Constitución, 1, 03660 Novelda, Alicante, España",+34 965 60 64 56,,5.0,3.0,es,Google reviews: 5* / 3,OPERATIONAL,"('real_estate_agency', 'point_of_interest', 'establishment')",03660
Inmobiliaria Antonio Díez,"Parque Dr. Calatayud, 5, local 2, 03680 Aspe, Alicante, España",+34 965 49 18 52,http://www.inmoad.com/,4.5,81.0,es,Google reviews: 4.5* / 81,OPERATIONAL,"('real_estate_agency', 'point_of_interest', 'establishment')",03680
San José Villas & houses,"C. Vicente Calatayud, 10, 03680 Aspe, Alicante, España",+34 965 49 43 11,https://www.sanjose-inversiones.com/,4.6,127.0,es,Google reviews: 4.6* / 127,OPERATIONAL,"('real_estate_agency', 'point_of_interest', 'establishment')",03680
Inmobiliaria Grupo Expansión Aspe,"Av. de Navarra, 182, 03680 Aspe, Alicante, España",+34 663 27 47 48,https://www.inmogrupoexpansion.com/,5.0,1.0,es,Google reviews: 5* / 1,OPERATIONAL,"('real_estate_agency', 'point_of_interest', 'establishment')",03680
Asesorama,"Camí del Collado de Novelda, 03640 Monòver, Alicante, España",+34 965 47 12 76,http://asesorama.com/,4.5,2.0,es,Google reviews: 4.5* / 2,OPERATIONAL,"('real_estate_agency', 'point_of_interest', 'establishment')",03640
Inmobiliaria D' Sánchez,,+34 687 13 58 29,,,,es,Google reviews: * / None,OPERATIONAL,"('real_estate_agency', 'establishment')",
INMOBILIARIA EN LA ROMANA ALICANTE,"C. Cervantes, 30, 03669 La Romana, Alicante, España",+34 618 25 52 44,,5.0,2.0,es,Google reviews: 5* / 2,OPERATIONAL,"('real_estate_agency', 'point_of_interest', 'establishment')",03669
Silc Estates,"Carretera Alicante - aspe, CAMPO DE GOLF FONT DEL LLOP, CV-847, KM 3, 8, 03670 Monforte del Cid, Alicante, España",+34 696 15 56 46,https://silcestates.com/,5.0,20.0,es,Google reviews: 5* / 20,OPERATIONAL,"('real_estate_agency', 'point_of_interest', 'establishment')",03670
Marebar S.L.,"Av. de los Pinos, 4, 03670 Monforte del Cid, Alicante, España",+34 965 62 05 68,,,,es,Google reviews: * / None,OPERATIONAL,"('real_estate_agency', 'point_of_interest', 'establishment')",03670
Forma Urbes,"Av. Constitución, 3, 03670 Monforte del Cid, Alicante, España",+34 624 92 68 19,,,,es,Google reviews: * / None,OPERATIONAL,"('real_estate_agency', 'point_of_interest', 'establishment')",03670
Janssens Partner Real Estate,"Av. Alcalde Carlos Carbonell, 9 - Bajo, 03680 Aspe, Alicante, España",+34 629 64 98 56,https://www.janssenspartner.com/,4.7,47.0,es,Google reviews: 4.7* / 47,OPERATIONAL,"('real_estate_agency', 'point_of_interest', 'establishment')",03680
Spanish Fincas,"Av. Juan Carlos I, 50, 03680 Aspe, Alicante, España",+34 711 00 17 08,https://www.spanishfincas.com/index.php,4.3,3.0,en,Google reviews: 4.3* / 3,OPERATIONAL,"('real_estate_agency', 'point_of_interest', 'establishment')",03680
Spain Mediterranean Experience,"C. Vicente Calatayud, 10, 03680 Aspe, Alicante, España",+34 642 91 80 41,https://www.spainmediterraneanexperience.com/,,,es,Google reviews: * / None,OPERATIONAL,"('real_estate_agency', 'point_of_interest', 'establishment')",03680
Benjamín Martínez Pastor,"C. Goya, 3, 03680 Aspe, Alicante, España",+34 965 49 13 32,,,,es,Google reviews: * / None,OPERATIONAL,"('real_estate_agency', 'point_of_interest', 'establishment')",03680
Piso Joven S.L. ( 03680 ),"Av. de Elche, 0, 03680 Aspe, Alicante, España",+34 965 49 02 22,,,,es,Google reviews: * / None,OPERATIONAL,"('real_estate_agency', 'point_of_interest', 'establishment')",03680
Immo MurciAlicante,"Solana 7, 03688 Hondón de las Nieves, Alicante, España",+34 646 19 13 53,http://www.immomurcialicante.com/,4.5,11.0,fr,Google reviews: 4.5* / 11,OPERATIONAL,"('real_estate_agency', 'point_of_interest', 'establishment')",03688
Nicholas Reynolds Metcalfe,"Camino Casa Elvira, 45, 03680 Asp, Alicante, España",+34 965 49 40 96,,3.0,1.0,es,Google reviews: 3* / 1,OPERATIONAL,"('real_estate_agency', 'point_of_interest', 'establishment')",03680
Vesta House Inmobiliaria,"C/ Alicante, 8, 03690 Sant Vicent del Raspeig, Alicante, España",+34 966 38 89 98,http://www.vestahouse.es/,4.9,86.0,es,Google reviews: 4.9* / 86,OPERATIONAL,"('real_estate_agency', 'point_of_interest', 'establishment')",03690
Urban Solution,"C. Francia, 1, 03690 San Vicente del Raspeig, Alicante, España",+34 688 79 61 53,http://www.urbansolution.es/,5.0,177.0,es,Google reviews: 5* / 177,OPERATIONAL,"('real_estate_agency', 'finance', 'consultant', 'point_of_interest', 'establishment')",03690
Novaterra,"C/ de Alicante, 37, local 1, 03690 San Vicente del Raspeig, Alicante, España",+34 965 66 96 31,http://www.novaterra-home.com/,4.5,140.0,es,Google reviews: 4.5* / 140,OPERATIONAL,"('real_estate_agency', 'point_of_interest', 'establishment')",03690
Inmobiliaria San Vicente,"C. Rafael Altamira, 1, 03690 San Vicente del Raspeig, Alicante, España",+34 613 23 55 36,,5.0,2.0,es,Google reviews: 5* / 2,OPERATIONAL,"('real_estate_agency', 'point_of_interest', 'establishment')",03690
Gestora Inmobiliaria Lusika,"C. Zorrilla, 10, 03690 San Vicente del Raspeig, Alicante, España",+34 653 83 81 36,https://www.facebook.com/LusikaAlicanteBestHouse/,5.0,46.0,es,Google reviews: 5* / 46,OPERATIONAL,"('real_estate_agency', 'point_of_interest', 'establishment')",03690
inmosoluciones5 SL,"C. Ibi, 2, 03690 San Vicente del Raspeig, Alicante, España",+34 615 14 06 49,https://inmoselect.com/comunidad-valenciana/san-vicente-del-raspeig/#desc7,4.7,70.0,es,Google reviews: 4.7* / 70,OPERATIONAL,"('real_estate_agency', 'point_of_interest', 'establishment')",03690
Manuel Rodriguez Servicios Inmobiliarios,"C. Pelayo, 3, 03690 San Vicente del Raspeig, Alicante, España",+34 965 67 40 62,http://www.inmobiliariamanuelrodriguez.es/,3.6,91.0,es,Google reviews: 3.6* / 91,OPERATIONAL,"('real_estate_agency', 'point_of_interest', 'establishment')",03690
FINCAS QUER ,"C. Argentina, 1, local 6, 03690 San Vicente del Raspeig, Alicante, España",+34 965 66 51 82,http://www.fincasquer.es/,3.4,29.0,es,Google reviews: 3.4* / 29,OPERATIONAL,"('real_estate_agency', 'point_of_interest', 'establishment')",03690
Grupo Inmobiliario Maral,"Av. Ancha de Castelar, 23, 29, 03690 Sant Vicent del Raspeig, Alicante, España",+34 966 37 35 70,http://www.grupomaral.com/,2.9,83.0,es,Google reviews: 2.9* / 83,OPERATIONAL,"('real_estate_agency', 'point_of_interest', 'establishment')",03690
"FINCAS SANZ-PARRA, S.L.","C. Pintor Picasso, 17, 03690 San Vicente del Raspeig, Alicante, España",+34 966 30 48 50,http://www.sanzparra.com/,4.6,45.0,es,Google reviews: 4.6* / 45,OPERATIONAL,"('real_estate_agency', 'point_of_interest', 'establishment')",03690
La Mar Homes,"Carrer Petrer, 7, 03690 Sant Vicent del Raspeig, Alicante, España",+34 666 81 88 15,https://www.lamarhomes.es/,5.0,39.0,en,Google reviews: 5* / 39,OPERATIONAL,"('real_estate_agency', 'point_of_interest', 'establishment')",03690
Rc Inmuebles,"Carrer Pintor Sorolla, 22, 03690 Sant Vicent del Raspeig, Alicante, España",+34 966 36 04 78,http://www.rcinmuebles.com/,4.4,22.0,es,Google reviews: 4.4* / 22,OPERATIONAL,"('real_estate_agency', 'general_contractor', 'point_of_interest', 'establishment')",03690
BENESIU gestión inmobiliaria,"C. San José, 64, entlo A. ofic. 9, 03690 San Vicente del Raspeig, Alicante, España",+34 615 82 46 90,http://www.benesiu.com/,5.0,8.0,es,Google reviews: 5* / 8,OPERATIONAL,"('real_estate_agency', 'point_of_interest', 'establishment')",03690
Fincas Levantinas,"Av. Ancha de Castelar, 9, 03690 Sant Vicent del Raspeig, Alicante, España",+34 965 04 55 86,https://www.fincaslevantinas.com/,2.3,22.0,es,Google reviews: 2.3* / 22,OPERATIONAL,"('real_estate_agency', 'point_of_interest', 'establishment')",03690
inmobiliaria vital,"Calle Valencia, 26, esquina con, C. Cdad. Jardín, 03690 San Vicente del Raspeig, Alicante, España",+34 623 39 88 31,,1.8,20.0,es,Google reviews: 1.8* / 20,OPERATIONAL,"('real_estate_agency', 'point_of_interest', 'establishment')",03690
Solvia Inmobiliaria ( 03690 ),"Av. de la Llibertat, 6, 03690 Sant Vicent del Raspeig, Alicante, España",+34 865 71 32 32,https://www.solvia.es/,1.5,24.0,es,Google reviews: 1.5* / 24,OPERATIONAL,"('real_estate_agency', 'point_of_interest', 'establishment')",03690
Golden Homes Alicante,"Av. Ancha de Castelar, 03690 Sant Vicent del Raspeig, Alicante, España",+34 614 27 71 79,,5.0,2.0,en,Google reviews: 5* / 2,OPERATIONAL,"('real_estate_agency', 'point_of_interest', 'establishment')",03690
Promociones Garrido Svdr SL,"C. de Agost, 21, 03690 San Vicente del Raspeig, Alicante, España",+34 965 67 15 04,https://www.progarrido.com/,4.5,28.0,es,Google reviews: 4.5* / 28,OPERATIONAL,"('real_estate_agency', 'sports_activity_location', 'general_contractor', 'point_of_interest', 'establishment')",03690
Inmobiliaria Vicedo,"Av. Ancha de Castelar, 28, entreplanta ""C, Centro de negocios, despacho 6, 03690 San Vicente del Raspeig, Alicante, España",+34 633 13 21 08,https://www.vicedo.net/,3.7,3.0,es,Google reviews: 3.7* / 3,OPERATIONAL,"('real_estate_agency', 'point_of_interest', 'establishment')",03690
Alunahomeservice,"C. de Agost, 03690 San Vicente del Raspeig, Alicante, España",+34 644 55 14 54,http://www.alunahomeservice.es/,4.2,5.0,es,Google reviews: 4.2* / 5,OPERATIONAL,"('real_estate_agency', 'point_of_interest', 'establishment')",03690
Inmobiliaria y reformas C.I.R,"Av. Ancha de Castelar, 87, 03690 Sant Vicent del Raspeig, Alicante, España",+34 678 10 99 30,http://www.inmobiliariacir.es/,,,es,Google reviews: * / None,OPERATIONAL,"('real_estate_agency', 'point_of_interest', 'establishment')",03690
Entrelunas Alicante,"Av. Ancha de Castelar, 8, 03690 Sant Vicent del Raspeig, Alicante, España",+34 639 64 39 02,https://entrelunas-alicante.com/,5.0,8.0,es,Google reviews: 5* / 8,OPERATIONAL,"('real_estate_agency', 'point_of_interest', 'establishment')",03690
Lualve Gestión Inmobiliaria,"Calle Dr. Fleming, 54, 03690 San Vicente del Raspeig, Alicante, España",+34 663 03 53 71,,1.0,1.0,es,Google reviews: 1* / 1,OPERATIONAL,"('real_estate_agency', 'point_of_interest', 'establishment')",03690
Mediterraneo Homes,"C. la Huerta, 29, D, local 2, 03690 San Vicente del Raspeig, Alicante, España",+34 610 13 67 12,https://www.mediterraneohomes.com/,,,en,Google reviews: * / None,OPERATIONAL,"('real_estate_agency', 'point_of_interest', 'establishment')",03690
Centro de negocios-San Vicente,"Av. Ancha de Castelar, 28, entresuelo C, 03690 San Vicente del Raspeig, Alicante, España",+34 633 13 21 08,https://www.vicedo.net/,5.0,4.0,es,Google reviews: 5* / 4,OPERATIONAL,"('real_estate_agency', 'point_of_interest', 'establishment')",03690
Torian Capital,"C. Manuel Domínguez Margarit, 10, local derecha, 03690 San Vicente del Raspeig, Alicante, España",+34 672 18 39 36,http://www.torian.es/,5.0,1.0,es,Google reviews: 5* / 1,OPERATIONAL,"('real_estate_agency', 'consultant', 'point_of_interest', 'establishment')",03690
Arquitectura Directa S.L.,"C. Méndez Núñez, 2, entlo. b, 03690 San Vicente del Raspeig, Alicante, España",+34 965 67 18 21,https://www.arquitecturadirecta.com/,3.5,17.0,es,Google reviews: 3.5* / 17,OPERATIONAL,"('real_estate_agency', 'point_of_interest', 'establishment')",03690
API Colomer Sáez Agente Propiedad Inmobiliaria,"Av. Ancha de Castelar, 106, 03690 Sant Vicent del Raspeig, Alicante, España",+34 965 66 18 08,,1.0,1.0,es,Google reviews: 1* / 1,OPERATIONAL,"('real_estate_agency', 'point_of_interest', 'establishment')",03690
Bancodepisos,"C. la Huerta, 21, 03690 San Vicente del Raspeig, Alicante, España",+34 965 67 62 50,http://bancodepisos.com/,,,es,Google reviews: * / None,OPERATIONAL,"('real_estate_agency', 'point_of_interest', 'establishment')",03690
Aurora Ruiz Inmobiliaria,"Carrer Pintor Sorolla, 20, 03690 Sant Vicent del Raspeig, Alicante, España",+34 966 30 36 37,,,,es,Google reviews: * / None,OPERATIONAL,"('real_estate_agency', 'point_of_interest', 'establishment')",03690
casAzul inmobiliaria,"C. de la Cdad. de Alfaro, 4, Bajo, 03009 Alicante (Alacant), Alicante, España",+34 965 25 27 77,https://casazulinmobiliaria.com/,4.5,15.0,es,Google reviews: 4.5* / 15,OPERATIONAL,"('real_estate_agency', 'point_of_interest', 'establishment')",03009
MIWA Home Staging. Decoración en Alicante,,+34 619 51 58 93,https://miwahs.es/,5.0,14.0,es,Google reviews: 5* / 14,OPERATIONAL,"('real_estate_agency', 'consultant', 'establishment')",
Casa Tuky SL.,"03698 Agost, Alicante, España",+34 637 43 69 13,,2.0,1.0,de,Google reviews: 2* / 1,OPERATIONAL,"('real_estate_agency', 'point_of_interest', 'establishment')",03698
Northern Lake Real Estate,,+34 646 95 79 67,https://northernlakerealestate.com/,4.3,16.0,es,Google reviews: 4.3* / 16,OPERATIONAL,"('real_estate_agency', 'establishment')",
Auraestates,,+34 697 11 50 39,https://auraestates.es/,,,es,Google reviews: * / None,OPERATIONAL,"('real_estate_agency', 'establishment')",
infoasecas gestion inmobiliaria,,+34 640 91 39 32,,,,es,Google reviews: * / None,OPERATIONAL,"('real_estate_agency', 'consultant', 'establishment')",
Núcleo San Blas,,,https://www.inmobiliarianucleo.com/,,,es,Google reviews: * / None,OPERATIONAL,"('real_estate_agency', 'establishment')",
Sanvisec Homes,,+34 693 35 20 16,,,,es,Google reviews: * / None,OPERATIONAL,"('real_estate_agency', 'establishment')",
mr.barriot,,+34 652 65 64 40,,,,es,Google reviews: * / None,OPERATIONAL,"('real_estate_agency', 'establishment')",
Indigo Homes,,+34 636 41 78 48,http://www.indigohomes.es/,,,es,Google reviews: * / None,OPERATIONAL,"('real_estate_agency', 'establishment')",
EK Alicante Real Estate,,+34 624 30 47 65,,,,es,Google reviews: * / None,OPERATIONAL,"('real_estate_agency', 'establishment')",
Ventadempresas,,+34 966 59 19 19,https://ventadempresas.com/,,,es,Google reviews: * / None,OPERATIONAL,"('real_estate_agency', 'establishment')",
Imán Navarro IAD España,,+34 601 01 68 90,https://www.iadespana.es/agente-inmobiliario/iman.navarro,,,es,Google reviews: * / None,OPERATIONAL,"('real_estate_agency', 'consultant', 'establishment')",
Pla Inmobiliaria,"C/ de la Mar, 59, 03700 Dénia, Alicante, España",+34 667 22 64 87,http://www.plainmobiliaria.com/,4.9,115.0,es,Google reviews: 4.9* / 115,OPERATIONAL,"('real_estate_agency', 'point_of_interest', 'establishment')",03700
Inmobiliaria Royal Costa en Denia,"C/ de Diana, 27, 03700 Dénia, Alicante, España",+34 966 42 48 33,http://www.royalcosta.com/,4.6,88.0,es,Google reviews: 4.6* / 88,OPERATIONAL,"('real_estate_agency', 'point_of_interest', 'establishment')",03700
catorce inmobiliaria,"C/ de Diana, 50, 1º Pta. 4, 03700 Dénia, Alicante, España",+34 629 32 21 80,https://www.catorceinmo.com/,4.9,207.0,es,Google reviews: 4.9* / 207,OPERATIONAL,"('real_estate_agency', 'point_of_interest', 'establishment')",03700
Pedro Pastor Inmobiliaria,"Camí de les Bovetes al Mar, 1, local 1, 03700 Denia, Alicante, España",+34 965 78 35 80,http://www.pedropastor.es/,4.9,379.0,es,Google reviews: 4.9* / 379,OPERATIONAL,"('real_estate_agency', 'point_of_interest', 'establishment')",03700
SYBARIS HOMES Inmobiliaria en Denia,"Carrer de L'Agret, 18, 03700 Dénia, Alicante, España",+34 965 78 10 67,http://sybarishomes.com/,4.9,94.0,es,Google reviews: 4.9* / 94,OPERATIONAL,"('real_estate_agency', 'point_of_interest', 'establishment')",03700
Randof Real Estate Inmobiliaria Denia,"C/ de Diana, 12, 03700 Dénia, Alicante, España",+34 965 03 69 19,https://www.randofrealestate.com/,4.7,52.0,es,Google reviews: 4.7* / 52,OPERATIONAL,"('real_estate_agency', 'accounting', 'finance', 'consultant', 'point_of_interest', 'establishment')",03700
Mar Dénia Inmobiliaria,"Pg. del Saladar, 58, 1 d, 03700 Denia, Alicante, España",+34 649 15 67 97,,4.6,25.0,es,Google reviews: 4.6* / 25,OPERATIONAL,"('real_estate_agency', 'point_of_interest', 'establishment')",03700
PISOSDENIA,"C. Calderón, 10, B, 03700 Denia, Alicante, España",+34 966 43 23 61,http://www.pisosdenia.com/,4.9,61.0,es,Google reviews: 4.9* / 61,OPERATIONAL,"('real_estate_agency', 'point_of_interest', 'establishment')",03700
ARREGUI VILLAS ,"Av. de Joan Fuster, 22B, 03700 Dénia, Alicante, España",+34 664 49 46 75,http://www.arreguivillas.com/,5.0,56.0,es,Google reviews: 5* / 56,OPERATIONAL,"('real_estate_agency', 'point_of_interest', 'establishment')",03700
Lluna Dénia Servicios Inmobiliarios,"C/ Major, 58, 03700 Dénia, Alicante, España",+34 687 45 05 58,http://www.llunadenia.com/,4.7,58.0,es,Google reviews: 4.7* / 58,OPERATIONAL,"('real_estate_agency', 'point_of_interest', 'establishment')",03700
Blumelia Real Estate ,"Carrer de la Via, 37, 03700 Dénia, Alicante, España",+34 655 67 69 98,https://www.blumelia.com/,4.9,31.0,es,Google reviews: 4.9* / 31,OPERATIONAL,"('real_estate_agency', 'point_of_interest', 'establishment')",03700
Dénia Investissement Real Estate,"C. Quevedo, 1, bajo c, 03700 Denia, Alicante, España",+34 649 14 28 64,https://www.deniainvestissement.com/,5.0,50.0,es,Google reviews: 5* / 50,OPERATIONAL,"('real_estate_agency', 'point_of_interest', 'establishment')",03700
Inmobiliaria Carmen Vara,"Carrer Carlos Sentí, 1, 03700 Dénia, Alicante, España",+34 965 78 05 74,https://www.carmenvaragestioninmobiliaria.com/,4.7,65.0,es,Google reviews: 4.7* / 65,OPERATIONAL,"('real_estate_agency', 'point_of_interest', 'establishment')",03700
Duanes Denia SL,"C/ del Marqués de Campo, 46 4 despacho 10, 03700 Dénia, Alicante, España",+34 676 46 00 04,https://www.duanesdenia.com/,4.7,31.0,es,Google reviews: 4.7* / 31,OPERATIONAL,"('real_estate_agency', 'point_of_interest', 'establishment')",03700
Stella Inmo Consulting,"Esplanada Cervantes, 19, esc. A, 2º, 4, 03700 Dénia, Alicante, España",+34 966 43 52 38,https://www.stella-consult.com/,4.8,72.0,es,Google reviews: 4.8* / 72,OPERATIONAL,"('real_estate_agency', 'point_of_interest', 'establishment')",03700
Abbey Properties – Estate Agents in Denia ,"C/ de Patricio Ferrándiz, 33, C, 03700 Dénia, Alicante, España",+34 965 78 85 15,https://www.abbeyproperties.eu/,4.8,60.0,es,Google reviews: 4.8* / 60,OPERATIONAL,"('real_estate_agency', 'finance', 'consultant', 'point_of_interest', 'establishment')",03700
Selecta Homes,"C/ de Diana, 41, 03700 Dénia, Alicante, España",+34 865 68 99 12,https://www.selectahomes.com/,4.6,85.0,es,Google reviews: 4.6* / 85,OPERATIONAL,"('real_estate_agency', 'point_of_interest', 'establishment')",03700
HomeEspaña ( 03700 ),"C/ del Llavador, 15, 03700 Dénia, Alicante, España",+34 965 74 31 86,https://www.homeespana.com/,4.6,165.0,en,Google reviews: 4.6* / 165,OPERATIONAL,"('real_estate_agency', 'point_of_interest', 'establishment')",03700
Inmobiliaria Inmoden Denia,"Carrer del Dr. Fleming, 12, 03700 Dénia, Alicante, España",+34 965 78 96 09,http://www.inmoden.es/,4.3,31.0,es,Google reviews: 4.3* / 31,OPERATIONAL,"('real_estate_agency', 'point_of_interest', 'establishment')",03700
El Portet Inmobiliaria ,"Esplanada Cervantes, 3, 03700 Denia, Alicante, España",+34 658 47 03 17,https://www.elportetinmobiliaria.com/,5.0,15.0,de,Google reviews: 5* / 15,OPERATIONAL,"('real_estate_agency', 'point_of_interest', 'establishment')",03700
Inmobiliaria Gregory Lonza iAD España,"C/ del Marqués de Campo, 40, Piso 2 puerta 6, 03700 Denia, Alicante, España",+34 692 40 83 18,https://www.iadespana.es/agente-inmobiliario/gregory.lonza,4.9,22.0,es,Google reviews: 4.9* / 22,OPERATIONAL,"('real_estate_agency', 'point_of_interest', 'establishment')",03700
Rukawe Homes,"Avda. de Castelló, 5, 03700 Dénia, Alicante, España",+34 865 80 89 03,https://www.rukawehomes.com/,5.0,45.0,es,Google reviews: 5* / 45,OPERATIONAL,"('real_estate_agency', 'point_of_interest', 'establishment')",03700
Agencia Mediterranea Denia,"Plaça Benidorm, nº1, 03700 Dénia, Alicante, España",+34 966 44 53 39,http://www.agenciamediterranea.com/,3.5,11.0,es,Google reviews: 3.5* / 11,OPERATIONAL,"('real_estate_agency', 'point_of_interest', 'establishment')",03700
Gestión Inmobiliaria Marina Alta,"C/ de Sandunga, 41, 03700 Dénia, Alicante, España",+34 966 42 35 43,http://www.gestioninmobiliariamarinaalta.com/,4.9,12.0,es,Google reviews: 4.9* / 12,OPERATIONAL,"('real_estate_agency', 'point_of_interest', 'establishment')",03700
Casas Denia Asesoría Inmobiliaria,"2º, Plaça de la Constitució, 2, 03700 Dénia, Alicante, España",+34 639 87 58 75,http://casasdenia.es/,5.0,5.0,es,Google reviews: 5* / 5,OPERATIONAL,"('real_estate_agency', 'point_of_interest', 'establishment')",03700
R.Fuchs Inmobiliaria,"C/ del Llavador, 8, 03700 Dénia, Alicante, España",+34 619 33 30 09,https://www.rfuchsinmobiliaria.com/,4.0,44.0,es,Google reviews: 4* / 44,OPERATIONAL,"('real_estate_agency', 'point_of_interest', 'establishment')",03700
Inmobiliaria InmoSpecialist en Dénia,"C/ de Diana, 41, 03700 Dénia, Alicante, España",+34 644 66 62 20,https://www.inmospecialist.com/es/?utm_source=gbp&utm_medium=organic&utm_campaign=ficha-gbp&utm_term=generico,3.3,4.0,es,Google reviews: 3.3* / 4,OPERATIONAL,"('real_estate_agency', 'point_of_interest', 'establishment')",03700
Romer Playa Denia,"Carrer Assagador de la Marjal, s/n, 03700 Dénia, Alicante, España",+34 606 36 28 99,http://www.romerplaya.com/,4.0,41.0,es,Google reviews: 4* / 41,OPERATIONAL,"('real_estate_agency', 'point_of_interest', 'establishment')",03700
Vitalcasa,"Carrer Carlos Sentí, 3, 03700 Dénia, Alicante, España",+34 966 43 17 22,https://www.vitalcasa.com/,4.2,52.0,es,Google reviews: 4.2* / 52,OPERATIONAL,"('real_estate_agency', 'consultant', 'point_of_interest', 'establishment')",03700
PIRIS Properties,"C/ del Marqués de Campo, 6, 03700 Dénia, Alicante, España",+34 966 44 87 18,http://www.piris-properties.com/,4.5,21.0,es,Google reviews: 4.5* / 21,OPERATIONAL,"('real_estate_agency', 'point_of_interest', 'establishment')",03700
Inmobiliaria Villa D'Or,"Carrer Carlos Sentí, 13, 03700 Dénia, Alicante, España",+34 622 30 06 26,http://inmovillador.com/,4.3,9.0,es,Google reviews: 4.3* / 9,OPERATIONAL,"('real_estate_agency', 'point_of_interest', 'establishment')",03700
Azul Denia Servicios Inmobiliarios,"Av d'Alacant, 27, 03700 Dénia, Alicante, España",+34 966 42 75 46,http://www.azuldenia.com/,4.3,18.0,es,Google reviews: 4.3* / 18,OPERATIONAL,"('real_estate_agency', 'point_of_interest', 'establishment')",03700
Agencia J Morató ,"Av. Gabriel Miró, 38A, 03710 Calpe, Alicante, España",+34 965 83 90 83,https://www.agenciamorato.com/,4.9,170.0,es,Google reviews: 4.9* / 170,OPERATIONAL,"('real_estate_agency', 'finance', 'general_contractor', 'health', 'consultant', 'point_of_interest', 'establishment')",03710
Inmobres,"Inmobres - Bono Property Services SL, Carrer la Santamaría, 11, Local 13, 03710 Calpe, Alicante, España",+34 656 63 31 90,https://www.inmobres.com/,4.9,176.0,es,Google reviews: 4.9* / 176,OPERATIONAL,"('real_estate_agency', 'point_of_interest', 'establishment')",03710
Estate Agents Calpe Casa Agencia Inmobiliaria,"Carrer Dr. Fleming, 13, 03710 Calp, Alicante, España",+34 965 83 00 16,http://www.calpecasa.com/,5.0,44.0,es,Google reviews: 5* / 44,OPERATIONAL,"('real_estate_agency', 'point_of_interest', 'establishment')",03710
Calpe Home Group,"Edificio Mar y Paz, Carrer la Pinta, 1, 03710 Calp, Alicante, España",+34 665 79 63 45,http://www.calpehomegroup.com/,4.8,117.0,es,Google reviews: 4.8* / 117,OPERATIONAL,"('real_estate_agency', 'point_of_interest', 'establishment')",03710
Agencia Arenal,"Edificio Arenal Bajo, C. la Pinta, 2, 03710 Calpe, Alicante, España",+34 965 83 74 73,http://agencia-arenal.es/,4.4,128.0,es,Google reviews: 4.4* / 128,OPERATIONAL,"('real_estate_agency', 'point_of_interest', 'establishment')",03710
Agencia Inmobiliaria en Calpe ,"Carrer Dr. Fleming, 4, 03710 Calp, Alicante, España",+34 965 83 21 22,https://www.villamediterranea.es/,4.8,22.0,es,Google reviews: 4.8* / 22,OPERATIONAL,"('real_estate_agency', 'finance', 'general_contractor', 'consultant', 'point_of_interest', 'establishment')",03710
Calpea Inmobiliaria,"C. Alemania, 9, 03710 Calpe, Alicante, España",+34 965 83 00 50,http://calpea.com/,4.4,14.0,es,Google reviews: 4.4* / 14,OPERATIONAL,"('real_estate_agency', 'point_of_interest', 'establishment')",03710
MP Villas Inmobiliaria / Real Estate,"Carrer la Santamaría, 4, 03710 Calp, Alicante, España",+34 966 14 66 40,https://www.mpvillas.com/,4.9,35.0,en,Google reviews: 4.9* / 35,OPERATIONAL,"('real_estate_agency', 'finance', 'lawyer', 'consultant', 'point_of_interest', 'establishment')",03710
GH COSTA BLANCA ,"Edificio Saladar, Av. Juan Carlos I, Número 2, 03710 Calpe, Alicante, España",+34 965 83 70 43,http://www.ghcostablanca.com/,4.8,19.0,es,Google reviews: 4.8* / 19,OPERATIONAL,"('real_estate_agency', 'general_contractor', 'point_of_interest', 'establishment')",03710
Ecomar Inmobiliaria,"Partida Maryvilla, 1B, 03710 Calpe, Alicante, España",+34 965 83 12 15,http://www.ecomar.es/,4.0,54.0,es,Google reviews: 4* / 54,OPERATIONAL,"('real_estate_agency', 'point_of_interest', 'establishment')",03710
Colon Inmobiliaria,"esquina Plaza Colon, Av. Gabriel Miró, 35, 03710 Calpe, Alicante, España",+34 965 83 06 85,https://www.coloninmobiliaria.com/,4.6,29.0,es,Google reviews: 4.6* / 29,OPERATIONAL,"('real_estate_agency', 'point_of_interest', 'establishment')",03710
PlusVillas,"Carrer de la Pau, 2, 03710 Calp, Alicante, España",+34 965 83 35 87,https://www.plusvillas.es/,4.6,28.0,es,Google reviews: 4.6* / 28,OPERATIONAL,"('real_estate_agency', 'point_of_interest', 'establishment')",03710
Inmobiliaria.Grupo Tenza. Villas.Calpe.,"Los Almendros, 2, 03710 Calpe, Alicante, España",+34 965 83 84 19,http://www.casianotenza.com/,3.9,10.0,es,Google reviews: 3.9* / 10,OPERATIONAL,"('real_estate_agency', 'point_of_interest', 'establishment')",03710
LFL Real Estate Costa Blanca,"Pl. Constitución, 4, Edf. El Parque entresuelo, 03710 Calpe, Alicante, España",+34 629 09 66 70,https://www.lfl-realestatecostablanca.com/,4.9,44.0,de,Google reviews: 4.9* / 44,OPERATIONAL,"('real_estate_agency', 'consultant', 'point_of_interest', 'establishment')",03710
MicaVillas ,"Apolo III, C. Jardín, 10, Bajo, 03710 Calpe, Alicante, España",+34 623 31 40 95,https://www.micavillas.com/,5.0,8.0,es,Google reviews: 5* / 8,OPERATIONAL,"('real_estate_agency', 'finance', 'home_goods_store', 'general_contractor', 'store', 'consultant', 'point_of_interest', 'establishment')",03710
Paradero de Ifach Servicios inmobiliarios.,"C. Isla de Formentera, 5, Edificio Sotavento, Local 11A, 03710 Calpe, Alicante, España",+34 965 87 44 89,http://www.paraderodeifach.com/,4.8,48.0,es,Google reviews: 4.8* / 48,OPERATIONAL,"('real_estate_agency', 'point_of_interest', 'establishment')",03710
INMOBOOKING,"Av. de Ifach, 20, 03710 Calp, Alicante, España",+34 607 73 63 56,http://www.inmobooking.es/,4.1,74.0,es,Google reviews: 4.1* / 74,OPERATIONAL,"('real_estate_agency', 'point_of_interest', 'establishment')",03710
Engel & Völkers Calpe,"Carrer la Santamaría, 8, 03710 Calp, Alicante, España",+34 966 93 72 56,https://www.engelvoelkers.com/es/es/shops/calpe,4.4,49.0,es,Google reviews: 4.4* / 49,OPERATIONAL,"('real_estate_agency', 'point_of_interest', 'establishment')",03710
Inmobiliaria Aniorte,"Calle Pintor Sorolla, s/n, Edificio Apolo IV, local 2, 03710 Calpe, Alicante, España",+34 965 83 26 62,http://www.aniorte.es/,5.0,7.0,es,Google reviews: 5* / 7,OPERATIONAL,"('real_estate_agency', 'point_of_interest', 'establishment')",03710
InmoPerlamar,"C. Delfín, 1, 03710 Calpe, Alicante, España",+34 965 83 34 43,http://www.inmoperlamar.net/,4.3,20.0,es,Google reviews: 4.3* / 20,OPERATIONAL,"('real_estate_agency', 'point_of_interest', 'establishment')",03710
Líder Spain Properties,"Carrer Dr. Fleming, 3, 03710 Calp, Alicante, España",+34 697 47 89 34,https://www.liderspain.com/,5.0,8.0,es,Google reviews: 5* / 8,OPERATIONAL,"('real_estate_agency', 'point_of_interest', 'establishment')",03710
Solcalpe,"Av. Gabriel Miró, 40, 03710 Calpe, Alicante, España",+34 965 83 14 91,http://www.agenciasolcalpe.com/,4.1,18.0,es,Google reviews: 4.1* / 18,OPERATIONAL,"('real_estate_agency', 'lodging', 'finance', 'general_contractor', 'point_of_interest', 'establishment')",03710
Marina Digorn Inmobiliaria,"Av. de Ifach, 4, 03710 Calp, Alicante, España",+34 619 89 16 85,https://www.marinadigorn.com/,5.0,4.0,es,Google reviews: 5* / 4,OPERATIONAL,"('real_estate_agency', 'consultant', 'point_of_interest', 'establishment')",03710
INMOBILIARIA JUST HOMES,"Pl. Constitución, s/n, bajo, 03710 Calpe, Alicante, España",+34 965 83 06 08,http://www.justhomes.es/,4.5,2.0,es,Google reviews: 4.5* / 2,OPERATIONAL,"('real_estate_agency', 'accounting', 'finance', 'consultant', 'point_of_interest', 'establishment')",03710
GRUPO TURIS,"Carrer la Santamaría, 11, 03710 Calp, Alicante, España",+34 965 83 90 30,http://grupoturis.com/,,,es,Google reviews: * / None,OPERATIONAL,"('real_estate_agency', 'point_of_interest', 'establishment')",03710
Inmocalpe,"Av. de Ifach, 12, 03710 Calp, Alicante, España",,http://www.inmocalpe.es/,4.0,4.0,en,Google reviews: 4* / 4,OPERATIONAL,"('real_estate_agency', 'point_of_interest', 'establishment')",03710
EUROECU REAL ESTATE,"Edificio Apolo IV, Carrer Dr. Fleming, local 10, 03710 Calp, Alicante, España",+34 618 38 25 36,https://www.euroecu.com/,4.4,18.0,es,Google reviews: 4.4* / 18,OPERATIONAL,"('real_estate_agency', 'consultant', 'point_of_interest', 'establishment')",03710
OTERO-HOMES. TU INMOBILIARIA EN CALPE,"Avinguda Puerto de Santa María, 25, 03710 Calp, Alicante, España",+34 633 56 46 55,http://www.otero-homes.com/,5.0,8.0,es,Google reviews: 5* / 8,OPERATIONAL,"('real_estate_agency', 'point_of_interest', 'establishment')",03710
Eurohome Inmobiliaria Calpe,"Av. Europa, 2, 03710 Calpe, Alicante, España",+34 965 87 53 20,https://www.eurohome.es/,3.8,4.0,es,Google reviews: 3.8* / 4,OPERATIONAL,"('real_estate_agency', 'point_of_interest', 'establishment')",03710
Calpeñón,"Carrer Conde de Altea, 29, 03710 Calp, Alicante, España",+34 965 83 01 82,http://www.calpenon.es/,4.5,10.0,es,Google reviews: 4.5* / 10,OPERATIONAL,"('real_estate_agency', 'point_of_interest', 'establishment')",03710
Inmobiliaria Gaudium,"Av. del Nte., 40, 03710 Calpe, Alicante, España",+34 663 44 37 32,https://www.inmogaudium.com/,5.0,4.0,es,Google reviews: 5* / 4,OPERATIONAL,"('real_estate_agency', 'point_of_interest', 'establishment')",03710
AKUNAS - Real Estate Spain,"Av. Gabriel Miró, 34, 03710 Calpe, Alicante, España",+34 672 24 73 86,,4.9,8.0,en,Google reviews: 4.9* / 8,OPERATIONAL,"('real_estate_agency', 'consultant', 'point_of_interest', 'establishment')",03710
Gran Sol Properties,"Carrer Corbeta, 5, 03710 Calp, Alicante, España",+34 965 83 54 68,http://www.gransolproperties.com/,5.0,12.0,es,Google reviews: 5* / 12,OPERATIONAL,"('real_estate_agency', 'consultant', 'point_of_interest', 'establishment')",03710
Inmo AREA Costa Blanca,"Avinguda de la Marina, 302, 03720 Benisa, Alicante, España",+34 966 11 24 28,http://www.areacostablanca.com/,4.5,66.0,es,Google reviews: 4.5* / 66,OPERATIONAL,"('real_estate_agency', 'point_of_interest', 'establishment')",03720
Benimo-Villas,"Avinguda de la Marina, 44, 03720 Benisa, Alicante, España",+34 965 74 78 74,https://www.benimo-villas.com/,4.9,85.0,es,Google reviews: 4.9* / 85,OPERATIONAL,"('real_estate_agency', 'finance', 'consultant', 'point_of_interest', 'establishment')",03720
Inmoservice Benissa,"C/ Reverendo Padre Melchor, 6, bajo, 03720 Benissa, Alicante, España",+34 608 31 82 40,https://inmoservicebenissa.com/,4.2,53.0,es,Google reviews: 4.2* / 53,OPERATIONAL,"('real_estate_agency', 'point_of_interest', 'establishment')",03720
Inmobiliaria Interblanca,"Avinguda de la Marina, 289, 03720 Benisa, Alicante, España",+34 966 49 73 56,https://inmobiliaria.interblancagroup.com/,4.8,5.0,es,Google reviews: 4.8* / 5,OPERATIONAL,"('real_estate_agency', 'point_of_interest', 'establishment')",03720
Max Villas,"Avinguda de la Marina, 236, 03720 Benisa, Alicante, España",+34 966 49 90 98,http://www.max-villas.eu/,4.7,33.0,es,Google reviews: 4.7* / 33,OPERATIONAL,"('real_estate_agency', 'point_of_interest', 'establishment')",03720
Inmo Sol Mobeca,"P.º Dolores Piera, 5, 03720 Benisa, Alicante, España",+34 965 74 55 53,http://www.inmo-sol-mobeca.com/,2.8,5.0,es,Google reviews: 2.8* / 5,OPERATIONAL,"('real_estate_agency', 'point_of_interest', 'establishment')",03720
Hispania Homes By Keller Williams,"Av. Madrid, 24, 03724 Teulada, Alicante, España",+34 966 49 18 29,https://www.hispaniahomesmoraira.com/,4.9,120.0,es,Google reviews: 4.9* / 120,OPERATIONAL,"('real_estate_agency', 'finance', 'general_contractor', 'consultant', 'point_of_interest', 'establishment')",03724
Ferrando inmobiliaria Moraira,"Av. del Portet, 36, 03724 Moraira, Alicante, España",+34 965 74 45 75,http://www.ferrando-moraira.com/,5.0,206.0,es,Google reviews: 5* / 206,OPERATIONAL,"('real_estate_agency', 'point_of_interest', 'establishment')",03724
Bindley Properties,"Av. Madrid, 11, bajo, 2, 03724 Moraira, Alicante, España",+34 965 04 97 01,https://www.bindleyproperties.com/,5.0,70.0,es,Google reviews: 5* / 70,OPERATIONAL,"('real_estate_agency', 'finance', 'point_of_interest', 'establishment')",03724
Montesinos Falcón,"Av. del Portet, 20, 03724 Moraira, Alicante, España",+34 965 74 40 57,http://www.montesinosestate.com/?utm_source=GMB&utm_medium=Organic&utm_term=%7B%7Bad.name%7D%7D&utm_content=Listing&utm_campaign=GMB,5.0,57.0,es,Google reviews: 5* / 57,OPERATIONAL,"('real_estate_agency', 'point_of_interest', 'establishment')",03724
Brassa Homes ,"Av. del Portet, 16b, 03724 Moraira, Alicante, España",+34 634 32 46 56,https://www.brassahomes.com/,4.9,36.0,es,Google reviews: 4.9* / 36,OPERATIONAL,"('real_estate_agency', 'consultant', 'finance', 'point_of_interest', 'establishment')",03724
Tabaira Real Estate,"C. de la Iglesia, 4, 03724 Moraira, Alicante, España",+34 965 74 41 79,https://tabairarealestate.com/,4.5,35.0,es,Google reviews: 4.5* / 35,OPERATIONAL,"('real_estate_agency', 'consultant', 'point_of_interest', 'establishment')",03724
BoCasa Real Estate,"Av. Madrid, 16, Bajo, 03724 Moraira, Alicante, España",+34 666 62 86 76,https://bocasa.nl/,5.0,30.0,es,Google reviews: 5* / 30,OPERATIONAL,"('real_estate_agency', 'finance', 'consultant', 'point_of_interest', 'establishment')",03724
Costa Broker Alicante,"C/ Italia, 9, 03003 Alacant, Alicante, España",+48 797 040 660,https://www.costabroker.com/,4.4,45.0,es,Google reviews: 4.4* / 45,OPERATIONAL,"('real_estate_agency', 'point_of_interest', 'establishment')",03003
Moraira Immobilien Agente inmobiliaria local,"Zona Comercial Platgetes, Ctra. Moraira a Calpe, 140, 03724 Moraira, Alicante, España",+34 629 00 62 14,http://www.moraira.immobilien/,5.0,6.0,es,Google reviews: 5* / 6,OPERATIONAL,"('real_estate_agency', 'consultant', 'point_of_interest', 'establishment')",03724
Llobell Inmobiliaris,"Avinguda del Mediterrani, 67, 03725 Teulada, Alicante, España",+34 615 65 74 46,http://www.llobellinmobiliaris.com/,4.2,35.0,es,Google reviews: 4.2* / 35,OPERATIONAL,"('real_estate_agency', 'point_of_interest', 'establishment')",03725
Marti Projects,"Plaza de la Constitucion, 1, 03725 Teulada, Alicante, España",+34 966 49 25 36,https://www.martiprojects.com/,4.9,25.0,es,Google reviews: 4.9* / 25,OPERATIONAL,"('real_estate_agency', 'point_of_interest', 'establishment')",03725
Casas Costa Blanca,"Kantooradres. Alleen op afspraak, Camí del Rei, 13B, 03725 Teulada, Alicante, España",+34 650 16 35 86,https://casascostablanca.nl/,4.9,24.0,nl,Google reviews: 4.9* / 24,OPERATIONAL,"('real_estate_agency', 'point_of_interest', 'establishment')",03725
Live It Costablanca,"Carrer de Benissa, 03725 Teulada, Alicante, España",+34 649 15 44 77,http://liveitcostablanca.com/,5.0,24.0,es,Google reviews: 5* / 24,OPERATIONAL,"('real_estate_agency', 'point_of_interest', 'establishment')",03725
Morimar Gestio,"Avinguda del Mediterrani, 99, 03725 Teulada, Alicante, España",+34 965 74 02 61,,5.0,2.0,es,Google reviews: 5* / 2,OPERATIONAL,"('real_estate_agency', 'point_of_interest', 'establishment')",03725
Agence immobilière francophone Arc En Ciel,"Avinguda del Mediterrani, 135, 3°,oficina 14, 03725 Teulada, Alicante, España",+34 662 28 93 53,https://www.immoarcenciel.com/,2.3,3.0,es,Google reviews: 2.3* / 3,OPERATIONAL,"('real_estate_agency', 'point_of_interest', 'establishment')",03725
Girasol Homes,"Avinguda del Mediterrani, 135, 03725 Teulada, Alicante, España",+34 965 32 13 46,,4.0,1.0,es,Google reviews: 4* / 1,OPERATIONAL,"('real_estate_agency', 'point_of_interest', 'establishment')",03725
Royal Style Villas,"Avinguda del Mediterrani, 22, 03725 Teulada, Alicante, España",+34 606 40 06 36,https://www.royalstylevillas.com/,2.4,12.0,es,Google reviews: 2.4* / 12,OPERATIONAL,"('real_estate_agency', 'point_of_interest', 'establishment')",03725
Spanish Property Sales,"Carrer Benimagrell, 2, 03724 Teulada, Alicante, España",+34 666 27 14 61,https://www.spanish-property-sales.net/,4.9,43.0,en,Google reviews: 4.9* / 43,OPERATIONAL,"('real_estate_agency', 'point_of_interest', 'establishment')",03724
El Mas,"Camí del Blanc, 24, 03725, Alicante, España",+34 634 33 82 39,,5.0,1.0,es,Google reviews: 5* / 1,OPERATIONAL,"('real_estate_agency', 'point_of_interest', 'establishment')",03725
Benitachell Properties SL,"Carrer Pare Plácido, 57, 03726 El Poble Nou de Benitatxell, Alicante, España",+34 626 15 36 07,http://www.benitachellproperties.com/,4.9,13.0,es,Google reviews: 4.9* / 13,OPERATIONAL,"('real_estate_agency', 'point_of_interest', 'establishment')",03726
VillasCostaMar,"Carrer les Capelletes, 31, bajo, 03726 El Poble Nou de Benitatxell, Alicante, España",,http://www.villascostamar.com/,4.1,38.0,es,Google reviews: 4.1* / 38,OPERATIONAL,"('real_estate_agency', 'point_of_interest', 'establishment')",03726
Grupo García,"Av. Joanot Martorell, 17C, 03727 Xaló, Alicante, España",+34 966 48 24 80,https://grupo-garcia.es/,4.9,95.0,es,Google reviews: 4.9* / 95,OPERATIONAL,"('real_estate_agency', 'point_of_interest', 'establishment')",03727
Premier Villas ( 03727 ),"Centro Comercial La Teulera 1, Pla de la Séquia, 61, y 63, 03727 Xaló, Alicante, España",+34 966 48 11 30,http://www.premiervillasspain.com/,5.0,126.0,es,Google reviews: 5* / 126,OPERATIONAL,"('real_estate_agency', 'consultant', 'point_of_interest', 'establishment')",03727
Karma Properties,"Avinguda Rei Juan Carlos I, 31, 03727 Xaló, Alicante, España",+34 609 21 17 10,https://www.karmaproperties.es/,4.7,22.0,es,Google reviews: 4.7* / 22,OPERATIONAL,"('real_estate_agency', 'point_of_interest', 'establishment')",03727
Jalon Valley Real Estate.,"Carrer Benissa, 5, 03727 Xaló, Alicante, España",+34 656 68 20 41,,4.4,55.0,en,Google reviews: 4.4* / 55,OPERATIONAL,"('real_estate_agency', 'finance', 'point_of_interest', 'establishment')",03727
Mestre Villas,"Av. Joanot Martorell, 13, 1º, 03727 Jalón, Alicante, España",+34 609 96 02 76,http://www.mestrevillas.com/,4.5,25.0,en,Google reviews: 4.5* / 25,OPERATIONAL,"('real_estate_agency', 'general_contractor', 'point_of_interest', 'establishment')",03727
The Property Team,"Avenida San Domingo, 22, 03727 Xaló, Alicante, España",+34 966 48 08 03,https://es.thepropertyteam.es/,4.4,17.0,en,Google reviews: 4.4* / 17,OPERATIONAL,"('real_estate_agency', 'point_of_interest', 'establishment')",03727
Jacaranda Property Sales Spain,"Av. Joanot Martorell, 9, 10, 03727 Xaló, Alicante, España",+34 966 48 12 77,https://www.jacarandaspain.com/,4.8,58.0,nl,Google reviews: 4.8* / 58,OPERATIONAL,"('real_estate_agency', 'point_of_interest', 'establishment')",03727
Moraguespons Mediterranean Houses,"nº, D'Ausius March, 13, 03730 Jávea, Alicante, España",+34 965 79 39 42,http://www.moraguespons.com/,4.7,42.0,es,Google reviews: 4.7* / 42,OPERATIONAL,"('real_estate_agency', 'general_contractor', 'point_of_interest', 'establishment')",03730
Ahermar,"Av. de la Fontana, 4, 03730 Platja de l'Arenal, Alicante, España",+34 965 79 25 92,http://www.ahermar.com/,4.6,27.0,es,Google reviews: 4.6* / 27,OPERATIONAL,"('real_estate_agency', 'consultant', 'point_of_interest', 'establishment')",03730
Atina inmobiliaria Javea,"Carrer Venecia, 2, 03738 Xàbia, Alicante, España",+34 966 46 11 28,http://atinainmobiliaria.com/,5.0,172.0,es,Google reviews: 5* / 172,OPERATIONAL,"('real_estate_agency', 'point_of_interest', 'establishment')",03738
Vicens Ash Properties,"Carretera, Pla 137 bajo, 03730 Cap de la Nau, Alicante, España",+34 966 46 16 43,https://www.vicensash.com/,4.8,94.0,es,Google reviews: 4.8* / 94,OPERATIONAL,"('real_estate_agency', 'point_of_interest', 'establishment')",03730
Euro Jávea,"Plaza Presidente, Pl. Adolfo Suarez, 9, 03730 Xàbia, Alicante, España",+34 650 68 60 79,https://www.eurojavea.com/,4.8,164.0,es,Google reviews: 4.8* / 164,OPERATIONAL,"('real_estate_agency', 'general_contractor', 'point_of_interest', 'establishment')",03730
MG Villas Luxury Property,"Av. de la Llibertad, 11, Local 11, 03730 Jávea, Alicante, España",+34 965 77 06 99,https://www.mgvillas.com/?utm_source=GMB&utm_medium=google-my-business&utm_campaign=Google+My+Business,4.9,108.0,es,Google reviews: 4.9* / 108,OPERATIONAL,"('real_estate_agency', 'finance', 'consultant', 'general_contractor', 'point_of_interest', 'establishment')",03730
Arzuaga,"Calle Rda. Nte., 11, 03730 Jávea, Alicante, España",+34 655 44 63 02,https://www.arzuagainmobiliaria.com/,4.8,21.0,es,Google reviews: 4.8* / 21,OPERATIONAL,"('real_estate_agency', 'point_of_interest', 'establishment')",03730
Montgó Real Estate,,+34 634 38 77 60,https://montgorealestate.com/,5.0,2.0,es,Google reviews: 5* / 2,OPERATIONAL,"('real_estate_agency', 'establishment')",
Bartolome Bas Buïgues,"Aptos. Estrella del Sur, Av. de la Llibertat, 2, 03738 Xàbia, Alicante, España",+34 965 79 53 86,https://www.bartolomebas.com/,4.3,11.0,es,Google reviews: 4.3* / 11,OPERATIONAL,"('real_estate_agency', 'point_of_interest', 'establishment')",03738
Crown Properties,"Javea Park, Avinguda de Paris, 2, Bloque 1-1a, 03730 Xàbia, Alicante, España",+34 691 22 50 70,http://www.crown-property.com/,4.9,91.0,es,Google reviews: 4.9* / 91,OPERATIONAL,"('real_estate_agency', 'apartment_building', 'finance', 'point_of_interest', 'establishment')",03730
Costa Houses Luxury Villas,"Av. del Pla, 126 1° 26 · CCA, 03730 Xàbia, Alicante, España",+34 966 36 45 79,https://www.costa-houses.com/,4.9,137.0,es,Google reviews: 4.9* / 137,OPERATIONAL,"('real_estate_agency', 'finance', 'consultant', 'general_contractor', 'point_of_interest', 'establishment')",03730
Montgó Villas,,+34 647 55 52 15,https://www.montgovillas.com/,4.8,23.0,es,Google reviews: 4.8* / 23,OPERATIONAL,"('real_estate_agency', 'establishment')",
Javea Casas,,+34 654 97 68 36,https://www.javeacasas.com/,5.0,5.0,es,Google reviews: 5* / 5,OPERATIONAL,"('real_estate_agency', 'establishment')",
Javea Immo,"Av. Estrasburgo, 03738 Xàbia, Alicante, España",+34 678 62 64 07,http://www.javeaimmo.com/,4.4,17.0,es,Google reviews: 4.4* / 17,OPERATIONAL,"('real_estate_agency', 'point_of_interest', 'establishment')",03738
Javea Continental,"Av. Rey Jaime I, 11, 03730 Jávea, Alicante, España",+34 965 79 63 66,http://www.javeacontinental.com/,4.6,16.0,es,Google reviews: 4.6* / 16,OPERATIONAL,"('real_estate_agency', 'point_of_interest', 'establishment')",03730
Paradise Real Estate,"Playa Arenal, Avda. De La Libertad Bl. 5, Local 47C, 03730 Xàbia, Alicante, España",+34 966 47 25 95,https://www.paradiserealestate.co.uk/?utm_source=google&utm_medium=local&utm_campaign=Google%20Maps&utm_content=boton_web,4.7,66.0,es,Google reviews: 4.7* / 66,OPERATIONAL,"('real_estate_agency', 'finance', 'consultant', 'general_contractor', 'point_of_interest', 'establishment')",03730
New Home Javea,"Ctra. Cabo la Nao Placita, 126, local/office 2.05, 03730 Jávea, Alicante, España",+34 654 43 84 25,https://www.newhomejavea.com/,4.5,62.0,es,Google reviews: 4.5* / 62,OPERATIONAL,"('real_estate_agency', 'lodging', 'lawyer', 'consultant', 'point_of_interest', 'establishment')",03730
Randof Real Estate,"Av. de la Llibertat, 47, C, 03730 Platja de l'Arenal, Alicante, España",+34 965 76 95 58,https://www.randofrealestate.com/,4.5,18.0,es,Google reviews: 4.5* / 18,OPERATIONAL,"('real_estate_agency', 'accounting', 'consultant', 'finance', 'point_of_interest', 'establishment')",03730
Villadom Jávea,"Av. de la Fontana, 8, 03730 Xàbia, Alicante, España",+34 965 79 48 62,http://www.villadomjavea.com/,4.8,21.0,es,Google reviews: 4.8* / 21,OPERATIONAL,"('real_estate_agency', 'consultant', 'finance', 'point_of_interest', 'establishment')",03730
id javea,"C. Cádiz, 7, 03730 Jávea, Alicante, España",+34 685 34 46 25,https://www.idjavea.com/,,,fr,Google reviews: * / None,OPERATIONAL,"('real_estate_agency', 'point_of_interest', 'establishment')",03730
Engel & Völkers - Jávea,"Avinguda del Mediterrània, 238, 03738 Badia de Xàbia, Alicante, España",,https://www.engelvoelkers.com/es/es/inmuebles/res/compra/inmobiliario/comunidad-valenciana/javea,,,en,Google reviews: * / None,OPERATIONAL,"('real_estate_agency', 'point_of_interest', 'establishment')",03738
Xabiga Inmobiliaria,"C. Santísimo Cristo del Mar, 33, 03730 Jávea, Alicante, España",+34 609 66 22 02,http://www.xabiga.com/,4.2,36.0,es,Google reviews: 4.2* / 36,OPERATIONAL,"('real_estate_agency', 'consultant', 'point_of_interest', 'establishment')",03730
Terramar Costa Blanca,"Pl. Adolfo Suarez, 18, 03730 Jávea, Alicante, España",+34 966 46 05 60,http://www.terramar.es/,4.6,16.0,es,Google reviews: 4.6* / 16,OPERATIONAL,"('real_estate_agency', 'point_of_interest', 'establishment')",03730
Llidomar Properties,"Av. de l'Arenal, 5, 03730 Xàbia, Alicante, España",+34 965 79 15 05,https://www.llidomarjavea.com/?utm_source=google&utm_medium=local&utm_campaign=Google%20Maps&utm_content=boton_web,4.6,55.0,es,Google reviews: 4.6* / 55,OPERATIONAL,"('real_estate_agency', 'general_contractor', 'consultant', 'finance', 'point_of_interest', 'establishment')",03730
LYT Properties ,"Calle Trossets, 45, 03740 Gata de Gorgos, Alicante, España",+34 626 77 14 02,https://www.lytproperties.com/,4.9,57.0,es,Google reviews: 4.9* / 57,OPERATIONAL,"('real_estate_agency', 'finance', 'consultant', 'general_contractor', 'point_of_interest', 'establishment')",03740
Inmobiliaria Juan Ramón Signes,"Av. de la Marina Alta, 1, 03740 Gata de Gorgos, Alicante, España",+34 965 75 63 57,http://www.inmobiliariajuanramon.com/,4.8,48.0,es,Google reviews: 4.8* / 48,OPERATIONAL,"('real_estate_agency', 'insurance_agency', 'point_of_interest', 'establishment')",03740
Inmobiliaria la Marina Alta,"Carrer de Teulada, 95, 03740 Gata de Gorgos, Alicante, España",+34 606 40 00 35,http://inmuebleslamarina.com/,5.0,1.0,es,Google reviews: 5* / 1,OPERATIONAL,"('real_estate_agency', 'point_of_interest', 'establishment')",03740
Sunseacasas,,+34 636 63 62 98,https://sunseacasas.es/,5.0,60.0,es,Google reviews: 5* / 60,OPERATIONAL,"('real_estate_agency', 'establishment')",
Gistar Inmobiliaria,,,https://gistarinmobiliaria.net/,4.4,7.0,es,Google reviews: 4.4* / 7,OPERATIONAL,"('real_estate_agency', 'establishment')",
Essential Properties ,"Avinguda de Jaume I, 57, 03750 Pedreguer, Alicante, España",+34 900 877 032,http://www.essentialproperties.es/,4.1,21.0,es,Google reviews: 4.1* / 21,OPERATIONAL,"('real_estate_agency', 'consultant', 'finance', 'point_of_interest', 'establishment')",03750
Grupo Marcos Marco,"Carrer Dr. Fleming, 24B, 03759 Benidoleig, Alicante, España",+34 966 28 73 33,http://www.grupomarcosmarco.com/,4.9,67.0,es,Google reviews: 4.9* / 67,OPERATIONAL,"('real_estate_agency', 'point_of_interest', 'establishment')",03759
HomeEspaña ( 03759 ),"Plaça Diputació, 1, 03759 Benidoleig, Alicante, España",+34 966 82 11 21,https://www.homeespana.com/,4.9,32.0,en,Google reviews: 4.9* / 32,OPERATIONAL,"('real_estate_agency', 'point_of_interest', 'establishment')",03759
Vibesa,"Lugar Urbanización, Aldea de Las Cuevas, 230, 03759 Aldea de las Cuevas, Alicante, España",+34 966 40 42 46,,3.7,3.0,es,Google reviews: 3.7* / 3,OPERATIONAL,"('real_estate_agency', 'point_of_interest', 'establishment')",03759
Ondara Qualitats Inmobiliaria,"Av. Marina Alta, 16, 03760 Ondara, Alicante, España",+34 649 89 49 71,,3.7,7.0,es,Google reviews: 3.7* / 7,OPERATIONAL,"('real_estate_agency', 'point_of_interest', 'establishment')",03760
RENVIDA,"Av. del Dr. Fleming, 36, 03760 Ondara, Alicante, España",+34 965 76 66 59,http://www.renvida.com/,4.1,50.0,es,Google reviews: 4.1* / 50,OPERATIONAL,"('real_estate_agency', 'point_of_interest', 'establishment')",03760
Aurum Villas,"C. Gabriel Miró, 1, 03760 Ondara, Alicante, España",+34 620 21 08 33,http://www.aurum-villas.com/,4.0,8.0,es,Google reviews: 4* / 8,OPERATIONAL,"('real_estate_agency', 'finance', 'consultant', 'point_of_interest', 'establishment')",03760
Euro Gestion Inmobiliaria,"Av. del Dr. Fleming, 3, 03760 Ondara, Alicante, España",+34 965 76 72 89,,,,es,Google reviews: * / None,OPERATIONAL,"('real_estate_agency', 'apartment_building', 'home_goods_store', 'general_contractor', 'store', 'point_of_interest', 'establishment')",03760
InmOndara Real Estate,"Av. del Dr. Fleming, 49, 03760 Ondara, Alicante, España",+34 621 23 54 77,https://www.inmondara.com/,,,es,Google reviews: * / None,OPERATIONAL,"('real_estate_agency', 'point_of_interest', 'establishment')",03760
InmoXara,"Avenida del Oeste, 8, local izquierdo, 03709 La Xara, Alicante, España",+34 616 58 28 74,https://www.inmoxara.es/?utm_source=google&utm_medium=local&utm_campaign=Google%20Maps&utm_content=boton_web,4.8,124.0,es,Google reviews: 4.8* / 124,OPERATIONAL,"('real_estate_agency', 'consultant', 'point_of_interest', 'establishment')",03709
Casal Jové,"Carrer del Roser Verge, 32, 03760 Ondara, Alicante, España",+34 966 47 64 56,,,,es,Google reviews: * / None,OPERATIONAL,"('real_estate_agency', 'point_of_interest', 'establishment')",03760
A3 Inversiones,"Carrer Serra de Bèrnia, 8, 03760 Ondara, Alicante, España",+34 640 31 75 94,,,,es,Google reviews: * / None,OPERATIONAL,"('real_estate_agency', 'point_of_interest', 'establishment')",03760
Inmotomas,"Av. Constitució, 25, 03770 El Verger, Alicante, España",+34 965 75 00 09,https://inmotomas.com/,4.2,5.0,es,Google reviews: 4.2* / 5,OPERATIONAL,"('real_estate_agency', 'point_of_interest', 'establishment')",03770
Fastighetsbyrån Alicante,"C. San Francisco, 41, 03001 Alacant, Alicante, España",+34 966 69 53 22,http://www.fastighetsbyran.com/alicante,4.8,43.0,sv,Google reviews: 4.8* / 43,OPERATIONAL,"('real_estate_agency', 'consultant', 'point_of_interest', 'establishment')",03001
costa,"Carrer Sant Antoni, 19, 03778 Beniarbeig, Alicante, España",,http://www.stacostablanca.com/,4.8,10.0,es,Google reviews: 4.8* / 10,OPERATIONAL,"('real_estate_agency', 'insurance_agency', 'point_of_interest', 'establishment')",03778
Hello2Spain Estate Agent,"Carrer de La Senia, 03778 Beniarbeig, Alicante, España",+34 672 20 88 79,http://www.hello2spain.com/,4.2,22.0,en,Google reviews: 4.2* / 22,OPERATIONAL,"('real_estate_agency', 'point_of_interest', 'establishment')",03778
Heri Servicios Inmobiliarios,"Pl. Calvo Sotelo, 15, 2A, 03001 Alicante (Alacant), Alicante, España",+34 604 95 04 77,http://www.inmoheri.com/,5.0,13.0,es,Google reviews: 5* / 13,OPERATIONAL,"('real_estate_agency', 'point_of_interest', 'establishment')",03001
Ortola Inmobiliaria,"C. del Mar, 126, 03780 Pego, Alicante, España",+34 965 57 29 45,https://www.ortolainmobiliaria.com/,4.7,31.0,nl,Google reviews: 4.7* / 31,OPERATIONAL,"('real_estate_agency', 'finance', 'consultant', 'general_contractor', 'point_of_interest', 'establishment')",03780
Inmobiliaria Habitat Pego,"Carrer Major, 4, 03780 Pego, Alicante, España",+34 670 33 94 80,http://www.habitatpego.com/,4.0,26.0,en,Google reviews: 4* / 26,OPERATIONAL,"('real_estate_agency', 'point_of_interest', 'establishment')",03780
DAVID FERRER / ASESOR INMOBILIARIO DENIA,"Carrer Sant Pere, 67, 03780 Pego, Alicante, España",+34 693 02 51 70,http://www.iadespana.es/,4.4,48.0,en,Google reviews: 4.4* / 48,OPERATIONAL,"('real_estate_agency', 'point_of_interest', 'establishment')",03780
Casitas Pego S.L.,"Carrer Sant Rafael, 62, bajo, 03780 Pego, Alicante, España",+34 966 40 20 46,https://www.casitas-pego.com/,3.8,41.0,es,Google reviews: 3.8* / 41,OPERATIONAL,"('real_estate_agency', 'point_of_interest', 'establishment')",03780
ambraproperties,"Carrer Sant Jaume, 1, bajo, 03780 Pego, Alicante, España",+34 674 29 00 98,http://www.ambraproperties.com/,4.5,13.0,es,Google reviews: 4.5* / 13,OPERATIONAL,"('real_estate_agency', 'point_of_interest', 'establishment')",03780
Aramar Inmobiliaria Real Estate,"Carrer Major, 20, 03780 Pego, Alicante, España",+34 644 26 62 66,https://aramarinmo.com/,5.0,5.0,es,Google reviews: 5* / 5,OPERATIONAL,"('real_estate_agency', 'point_of_interest', 'establishment')",03780
Acheter sur la Costa Blanca,"Av. de Fontilles, 21, 03780 Pego, Alicante, España",+34 692 90 12 17,https://www.acb.immo/,4.3,13.0,fr,Google reviews: 4.3* / 13,OPERATIONAL,"('real_estate_agency', 'point_of_interest', 'establishment')",03780
Real Estate España,"Carrer de les Quintanes, 9, 03792 Parcent, Alicante, España",+34 617 89 30 36,http://www.realestateespana.com/,,,en,Google reviews: * / None,OPERATIONAL,"('real_estate_agency', 'point_of_interest', 'establishment')",03792
Entrellardat,"C. de Álvarez Sereix, 7, 5 drcha, 03001 Alicante (Alacant), Alicante, España",+34 965 26 77 21,http://www.asesoresentre.es/,4.9,76.0,es,Google reviews: 4.9* / 76,OPERATIONAL,"('real_estate_agency', 'point_of_interest', 'establishment')",03001
Paslinares,"Av. Maisonnave, 41, 3°, 03003 Alicante (Alacant), Alicante, España",+34 611 48 77 05,,5.0,5.0,es,Google reviews: 5* / 5,OPERATIONAL,"('real_estate_agency', 'point_of_interest', 'establishment')",03003
Nadal Vidal SL,"C. José Antonio, 1, B, 03793 Castell de Castells, Alicante, España",+34 629 38 33 98,,5.0,1.0,es,Google reviews: 5* / 1,OPERATIONAL,"('real_estate_agency', 'point_of_interest', 'establishment')",03793
Inmonova Alcoy,,,https://www.inmonovalcoy.com/,5.0,3.0,es,Google reviews: 5* / 3,OPERATIONAL,"('real_estate_agency', 'establishment')",
SC inmobiliaria,"Av. Hispanitat, 6, 03804 Alcoi, Alicante, España",+34 966 33 88 80,https://www.scinmobiliaria.es/,4.3,52.0,es,Google reviews: 4.3* / 52,OPERATIONAL,"('real_estate_agency', 'point_of_interest', 'establishment')",03804
Inmobiliaria ( 03820 ),"Carrer Músic Just Sansalvador, 4, 03820 Cocentaina, Alicante, España",+34 666 64 44 42,,4.3,70.0,es,Google reviews: 4.3* / 70,OPERATIONAL,"('real_estate_agency', 'point_of_interest', 'establishment')",03820
Barber Inmobiliaria,"Av. del País Valencià, 132, 03820 Cocentaina, Alicante, España",+34 965 59 20 56,,2.8,6.0,es,Google reviews: 2.8* / 6,OPERATIONAL,"('real_estate_agency', 'point_of_interest', 'establishment')",03820
COAST HOUSE PROPERTIES,"C. de las Navas, 26, Bajo, 03001 Alicante (Alacant), Alicante, España",+34 644 39 67 97,https://www.inmocoasthouse.com/,5.0,21.0,es,Google reviews: 5* / 21,OPERATIONAL,"('real_estate_agency', 'point_of_interest', 'establishment')",03001
Inmobiliaria Pascual,"Avinguda de València, 27, 03830 Muro d'Alcoi, Alicante, España",+34 966 51 73 33,http://www.inmobiliariapascual.com/,3.9,30.0,es,Google reviews: 3.9* / 30,OPERATIONAL,"('real_estate_agency', 'finance', 'consultant', 'point_of_interest', 'establishment')",03830
