name,address,maps_phone,url,rating,reviews_count,language,comment,business_status,types,zip_code
🥇 Agencia inmobiliaria Mallorca ,"Carrer del Ter, 12, 2º Piso, 3º Puerta, Levante, 07009 Palma, Illes Balears, España",+34 637 79 27 62,http://www.rhrealestatemallorca.com/,4.9,55.0,es,Google reviews: 4.9* / 55,OPERATIONAL,"('real_estate_agency', 'point_of_interest', 'establishment')",07009
Inmobiliaria Inmogestión Balear,"57, Carretera de Valldemossa, Nord, 07010 Palma, Illes Balears, España",+34 971 66 65 27,https://www.inmogestionbalear.com/,4.8,318.0,es,Google reviews: 4.8* / 318,OPERATIONAL,"('real_estate_agency', 'point_of_interest', 'establishment')",07010
Amelia Inmobiliaria,"Career Nuredduna, 10, 3° D, Llevant, 07006 Palma, Illes Balears, España",+34 871 59 18 64,https://ameliainmobiliaria.com/,4.9,123.0,es,Google reviews: 4.9* / 123,OPERATIONAL,"('real_estate_agency', 'point_of_interest', 'establishment')",07006
Mamá Inmobiliaria,"Carrer de Bartomeu Sureda i Miserol, 7, Local 9, Poniente, 07013 Sa Vileta-Son Rapinya, Illes Balears, España",+34 871 85 75 64,http://www.mamainmobiliaria.com/,4.9,160.0,es,Google reviews: 4.9* / 160,OPERATIONAL,"('real_estate_agency', 'point_of_interest', 'establishment')",07013
Atrio inmobiliaria Mallorca,"Plaça de Sant Antoni, 11, Centre, 07002 Palma, Illes Balears, España",+34 618 92 20 47,http://www.atrioinmobiliaria.com/,5.0,36.0,es,Google reviews: 5* / 36,OPERATIONAL,"('real_estate_agency', 'consultant', 'point_of_interest', 'establishment')",07002
Palmacasa Inmobiliaria,"Carrer d'En Vilanova, 4, Centre, 07002 Palma, Illes Balears, España",+34 971 71 47 88,http://www.palmacasa.es/,4.9,343.0,es,Google reviews: 4.9* / 343,OPERATIONAL,"('real_estate_agency', 'point_of_interest', 'establishment')",07002
Talaiot Asesores Inmobiliarios,"Passatge Particular de Santa Catalina de Sena, nº 1, Centre, 07002 Palma, Illes Balears, España",+34 971 75 48 78,http://inmobiliariatalaiot.es/,4.9,492.0,es,Google reviews: 4.9* / 492,OPERATIONAL,"('real_estate_agency', 'point_of_interest', 'establishment')",07002
Sky Solutions Group Mallorca,"Pg. del Born, 15, 2 B-C, Distrito Centro, 07012 Palma, Illes Balears, España",+34 971 15 03 22,https://skysolutionsgroup.es/mallorca/,4.7,47.0,es,Google reviews: 4.7* / 47,OPERATIONAL,"('real_estate_agency', 'finance', 'lawyer', 'consultant', 'point_of_interest', 'establishment')",07012
Inmobiliaria Buades. Mª Dolores Carballal Buades,"Carrer de Can Ribera, 4, esc.izda.1º B, Centre, 07012 Palma, Illes Balears, España",+34 692 50 59 21,,4.7,3.0,es,Google reviews: 4.7* / 3,OPERATIONAL,"('real_estate_agency', 'point_of_interest', 'establishment')",07012
Inmobiliaria RED Premium Real Estate  ( 07012 ),"Carrer de la Protectora, 10, LOCAL 11, Distrito Centro, 07012 Palma, Illes Balears, España",+34 971 88 80 18,http://www.redpremium.es/,4.4,200.0,es,Google reviews: 4.4* / 200,OPERATIONAL,"('real_estate_agency', 'point_of_interest', 'establishment')",07012
Smârthöme Mallorca ,"Carrer de Can Puigdorfila, 14, Centre, 07001 Palma, Illes Balears, España",+34 971 09 28 97,http://www.smarthomemallorca.com/,5.0,19.0,es,Google reviews: 5* / 19,OPERATIONAL,"('real_estate_agency', 'point_of_interest', 'establishment')",07001
Inmobiliaria en Palma de Mallorca ,"Calle Isla de Malta, 13, Platja de Palma, 07007 Palma, Illes Balears, España",+34 657 47 27 83,http://www.regainternational.com/,5.0,42.0,es,Google reviews: 5* / 42,OPERATIONAL,"('real_estate_agency', 'consultant', 'point_of_interest', 'establishment')",07007
Verí Mallorca,"Carrer de Can Verí, 4, Centre, 07001 Palma, Illes Balears, España",+34 871 53 90 72,http://verimallorca.com/,5.0,2.0,es,Google reviews: 5* / 2,OPERATIONAL,"('real_estate_agency', 'point_of_interest', 'establishment')",07001
RE/MAX Immocorner ,"Pg. de Mallorca, 14, Centre, 07012 Palma, Illes Balears, España",+34 971 12 29 91,http://www.immo-corner.com/,5.0,31.0,es,Google reviews: 5* / 31,OPERATIONAL,"('real_estate_agency', 'apartment_building', 'finance', 'point_of_interest', 'establishment')",07012
InMallorca Inmobiliaria ( 07002 ),"Carrer de Josep Anselm Clavé, 2, Centre, 07002 Palma, Illes Balears, España",+34 682 80 09 07,https://www.inmallorcainmobiliaria.com/,5.0,9.0,es,Google reviews: 5* / 9,OPERATIONAL,"('real_estate_agency', 'point_of_interest', 'establishment')",07002
InmoBienvenue,"Plaça de Santa Eulàlia, 7, Planta 2 Despacho nº 3, Centre, 07001 Palma, Illes Balears, España",+34 666 00 36 65,https://www.inmo-bienvenue.com/,4.5,15.0,es,Google reviews: 4.5* / 15,OPERATIONAL,"('real_estate_agency', 'finance', 'consultant', 'point_of_interest', 'establishment')",07001
Inmobiliaria Inmovisa en Palma,"Carrer del Baró de Pinopar, 14, bajos, Centre, 07012 Palma, Illes Balears, España",+34 971 72 59 69,https://inmovisa.com/,4.7,119.0,en,Google reviews: 4.7* / 119,OPERATIONAL,"('real_estate_agency', 'finance', 'consultant', 'point_of_interest', 'establishment')",07012
Inmobiliaria en Palma · Balear Living Real Estate,"Gran Via Asima, 2, Nord, 07009 Palma, Illes Balears, España",+34 971 12 84 59,https://realestatebalear.com/,5.0,63.0,es,Google reviews: 5* / 63,OPERATIONAL,"('real_estate_agency', 'consultant', 'point_of_interest', 'establishment')",07009
Reset Real Estate,"Los Geranios, Passatge Particular de Santa Catalina de Sena, 2, Oficina 1A, Distrito Centro, 07002 Edf, Illes Balears, España",+34 658 87 05 41,,4.4,7.0,es,Google reviews: 4.4* / 7,OPERATIONAL,"('real_estate_agency', 'point_of_interest', 'establishment')",07002
Estate Agency Balearic Properties ,"Carrer d'Alcúdia, 3, 07460 Pollença, Illes Balears, España",+34 971 53 29 84,http://www.balearic-properties.com/,4.3,59.0,es,Google reviews: 4.3* / 59,OPERATIONAL,"('real_estate_agency', 'point_of_interest', 'establishment')",07460
BAUZÁ INMOBILIARIA,"Carrer de la Palma, 5B, Centre, 07003 Palma, Illes Balears, España",+34 627 04 72 17,https://bauzainmobiliaria.com/,5.0,109.0,es,Google reviews: 5* / 109,OPERATIONAL,"('real_estate_agency', 'point_of_interest', 'establishment')",07003
Mallorca Select,"Carrer dels Paraires, 26, I, Centre, 07002 Palma, Illes Balears, España",+34 634 30 37 79,http://mallorca-select.com/,5.0,43.0,en,Google reviews: 5* / 43,OPERATIONAL,"('real_estate_agency', 'point_of_interest', 'establishment')",07002
John Taylor Palma de Mallorca,"Carrer Constitució, 8, Centre, 07001 Palma, Illes Balears, España",+34 971 59 88 00,https://www.john-taylor.es/,4.6,13.0,es,Google reviews: 4.6* / 13,OPERATIONAL,"('real_estate_agency', 'point_of_interest', 'establishment')",07001
NOUDOS Inmobiliaria,"Carrer Gral. Ricardo Ortega, 6, Llevant, 07006 Palma, Illes Balears, España",+34 971 63 56 91,http://noudos.com/,4.8,30.0,es,Google reviews: 4.8* / 30,OPERATIONAL,"('real_estate_agency', 'point_of_interest', 'establishment')",07006
Engel & Völkers Palma Centro,"Carrer Constitució, 7, Centre, 07001 Palma, Illes Balears, España",+34 971 21 41 40,https://www.engelvoelkers.com/es/en/shops/palma-centre,4.2,41.0,es,Google reviews: 4.2* / 41,OPERATIONAL,"('real_estate_agency', 'point_of_interest', 'establishment')",07001
Fincas Fiol,"Carrer de Francesc Suau, 20, Bajos, Nord, 07010 Palma, Illes Balears, España",+34 971 75 52 20,http://www.fincasfiol.com/,4.7,380.0,es,Google reviews: 4.7* / 380,OPERATIONAL,"('real_estate_agency', 'point_of_interest', 'establishment')",07010
Inmovelia,,+34 611 08 52 07,https://inmovelia.com/,4.9,57.0,es,Google reviews: 4.9* / 57,OPERATIONAL,"('real_estate_agency', 'establishment')",
IB Invest ,"Plaça de Santa Eulàlia, 7, Planta 2 Despacho nº 3, Centre, 07001 Palma, Illes Balears, España",+34 666 00 36 65,https://www.ibinvest.es/,4.2,5.0,es,Google reviews: 4.2* / 5,OPERATIONAL,"('real_estate_agency', 'consultant', 'point_of_interest', 'establishment')",07001
Palma Realtor,"Carrer de Sant Martí, 1, Centre, 07012 Palma, Illes Balears, España",+34 681 15 45 15,http://www.palmarealtor.com/,5.0,51.0,es,Google reviews: 5* / 51,OPERATIONAL,"('real_estate_agency', 'point_of_interest', 'establishment')",07012
Inmobiliaria Mallorca ,"Passatge Galerias Jaime III, 2, Entresuelo F, Distrito Centro, 07012 Palma, Illes Balears, España",+34 971 71 93 01,https://www.pisosmuybaratos.com/,5.0,3.0,es,Google reviews: 5* / 3,OPERATIONAL,"('real_estate_agency', 'point_of_interest', 'establishment')",07012
Baleares Immobiliaria,,+34 620 70 88 95,http://www.baleares.immo/,5.0,15.0,es,Google reviews: 5* / 15,OPERATIONAL,"('real_estate_agency', 'establishment')",
Medina Mallorca Properties SL,"Carrer de la Victòria, 4, Centre, 07001 Palma, Illes Balears, España",+34 971 71 80 28,http://www.medina-mallorca.com/,4.2,5.0,es,Google reviews: 4.2* / 5,OPERATIONAL,"('real_estate_agency', 'point_of_interest', 'establishment')",07001
Spain Sotheby's International Realty  ( 07001 ),"Carrer de Can Puigdorfila, 2, Bajo pt 02, Distrito Centro, 07001 Palma, Illes Balears, España",+34 871 18 00 48,https://www.spain-sothebysrealty.com/,5.0,16.0,en,Google reviews: 5* / 16,OPERATIONAL,"('real_estate_agency', 'finance', 'consultant', 'point_of_interest', 'establishment')",07001
Palmer inmobiliaria - Palma,"Carrer del Baró de Santa Maria del Sepulcre, 6, Centre, 07012 Palma, Illes Balears, España",+34 971 24 65 40,http://www.palmerinmobiliaria.com/,4.9,61.0,es,Google reviews: 4.9* / 61,OPERATIONAL,"('real_estate_agency', 'point_of_interest', 'establishment')",07012
RE/MAX Esmeralda ,"Av. d'Antoni Maura, 18, Centre, 07012 Palma, Illes Balears, España",+34 605 83 34 50,http://www.esmeralda.remax.es/,4.8,24.0,es,Google reviews: 4.8* / 24,OPERATIONAL,"('real_estate_agency', 'point_of_interest', 'establishment')",07012
Inmobiliaria Oliver,"Carrer de la Cerdanya, 5, Entresuelo 1, Distrito Centro, 07012 Palma, Illes Balears, España",+34 971 19 50 62,https://www.inmobiliariaoliver.com/,4.6,10.0,es,Google reviews: 4.6* / 10,OPERATIONAL,"('real_estate_agency', 'finance', 'point_of_interest', 'establishment')",07012
Fincas Piña Massip,"Passatge Particular de Santa Catalina de Sena, 4 -2, Entresuelo D, Distrito Centro, 07002 Palma, Illes Balears, España",+34 971 72 00 05,http://fincaspiñamassip.com/,4.4,103.0,es,Google reviews: 4.4* / 103,OPERATIONAL,"('real_estate_agency', 'consultant', 'point_of_interest', 'establishment')",07002
Balearhouse,"Pg. de Mallorca, 22, Centre, 07012 Palma, Illes Balears, España",+34 971 12 92 92,https://www.balearhouse.com/?utm_source=gmb&utm_medium=organic&utm_campaign=link-web,4.6,28.0,es,Google reviews: 4.6* / 28,OPERATIONAL,"('real_estate_agency', 'point_of_interest', 'establishment')",07012
GestPropiedad Avenidas,"Avinguda de Gabriel Alomar, 35, Llevant, 07006 Palma, Illes Balears, España",+34 689 85 27 03,https://www.gestpropiedad.com/avenidas,5.0,192.0,es,Google reviews: 5* / 192,OPERATIONAL,"('real_estate_agency', 'point_of_interest', 'establishment')",07006
REMAX Vinci Group Inmobiliaria Mallorca,"Avinguda de Gabriel Alomar, 3, Bajo Izquierda, Llevant, 07006 Palma, Illes Balears, España",+34 971 20 84 19,https://www.vincigroup.remax.es/,4.6,29.0,es,Google reviews: 4.6* / 29,OPERATIONAL,"('real_estate_agency', 'point_of_interest', 'establishment')",07006
Invest Mallorca,"Carrer del Baró de Santa Maria del Sepulcre, 6, Centre, 07012 Palma, Illes Balears, España",+34 971 72 60 29,https://investmallorca.com/contacto/,4.3,29.0,es,Google reviews: 4.3* / 29,OPERATIONAL,"('real_estate_agency', 'finance', 'consultant', 'point_of_interest', 'establishment')",07012
Soul Estate Agency,"Carrer de Mateu Enric Lladó, 5, 3ºA, Distrito Centro, 07002 Palma, Illes Balears, España",+34 633 10 46 36,https://www.soulestateagency.com/,5.0,7.0,es,Google reviews: 5* / 7,OPERATIONAL,"('real_estate_agency', 'point_of_interest', 'establishment')",07002
Mallorca Next Properties,"C. del Conquistador, 7, Local Izquierda, Distrito Centro, 07001 Palma, Illes Balears, España",+34 971 81 01 76,http://mallorcanextproperties.com/,5.0,4.0,es,Google reviews: 5* / 4,OPERATIONAL,"('real_estate_agency', 'point_of_interest', 'establishment')",07001
HOMA Inmobiliaria Mallorca,"Carrer Manuel Guasp, 17, local A, Llevant, 07006 Palma, Illes Balears, España",+34 644 42 92 59,https://www.homainmobiliaria.com/,4.6,19.0,es,Google reviews: 4.6* / 19,OPERATIONAL,"('real_estate_agency', 'point_of_interest', 'establishment')",07006
Mallorca House,"Carrer Manuel Guasp, 10, Bajos, Llevant, 07006 Palma, Illes Balears, España",+34 971 46 32 00,http://www.mallorcahouse.com/,4.4,8.0,es,Google reviews: 4.4* / 8,OPERATIONAL,"('real_estate_agency', 'point_of_interest', 'establishment')",07006
Inmobiliaria Estarellas Broker,"Carrer d'Enric Alzamora, 1, Centre, 07002 Palma, Illes Balears, España",+34 971 72 27 37,http://www.estarellasbroker.com/,4.7,49.0,es,Google reviews: 4.7* / 49,OPERATIONAL,"('real_estate_agency', 'point_of_interest', 'establishment')",07002
Living Blue Mallorca - Palma,"C. del Conquistador, 4, Centre, 07001 Palma, Illes Balears, España",+34 971 62 53 75,https://www.livingblue-mallorca.com/,5.0,21.0,es,Google reviews: 5* / 21,OPERATIONAL,"('real_estate_agency', 'consultant', 'point_of_interest', 'establishment')",07001
AVS Inmobiliaria,"Plaça de l'Esglesia, 11, 07350 Binissalem, Illes Balears, España",+34 696 79 20 91,https://www.avs.immo/,4.2,71.0,es,Google reviews: 4.2* / 71,OPERATIONAL,"('real_estate_agency', 'point_of_interest', 'establishment')",07350
Inmobiliaria Nadal,"Avinguda d'Alexandre Rosselló, 29, 1, 5, Centre, 07002 Palma, Illes Balears, España",+34 685 74 16 99,,5.0,2.0,es,Google reviews: 5* / 2,OPERATIONAL,"('real_estate_agency', 'point_of_interest', 'establishment')",07002
REMAX EXPERIENCE Inmobiliaria especializada en obra nueva,"Carrer de Gilabert de Centelles, 8, Esc. derecha, Llevant, 07005 Palma, Illes Balears, España",+34 871 85 30 53,https://www.remaxexperience.es/,4.6,71.0,es,Google reviews: 4.6* / 71,OPERATIONAL,"('real_estate_agency', 'consultant', 'point_of_interest', 'establishment')",07005
Balear Invest - Real Estate,"Avinguda de l'Argentina, 21, Ponent, 07013 Palma, Illes Balears, España",,http://www.balearinvest.com/,3.8,104.0,es,Google reviews: 3.8* / 104,OPERATIONAL,"('real_estate_agency', 'consultant', 'point_of_interest', 'establishment')",07013
Agencia Fernández,"1, Plaça de Weyler, 10, Centre, 07001 Palma, Illes Balears, España",+34 971 71 26 24,,4.3,18.0,es,Google reviews: 4.3* / 18,OPERATIONAL,"('real_estate_agency', 'point_of_interest', 'establishment')",07001
BARNES Mallorca,"Carrer Constitució, 7, Centre, 07001 Palma, Illes Balears, España",+34 971 48 39 67,https://www.barnes-mallorca.com/,5.0,2.0,es,Google reviews: 5* / 2,OPERATIONAL,"('real_estate_agency', 'point_of_interest', 'establishment')",07001
CEM Majorque,"Plaça de Santa Eulàlia, 7, Centre, 07001 Palma, Illes Balears, España",+34 666 00 36 65,https://www.cem-majorque.fr/,5.0,1.0,es,Google reviews: 5* / 1,OPERATIONAL,"('real_estate_agency', 'consultant', 'point_of_interest', 'establishment')",07001
Inmo 83,"Carrer d'Eusebi Estada, 29, Nord, 07004 Palma, Illes Balears, España",+34 971 07 10 81,https://www.inmo83.com/,4.8,461.0,es,Google reviews: 4.8* / 461,OPERATIONAL,"('real_estate_agency', 'point_of_interest', 'establishment')",07004
PALMA ORIGEN BY INMOIB,"Carrer de Pere Dezcallar i Net, 11, local 9, Distrito Centro, 07003 Palma, Illes Balears, España",+34 644 35 36 26,http://www.inmoib.com/,4.9,37.0,es,Google reviews: 4.9* / 37,OPERATIONAL,"('real_estate_agency', 'point_of_interest', 'establishment')",07003
Agencia Inmobiliaria BPH,"Carrer de la Reina Maria Cristina, 4, 1º1ª, Norte, 07003 Palma, Illes Balears, España",+34 871 90 27 05,https://inmobiliariabph.com/,4.5,39.0,es,Google reviews: 4.5* / 39,OPERATIONAL,"('real_estate_agency', 'consultant', 'point_of_interest', 'establishment')",07003
🗝️ Cool Homes Mallorca ,"Av. del Gran i General Consell, 6, 2 Planta, Nord, 07004 Palma, Illes Balears, España",+34 699 40 41 83,https://coolhomesmallorca.com/?utm_source=google&utm_medium=organic&utm_campaign=my_business,4.5,23.0,es,Google reviews: 4.5* / 23,OPERATIONAL,"('real_estate_agency', 'point_of_interest', 'establishment')",07004
Inmobiliaria Brossa,,+34 665 12 80 11,http://www.inmobrossa.com/,3.8,5.0,es,Google reviews: 3.8* / 5,OPERATIONAL,"('real_estate_agency', 'establishment')",
Palmer Inmobiliaria - Portixol,"Carrer de Llucmajor, nº 61, Platja de Palma, 07006 Palma, Illes Balears, España",+34 971 24 01 21,https://palmerinmobiliaria.com/,4.7,307.0,es,Google reviews: 4.7* / 307,OPERATIONAL,"('real_estate_agency', 'point_of_interest', 'establishment')",07006
Forcadell Palma,"Carrer de Bartomeu Ferrà, 2, Centre, 07002 Palma, Illes Balears, España",+34 971 71 88 52,https://www.forcadell.com/inmobiliaria-palma/,4.0,100.0,es,Google reviews: 4* / 100,OPERATIONAL,"('real_estate_agency', 'consultant', 'point_of_interest', 'finance', 'establishment')",07002
LaBoutiqueInmobiliaria,"C/ Francesc Sancho, 2, Nord, 07004 Palma, Illes Balears, España",+34 618 06 30 61,http://laboutiqueinmobiliaria.com/,4.8,32.0,es,Google reviews: 4.8* / 32,OPERATIONAL,"('real_estate_agency', 'point_of_interest', 'establishment')",07004
AFRIPAY INMOBILIARIA,"Carrer del 31 de Desembre, 11, Nord, 07003 Palma, Illes Balears, España",,https://www.afripayinmobiliaria.com/,4.4,121.0,es,Google reviews: 4.4* / 121,OPERATIONAL,"('real_estate_agency', 'consultant', 'point_of_interest', 'establishment')",07003
Coldwell Banker Select Real Estate Inmobiliaria en Palma de Mallorca,"Carrer del Temple, 5, Centre, 07002 Palma, Illes Balears, España",+34 971 70 11 72,https://www.coldwellbanker.es/selectrealestate,5.0,5.0,es,Google reviews: 5* / 5,OPERATIONAL,"('real_estate_agency', 'point_of_interest', 'establishment')",07002
RBK Prime,,+34 680 88 51 36,http://www.rbkprime.com/,5.0,12.0,es,Google reviews: 5* / 12,OPERATIONAL,"('real_estate_agency', 'establishment')",
Inmotrust Inmobiliaria,"Plaça de la Porta Pintada, Nº 7, 1º, Centre, 07002 Palma, Illes Balears, España",+34 605 55 52 77,http://inmotrust.com/,5.0,1.0,es,Google reviews: 5* / 1,OPERATIONAL,"('real_estate_agency', 'point_of_interest', 'establishment')",07002
Housing Properties,"Av. del Comte de Sallent, 10, Planta 4, Oficina 4, Norte, 07003 Palma, Illes Balears, España",+34 600 58 29 90,http://housingp.com/,5.0,22.0,es,Google reviews: 5* / 22,OPERATIONAL,"('real_estate_agency', 'point_of_interest', 'establishment')",07003
Stüde & Blas : Servicios inmobiliarios,"Passatge Particular Joan XXIII, 2, 4C, Centre, 07002 Palma, Illes Balears, España",+34 871 96 05 07,http://www.studeblas.com/,5.0,8.0,ca,Google reviews: 5* / 8,OPERATIONAL,"('real_estate_agency', 'point_of_interest', 'establishment')",07002
Privatgest Mallorca S.L.,"Carrer de Josep Anselm Clavé, 3, Centre, 07002 Palma, Illes Balears, España",+34 971 49 51 69,http://www.pgmallorca.com/,4.0,6.0,es,Google reviews: 4* / 6,OPERATIONAL,"('real_estate_agency', 'point_of_interest', 'establishment')",07002
Agencia Mallorca ( 07002 ),"Plaça de la Mercè, Centre, 07002 Palma, Illes Balears, España",+34 625 66 81 94,https://www.agenciamallorca.com/sobre-nosotros/,3.7,6.0,es,Google reviews: 3.7* / 6,OPERATIONAL,"('real_estate_agency', 'point_of_interest', 'establishment')",07002
Mía Inmobiliaria Mallorca,"Avinguda d'Antoni Maura, 6, 07141 Marratxí, Illes Balears, España",+34 657 82 47 59,http://www.mia-inmobiliaria.com/,5.0,25.0,es,Google reviews: 5* / 25,OPERATIONAL,"('real_estate_agency', 'point_of_interest', 'establishment')",07141
Inmobiliaria Fincas Mallorca ,"Carrer de Joaquim Togores, 7, local 2, Norte, 07010 Palma, Illes Balears, España",+34 971 75 01 65,http://inmobiliariapalma.com/,4.7,104.0,es,Google reviews: 4.7* / 104,OPERATIONAL,"('real_estate_agency', 'point_of_interest', 'establishment')",07010
Nappo Real Estate I Inmobiliaria en Mallorca y Madrid I Oficina Palma  ( 07006 ),"Carrer Manuel Guasp, 10, Llevant, 07006 Palma, Illes Balears, España",+34 971 37 08 46,http://napporealestate.com/,5.0,5.0,es,Google reviews: 5* / 5,OPERATIONAL,"('real_estate_agency', 'point_of_interest', 'establishment')",07006
Inmobiliaria Frau,"Carrer de Pere Dezcallar i Net, 13, Centre, 07003 Palma, Illes Balears, España",+34 971 71 02 94,,4.1,12.0,es,Google reviews: 4.1* / 12,OPERATIONAL,"('real_estate_agency', 'point_of_interest', 'establishment')",07003
Meli Properties,,+34 611 69 01 43,,5.0,24.0,es,Google reviews: 5* / 24,OPERATIONAL,"('real_estate_agency', 'establishment')",
DJ Real Estate Solutions,"Carrer de Velázquez, 7, Centre, 07002 Palma, Illes Balears, España",+34 971 62 50 25,https://www.djsolucionesinmobiliarias.com/,5.0,9.0,es,Google reviews: 5* / 9,OPERATIONAL,"('real_estate_agency', 'consultant', 'point_of_interest', 'establishment')",07002
Ros Inmobiliaria,"Edificio Europa, Carrer dels Caputxins, 3C, Centre, 07002 Palma, Illes Balears, España",+34 606 34 44 36,http://www.rosinmobiliaria.com/,2.5,2.0,es,Google reviews: 2.5* / 2,OPERATIONAL,"('real_estate_agency', 'point_of_interest', 'establishment')",07002
Fischer Prime Mallorca: Real Estate Bouitique,"Carrer d'En Vilanova, 2, 2º A, Centre, 07002 Palma, Illes Balears, España",+34 620 33 45 82,http://fischerprime.com/,5.0,4.0,en,Google reviews: 5* / 4,OPERATIONAL,"('real_estate_agency', 'point_of_interest', 'establishment')",07002
Rústica Mallorca,"c, La Rambla, 11, Distrito Centro, 07003 Palma, Illes Balears, España",+34 971 10 67 06,http://www.rusticamallorca.com/,4.4,17.0,es,Google reviews: 4.4* / 17,OPERATIONAL,"('real_estate_agency', 'point_of_interest', 'establishment')",07003
Linkey Consultora Inmobiliaria,"Carrer de Velázquez, 10, Centre, 07002 Palma, Illes Balears, España",+34 647 55 75 74,http://www.linkey.es/,5.0,8.0,en,Google reviews: 5* / 8,OPERATIONAL,"('real_estate_agency', 'point_of_interest', 'establishment')",07002
Gestbalear Servicios inmobiliarios,"Carrer de Velázquez, 6, Centre, 07002 Palma, Illes Balears, España",+34 606 34 49 29,http://www.gestbalear.com/,,,es,Google reviews: * / None,OPERATIONAL,"('real_estate_agency', 'point_of_interest', 'establishment')",07002
Coco Inmobiliaria,"Carrer de Ticià, 47, Nord, 07003 Palma, Illes Balears, España",+34 871 53 49 61,http://cocoinmobiliaria.com/,5.0,197.0,es,Google reviews: 5* / 197,OPERATIONAL,"('real_estate_agency', 'point_of_interest', 'establishment')",07003
Molina Homes Inmobiliaria,"Carrer de Joan Lluís Estelrich, 18, Centre, 07003 Palma, Illes Balears, España",+34 871 03 70 32,http://molinahomes.es/,5.0,218.0,es,Google reviews: 5* / 218,OPERATIONAL,"('real_estate_agency', 'point_of_interest', 'establishment')",07003
Inmobiliaria en Mallorca ,"Avinguda de l'Argentina, 32, 07011 Palma, Illes Balears, España",+34 971 91 08 01,https://www.mundopisos.com/?utm_source=googlemybusiness&utm_medium=organic&utm_campaign=organicmap,4.8,257.0,es,Google reviews: 4.8* / 257,OPERATIONAL,"('real_estate_agency', 'point_of_interest', 'establishment')",07011
Inmuebles CBPisos,"C/ del General Riera, 12, Nord, 07003 Palma, Illes Balears, España",+34 971 71 12 16,http://www.cbpisos.com/,4.9,84.0,es,Google reviews: 4.9* / 84,OPERATIONAL,"('real_estate_agency', 'point_of_interest', 'establishment')",07003
Inmobiliaria Living Palma,"Carrer de Josep d'Oleza, 4, Nord, 07010 Palma, Illes Balears, España",+34 971 41 88 00,https://living-palma.com/es,4.9,168.0,es,Google reviews: 4.9* / 168,OPERATIONAL,"('real_estate_agency', 'point_of_interest', 'establishment')",07010
Inmobiliaria Palma,"Carrer de Joan Lluís Estelrich, 12, 6A, Distrito Centro, 07003 Palma, Illes Balears, España",+34 611 19 03 09,https://www.inmobiliariapalma.es/,4.2,5.0,es,Google reviews: 4.2* / 5,OPERATIONAL,"('real_estate_agency', 'point_of_interest', 'establishment')",07003
Grup Direct Real Estate,"Calle Santiago Rusiñol 11 esquina con, Carrer de Joaquim Botia, 5, Centre, 07012 Palma, Illes Balears, España",+34 971 72 27 22,http://www.grupdirect.com/,4.6,123.0,es,Google reviews: 4.6* / 123,OPERATIONAL,"('real_estate_agency', 'point_of_interest', 'establishment')",07012
UFFELMANN Properties,"Carrer d'Ausiàs March, 36, Nord, 07003 Palma, Illes Balears, España",+34 871 04 55 29,http://www.uffelmann.es/,5.0,16.0,es,Google reviews: 5* / 16,OPERATIONAL,"('real_estate_agency', 'point_of_interest', 'establishment')",07003
Mundo Pisos Plaza París,"Plaça de París, 3, Nord, 07010 Palma, Illes Balears, España",+34 971 90 20 11,https://www.mundopisos.com/es,4.6,62.0,es,Google reviews: 4.6* / 62,OPERATIONAL,"('real_estate_agency', 'point_of_interest', 'establishment')",07010
Futura Propiedades Mallorca,"Carrer de Femenies, 9, 07013 Palma, Illes Balears, España",+34 971 10 55 23,https://www.futurapropiedadesmallorca.com/,4.8,92.0,es,Google reviews: 4.8* / 92,OPERATIONAL,"('real_estate_agency', 'point_of_interest', 'establishment')",07013
Aina Rabassa Propiedades,,+34 681 91 06 92,http://www.ainarabassa.com/,5.0,24.0,es,Google reviews: 5* / 24,OPERATIONAL,"('real_estate_agency', 'establishment')",
INTIAA ,"C/ del General Riera, 56, Nord, 07010 Palma, Illes Balears, España",+34 871 90 34 77,http://www.intiaa.com/,4.8,113.0,es,Google reviews: 4.8* / 113,OPERATIONAL,"('real_estate_agency', 'consultant', 'point_of_interest', 'establishment')",07010
Nicolás Iriarte ,"Carrer Joan Maria Thomàs, 2, 1°, Poniente, 07014 Palma, Illes Balears, España",+34 659 28 08 79,https://nicolasiriarte.com/,5.0,33.0,es,Google reviews: 5* / 33,OPERATIONAL,"('real_estate_agency', 'lodging', 'general_contractor', 'point_of_interest', 'establishment')",07014
Zaino's Capital | Inmobiliaria,,+34 871 26 41 31,https://www.zainoscapital.com/,5.0,11.0,es,Google reviews: 5* / 11,OPERATIONAL,"('real_estate_agency', 'establishment')",
DarderInmo,"Carrer del Pare Bartomeu Pou, 36, Nord, 07003 Palma, Illes Balears, España",+34 639 93 59 26,http://darderinmo.com/,4.9,14.0,es,Google reviews: 4.9* / 14,OPERATIONAL,"('real_estate_agency', 'point_of_interest', 'establishment')",07003
Vidamar Consultors Immobiliaris,"C/ de Miquel dels Sants Oliver, 21A, Ponent, 07011 Palma, Illes Balears, España",+34 871 51 53 03,http://www.vidamar.net/,4.6,230.0,es,Google reviews: 4.6* / 230,OPERATIONAL,"('real_estate_agency', 'point_of_interest', 'establishment')",07011
JD Residences,"Pg. de Mallorca, 16, Centre, 07012 Palma, Illes Balears, España",+34 606 82 41 62,http://www.jd-residences.com/,5.0,26.0,es,Google reviews: 5* / 26,OPERATIONAL,"('real_estate_agency', 'point_of_interest', 'establishment')",07012
Grupo Inmobiliario TJR,"Carrer de Francesc Martí i Móra, 3A, Ponent, 07011 Palma, Illes Balears, España",+34 971 09 45 02,https://www.idealista.com/pro/grupo-inmobiliario-tjr/venta-viviendas/,4.8,21.0,es,Google reviews: 4.8* / 21,OPERATIONAL,"('real_estate_agency', 'point_of_interest', 'establishment')",07011
Inmoilles Real Estate,"Carrer de les Parellades, 10, Local Izq, Distrito Centro, 07003 Palma, Illes Balears, España",+34 686 90 42 61,https://www.inmoilles.com/,5.0,3.0,es,Google reviews: 5* / 3,OPERATIONAL,"('real_estate_agency', 'point_of_interest', 'establishment')",07003
Inmobiliaria S'escorxador,"Carrer de Joan Fuster i Ortells, 2, Nord, 07010 Palma, Illes Balears, España",+34 971 91 75 07,http://www.sescorxador.com/,4.4,45.0,es,Google reviews: 4.4* / 45,OPERATIONAL,"('real_estate_agency', 'point_of_interest', 'establishment')",07010
Algot Properties,"Carrer del Bisbe Rafael Josep Verger, 2, Nord, 07010 Palma, Illes Balears, España",+34 629 57 45 38,http://www.algotproperties.es/,4.9,21.0,es,Google reviews: 4.9* / 21,OPERATIONAL,"('real_estate_agency', 'point_of_interest', 'establishment')",07010
Inmobiliaria Grup Omega,"Carrer Isaac Peral, 10, Nord, 07004 Palma, Illes Balears, España",+34 971 20 61 62,,5.0,1.0,es,Google reviews: 5* / 1,OPERATIONAL,"('real_estate_agency', 'consultant', 'point_of_interest', 'finance', 'establishment')",07004
Aragon gestión,"C/ Aragó, 81, bajos. Llevant, Llevant, 07005 Palma, Illes Balears, España",+34 971 24 35 69,http://www.aragongestion.com/,4.3,47.0,es,Google reviews: 4.3* / 47,OPERATIONAL,"('real_estate_agency', 'point_of_interest', 'establishment')",07005
LEXLEY INMOBILIARIA,"Carrer del Bisbe Rafael Josep Verger, 2, Nord, 07010 Palma, Illes Balears, España",+34 633 37 10 01,https://www.idealista.com/pro/lexley/?fbclid=PAY2xjawJZxQNleHRuA2FlbQIxMQABppuJlhHM7qbZ8TA5hmYt-HleCg_mt1FiHM2cX_7e6EQl8XD-Bq2RYYLmXw_aem_XSp1stszixJTclFvlEF0Ow,5.0,26.0,es,Google reviews: 5* / 26,OPERATIONAL,"('real_estate_agency', 'point_of_interest', 'establishment')",07010
Patrimonio Mallorca S.L.U.,"Carrer d'Eusebi Estada, 19, Nord, 07004 Palma, Illes Balears, España",+34 971 90 65 00,https://www.patrimoniomallorca.com/,5.0,1.0,en,Google reviews: 5* / 1,OPERATIONAL,"('real_estate_agency', 'point_of_interest', 'establishment')",07004
Inmobiliaria MUT,"C/ del Marquès de la Fontsanta, 53, Llevant, 07005 Palma, Illes Balears, España",+34 971 90 00 06,https://inmobiliariamutbymarian.es/,4.5,72.0,es,Google reviews: 4.5* / 72,OPERATIONAL,"('real_estate_agency', 'insurance_agency', 'point_of_interest', 'establishment')",07005
Inés Costa Asesor SAFTI Inmobiliaria Mallorca,,+34 637 96 71 24,https://www.safti.es/consultor/27840505/ines-costa-reyes,5.0,5.0,es,Google reviews: 5* / 5,OPERATIONAL,"('real_estate_agency', 'establishment')",
INMOBILIARIA GRUPO ROMA,"Carrer de la Indústria, 46, 07013 Palma, Illes Balears, España",+34 971 71 78 00,http://www.grupo-roma.com/,4.4,103.0,es,Google reviews: 4.4* / 103,OPERATIONAL,"('real_estate_agency', 'point_of_interest', 'establishment')",07013
P&p Inmobiliaria Cb,"Carrer d'Eusebi Estada, 91, Nord, 07004 Palma, Illes Balears, España",+34 678 44 42 12,https://www.pypinmobiliaria.es/,4.4,28.0,es,Google reviews: 4.4* / 28,OPERATIONAL,"('real_estate_agency', 'point_of_interest', 'establishment')",07004
Asymas Inmobiliaria,"C/ Aragó, 40, Entresuelo, Oficina 5, Levante, 07005 Palma, Illes Balears, España",+34 605 24 73 74,https://www.asymasinmobiliaria.com/,5.0,13.0,es,Google reviews: 5* / 13,OPERATIONAL,"('real_estate_agency', 'point_of_interest', 'establishment')",07005
Brial Inmobiliaria Palma de Mallorca,"Carrer Músic Josep Balaguer, 22, Nord, 07004 Palma, Illes Balears, España",+34 971 07 09 83,http://www.brial.es/,5.0,4.0,es,Google reviews: 5* / 4,OPERATIONAL,"('real_estate_agency', 'point_of_interest', 'establishment')",07004
ILF ADMINISTRACIONES,"Carrer d'Eusebi Estada, 38, Nord, 07004 Palma, Illes Balears, España",+34 971 66 72 70,http://ilfinmobiliaria.com/,4.3,162.0,es,Google reviews: 4.3* / 162,OPERATIONAL,"('real_estate_agency', 'point_of_interest', 'establishment')",07004
BECKER & BECKER IMMOBILIEN MALLORCA,"Carrer Arxiduc Lluís Salvador, 7, Nord, 07004 Palma, Illes Balears, España",+34 971 44 06 60,http://bbi-mallorca.immo/,4.9,14.0,es,Google reviews: 4.9* / 14,OPERATIONAL,"('real_estate_agency', 'point_of_interest', 'establishment')",07004
INMOURBAN ,"Levante, 07005 Palma, Illes Balears, España",+34 971 07 55 02,http://www.inmourban.com/,4.7,28.0,es,Google reviews: 4.7* / 28,OPERATIONAL,"('real_estate_agency', 'point_of_interest', 'establishment')",07005
Inmobiliaria Mallorca ( None ),,+34 722 73 92 81,,1.0,2.0,es,Google reviews: 1* / 2,OPERATIONAL,"('real_estate_agency', 'establishment')",
PROPIEDADES SV,"C/ Aragó, 52, Llevant, 07005 Palma, Illes Balears, España",+34 636 85 86 30,http://propiedadessv.com/,5.0,1.0,es,Google reviews: 5* / 1,OPERATIONAL,"('real_estate_agency', 'point_of_interest', 'establishment')",07005
Real State Seguí Properties S.L.U.,"Carrer de Gabriel Maura, 13, Bajos A, Levante, 07005 Palma, Illes Balears, España",+34 699 66 14 37,,5.0,1.0,en,Google reviews: 5* / 1,OPERATIONAL,"('real_estate_agency', 'point_of_interest', 'establishment')",07005
Inmo-Balear Agencia Inmobiliaria – Real Estate Agency (G.A.T. Consultors),"Carrer de Gabriel Maura, Nº 17, Llevant, 07005 Palma, Illes Balears, España",+34 617 26 70 32,http://www.inmo-balear.es/,1.0,1.0,es,Google reviews: 1* / 1,OPERATIONAL,"('real_estate_agency', 'point_of_interest', 'establishment')",07005
Illes House Real State SL,"Plaça Pere Garau, s/n, Puesto 52, Llevant, 07007 Palma, Illes Balears, España",+34 603 18 77 35,https://www.illeshouse.com/,4.8,21.0,es,Google reviews: 4.8* / 21,OPERATIONAL,"('real_estate_agency', 'point_of_interest', 'establishment')",07007
Hozmallorca,,+34 971 72 50 47,,2.3,3.0,es,Google reviews: 2.3* / 3,OPERATIONAL,"('real_estate_agency', 'establishment')",
Nappo Real Estate I Inmobiliaria en Mallorca y Madrid I Oficina Palma  ( 07015 ),"Avinguda de Joan Miró, 286, Ponent, 07015 Palma, Illes Balears, España",+34 971 37 08 46,http://www.napporealestate.com/,4.7,112.0,es,Google reviews: 4.7* / 112,OPERATIONAL,"('real_estate_agency', 'point_of_interest', 'establishment')",07015
Inmobiliaria Huading,"Carrer Faust Morell, 28, local esquina, Llevant, 07005 Palma, Illes Balears, España",+34 971 44 76 40,http://hdinmo.com/,4.1,37.0,es,Google reviews: 4.1* / 37,OPERATIONAL,"('real_estate_agency', 'point_of_interest', 'establishment')",07005
. ( None ),,+34 626 17 06 42,,3.3,3.0,es,Google reviews: 3.3* / 3,OPERATIONAL,"('real_estate_agency', 'establishment')",
Fincas Ribó & Asociados,"C. de Manacor, 14, Llevant, 07006 Palma, Illes Balears, España",+34 971 77 46 80,https://www.fincasribo.com/,4.3,33.0,es,Google reviews: 4.3* / 33,OPERATIONAL,"('real_estate_agency', 'point_of_interest', 'establishment')",07006
PISO en MALLORCA,"C/ Aragó, 24, Entlo. B, Levante, 07006 Palma, Illes Balears, España",+34 616 42 21 22,http://pisoenmallorca.com/,5.0,1.0,es,Google reviews: 5* / 1,OPERATIONAL,"('real_estate_agency', 'point_of_interest', 'establishment')",07006
Inmobiliaria Can Pastilla,"Calle Ovidio, 9, bajos, Platja de Palma, 07610 Can Pastilla, Illes Balears, España",+34 670 91 12 72,http://www.inmocanpastilla.com/,4.6,14.0,es,Google reviews: 4.6* / 14,OPERATIONAL,"('real_estate_agency', 'point_of_interest', 'establishment')",07610
PERE GARAU INMOBILIARIA,"Carrer Torcuato Luca Tena, 30, Llevant, 07005 Palma, Illes Balears, España",+34 606 75 71 27,http://peregarauinmobiliaria.com/,4.0,1.0,es,Google reviews: 4* / 1,OPERATIONAL,"('real_estate_agency', 'point_of_interest', 'establishment')",07005
JNF ASESORIA INMOBILIARIA,"Carrer Joan Burgués Zaforteza, 25, Llevant, 07005 Palma, Illes Balears, España",+34 971 25 05 98,,5.0,1.0,es,Google reviews: 5* / 1,OPERATIONAL,"('real_estate_agency', 'point_of_interest', 'establishment')",07005
Mallorca Decorhome,"C. dels Foners, 24, Llevant, 07006 Palma, Illes Balears, España",+34 695 48 79 42,https://mallorcadh.com/,4.6,9.0,es,Google reviews: 4.6* / 9,OPERATIONAL,"('real_estate_agency', 'point_of_interest', 'establishment')",07006
DinsMallorca,"Carrer Joan Maragall, 48, Platja de Palma, 07006 Palma, Illes Balears, España",+34 871 70 00 01,http://www.dinsmallorca.com/,5.0,20.0,es,Google reviews: 5* / 20,OPERATIONAL,"('real_estate_agency', 'point_of_interest', 'establishment')",07006
Grupo JD Real Estate & Construction,"Carrer de Llucmajor, 44, Platja de Palma, 07006 Palma, Illes Balears, España",+34 667 58 06 93,https://grupojuandelgado.com/,4.8,14.0,es,Google reviews: 4.8* / 14,OPERATIONAL,"('real_estate_agency', 'home_goods_store', 'general_contractor', 'point_of_interest', 'store', 'establishment')",07006
Mallorca Mietbörse S.L. ,"Carrer del Vicari Joaquim Fuster, 105, Platja de Palma, 07006 Palma, Illes Balears, España",+34 971 79 60 82,https://www.mallorca-mietboerse.com/,4.8,69.0,es,Google reviews: 4.8* / 69,OPERATIONAL,"('real_estate_agency', 'point_of_interest', 'establishment')",07006
VillaInvest,"C/ de Lluís Martí, 11, Llevant, 07006 Palma, Illes Balears, España",+34 971 59 86 74,http://www.villainvest.es/,4.3,12.0,es,Google reviews: 4.3* / 12,OPERATIONAL,"('real_estate_agency', 'consultant', 'point_of_interest', 'establishment')",07006
Mallorca Gestión Inmobiliaria,"Avinguda d'Antoni Maura, 16, 07141 Marratxí, Illes Balears, España",+34 696 90 67 33,https://www.mallorcagestion.com/,4.5,49.0,es,Google reviews: 4.5* / 49,OPERATIONAL,"('real_estate_agency', 'finance', 'point_of_interest', 'establishment')",07141
donpiso,"Career Nuredduna, 6, Llevant, 07006 Palma, Illes Balears, España",+34 656 79 03 93,https://www.donpiso.com/,5.0,29.0,es,Google reviews: 5* / 29,OPERATIONAL,"('real_estate_agency', 'point_of_interest', 'establishment')",07006
GestPropiedad Ciudad Jardín,"Carrer del Cardenal Rossell, 26, Platja de Palma, 07007 Palma, Illes Balears, España",+34 971 77 87 59,http://www.gestpropiedad.com/,4.6,398.0,es,Google reviews: 4.6* / 398,OPERATIONAL,"('real_estate_agency', 'point_of_interest', 'establishment')",07007
Berkshire Hathaway HomeServices Nova Mallorca ( 07012 ),"Pg. de Mallorca, 14, A, Distrito Centro, 07012 Palma, Illes Balears, España",+34 670 61 59 55,https://www.bhhsmallorca.com/,4.4,25.0,es,Google reviews: 4.4* / 25,OPERATIONAL,"('real_estate_agency', 'point_of_interest', 'establishment')",07012
Palmer Inmobiliaria,"Carrer del Vicari Joaquim Fuster, 251a, Platja de Palma, 07007 Palma, Illes Balears, España",+34 971 91 97 12,https://palmerinmobiliaria.com/,4.9,37.0,es,Google reviews: 4.9* / 37,OPERATIONAL,"('real_estate_agency', 'point_of_interest', 'establishment')",07007
Solvia Inmobiliaria,"C/ de la Llibertat, 23, Ponent, 07013 Palma, Illes Balears, España",+34 670 78 61 68,http://www.solvia.es/,2.4,20.0,es,Google reviews: 2.4* / 20,OPERATIONAL,"('real_estate_agency', 'point_of_interest', 'establishment')",07013
Mallorca Home Project,"C/ Aragó, 22, Entresuelo, Levante, 07006 Palma, Illes Balears, España",+34 871 24 03 28,http://www.mallorcahomeproject.com/,5.0,2.0,es,Google reviews: 5* / 2,OPERATIONAL,"('real_estate_agency', 'point_of_interest', 'establishment')",07006
Eigentum Mallorca Immobilien,"Avinguda de ses Palmeres, 81, 07560 Sa Coma, Illes Balears, España",+34 971 81 02 61,https://eigentum-mallorca.com/?utm_source=googlemybusiness&utm_medium=organic&utm_campaign=organicmap,4.3,24.0,es,Google reviews: 4.3* / 24,OPERATIONAL,"('real_estate_agency', 'point_of_interest', 'establishment')",07560
INMOBILIARIA EN MALLORCA,,+34 637 02 02 00,http://www.inmobiliariaenmallorca.com/,4.6,39.0,es,Google reviews: 4.6* / 39,OPERATIONAL,"('real_estate_agency', 'establishment')",
Casa Nova Properties S.L.,"Avinguda del Rei Jaume I, 109, 07180 Santa Ponça, Illes Balears, España",+34 971 69 80 76,https://www.mallorcaimmobilien.com/,4.8,36.0,en,Google reviews: 4.8* / 36,OPERATIONAL,"('real_estate_agency', 'consultant', 'point_of_interest', 'establishment')",07180
First Mallorca,"Pg. de Mallorca, 10, Centre, 07012 Palma, Illes Balears, España",+34 871 00 58 00,https://www.firstmallorca.com/,4.2,44.0,es,Google reviews: 4.2* / 44,OPERATIONAL,"('real_estate_agency', 'consultant', 'point_of_interest', 'establishment')",07012
DAHLER Mallorca Palma / Son Vida,"Pg. de Mallorca, 12, Centre, 07012 Palma, Illes Balears, España",+34 636 84 42 65,https://www.dahlercompany.com/de/mallorca/immobilienmakler/palma,4.7,12.0,de,Google reviews: 4.7* / 12,OPERATIONAL,"('real_estate_agency', 'consultant', 'point_of_interest', 'establishment')",07012
PRIVILEGE-PROPERTY,,+34 637 86 16 18,http://www.privilege-property.com/,4.6,9.0,es,Google reviews: 4.6* / 9,OPERATIONAL,"('real_estate_agency', 'establishment')",
First Mallorca Costa d'en Blanes,"Av. Tomàs Blanes Tolosa, 41, 07181 Costa d'en Blanes, Illes Balears, España",+34 971 00 70 07,https://www.firstmallorca.com/en/sales/costa-den-blanes-properties,4.0,51.0,es,Google reviews: 4* / 51,OPERATIONAL,"('real_estate_agency', 'consultant', 'point_of_interest', 'establishment')",07181
DAHLER Mallorca Santanyí,"Plaça de sa Canal, 19, 07650 Santanyí, Illes Balears, España",+34 649 50 51 27,http://www.dahler.com/santanyi,4.9,16.0,de,Google reviews: 4.9* / 16,OPERATIONAL,"('real_estate_agency', 'point_of_interest', 'establishment')",07650
Coll aguilar. Inmobiliaria & galeria de arte,"Carrer del Call, 4, Centre, 07001 Palma, Illes Balears, España",+34 655 28 38 94,http://www.collaguilar.com/,3.9,9.0,es,Google reviews: 3.9* / 9,OPERATIONAL,"('real_estate_agency', 'point_of_interest', 'establishment')",07001
Cabanellas Balear,"Carrer de la Missió, 31, Centre, 07003 Palma, Illes Balears, España",+34 971 71 69 59,http://cabanellasbalear.es/,2.8,13.0,es,Google reviews: 2.8* / 13,OPERATIONAL,"('real_estate_agency', 'point_of_interest', 'establishment')",07003
Inmopropiedad ,"Carrer de la Blatera, 32A, Llevant, 07198 Palma, Illes Balears, España",+34 971 77 34 79,http://www.inmopropiedad.com/,4.9,31.0,es,Google reviews: 4.9* / 31,OPERATIONAL,"('real_estate_agency', 'finance', 'lawyer', 'consultant', 'point_of_interest', 'establishment')",07198
Evamar Real Home ,"Carrer del Fluvià, 1, Llevant, 07009 Palma, Illes Balears, España",+34 871 18 52 93,http://www.evamar-rh.com/,5.0,38.0,es,Google reviews: 5* / 38,OPERATIONAL,"('real_estate_agency', 'point_of_interest', 'establishment')",07009
Mendopiso,"Carrer del Cardenal Rossell, 24, Platja de Palma, 07007 Palma, Illes Balears, España",+34 971 90 24 00,http://www.mendopiso.es/,4.3,45.0,es,Google reviews: 4.3* / 45,OPERATIONAL,"('real_estate_agency', 'point_of_interest', 'establishment')",07007
LAB Properties,"Carrer de la Blatera, 23A, Llevant, 07198 Palma, Illes Balears, España",+34 644 16 67 61,https://www.labproperties.es/,5.0,46.0,es,Google reviews: 5* / 46,OPERATIONAL,"('real_estate_agency', 'point_of_interest', 'establishment')",07198
Finques RBJ,"Carrer del Cardenal Rossell, 60, Platja de Palma, 07007 Palma, Illes Balears, España",+34 971 74 54 70,http://www.finquesrbj.com/,4.9,98.0,es,Google reviews: 4.9* / 98,OPERATIONAL,"('real_estate_agency', 'point_of_interest', 'establishment')",07007
Cervantes Inmobiliaria,"Carrer de Bilbao, 14A, Platja de Palma, 07006 Palma, Illes Balears, España",+34 652 45 46 63,http://www.cervantesinmobiliaria.com/,4.4,10.0,es,Google reviews: 4.4* / 10,OPERATIONAL,"('real_estate_agency', 'point_of_interest', 'establishment')",07006
DE PRADA & MOYA Abogados ( 07007 ),"C. del Cardenal Rossell, 15, A, Playa de Palma, 07007 Palma, Illes Balears, España",+34 617 67 21 05,http://www.depradamoya-realestate.com/,4.9,227.0,es,Google reviews: 4.9* / 227,OPERATIONAL,"('real_estate_agency', 'consultant', 'point_of_interest', 'establishment')",07007
Habitam Palma,,+34 611 51 89 49,http://www.habitampalma.es/,5.0,39.0,es,Google reviews: 5* / 39,OPERATIONAL,"('real_estate_agency', 'establishment')",
+34 MALLORCA REAL ESTATE,"Carrer de l'Alga, 9, Platja de Palma, 07006 Palma, Illes Balears, España",+34 673 67 09 09,http://34mallorca.com/,4.5,26.0,es,Google reviews: 4.5* / 26,OPERATIONAL,"('real_estate_agency', 'point_of_interest', 'general_contractor', 'establishment')",07006
Az inmobiliaria Palma de Mallorca,"Avinguda d'Antoni Maura, 10, 07141 Marratxí, Illes Balears, España",+34 651 86 20 10,http://az-inmobiliaria.com/,4.5,4.0,es,Google reviews: 4.5* / 4,OPERATIONAL,"('real_estate_agency', 'point_of_interest', 'establishment')",07141
ENHABITAT PROPIEDADES,"Carrer del Ter, 27, 2º Planta, oficina 10, Levante, 07009 Palma, Illes Balears, España",+34 971 57 06 97,https://www.enhabitat.com/,5.0,8.0,es,Google reviews: 5* / 8,OPERATIONAL,"('real_estate_agency', 'point_of_interest', 'establishment')",07009
Inmobiliaria Marianela Mateos,"Carrer del Fluvià, 1, Llevant, 07009 Palma, Illes Balears, España",+34 639 74 25 51,http://www.marianelamateos.com/,4.7,15.0,es,Google reviews: 4.7* / 15,OPERATIONAL,"('real_estate_agency', 'point_of_interest', 'establishment')",07009
Viviendas Jose Gómez,"Carrer de Pere Ripoll i Palou, 26, Llevant, 07008 Palma, Illes Balears, España",+34 651 98 27 85,http://www.viviendasjosegomez.es/,4.4,59.0,en,Google reviews: 4.4* / 59,OPERATIONAL,"('real_estate_agency', 'finance', 'point_of_interest', 'establishment')",07008
Studio 3 Properties,"C/ Aragó, 372, local C, Levante, 07008 Palma, Illes Balears, España",+34 645 86 56 57,http://www.studiotres2021.com/,4.6,37.0,es,Google reviews: 4.6* / 37,OPERATIONAL,"('real_estate_agency', 'point_of_interest', 'establishment')",07008
Espacio y Vida,"Carrer del Fluvià, 1, Mallorca Office - Planta Baja, Despacho 44, Llevant, 07009 Palma, Illes Balears, España",+34 659 55 53 33,http://espacioyvida.com/,4.6,18.0,es,Google reviews: 4.6* / 18,OPERATIONAL,"('real_estate_agency', 'consultant', 'point_of_interest', 'establishment')",07009
Unión confianza consultora ( UCC S.L.),"Carrer de Biniali, 5, Llevant, 07008 Palma, Illes Balears, España",+34 971 90 41 41,http://www.uccsl.com/contacto/,4.6,127.0,es,Google reviews: 4.6* / 127,OPERATIONAL,"('real_estate_agency', 'point_of_interest', 'establishment')",07008
LIFE MALLORCA,"Carrer del Fluvià, 1, 2ºA, Llevant, 07009 Palma, Illes Balears, España",,http://www.lifemallorca.com/,3.5,2.0,en,Google reviews: 3.5* / 2,OPERATIONAL,"('real_estate_agency', 'consultant', 'point_of_interest', 'establishment')",07009
Agiv Administraciones y gestión inmovalcosta,"Passatge de Cala Figuera, numero 5, piso 3 puerta 1, Llevant, 07009 Palma, Illes Balears, España",+34 636 61 32 99,,5.0,7.0,es,Google reviews: 5* / 7,OPERATIONAL,"('real_estate_agency', 'consultant', 'point_of_interest', 'establishment')",07009
Grupo RLA,"C. del Regal, 20, Llevant, 07008 Palma, Illes Balears, España",+34 642 30 06 62,,,,es,Google reviews: * / None,OPERATIONAL,"('real_estate_agency', 'point_of_interest', 'establishment')",07008
Inmobiliaria Pastor,"Carrer del Ter, 12, Bajos, Levante, 07009 Palma, Illes Balears, España",+34 610 20 88 87,http://www.pastorserviciosinmobiliarios.es/,5.0,1.0,es,Google reviews: 5* / 1,OPERATIONAL,"('real_estate_agency', 'point_of_interest', 'establishment')",07009
AMG INMOBILIARIA,"AMG INMOBILIARIA, Camí de Sant Llatzet, 3, 07141 Es Pont d'Inca, Illes Balears, España",+34 971 60 11 99,https://www.amginmobiliaria.com/,4.1,164.0,es,Google reviews: 4.1* / 164,OPERATIONAL,"('real_estate_agency', 'point_of_interest', 'establishment')",07141
Via Blava,"Carrer del Ter, 27, planta 2, oficina 7, Llevant, 07009 Palma, Illes Balears, España",+34 871 77 66 88,http://www.viablava.com/,4.2,30.0,ca,Google reviews: 4.2* / 30,OPERATIONAL,"('real_estate_agency', 'point_of_interest', 'establishment')",07009
INMOBILIARIA PROINMOS,"Carrer del Fluvià, 1, Llevant, 07009 Palma, Illes Balears, España",+34 665 25 36 21,https://www.proinmos.com/,3.7,13.0,es,Google reviews: 3.7* / 13,OPERATIONAL,"('real_estate_agency', 'point_of_interest', 'establishment')",07009
NEXEIMMO,"Career Nuredduna, 10, 2B, Llevant, 07006 Palma, Illes Balears, España",+34 971 96 36 40,http://www.nexeimmo.com/,4.7,14.0,es,Google reviews: 4.7* / 14,OPERATIONAL,"('real_estate_agency', 'point_of_interest', 'establishment')",07006
Inmomalia,"Polígono Son Fuste, Carrer del Fluvià, 1, Llevant, 07009 Palma, Illes Balears, España",+34 971 92 43 69,,3.0,2.0,es,Google reviews: 3* / 2,OPERATIONAL,"('real_estate_agency', 'point_of_interest', 'establishment')",07009
Inmobiliaria Portixol,"Carrer del Vicari Joaquim Fuster, 49, Platja de Palma, 07006 Palma, Illes Balears, España",+34 971 24 22 90,https://immobilienportixol.com/,3.2,5.0,ca,Google reviews: 3.2* / 5,OPERATIONAL,"('real_estate_agency', 'point_of_interest', 'establishment')",07006
Inmobiliaria Villas Munar,"Carrer de Llucmajor, 13A, Platja de Palma, 07006 Palma, Illes Balears, España",+34 871 11 38 28,http://villasmunar.com/,3.0,2.0,es,Google reviews: 3* / 2,OPERATIONAL,"('real_estate_agency', 'point_of_interest', 'establishment')",07006
GE Grupo Inmobiliario ,"Carrer de Sant Marc, 11A, Nord, 07009 Palma, Illes Balears, España",+34 637 17 42 57,,5.0,23.0,es,Google reviews: 5* / 23,OPERATIONAL,"('real_estate_agency', 'consultant', 'point_of_interest', 'finance', 'establishment')",07009
inmo,,+34 639 00 00 00,,5.0,3.0,es,Google reviews: 5* / 3,OPERATIONAL,"('real_estate_agency', 'establishment')",
Fincalux Inmobiliaria,"Carrer de Son Bessó, 4, Nord, 07120 Palma, Illes Balears, España",+34 630 41 84 01,,5.0,4.0,es,Google reviews: 5* / 4,OPERATIONAL,"('real_estate_agency', 'point_of_interest', 'establishment')",07120
NEW HOME MALLORCA REAL ESTATE SL,,+34 618 39 13 42,https://www.newhomemallorca.com/,5.0,9.0,es,Google reviews: 5* / 9,OPERATIONAL,"('real_estate_agency', 'establishment')",
SIM Inmobiliaria,"Plaça de la Sitja, 5, Nord, 07010 Palma, Illes Balears, España",+34 656 56 01 98,http://www.siminmobiliaria.es/,4.8,21.0,es,Google reviews: 4.8* / 21,OPERATIONAL,"('real_estate_agency', 'point_of_interest', 'establishment')",07010
La Real Inmobiliaria,"Avinguda del Císter, 13, Local, Nord, 07010 Es Secar de la Real, Illes Balears, España",+34 971 23 46 76,https://www.larealinmobiliaria.es/,3.6,12.0,es,Google reviews: 3.6* / 12,OPERATIONAL,"('real_estate_agency', 'point_of_interest', 'establishment')",07010
Agencia Inmobiliaria Mir ( 07013 ),"Camí de Son Rapinya, 45A, Ponent, 07013 Sa Vileta-Son Rapinya, Illes Balears, España",+34 971 60 64 89,https://inmobiliariamir.es/,4.6,50.0,es,Google reviews: 4.6* / 50,OPERATIONAL,"('real_estate_agency', 'point_of_interest', 'establishment')",07013
Nova Balear,"C/ del General Riera, 68, Nord, 07010 Palma, Illes Balears, España",+34 971 75 54 74,,2.2,52.0,es,Google reviews: 2.2* / 52,OPERATIONAL,"('real_estate_agency', 'point_of_interest', 'establishment')",07010
Casas de Mallorca,"Camí de Can Guillot, 35, Nord, 07010 Palma, Illes Balears, España",+34 616 66 70 70,https://casasdemallorca.es/,4.4,17.0,es,Google reviews: 4.4* / 17,OPERATIONAL,"('real_estate_agency', 'point_of_interest', 'establishment')",07010
InMallorca Inmobiliaria ( None ),,+34 682 80 09 07,https://www.inmallorcainmobiliaria.com/,5.0,3.0,es,Google reviews: 5* / 3,OPERATIONAL,"('real_estate_agency', 'establishment')",
Easy Homes Grupo Inmobiliario,"Carrer de Pascual Ribot, 1, 07011 Palma, Illes Balears, España",+34 971 07 91 63,http://www.easyhomes.es/,4.1,54.0,es,Google reviews: 4.1* / 54,OPERATIONAL,"('real_estate_agency', 'point_of_interest', 'establishment')",07011
Tramuntana Gestores Inmobiliarios,"Carrer de Guillem Forteza, 24, BAJOS A, Nord, 07010 Palma, Illes Balears, España",+34 638 21 99 19,,3.0,2.0,es,Google reviews: 3* / 2,OPERATIONAL,"('real_estate_agency', 'point_of_interest', 'establishment')",07010
Inmobiliaria La Vileta,"Camí dels Reis, 187, BJ, Ponent, 07013 Sa Vileta-Son Rapinya, Illes Balears, España",+34 971 79 35 35,https://www.inmobiliarialavileta.com/,3.9,87.0,es,Google reviews: 3.9* / 87,OPERATIONAL,"('real_estate_agency', 'point_of_interest', 'establishment')",07013
Chic Mallorca Real Estate,"Carrer de Joan Crespí, 14, Ponent, 07014 Palma, Illes Balears, España",+34 685 98 91 98,http://www.chicmallorca.com/,4.7,130.0,es,Google reviews: 4.7* / 130,OPERATIONAL,"('real_estate_agency', 'consultant', 'point_of_interest', 'establishment')",07014
Mallorca Property Vida Balear Real Estate ,"Av. de Gabriel Roca, 9, Ponent, 07014 Palma, Illes Balears, España",+34 971 45 04 22,http://www.mallorcapropertyvb.com/,5.0,3.0,es,Google reviews: 5* / 3,OPERATIONAL,"('real_estate_agency', 'point_of_interest', 'establishment')",07014
Neptunus International,"Pg. de Mallorca, 14, Centre, 07011 Palma, Illes Balears, España",+34 971 22 76 26,http://www.neptunus-international.com/,4.7,42.0,es,Google reviews: 4.7* / 42,OPERATIONAL,"('real_estate_agency', 'point_of_interest', 'establishment')",07011
Nestseekers ,"JUAN DE CREMONA, 6, Centre, 07012 Palma, Illes Balears, España",+34 666 54 46 49,https://www.nestseekers.com/Sales/spain/?utm_source=GMB&utm_medium=WEB&utm_id=Palma,5.0,5.0,es,Google reviews: 5* / 5,OPERATIONAL,"('real_estate_agency', 'point_of_interest', 'establishment')",07012
MABERTY,"2D, Pasaje Galerias Jaume III, 2, Centre, 07012 Palma, Illes Balears, España",+34 971 42 57 25,http://www.maberty.com/,5.0,3.0,es,Google reviews: 5* / 3,OPERATIONAL,"('real_estate_agency', 'point_of_interest', 'establishment')",07012
SkandiaMäklarna Mallorca,"Carrer Comte de Barcelona, 29 PB, Ponent, 07013 Palma, Illes Balears, España",+46 73 508 37 37,https://www.skandiamaklarna.com/sv/hitta-maklare/mallorca/,4.9,17.0,sv,Google reviews: 4.9* / 17,OPERATIONAL,"('real_estate_agency', 'point_of_interest', 'establishment')",07013
Ocean Seven Real Estate,"Carrer de Can Sales, 1, Centre, 07012 Palma, Illes Balears, España",+34 634 30 58 76,http://www.ocean-seven.com/,4.9,20.0,es,Google reviews: 4.9* / 20,OPERATIONAL,"('real_estate_agency', 'point_of_interest', 'establishment')",07012
Gesteam Properties,"Pg. de Mallorca, 8, Entresuelo 1 B, Distrito Centro, 07012 Palma, Illes Balears, España",+34 871 04 56 71,http://www.gesteamproperties.com/,4.9,10.0,es,Google reviews: 4.9* / 10,OPERATIONAL,"('real_estate_agency', 'point_of_interest', 'establishment')",07012
Grupo FERRAN Mallorca ,"Pl. del Rei Joan Carles I, 3, 1º izq, Centre, 07012 Palma, Illes Balears, España",+34 971 71 20 54,https://www.ferran.es/,4.5,15.0,es,Google reviews: 4.5* / 15,OPERATIONAL,"('real_estate_agency', 'finance', 'general_contractor', 'lawyer', 'consultant', 'point_of_interest', 'establishment')",07012
Palm Beach Mallorca Real Estate,"Pg. de Mallorca, 20, Centre, 07012 Palma, Illes Balears, España",+34 674 44 44 70,,4.5,21.0,es,Google reviews: 4.5* / 21,OPERATIONAL,"('real_estate_agency', 'point_of_interest', 'establishment')",07012
Pisos Mallorca,"Pg. de Mallorca, 18, entresuelo 2ºA, Distrito Centro, 07012 Palma, Illes Balears, España",+34 971 22 20 22,http://www.pisosmallorca.com/,4.3,24.0,es,Google reviews: 4.3* / 24,OPERATIONAL,"('real_estate_agency', 'point_of_interest', 'establishment')",07012
Kingsber Property Mallorca,"Calle Berenguer de Sant Joan 3bjs, Distrito Centro, 07012 Palma, Illes Balears, España",+34 659 73 73 30,http://www.kingsberproperty.com/,4.7,27.0,es,Google reviews: 4.7* / 27,OPERATIONAL,"('real_estate_agency', 'point_of_interest', 'establishment')",07012
S.A.E Real Estate,"Plaça de la Porta de Santa Catalina, 20, Centre, 07012 Palma, Illes Balears, España",+34 604 11 49 19,http://www.sae-mallorca.com/,4.7,33.0,es,Google reviews: 4.7* / 33,OPERATIONAL,"('real_estate_agency', 'point_of_interest', 'establishment')",07012
Casa Mia Real Estate SL,"Pg. de Mallorca, 18E, Centre, 07012 Palma, Illes Balears, España",+34 971 12 83 92,http://casamia-mallorca.com/,5.0,30.0,es,Google reviews: 5* / 30,OPERATIONAL,"('real_estate_agency', 'lawyer', 'consultant', 'point_of_interest', 'establishment')",07012
5 ISLAS,"Carrer d'Avinyó, 2, Ponent, 07014 Palma, Illes Balears, España",+34 871 57 10 15,http://www.5islas.es/,4.7,53.0,es,Google reviews: 4.7* / 53,OPERATIONAL,"('real_estate_agency', 'point_of_interest', 'establishment')",07014
Fincas Cala Major,"Avinguda de Joan Miró, 275, Ponent, 07015 Palma, Illes Balears, España",+34 971 40 40 77,http://fincascalamajor.com/,5.0,49.0,es,Google reviews: 5* / 49,OPERATIONAL,"('real_estate_agency', 'point_of_interest', 'establishment')",07015
Inmobiliaria Film Houses,"Av. de Gabriel Roca, 35, 07014 Palma, Illes Balears, España",+34 971 22 27 87,https://www.filmhouses.com/,4.9,48.0,es,Google reviews: 4.9* / 48,OPERATIONAL,"('real_estate_agency', 'point_of_interest', 'establishment')",07014
Inmoluxy Real Estate Mallorca,"Avinguda de Sant Ferran, 41, 07013 Palma, Illes Balears, España",+34 658 70 13 53,http://www.inmoluxy.com/,5.0,15.0,es,Google reviews: 5* / 15,OPERATIONAL,"('real_estate_agency', 'point_of_interest', 'establishment')",07013
INMO-LIVE HOMES,"Camí de Son Rapinya, 55, Ponent, 07013 Palma, Illes Balears, España",+34 633 07 67 38,http://inmolivehomes.com/,5.0,54.0,es,Google reviews: 5* / 54,OPERATIONAL,"('real_estate_agency', 'point_of_interest', 'establishment')",07013
DURENDESA,"Av. de Gabriel Roca, 16, Ponent, 07014 Palma, Illes Balears, España",+34 971 90 60 68,http://www.durendesa.com/,4.8,25.0,es,Google reviews: 4.8* / 25,OPERATIONAL,"('real_estate_agency', 'point_of_interest', 'establishment')",07014
Inmobiliaria Daynes,"Avinguda de Joan Miró, 354, Ponent, 07015 Palma, Illes Balears, España",+34 971 40 19 00,http://www.inmobiliariadaynes.com/,4.3,6.0,es,Google reviews: 4.3* / 6,OPERATIONAL,"('real_estate_agency', 'consultant', 'point_of_interest', 'establishment')",07015
MARCEL REMUS REAL ESTATE,"Camí de Gènova, 4, loc 4, Poniente, 07014 Palma, Illes Balears, España",+34 971 45 00 19,http://www.marcelremus.com/,4.4,56.0,es,Google reviews: 4.4* / 56,OPERATIONAL,"('real_estate_agency', 'point_of_interest', 'establishment')",07014
RE/MAX ROYAL,"Carrer d'Andrea Doria, 48, Bajos, Poniente, 07014 Palma, Illes Balears, España",+34 634 53 48 88,http://www.remaxroyal.es/,5.0,42.0,es,Google reviews: 5* / 42,OPERATIONAL,"('real_estate_agency', 'point_of_interest', 'establishment')",07014
Sageco,,+34 650 62 38 56,http://www.sageco.es/,4.6,30.0,es,Google reviews: 4.6* / 30,OPERATIONAL,"('real_estate_agency', 'establishment')",
Richmallorca real estate,"Passeig Illetes, 16, 07181 ses Illetes, Illes Balears, España",+34 685 29 49 11,https://richmallorca.com/,4.9,36.0,es,Google reviews: 4.9* / 36,OPERATIONAL,"('real_estate_agency', 'point_of_interest', 'establishment')",07181
LJ Balearic Properties,,+34 669 67 23 01,http://www.ljproperties.es/,4.8,11.0,es,Google reviews: 4.8* / 11,OPERATIONAL,"('real_estate_agency', 'establishment')",
Zen Homes Mallorca,"Avinguda de Joan Miró, 188, Ponent, 07015 Palma, Illes Balears, España",+34 971 09 11 19,https://zenhomesmallorca.com/,2.9,10.0,es,Google reviews: 2.9* / 10,OPERATIONAL,"('real_estate_agency', 'point_of_interest', 'establishment')",07015
INMOBILIARIA MALLORCA SERVICE. OFERTA INMOBILIARIA,"Camí na Burguesa, 7, piso 1B, Ponent, 07015 Palma, Illes Balears, España",+34 617 38 45 73,http://www.mallorcaservice.es/,3.7,3.0,es,Google reviews: 3.7* / 3,OPERATIONAL,"('real_estate_agency', 'point_of_interest', 'establishment')",07015
El Terreno Immo,"Avinguda de Joan Miró, 82, Ponent, 07015 Palma, Illes Balears, España",+34 971 28 40 26,http://www.el-terreno-immo.com/,4.1,23.0,en,Google reviews: 4.1* / 23,OPERATIONAL,"('real_estate_agency', 'point_of_interest', 'establishment')",07015
Buy a Home Mallorca ( 07015 ),"Avinguda de Joan Miró, 340, Ponent, 07015 Palma, Illes Balears, España",+34 971 37 95 61,http://www.buyahomemallorca.com/,5.0,2.0,en,Google reviews: 5* / 2,OPERATIONAL,"('real_estate_agency', 'point_of_interest', 'establishment')",07015
KSA ESTATE MALLORCA,"Avinguda de Joan Miró, 348, Ponent, 07015 Palma, Illes Balears, España",+34 971 22 78 10,http://www.ksa-estates.com/,4.3,6.0,es,Google reviews: 4.3* / 6,OPERATIONAL,"('real_estate_agency', 'point_of_interest', 'establishment')",07015
One Mallorca ,"Passeig Illetes, 2, Primera planta Local 7, 07181 Cas Català, Illes Balears, España",+34 871 02 38 03,,4.7,49.0,es,Google reviews: 4.7* / 49,OPERATIONAL,"('real_estate_agency', 'point_of_interest', 'establishment')",07181
Molier Estates,"Av. Joan Miró, 297, local 7, Poniente, 07015 Palma, Illes Balears, España",+34 692 06 83 20,http://www.molierestates.com/,4.7,27.0,nl,Google reviews: 4.7* / 27,OPERATIONAL,"('real_estate_agency', 'point_of_interest', 'establishment')",07015
MI LIVING PROPERTIES,"C/ de Saridakis, 3, Ponent, 07015 Palma, Illes Balears, España",+34 695 68 49 48,https://www.milivingproperties.com/,5.0,7.0,en,Google reviews: 5* / 7,OPERATIONAL,"('real_estate_agency', 'point_of_interest', 'establishment')",07015
Vista Collection,,+34 638 07 04 21,https://vistacollection.es/,5.0,4.0,es,Google reviews: 5* / 4,OPERATIONAL,"('real_estate_agency', 'finance', 'consultant', 'establishment')",
Genova Inmobiliaria,"Carrer de la Coma, 6, Ponent, 07015 Gènova, Illes Balears, España",+34 615 82 56 20,,,,es,Google reviews: * / None,OPERATIONAL,"('real_estate_agency', 'point_of_interest', 'establishment')",07015
Guver Homes Real Estate,"Carrer de Dinamarca, 9, Ponent, 07015 Palma, Illes Balears, España",+34 722 47 16 26,https://www.guverhomes.com/,5.0,5.0,es,Google reviews: 5* / 5,OPERATIONAL,"('real_estate_agency', 'point_of_interest', 'establishment')",07015
Manage for You,"Av. de Gabriel Roca, 44, Ponent, 07015 Palma, Illes Balears, España",+34 677 27 12 24,,4.0,1.0,en,Google reviews: 4* / 1,OPERATIONAL,"('real_estate_agency', 'point_of_interest', 'establishment')",07015
Checkpoint Inmobiliaria,"Passeig Illetes, 85, 07181 ses Illetes, Illes Balears, España",+34 627 21 99 58,https://www.checkpointinmo.com/,3.8,67.0,es,Google reviews: 3.8* / 67,OPERATIONAL,"('real_estate_agency', 'point_of_interest', 'establishment')",07181
Mallorca IN ,,+34 871 80 47 44,,3.7,3.0,es,Google reviews: 3.7* / 3,OPERATIONAL,"('real_estate_agency', 'consultant', 'establishment')",
Oliver Mateu ( 07014 ),"Av. de Gabriel Roca, 3, planta baja, Ponent, 07014 Palma, Illes Balears, España",+34 971 22 24 44,http://www.olivermateu.com/,3.9,46.0,es,Google reviews: 3.9* / 46,OPERATIONAL,"('real_estate_agency', 'point_of_interest', 'establishment')",07014
Iconic Properties Mallorca,"Carrer de Son Armadans, Ponent, 07014 Palma, Illes Balears, España",+34 685 47 51 20,https://www.iconicpropertiesmallorca.com/,5.0,9.0,es,Google reviews: 5* / 9,OPERATIONAL,"('real_estate_agency', 'point_of_interest', 'establishment')",07014
Gnauck & Garcia Real Estate Mallorca S.L,"Av. Joan Miró, 326, Local H, Poniente, 07015 Palma, Illes Balears, España",+34 666 64 36 17,https://www.gg-estate-mallorca.com/,5.0,5.0,es,Google reviews: 5* / 5,OPERATIONAL,"('real_estate_agency', 'point_of_interest', 'establishment')",07015
ImmoConceptBalear,"Passeig Illetes, 4, 07181 ses Illetes, Illes Balears, España",+34 693 73 95 66,http://www.immoconceptbalear.com/,5.0,7.0,de,Google reviews: 5* / 7,OPERATIONAL,"('real_estate_agency', 'consultant', 'point_of_interest', 'establishment')",07181
Lucas Froese Real Estate,"Carrer de ses Eres, 4, 07200 Felanitx, Illes Balears, España",+34 971 09 26 34,https://www.lucasfroeserealestate.com/,4.9,79.0,es,Google reviews: 4.9* / 79,OPERATIONAL,"('real_estate_agency', 'consultant', 'point_of_interest', 'establishment')",07200
Mallorca Site,"Polígon Son Bugadelles, Carrer de les Illes Balears, 14, 07180 Santa Ponça, Illes Balears, España",+34 971 71 21 65,http://www.mallorcasite.com/es,4.9,34.0,es,Google reviews: 4.9* / 34,OPERATIONAL,"('real_estate_agency', 'consultant', 'point_of_interest', 'establishment')",07180
Inmobiliaria Mallorca ( 07180 ),"Carrer de Ramon de Montcada, 23, 07180 Santa Ponça, Illes Balears, España",+34 971 69 27 63,https://www.inmobiliariamallorca-api.com/,3.3,13.0,es,Google reviews: 3.3* / 13,OPERATIONAL,"('real_estate_agency', 'point_of_interest', 'establishment')",07180
YES MALLORCA PROPERTY,"Avinguda del Rei Jaume I, 109, 07180 Santa Ponça, Illes Balears, España",+34 971 69 58 28,https://yes-mallorca-immobilien.de/,4.8,35.0,en,Google reviews: 4.8* / 35,OPERATIONAL,"('real_estate_agency', 'point_of_interest', 'establishment')",07180
Inmobiliaria J. Munar,"Carrer de Rocinante, 6, Llevant, 07198 Son Ferriol, Illes Balears, España",+34 971 42 74 72,https://www.grupjm.es/,4.6,5.0,es,Google reviews: 4.6* / 5,OPERATIONAL,"('real_estate_agency', 'point_of_interest', 'establishment')",07198
INMOBILIARIA TOÑI RUIZ,"Carrer, Via Mallorca, nº 9, 07590 Cala Rajada, Illes Balears, España",+34 971 56 66 54,http://www.toniruiz.com/,4.6,47.0,en,Google reviews: 4.6* / 47,OPERATIONAL,"('real_estate_agency', 'point_of_interest', 'establishment')",07590
Inmobiliaria en Baleares,"Es Coll d'en Rabassa, Playa de Palma, 07014 Palma, Illes Balears, España",+34 657 47 27 83,https://www.inmobiliariaenbaleares.com/,,,es,Google reviews: * / None,OPERATIONAL,"('real_estate_agency', 'point_of_interest', 'establishment')",07014
First Mallorca Andratx,"Av. Mateo Bosch, 5, 07157 Port d'Andratx, Illes Balears, España",+34 971 69 88 88,https://www.firstmallorca.com/en/sales/andratx-properties,3.7,13.0,es,Google reviews: 3.7* / 13,OPERATIONAL,"('real_estate_agency', 'consultant', 'point_of_interest', 'establishment')",07157
FIRST Inmobiliaria,"Edif. Sa Carroca Park, Carretera de Ibiza a San José, Km 0.9, 07817 San Jordi, Illes Balears, España",+34 971 19 78 30,http://www.real-estate-ibiza.com/,4.7,10.0,es,Google reviews: 4.7* / 10,OPERATIONAL,"('real_estate_agency', 'point_of_interest', 'establishment')",07817
Home Menorca ,"Carrer de l'Àngel, 25, 07703 Maó, Illes Balears, España",+34 971 35 70 70,http://www.homemenorca.com/,4.7,58.0,es,Google reviews: 4.7* / 58,OPERATIONAL,"('real_estate_agency', 'point_of_interest', 'establishment')",07703
Sandberg Estates,"Carrer Garcilaso de la Vega, 1, Local 5, 07181 Portals Nous, Illes Balears, España",+34 871 85 39 07,https://sandberg-estates.com/,4.9,52.0,es,Google reviews: 4.9* / 52,OPERATIONAL,"('real_estate_agency', 'consultant', 'general_contractor', 'point_of_interest', 'establishment')",07181
LLH Solucions Immobiliàries,"Carrer de la Pursiana, 24, Ponent, 07013 Palma, Illes Balears, España",+34 667 56 13 59,http://llhsolucionsimmobiliaries.com/,4.8,14.0,es,Google reviews: 4.8* / 14,OPERATIONAL,"('real_estate_agency', 'point_of_interest', 'establishment')",07013
ELEVENHOMES,"Av. de Gabriel Roca, 14, local B, 07014 Palma, Illes Balears, España",+34 667 64 84 13,http://elevenhomes.com/,4.8,25.0,es,Google reviews: 4.8* / 25,OPERATIONAL,"('real_estate_agency', 'point_of_interest', 'establishment')",07014
Casas Mallorca,"Carrer de sa Lluna, 41, 07100 Sóller, Illes Balears, España",+34 971 63 80 11,http://www.casasmallorca.com/,4.2,14.0,es,Google reviews: 4.2* / 14,OPERATIONAL,"('real_estate_agency', 'point_of_interest', 'establishment')",07100
Illes Asesores Inmobiliarios,"Carrer de les Parellades, 10, Bajos, Centre, 07003 Palma, Illes Balears, España",+34 971 91 88 91,http://illesasesores.com/,3.0,25.0,es,Google reviews: 3* / 25,OPERATIONAL,"('real_estate_agency', 'point_of_interest', 'establishment')",07003
My-Casa Real Estate,"Carrer del Convent, 3, 07184 Calvià, Illes Balears, España",+34 971 13 54 05,http://my-casa.es/,5.0,5.0,en,Google reviews: 5* / 5,OPERATIONAL,"('real_estate_agency', 'point_of_interest', 'establishment')",07184
Buy a Home Mallorca ( 07006 ),"Carrer de Joan Nicolau i Barceló, 23, Platja de Palma, 07006 Palma, Illes Balears, España",+34 971 24 72 76,http://www.buyahomemallorca.com/,4.7,22.0,sv,Google reviews: 4.7* / 22,OPERATIONAL,"('real_estate_agency', 'point_of_interest', 'establishment')",07006
Monica Fidalgo ,,+34 687 84 72 42,https://www.safti.es/tu-asesor-safti/monica-fidalgo-fontao,5.0,1.0,es,Google reviews: 5* / 1,OPERATIONAL,"('real_estate_agency', 'establishment')",
Agencia Inmobiliaria ,,+34 626 27 89 75,https://www.safti.es/tu-asesor-safti/jean-francois-monmarque,5.0,3.0,fr,Google reviews: 5* / 3,OPERATIONAL,"('real_estate_agency', 'establishment')",
Servicasa Baleares,"Gremi des Fusters, 33, Local 2, Nord, 07009 Palma, Illes Balears, España",+34 871 24 46 59,http://www.servicasabaleares.com/,5.0,26.0,es,Google reviews: 5* / 26,OPERATIONAL,"('real_estate_agency', 'consultant', 'point_of_interest', 'establishment')",07009
inmobiliaria alcobendas,"Carrer Gremi de Traginers d'Oli, 4-A, Nord, 07009 Son Castelló, Illes Balears, España",+34 692 12 81 05,,1.0,2.0,es,Google reviews: 1* / 2,OPERATIONAL,"('real_estate_agency', 'point_of_interest', 'establishment')",07009
Inmobiliaria Boutique Pons,"Carrer San Francisco de Sales, 4, Nord, 07004 Palma, Illes Balears, España",+34 651 07 03 64,http://instagram.com/inmoboutique_pons/,5.0,3.0,es,Google reviews: 5* / 3,OPERATIONAL,"('real_estate_agency', 'point_of_interest', 'establishment')",07004
SHF Inmobiliaria,"Plaça de Monsenyor Mairata, 4, Nord, 07120 Son Sardina, Illes Balears, España",+34 871 05 29 60,,,,es,Google reviews: * / None,OPERATIONAL,"('real_estate_agency', 'point_of_interest', 'establishment')",07120
INSER ,"Camí de la Cabana, 62, 07141 Marratxí, Illes Balears, España",+34 630 55 85 84,,4.8,17.0,es,Google reviews: 4.8* / 17,OPERATIONAL,"('real_estate_agency', 'point_of_interest', 'establishment')",07141
Gestiones Inmobiliarias Illes,"Pl. Sant Cosme, 7, Ponent, 07011 Palma, Illes Balears, España",+34 612 29 13 64,,4.0,1.0,es,Google reviews: 4* / 1,OPERATIONAL,"('real_estate_agency', 'point_of_interest', 'establishment')",07011
Marino Habitat,"Carr. de Valldemossa, Norte, 07120 Palma, Illes Balears, España",+34 630 66 39 04,,,,es,Google reviews: * / None,OPERATIONAL,"('real_estate_agency', 'point_of_interest', 'establishment')",07120
Tresidence Servicios Inmobiliarios,"Camí de la Cabana, 24, 07141 Marratxí, Illes Balears, España",+34 656 30 75 17,https://tresidence.es/,5.0,19.0,es,Google reviews: 5* / 19,OPERATIONAL,"('real_estate_agency', 'point_of_interest', 'establishment')",07141
Portassa Properties,,+34 666 24 27 72,https://portassaproperties.com/,,,es,Google reviews: * / None,OPERATIONAL,"('real_estate_agency', 'establishment')",
hyalo,"Isaac Newton Ed. Disset, Primera Planta, Local B2. Parc Bit, Norte, 07121 Palma, Illes Balears, España",+34 605 78 22 38,,1.0,2.0,es,Google reviews: 1* / 2,OPERATIONAL,"('real_estate_agency', 'point_of_interest', 'establishment')",07121
Minkner & Bonitz Mallorca Immobilien,"Avinguda del Rei Jaume I, 109, 07180 Santa Ponça, Illes Balears, España",+34 971 69 52 55,https://www.minkner.com/,4.5,31.0,es,Google reviews: 4.5* / 31,OPERATIONAL,"('real_estate_agency', 'consultant', 'point_of_interest', 'establishment')",07180
Minkner & Bonitz Andratx,"Av. Mateo Bosch, 8, 07157 Port d'Andratx, Illes Balears, España",+34 971 67 12 50,https://www.minkner.com/,4.8,5.0,de,Google reviews: 4.8* / 5,OPERATIONAL,"('real_estate_agency', 'point_of_interest', 'establishment')",07157
IRS INMOBILIARIA,"C/ Aragó, 28, Llevant, 07006 Palma, Illes Balears, España",+34 690 25 38 51,https://www.inmo-irs.com/,,,es,Google reviews: * / None,OPERATIONAL,"('real_estate_agency', 'point_of_interest', 'establishment')",07006
+QPISOS,,+34 668 57 04 80,https://www.qpisos.com/,5.0,13.0,es,Google reviews: 5* / 13,OPERATIONAL,"('real_estate_agency', 'establishment')",
House in Mallorca,,+34 659 55 56 70,https://www.houseinmallorca.com/,4.8,6.0,es,Google reviews: 4.8* / 6,OPERATIONAL,"('real_estate_agency', 'establishment')",
Realtor Inmobiliaria,,+34 669 44 14 42,,5.0,2.0,es,Google reviews: 5* / 2,OPERATIONAL,"('real_estate_agency', 'establishment')",
Grup Rebassa,"Carrer de General Weyler, 49, 07141 Pla de na Tesa, Illes Balears, España",+34 971 79 49 59,http://www.gruprebassa.com/,4.8,43.0,es,Google reviews: 4.8* / 43,OPERATIONAL,"('real_estate_agency', 'electrician', 'general_contractor', 'consultant', 'point_of_interest', 'establishment')",07141
Arenal Invest CB,"Carrer Bartomeu Oliver de Can Tunis, 24, Llevant, 07198 Son Ferriol, Illes Balears, España",+34 680 49 27 38,https://www.arenal-invest.com/,4.9,13.0,es,Google reviews: 4.9* / 13,OPERATIONAL,"('real_estate_agency', 'point_of_interest', 'establishment')",07198
Ecoquantic Grup Inmobiliaria,"Carrer Can Mas, 4, 07141 Pla de na Tesa, Illes Balears, España",+34 971 41 69 16,http://www.ecoquanticgrup.com/,4.7,37.0,es,Google reviews: 4.7* / 37,OPERATIONAL,"('real_estate_agency', 'point_of_interest', 'establishment')",07141
GestPropiedad Sant Jordi,"Carrer Neira, 23, Llevant, 07199 Palma, Illes Balears, España",+34 971 74 29 08,https://gestpropiedad.com/santjordi,4.8,58.0,es,Google reviews: 4.8* / 58,OPERATIONAL,"('real_estate_agency', 'point_of_interest', 'establishment')",07199
Dins Mallorca,,+34 627 94 25 64,,5.0,4.0,es,Google reviews: 5* / 4,OPERATIONAL,"('real_estate_agency', 'consultant', 'establishment')",
Mallorcabusinesslife ( 07198 ),"Avinguda del Cid, 82, 4 izquierda, Llevant, 07198 Palma, Illes Balears, España",+34 686 90 40 42,http://inmomallorcabusiness.com/,3.0,16.0,es,Google reviews: 3* / 16,OPERATIONAL,"('real_estate_agency', 'point_of_interest', 'establishment')",07198
Inmobiliaria Alda Casa,"Carrer Músic Antoni Torrandell, 15, 07141 Marratxí, Illes Balears, España",+34 600 91 68 52,,3.6,5.0,es,Google reviews: 3.6* / 5,OPERATIONAL,"('real_estate_agency', 'point_of_interest', 'establishment')",07141
Mallorca Engel Services,"Avingida de Son Noguera, 1, Llevant, 07620 Llucmajor, Illes Balears, España",+34 659 40 04 76,http://mallorcaengel.com/,2.7,3.0,es,Google reviews: 2.7* / 3,OPERATIONAL,"('real_estate_agency', 'point_of_interest', 'establishment')",07620
Namasté Inmobiliaria,"Cam. de Montana, 9, Local 7, 07141 Marratxinet, Illes Balears, España",+34 654 44 30 87,,4.7,36.0,es,Google reviews: 4.7* / 36,OPERATIONAL,"('real_estate_agency', 'point_of_interest', 'establishment')",07141
Grupo Milana,"Camí de Muntanya, 10, 07141 Poligono Industrial de Marratxi, Illes Balears, España",+34 971 72 57 82,http://www.grupomilana.com/,5.0,9.0,es,Google reviews: 5* / 9,OPERATIONAL,"('real_estate_agency', 'point_of_interest', 'establishment')",07141
INMOBILIARIA SOLIDARIA,"Carrer Licorers, pol 2 b, 07141 Es Pont d'Inca, Illes Balears, España",+34 678 41 29 13,https://www.facebook.com/inmobiliariasolidariasl,4.6,17.0,es,Google reviews: 4.6* / 17,OPERATIONAL,"('real_estate_agency', 'point_of_interest', 'establishment')",07141
stephan scheef Mallorca ,,+34 671 22 61 15,,5.0,8.0,es,Google reviews: 5* / 8,OPERATIONAL,"('real_estate_agency', 'establishment')",
Mallorcabusinesslife ( None ),,+34 686 90 40 42,https://www.mallorcabusinesslife.com/,,,es,Google reviews: * / None,OPERATIONAL,"('real_estate_agency', 'establishment')",
Fincas Molina,"Carrer de les Illes Pitiüses, 11, Platja de Palma, 07007 Palma, Illes Balears, España",+34 971 90 95 65,https://www.fincasmolina.com/,3.4,15.0,es,Google reviews: 3.4* / 15,OPERATIONAL,"('real_estate_agency', 'point_of_interest', 'establishment')",07007
ESPAI AMG,"Camí de la Cabana, 24, 07141 Marratxí, Illes Balears, España",+34 871 23 28 25,http://www.amginmobiliaria.com/,5.0,5.0,es,Google reviews: 5* / 5,OPERATIONAL,"('real_estate_agency', 'finance', 'consultant', 'point_of_interest', 'establishment')",07141
NEXTHOUSE,"Carrer Licorers, 2, 07141 Marratxí, Illes Balears, España",+34 871 70 40 10,,4.2,18.0,es,Google reviews: 4.2* / 18,OPERATIONAL,"('real_estate_agency', 'point_of_interest', 'establishment')",07141
Agencia Mallorca ( 07007 ),"Carrer del Cardenal Rossell, 97, Platja de Palma, 07007 Palma, Illes Balears, España",+34 971 72 45 80,https://www.agenciamallorca.com/,5.0,1.0,ca,Google reviews: 5* / 1,OPERATIONAL,"('real_estate_agency', 'point_of_interest', 'establishment')",07007
Falc Real Estate,,+34 971 20 42 42,http://www.falcrealestate.com/,,,es,Google reviews: * / None,OPERATIONAL,"('real_estate_agency', 'establishment')",
Rector Vives S L,"Camí de les Bateries, 5, Llevant, 07198 Palma, Illes Balears, España",+34 971 42 66 97,,2.0,4.0,es,Google reviews: 2* / 4,OPERATIONAL,"('real_estate_agency', 'point_of_interest', 'establishment')",07198
Gestión Inmobiliaria JMA (Baleares),,+34 633 51 87 92,http://www.gestioninmobiliariajma.com/,4.9,38.0,es,Google reviews: 4.9* / 38,OPERATIONAL,"('real_estate_agency', 'establishment')",
Isla Bonita Mallorca Gestión Inmobiliaria,,+34 611 16 52 41,http://www.islabonitamallorca.com/,5.0,7.0,es,Google reviews: 5* / 7,OPERATIONAL,"('real_estate_agency', 'establishment')",
Mallorca Makler,"Carrer Gregal Vial K, Levante, 07199 Palma, Illes Balears, España",+34 602 41 04 07,,5.0,1.0,de,Google reviews: 5* / 1,OPERATIONAL,"('real_estate_agency', 'point_of_interest', 'establishment')",07199
Green Living Mallora Inmobiliaria Real Estate,"Disseminat Puntiro, Llevant, 07199 Palma, Illes Balears, España",+49 171 3816375,http://www.green-living-mallorca.com/,,,de,Google reviews: * / None,OPERATIONAL,"('real_estate_agency', 'point_of_interest', 'establishment')",07199
Living Blue Mallorca  ( 07320 ),"Plaça Hostals, 8, 07320 Santa Maria del Camí, Illes Balears, España",+34 971 51 06 09,https://www.livingblue-mallorca.com/,5.0,174.0,es,Google reviews: 5* / 174,OPERATIONAL,"('real_estate_agency', 'consultant', 'point_of_interest', 'establishment')",07320
Sa Roqueta Living,,+34 623 99 02 10,https://www.idealista.com/pro/sa-roqueta-living/venta-viviendas/,1.0,2.0,es,Google reviews: 1* / 2,OPERATIONAL,"('real_estate_agency', 'establishment')",
Engel & Völkers Palma Beach,"Carrer de Marbella, 71, Platja de Palma, 07610 Palma, Illes Balears, España",+34 971 41 29 25,https://www.engelvoelkers.com/es/en/shops/palma-beach,4.9,53.0,en,Google reviews: 4.9* / 53,OPERATIONAL,"('real_estate_agency', 'point_of_interest', 'establishment')",07610
AM PROPERTIES MALLORCA,"Ctra. Llucmajor, 210, bajo, Llevant, 07199 S'Aranjassa, Illes Balears, España",+34 650 05 88 93,http://ampropertiesmallorca.com/,3.0,2.0,es,Google reviews: 3* / 2,OPERATIONAL,"('real_estate_agency', 'point_of_interest', 'establishment')",07199
Inmobiliaria Santa Maria,"Plaça Hostals, 21c, 07320 Santa Maria del Camí, Illes Balears, España",+34 971 62 16 52,http://www.inmobiliariasantamaria.com/,3.8,4.0,es,Google reviews: 3.8* / 4,OPERATIONAL,"('real_estate_agency', 'point_of_interest', 'establishment')",07320
Mallorca Immobilien Carone & Winter Real Estate,"Apartado, 14, 07210 Algaida, Illes Balears, España",+34 647 71 11 21,,5.0,1.0,de,Google reviews: 5* / 1,OPERATIONAL,"('real_estate_agency', 'point_of_interest', 'establishment')",07210
CALIDOHOME,"Carretera de l'Arenal, 48, Platja de Palma, 07600 París, Illes Balears, España",+34 673 43 11 05,https://www.calidohome.com/,5.0,1.0,es,Google reviews: 5* / 1,OPERATIONAL,"('real_estate_agency', 'point_of_interest', 'establishment')",07600
Agencia Inmobiliaria Mir ( 07600 ),"Plaça Reina Maria Cristina, 12, 07600 El Arenal, Illes Balears, España",+34 971 44 13 96,http://www.inmobiliariamir.com/,4.1,34.0,es,Google reviews: 4.1* / 34,OPERATIONAL,"('real_estate_agency', 'point_of_interest', 'establishment')",07600
Itola C B,"C. de s'Aranjassa, 5, Llevant, 07199 S'Aranjassa, Illes Balears, España",+34 971 74 77 22,,,,es,Google reviews: * / None,OPERATIONAL,"('real_estate_agency', 'point_of_interest', 'establishment')",07199
L&B INMOSERVICES,"Carrer de Bellamar, 11e, Platja de Palma, 07610 Can Pastilla, Illes Balears, España",+34 971 26 68 23,,3.5,4.0,es,Google reviews: 3.5* / 4,OPERATIONAL,"('real_estate_agency', 'point_of_interest', 'establishment')",07610
Vering Immobiliaria,"Carrer del Bergantí, 1, Platja de Palma, 07610 Can Pastilla, Illes Balears, España",+34 634 33 40 31,,5.0,1.0,de,Google reviews: 5* / 1,OPERATIONAL,"('real_estate_agency', 'point_of_interest', 'establishment')",07610
ENHABITAT propiedades,"Carrer de la Balanguera, 8, 07142 Santa Eugènia, Illes Balears, España",+34 971 57 06 97,,4.7,3.0,es,Google reviews: 4.7* / 3,OPERATIONAL,"('real_estate_agency', 'point_of_interest', 'establishment')",07142
Engel & Völkers Santa Maria del Camí,"Carrer Marquès de la Fontsanta, 45, 07320 Santa Maria del Camí, Illes Balears, España",+34 971 62 16 29,https://www.engelvoelkers.com/es/en/shops/santa-maria,4.8,82.0,en,Google reviews: 4.8* / 82,OPERATIONAL,"('real_estate_agency', 'finance', 'consultant', 'point_of_interest', 'establishment')",07320
Premium Balear Real Estate,"Carrer de Marbella, 22, Platja de Palma, 07610 Palma, Illes Balears, España",+34 971 09 05 14,http://www.premium-balear.com/,4.0,18.0,de,Google reviews: 4* / 18,OPERATIONAL,"('real_estate_agency', 'point_of_interest', 'establishment')",07610
Inmocasa Arenal,"Carrer Balears, 19, 07600 El Arenal, Illes Balears, España",+34 971 44 33 42,http://inmocasaarenal.es/,3.8,17.0,en,Google reviews: 3.8* / 17,OPERATIONAL,"('real_estate_agency', 'store', 'point_of_interest', 'establishment')",07600
PERICÀS PROPERTIES INMOBILIARIA,"C. de Cartago, 21, 1 F, Playa de Palma, 07600 Palma, Illes Balears, España",+34 971 49 04 02,http://www.pericasproperties.es/,4.2,5.0,es,Google reviews: 4.2* / 5,OPERATIONAL,"('real_estate_agency', 'point_of_interest', 'establishment')",07600
gestiones inmobiliarias eva,"Carrer de Trasimè, 48, Platja de Palma, 07600 Palma, Balearic Isles, España",+34 669 34 19 54,,3.8,22.0,es,Google reviews: 3.8* / 22,OPERATIONAL,"('real_estate_agency', 'point_of_interest', 'establishment')",07600
Homeing Mallorca · Inmobiliaria · Real Estate,"Carrer del Bisbe Roig, 87, bajos, 07620 Llucmajor, Illes Balears, España",+34 971 12 52 77,https://www.homeingmallorca.com/,4.9,84.0,es,Google reviews: 4.9* / 84,OPERATIONAL,"('real_estate_agency', 'consultant', 'point_of_interest', 'establishment')",07620
Schanz & Kohne Immobilien Mallorca,"Carrer de l'Ametler, 1, 07609 Llucmajor, Illes Balears, España",+34 628 12 06 81,http://www.schanzundkohne.de/,4.4,64.0,es,Google reviews: 4.4* / 64,OPERATIONAL,"('real_estate_agency', 'point_of_interest', 'establishment')",07609
Inmobiliaria OK,"Ctra. Militar, 221, Platja de Palma, 07600 Palma, Illes Balears, España",+34 666 11 69 82,,3.0,2.0,es,Google reviews: 3* / 2,OPERATIONAL,"('real_estate_agency', 'point_of_interest', 'establishment')",07600
FINCAS S'ARENAL,"Carre Maria Antònia Salvà, 48, 07600 ARENAL DE LLUCMAJOR, Illes Balears, España",+34 610 16 46 44,http://fincassarenal.es.tl/,3.0,1.0,es,Google reviews: 3* / 1,OPERATIONAL,"('real_estate_agency', 'consultant', 'point_of_interest', 'establishment')",07600
Cala Cristal S.A.,"Carretera de l'Arenal, 48, Platja de Palma, 07600 Palma, Illes Balears, España",+34 971 26 71 97,,5.0,1.0,es,Google reviews: 5* / 1,OPERATIONAL,"('real_estate_agency', 'point_of_interest', 'establishment')",07600
Fincas Somveri,"Carrer Terral, 6, 07600 El Arenal, Illes Balears, España",+34 971 44 20 11,,1.0,1.0,es,Google reviews: 1* / 1,OPERATIONAL,"('real_estate_agency', 'point_of_interest', 'establishment')",07600
Opportunities Mallorca,,+34 626 65 27 23,https://www.opportunitiesmallorca.com/,,,es,Google reviews: * / None,OPERATIONAL,"('real_estate_agency', 'consultant', 'general_contractor', 'establishment')",
Inmobiliaria CercHabit,"Carrer del Taronger, 7, 07609 Son Verí Nou, Illes Balears, España",+34 610 21 78 63,http://www.cerchabit.com/,3.0,3.0,es,Google reviews: 3* / 3,OPERATIONAL,"('real_estate_agency', 'point_of_interest', 'establishment')",07609
Feelhome Mallorca,,+34 640 86 00 29,,,,es,Google reviews: * / None,OPERATIONAL,"('real_estate_agency', 'establishment')",
Arlene Gómez,"Rambla, 6, esc 4 1A, 07609 Son Verí Nou, Illes Balears, España",+34 606 96 95 95,http://www.remaxisland.es/,,,es,Google reviews: * / None,OPERATIONAL,"('real_estate_agency', 'point_of_interest', 'establishment')",07609
My House Mallorca Ibiza,"Carrer de Marbella, 20, Platja de Palma, 07600 Palma, Illes Balears, España",+34 649 28 41 05,https://www.mallorcaibiza.com/,,,es,Google reviews: * / None,OPERATIONAL,"('real_estate_agency', 'point_of_interest', 'establishment')",07600
Vivir Mallorca,"Camí de la Torre Redona, 3, Platja de Palma, 07610 Can Pastilla, Illes Balears, España",+34 685 38 19 28,,,,it,Google reviews: * / None,OPERATIONAL,"('real_estate_agency', 'point_of_interest', 'establishment')",07610
Coast Projects Mallorca,"Carrer del Balandre, 2, 2A, Playa de Palma, 07610 Can Pastilla, Illes Balears, España",+34 601 99 14 78,https://coastprojectsmallorca.com/,5.0,4.0,es,Google reviews: 5* / 4,OPERATIONAL,"('real_estate_agency', 'lawyer', 'consultant', 'point_of_interest', 'establishment')",07610
Immobilien,"Carrer Alegria, 18, 07610 Can Pastilla, Illes Balears, España",+34 647 91 49 09,,5.0,1.0,de,Google reviews: 5* / 1,OPERATIONAL,"('real_estate_agency', 'point_of_interest', 'establishment')",07610
Oliver & Co.,"Carrer de Marbella, 22, Platja de Palma, 07610 Palma, Illes Balears, España",+34 676 44 83 83,,,,es,Google reviews: * / None,OPERATIONAL,"('real_estate_agency', 'point_of_interest', 'establishment')",07610
Casa Del Escultor,"Carrer dels Pins, 17, Platja de Palma, 07610 Palma, Illes Balears, España",,https://www.panchorentals.es/,,,es,Google reviews: * / None,OPERATIONAL,"('real_estate_agency', 'point_of_interest', 'establishment')",07610
Fabaritx Invest Sl,"Carrer de la Goleta, 0, Platja de Palma, 07610 Can Pastilla, Illes Balears, España",+34 971 26 00 77,,5.0,1.0,es,Google reviews: 5* / 1,OPERATIONAL,"('real_estate_agency', 'point_of_interest', 'establishment')",07610
EuroFinques Mallorca,"C. del Cardenal Rossell, 96, Bajos A, Playa de Palma, 07007 Palma, Illes Balears, España",+34 971 91 43 43,http://www.eurofinquesmallorca.es/,5.0,1.0,es,Google reviews: 5* / 1,OPERATIONAL,"('real_estate_agency', 'point_of_interest', 'establishment')",07007
Kuhn & Partner,"Carrer de Sant Antoni de la Platja, 2, Platja de Palma, 07610 Can Pastilla, Illes Balears, España",+34 971 13 77 28,,,,es,Google reviews: * / None,OPERATIONAL,"('real_estate_agency', 'point_of_interest', 'establishment')",07610
teutenberg-immobilien,"Calle Alegre, Platja de Palma, 07610 Can Pastilla, Illes Balears, España",+34 647 91 49 09,,,,de,Google reviews: * / None,OPERATIONAL,"('real_estate_agency', 'point_of_interest', 'establishment')",07610
Actividades de la familia Wolter S.L.,"Camí de Son Fangos, 100, Planta 3, Levante, 07007 Palma, Illes Balears, España",+34 641 51 43 43,,,,es,Google reviews: * / None,OPERATIONAL,"('real_estate_agency', 'point_of_interest', 'establishment')",07007
KENSINGTON Finest Properties International  ( 07320 ),"Carrer Bernat de Santa Eugènia, 23, 07320 Santa Maria del Camí, Illes Balears, España",+34 871 71 68 87,https://www.kensington-international.com/mallorca/de/filialen/mallorca-inselmitte/,5.0,3.0,de,Google reviews: 5* / 3,OPERATIONAL,"('real_estate_agency', 'point_of_interest', 'establishment')",07320
Fincas Sant Lluís ,"Carrer del Comte de Lannion, 95, 07710 Sant Lluís, Illes Balears, España",+34 971 15 18 12,https://www.fincassantlluis.com/,4.9,56.0,es,Google reviews: 4.9* / 56,OPERATIONAL,"('real_estate_agency', 'point_of_interest', 'establishment')",07710
Inmobiliaria Menorca ,"Carrer de Biniarroca, 12, 07710 Sant Lluís, Illes Balears, España",+34 971 35 15 30,https://www.sesmoreres.com/,4.8,38.0,es,Google reviews: 4.8* / 38,OPERATIONAL,"('real_estate_agency', 'point_of_interest', 'establishment')",07710
Comas Inmobiliaria Menorca,"Carrer de Sant Lluís, 69, 07710 Sant Lluís, Illes Balears, España",+34 971 72 22 36,http://menorcainmobiliaria.com/,5.0,14.0,es,Google reviews: 5* / 14,OPERATIONAL,"('real_estate_agency', 'point_of_interest', 'establishment')",07710
Move Menorca,,+34 649 17 67 13,https://movemenorca.com/es/,5.0,1.0,es,Google reviews: 5* / 1,OPERATIONAL,"('real_estate_agency', 'establishment')",
Sa Immobiliària,"Carrer Cala Padera, 39, 07720 Es Castell, Illes Balears, España",+34 650 36 59 65,https://www.saimmobiliaria.com/,4.7,3.0,es,Google reviews: 4.7* / 3,OPERATIONAL,"('real_estate_agency', 'point_of_interest', 'establishment')",07720
KENSINGTON Finest Properties International  ( 07570 ),"C. de Ciutat, 22, 07570 Artà, Illes Balears, España",+34 670 27 56 63,https://kensington-international.com/de/es/mallorca/arta,4.9,69.0,de,Google reviews: 4.9* / 69,OPERATIONAL,"('real_estate_agency', 'consultant', 'point_of_interest', 'establishment')",07570
Casas en Menorca - Es Castell,"Carrer Victori, 39, 07720 Es Castell, Illes Balears, España",+34 971 36 80 08,http://www.casasenmenorca.com/,4.2,5.0,es,Google reviews: 4.2* / 5,OPERATIONAL,"('real_estate_agency', 'point_of_interest', 'establishment')",07720
John Taylor Menorca,"Moll de Llevant, 258, 07701 Maó, Illes Balears, España",+34 639 45 74 44,https://www.john-taylor.es/agencia-inmobiliaria-lujo/,5.0,1.0,fr,Google reviews: 5* / 1,OPERATIONAL,"('real_estate_agency', 'point_of_interest', 'establishment')",07701
Timan Investments España S L,"Lugar Urbanització, 304, 07700 Cala Llonga, Illes Balears, España",+34 971 35 99 80,,,,es,Google reviews: * / None,OPERATIONAL,"('real_estate_agency', 'point_of_interest', 'establishment')",07700
Palma Pisos,"Carrer de Lope de Vega, 5, 07013 Palma, Illes Balears, España",+34 971 22 00 55,http://www.palmapisos.net/,3.2,66.0,es,Google reviews: 3.2* / 66,OPERATIONAL,"('real_estate_agency', 'point_of_interest', 'establishment')",07013
Kensington Finest Properties International,"Calle Conquistador N°8 bajo, Distrito Centro, 07001 Palma, Illes Balears, España",+34 971 67 43 06,https://www.kensington-international.com/de/mallorca/,3.5,29.0,es,Google reviews: 3.5* / 29,OPERATIONAL,"('real_estate_agency', 'point_of_interest', 'establishment')",07001
Alor Menorca,"Carrer Gran, 117, 07720 Es Castell, Illes Balears, España",+34 620 88 41 84,http://alormenorca.com/,4.5,2.0,es,Google reviews: 4.5* / 2,OPERATIONAL,"('real_estate_agency', 'point_of_interest', 'establishment')",07720
Lonlas Investment,"Carrer Gran, 117, 07720 Es Castell, Illes Balears, España",+34 971 42 34 74,http://lonlasinvestment.com/Contacto/,,,es,Google reviews: * / None,OPERATIONAL,"('real_estate_agency', 'point_of_interest', 'establishment')",07720
Menorca Last Minute.,"Carrer Sant Jaume, 33, 07720 Es Castell, Illes Balears, España",+34 971 36 82 65,,,,es,Google reviews: * / None,OPERATIONAL,"('real_estate_agency', 'point_of_interest', 'establishment')",07720
menorcapropertysales,"Carrer Gran, 07720 Es Castell, Illes Balears, España",+34 675 32 93 25,https://menorcapropertysales.com/,,,en,Google reviews: * / None,OPERATIONAL,"('real_estate_agency', 'point_of_interest', 'establishment')",07720
KENSINGTON Finest Properties International  ( 07460 ),"Carrer de Philip Newman, 17, 07460 Pollença, Illes Balears, España",+34 971 53 33 23,https://kensington-international.com/de/es/mallorca/pollensa,4.9,39.0,es,Google reviews: 4.9* / 39,OPERATIONAL,"('real_estate_agency', 'consultant', 'point_of_interest', 'establishment')",07460
Aduanas Agente Fernando J Andreu García,"Lugar Moll De Llevant, 6, 07701 Maó-Mahón, Illes Balears, España",+34 971 35 33 33,,,,es,Google reviews: * / None,OPERATIONAL,"('real_estate_agency', 'point_of_interest', 'establishment')",07701
Inmobiliaria Nova Ávila,"Av. Ramon de Sant Martí, 1, local 1, 07620 Llucmajor, Illes Balears, España",+34 692 80 31 44,http://inmobiliariaavilagestiones.com/,4.9,84.0,es,Google reviews: 4.9* / 84,OPERATIONAL,"('real_estate_agency', 'point_of_interest', 'establishment')",07620
Imperial Properties Inmobiliaria CB,"Avinguda del Rei Jaume I, 111, Local 5, 07180 Santa Ponça, Illes Balears, España",+34 971 69 24 34,http://www.imperial-properties.com/,4.7,77.0,es,Google reviews: 4.7* / 77,OPERATIONAL,"('real_estate_agency', 'point_of_interest', 'establishment')",07180
GestPropiedad Maioris,"Carrer Imperial, 2, 07609 Llucmajor, Illes Balears, España",+34 971 23 78 12,https://www.gestpropiedad.com/maioris,4.9,86.0,ru,Google reviews: 4.9* / 86,OPERATIONAL,"('real_estate_agency', 'finance', 'lawyer', 'consultant', 'point_of_interest', 'establishment')",07609
Xarxa Homes  ( 07181 ),"Carrer Miguel de Cervantes, 23, Local 3, 07181 Costa d'en Blanes, Illes Balears, España",+34 971 68 41 08,https://www.xarxahomes.com/,5.0,8.0,es,Google reviews: 5* / 8,OPERATIONAL,"('real_estate_agency', 'consultant', 'general_contractor', 'point_of_interest', 'establishment')",07181
Inmobiliaria Sud Mallorca,"Carrer Gabriel Roca, 33, 07638 Colònia de Sant Jordi, Illes Balears, España",+34 680 34 38 20,http://www.sudmallorca.com/,4.6,19.0,es,Google reviews: 4.6* / 19,OPERATIONAL,"('real_estate_agency', 'point_of_interest', 'establishment')",07638
b&m inmobiliaria,"Ctra. Andratx, 43, 07181 Portals Nous, Illes Balears, España",+34 971 67 65 92,http://www.bminmobiliaria.com/es/contacto,5.0,2.0,es,Google reviews: 5* / 2,OPERATIONAL,"('real_estate_agency', 'point_of_interest', 'establishment')",07181
BB IMMOBILIEN MALLORCA,"Carrer D'es Convent, 23, 07620 Llucmajor, Illes Balears, España",+49 163 3462522,https://www.bb-mallorca.com/,4.9,31.0,es,Google reviews: 4.9* / 31,OPERATIONAL,"('real_estate_agency', 'consultant', 'point_of_interest', 'establishment')",07620
TOPP MALLORCA INMOBILIARIA,"Carretera Palma-Andratx, 35, 07181 Calviá, Illes Balears, España",+34 971 40 36 99,http://www.toppmallorca.com/,5.0,4.0,es,Google reviews: 5* / 4,OPERATIONAL,"('real_estate_agency', 'point_of_interest', 'establishment')",07181
Inverloc Baleares,"Avinguda dels Ocells, 25, 07609 Puigderrós, Illes Balears, España",+34 971 66 55 77,,5.0,1.0,es,Google reviews: 5* / 1,OPERATIONAL,"('real_estate_agency', 'point_of_interest', 'establishment')",07609
Fincas Faro Menorca inmobiliaria,"Avinguda de Josep A. Clavé, 38, 07702 Maó, Illes Balears, España",+34 660 04 30 53,http://www.fincasfaro.net/,4.7,140.0,es,Google reviews: 4.7* / 140,OPERATIONAL,"('real_estate_agency', 'point_of_interest', 'establishment')",07702
Casas en Menorca,"Pl. Reial, 4, 07702 Maó, Illes Balears, España",+34 971 36 33 00,http://www.casasenmenorca.com/,4.6,157.0,es,Google reviews: 4.6* / 157,OPERATIONAL,"('real_estate_agency', 'point_of_interest', 'establishment')",07702
Palmer inmobiliaria - Menorca,,+34 639 87 27 15,http://www.palmerinmobiliaria.com/,5.0,1.0,es,Google reviews: 5* / 1,OPERATIONAL,"('real_estate_agency', 'establishment')",
Inmobiliaria Fincas Bonnin Sanso Mahon,"Carrer Nou, 14, 07701 Maó, Illes Balears, España",+34 971 35 04 05,https://www.bonninsanso.com/,4.4,127.0,es,Google reviews: 4.4* / 127,OPERATIONAL,"('real_estate_agency', 'consultant', 'point_of_interest', 'establishment')",07701
ATIPIKA Lifestyle Properties Inmobiliaria en Menorca,"Avinguda de Fort de l'Eau, 64, 07701 Maó, Illes Balears, España",+34 971 57 69 61,http://www.atipika.com/,4.8,32.0,es,Google reviews: 4.8* / 32,OPERATIONAL,"('real_estate_agency', 'jewelry_store', 'store', 'point_of_interest', 'establishment')",07701
Spain Sotheby's International Realty  ( 07701 ),"Plaça de la Constitució, 11, 07701 Maó, Illes Balears, España",+34 971 25 03 40,https://www.spain-sothebysrealty.com/,4.8,4.0,es,Google reviews: 4.8* / 4,OPERATIONAL,"('real_estate_agency', 'finance', 'consultant', 'point_of_interest', 'establishment')",07701
Autèntic Menorca ,,+34 613 55 08 74,https://www.autenticmenorca.com/,5.0,12.0,es,Google reviews: 5* / 12,OPERATIONAL,"('real_estate_agency', 'finance', 'consultant', 'establishment')",
Illa Condal Inmobiliaria,"Carrer d'en Deià, 2 Principal, 2, 07702 Maó, Illes Balears, España",+34 686 65 64 54,http://www.illacondal.com/,5.0,1.0,es,Google reviews: 5* / 1,OPERATIONAL,"('real_estate_agency', 'point_of_interest', 'establishment')",07702
Micol Homes & Property,"Carrer de Sant Lluís Gonçaga, 5B, 07702 Maó, Illes Balears, España",+34 693 01 95 09,http://www.micolhomesproperty.com/,5.0,8.0,es,Google reviews: 5* / 8,OPERATIONAL,"('real_estate_agency', 'point_of_interest', 'establishment')",07702
FINCAS VENALIS ,"Carrer d'Alaior, 17, 07703 Maó, Illes Balears, España",+34 971 35 57 57,http://www.venalismenorca.com/,4.7,11.0,es,Google reviews: 4.7* / 11,OPERATIONAL,"('real_estate_agency', 'point_of_interest', 'establishment')",07703
Fincas Mantolán ,"Carrer Nou, 3, 07701 Maó, Illes Balears, España",+34 971 35 28 96,https://www.fincasmantolan.com/,4.8,80.0,es,Google reviews: 4.8* / 80,OPERATIONAL,"('real_estate_agency', 'point_of_interest', 'establishment')",07701
PM Inmobiliaria,"Av. de Vives Llull, 54, 07703 Maó, Illes Balears, España",+34 629 10 14 86,,5.0,1.0,es,Google reviews: 5* / 1,OPERATIONAL,"('real_estate_agency', 'point_of_interest', 'establishment')",07703
Menorcasa,"Plaça del Príncep, 4, 07701 Maó, Illes Balears, España",+34 971 35 57 89,http://www.menorcasa.com/,5.0,39.0,es,Google reviews: 5* / 39,OPERATIONAL,"('real_estate_agency', 'consultant', 'point_of_interest', 'general_contractor', 'finance', 'establishment')",07701
Alfa Baleares Inmobiliaria,,+34 670 27 37 98,http://www.alfabaleares.es/,2.7,6.0,es,Google reviews: 2.7* / 6,OPERATIONAL,"('real_estate_agency', 'establishment')",
Fincas llonga's,"Pl. de s'Esplanada, 75, 07703 Maó, Illes Balears, España",+34 971 38 52 02,https://fincasllongas.com/,5.0,1.0,es,Google reviews: 5* / 1,OPERATIONAL,"('real_estate_agency', 'point_of_interest', 'establishment')",07703
Engel & Völkers Real Estate Inmobiliaria Mahón,"Carrer de ses Moreres, 34, 07703 Maó, Illes Balears, España",,http://www.engelvoelkers.com/menorca,4.3,40.0,en,Google reviews: 4.3* / 40,OPERATIONAL,"('real_estate_agency', 'consultant', 'point_of_interest', 'establishment')",07703
Grupo Inmobiliario Tutzo,"Carrer de ses Moreres, 54, 07703 Maó, Illes Balears, España",+34 971 35 08 18,http://www.tutzoinmobiliaria.com/,3.1,42.0,es,Google reviews: 3.1* / 42,OPERATIONAL,"('real_estate_agency', 'point_of_interest', 'establishment')",07703
Finques Toyo Pons,"Carrer de Borja Moll, 43, 07702 Maó, Illes Balears, España",+34 657 93 62 88,https://www.finquestoyopons.com/,5.0,1.0,es,Google reviews: 5* / 1,OPERATIONAL,"('real_estate_agency', 'consultant', 'point_of_interest', 'establishment')",07702
We build Menorca,"Carrer de Sant Sebastià, 91, 07701 Maó, Illes Balears, España",+34 617 41 24 78,http://www.webuildmenorca.com/,5.0,17.0,es,Google reviews: 5* / 17,OPERATIONAL,"('real_estate_agency', 'consultant', 'point_of_interest', 'finance', 'establishment')",07701
Inmobiliaria Riera & Taylor,"Rambla del Rei en Jaume, 5, 07500 Manacor, Illes Balears, España",+34 680 91 54 99,https://www.rierataylor.com/,4.3,231.0,en,Google reviews: 4.3* / 231,OPERATIONAL,"('real_estate_agency', 'point_of_interest', 'establishment')",07500
"Fincas Armengol Mahón, Menorca","Avinguda de Fort de l'Eau, 123, 07701 Maó, Illes Balears, España",+34 971 36 26 22,https://fincasarmengol.com/,4.4,24.0,es,Google reviews: 4.4* / 24,OPERATIONAL,"('real_estate_agency', 'consultant', 'point_of_interest', 'establishment')",07701
INMOBILIARIA MENORCA ( 07703 ),"Carrer del Bisbe Sever, 15, A, 07703 Maó-Mahón, Illes Balears, España",+34 971 35 57 08,http://www.inmobiliariamenorca.com/,3.0,2.0,es,Google reviews: 3* / 2,OPERATIONAL,"('real_estate_agency', 'lodging', 'finance', 'insurance_agency', 'consultant', 'point_of_interest', 'establishment')",07703
INMOBILIARIA MAHON,"CARRER SANTA ROSA 28 MAHON MENORCA, 07702 MENORCA, Illes Balears, España",+34 603 14 01 81,,,,it,Google reviews: * / None,OPERATIONAL,"('real_estate_agency', 'consultant', 'point_of_interest', 'establishment')",07702
Grupo Portal Menorca  ( 07703 ),"Carrer de l'Àngel, 25, 2ª Planta, 07703 Maó-Mahón, Illes Balears, España",+34 971 35 12 21,https://portalmenorca.com/,5.0,4.0,es,Google reviews: 5* / 4,OPERATIONAL,"('real_estate_agency', 'point_of_interest', 'establishment')",07703
Fincas Moncloa,"Avinguda de Fort de l'Eau, 153, 07701 Maó, Illes Balears, España",+34 680 68 06 80,http://www.fincasmoncloa.com/,3.8,12.0,es,Google reviews: 3.8* / 12,OPERATIONAL,"('real_estate_agency', 'point_of_interest', 'establishment')",07701
3LUX MENORCA,"Avda, Avinguda de Fort de l'Eau, 131, 07712 Maó, Illes Balears, España",+34 685 36 38 36,,5.0,1.0,es,Google reviews: 5* / 1,OPERATIONAL,"('real_estate_agency', 'point_of_interest', 'establishment')",07712
Menorca Secret Properties,"Plaça del Príncep, 07702 Maó, Illes Balears, España",+34 639 64 85 43,https://www.menorcasecret.com/,1.0,1.0,en,Google reviews: 1* / 1,OPERATIONAL,"('real_estate_agency', 'point_of_interest', 'establishment')",07702
Finques S'avinguda Estate Agency,"Plaça Padronet, 07703 Maó, Illes Balears, España",+34 613 03 26 08,,3.0,2.0,es,Google reviews: 3* / 2,OPERATIONAL,"('real_estate_agency', 'point_of_interest', 'establishment')",07703
Oliver Mateu ( 07702 ),"Pl. Reial, 4, 07702 Maó, Illes Balears, España",+34 971 36 33 00,http://www.casasenmenorca.com/,,,es,Google reviews: * / None,OPERATIONAL,"('real_estate_agency', 'point_of_interest', 'establishment')",07702
Mansiones de Menorca,"Avinguda de Fort de l'Eau, 1, 07701 Maó, Illes Balears, España",+34 657 50 17 69,,5.0,1.0,es,Google reviews: 5* / 1,OPERATIONAL,"('real_estate_agency', 'point_of_interest', 'establishment')",07701
Trepuco S.L.,"Calle, Camí de ses Vinyes, 19, 07703 Maó-Mahón, Illes Balears, España",+34 971 36 13 67,http://www.trepuco.es/,4.0,2.0,es,Google reviews: 4* / 2,OPERATIONAL,"('real_estate_agency', 'point_of_interest', 'establishment')",07703
Casas en Menorca oficina 2,"Carrer s'Arravaleta, 33, 07702 Maó, Illes Balears, España",+34 971 36 29 91,http://casasenmenorca.com/,,,es,Google reviews: * / None,OPERATIONAL,"('real_estate_agency', 'point_of_interest', 'establishment')",07702
SOM Menorca - Inmobiliaria ( 07701 ),"Avinguda de Fort de l'Eau, 44, 07701 Maó, Illes Balears, España",+34 971 37 65 68,https://www.sommenorca.es/,,,es,Google reviews: * / None,OPERATIONAL,"('real_estate_agency', 'point_of_interest', 'establishment')",07701
Marès Solutions,"Pl. de s'Esplanada, 26, 07703 Maó, Illes Balears, España",+34 623 93 36 31,https://www.solutions-mares.com/,,,es,Google reviews: * / None,OPERATIONAL,"('real_estate_agency', 'consultant', 'point_of_interest', 'establishment')",07703
Inmobiliaria Santa Eugenia Propiedades,"Carrer de Font i Vidal, 13, 07703 Maó, Illes Balears, España",+34 620 03 74 35,,4.0,1.0,en,Google reviews: 4* / 1,OPERATIONAL,"('real_estate_agency', 'point_of_interest', 'establishment')",07703
J'achète en Espagne - Minorque,,+34 650 64 86 42,https://jacheteenespagne.com/immobilier-minorque/,5.0,56.0,fr,Google reviews: 5* / 56,OPERATIONAL,"('real_estate_agency', 'finance', 'general_contractor', 'consultant', 'establishment')",
Realcare Villa Services,"Carrer d'Artrutx, 10, G, 07714 Maó, Illes Balears, España",+34 971 36 96 17,,5.0,3.0,es,Google reviews: 5* / 3,OPERATIONAL,"('real_estate_agency', 'point_of_interest', 'establishment')",07714
Santa Eugenia Propiedades,"Carrer d'Alaior, 8, 07703 Maó, Illes Balears, España",+34 620 03 74 35,,,,es,Google reviews: * / None,OPERATIONAL,"('real_estate_agency', 'point_of_interest', 'establishment')",07703
3Villas inmobiliaria,"Carrer de Hannover, 43, 07703 Maó, Illes Balears, España",,https://www.3villas.es/,,,es,Google reviews: * / None,OPERATIONAL,"('real_estate_agency', 'point_of_interest', 'establishment')",07703
MyM Inmobiliarias de Menorca ,"Carrer de Sant Joan Bosco, 33, 07760 Ciutadella de Menorca, Illes Balears, España",+34 656 36 83 30,http://www.inmomenorca.net/%20%20%20%7C%20https://reformasamjmenorca.com/,4.4,8.0,es,Google reviews: 4.4* / 8,OPERATIONAL,"('real_estate_agency', 'point_of_interest', 'establishment')",07760
Fincas Sunshine ,"Via de Ronda de S'estancia, 10, 07740 Es Mercadal, Illes Balears, España",+34 971 15 44 17,http://www.fincas-sunshine.com/,4.7,59.0,es,Google reviews: 4.7* / 59,OPERATIONAL,"('real_estate_agency', 'point_of_interest', 'establishment')",07740
Inmo Menorca Centro,"Avinguda de Jaume I el Conqueridor, 13, 07760 Ciutadella de Menorca, Illes Balears, España",+34 675 41 30 75,http://inmomenorcacentro.com/,4.9,180.0,es,Google reviews: 4.9* / 180,OPERATIONAL,"('real_estate_agency', 'point_of_interest', 'establishment')",07760
Fincas Menorca,"Carrer Nou, 14, 07701 Maó, Illes Balears, España",+34 971 35 04 05,http://www.fincasmenorca.com/,,,es,Google reviews: * / None,OPERATIONAL,"('real_estate_agency', 'point_of_interest', 'establishment')",07701
"PIMAR BUILDING, S.L.","Pl. de España, 9 A, 07701 Maó-Mahón, Illes Balears, España",+34 971 36 49 72,,,,es,Google reviews: * / None,OPERATIONAL,"('real_estate_agency', 'point_of_interest', 'establishment')",07701
Comosa,"Carrer d'Artrutx, 10, Poima, 07714 Maó-Mahón, Illes Balears, España",+34 971 35 33 19,,,,es,Google reviews: * / None,OPERATIONAL,"('real_estate_agency', 'point_of_interest', 'establishment')",07714
Boxinfiniti Trasters En Lloguer,"Carrer d'Artrutx, 20, 07714 Maó, Illes Balears, España",+34 902 00 27 25,,,,es,Google reviews: * / None,OPERATIONAL,"('real_estate_agency', 'point_of_interest', 'establishment')",07714
Residencial Es Caló Blanc,"Carrer d'Isabel II, 5, 07701 Maó, Illes Balears, España",+34 629 72 01 20,,,,es,Google reviews: * / None,OPERATIONAL,"('real_estate_agency', 'point_of_interest', 'establishment')",07701
Inmosoller,"Camí des Murterar, S/N, 07100, Illes Balears, España",+34 646 36 85 26,https://www.inmosoller.com/,5.0,40.0,es,Google reviews: 5* / 40,OPERATIONAL,"('real_estate_agency', 'lodging', 'finance', 'consultant', 'point_of_interest', 'establishment')",07100
Inmobiliària Hàbitat Sóller,"Plaça d'Espanya, 12, 07100 Sóller, Illes Balears, España",+34 679 35 58 11,http://www.habitatsoller.es/,4.9,28.0,es,Google reviews: 4.9* / 28,OPERATIONAL,"('real_estate_agency', 'point_of_interest', 'establishment')",07100
Mallorca Dream Homes,"Ctra. de Desviament, 62, 07100 Sóller, Illes Balears, España",+34 971 63 49 18,http://www.mallorca-dreamhomes.com/,4.4,67.0,es,Google reviews: 4.4* / 67,OPERATIONAL,"('real_estate_agency', 'point_of_interest', 'establishment')",07100
Xisca Coll Immobiliària,"Carrer de la Rectoria, 13, 07100 Sóller, Illes Balears, España",+34 971 63 39 01,http://www.xiscacoll.com/,4.9,14.0,es,Google reviews: 4.9* / 14,OPERATIONAL,"('real_estate_agency', 'point_of_interest', 'establishment')",07100
Living Blue Mallorca  ( 07108 ),"Passeig Es Traves, 25, 07108 Port de Sóller, Illes Balears, España",+34 871 00 05 00,https://www.livingblue-mallorca.com/,5.0,86.0,es,Google reviews: 5* / 86,OPERATIONAL,"('real_estate_agency', 'consultant', 'point_of_interest', 'establishment')",07108
Enseñat immobiliària,"Carrer de Bauçà, 5A, 07100 Sóller, Illes Balears, España",+34 971 63 03 98,https://ensenatinmobiliaria.com/,5.0,11.0,es,Google reviews: 5* / 11,OPERATIONAL,"('real_estate_agency', 'point_of_interest', 'establishment')",07100
Esther Guesdon Inmobiliaria,"Carrer de Sant Joan, 4A, 07100 Sóller, Illes Balears, España",+34 680 43 48 87,http://www.guesdoninmobiliaria.com/,5.0,11.0,es,Google reviews: 5* / 11,OPERATIONAL,"('real_estate_agency', 'point_of_interest', 'establishment')",07100
Sóller Studio Real Estate,"Carrer de la Rectoria, 3, 07100 Sóller, Illes Balears, España",+34 871 87 21 05,http://www.sollerstudio.com/,4.8,36.0,es,Google reviews: 4.8* / 36,OPERATIONAL,"('real_estate_agency', 'point_of_interest', 'establishment')",07100
Cabot Immobiliària,"Plaça d'Espanya, 2, 07100 Sóller, Illes Balears, España",+34 971 63 38 43,http://www.inmocabot.com/,5.0,1.0,es,Google reviews: 5* / 1,OPERATIONAL,"('real_estate_agency', 'lawyer', 'consultant', 'point_of_interest', 'establishment')",07100
Berkshire Hathaway HomeServices Nova Mallorca ( 07100 ),"Av. de Cristòfol Colom, 2, 07100 Sóller, Illes Balears, España",+34 971 63 87 85,https://www.bhhsmallorca.com/,5.0,3.0,es,Google reviews: 5* / 3,OPERATIONAL,"('real_estate_agency', 'point_of_interest', 'establishment')",07100
IMMOBILIÀRIA SÓLLER HOMES,"18 de noviembre, 2005, 01, 07100 Sóller, Illes Balears, España",+34 616 80 75 92,http://www.sollerhomes.com/,4.2,13.0,es,Google reviews: 4.2* / 13,OPERATIONAL,"('real_estate_agency', 'point_of_interest', 'establishment')",07100
Engel & Völkers Sóller,"Carrer de Bauçà, 4, 07100 Sóller, Illes Balears, España",+34 971 63 30 63,https://www.engelvoelkers.com/majorca/soller/,4.8,17.0,es,Google reviews: 4.8* / 17,OPERATIONAL,"('real_estate_agency', 'consultant', 'point_of_interest', 'finance', 'establishment')",07100
Inmovisual Mallorca,"Camí Pujol d'en Banya, 2, 07100 Sóller, Illes Balears, España",+49 160 97606533,https://inmovisual-mallorca.com/,5.0,5.0,es,Google reviews: 5* / 5,OPERATIONAL,"('real_estate_agency', 'point_of_interest', 'establishment')",07100
Axana Vasquez ,,+34 645 18 50 76,https://www.safti.es/tu-asesor-safti/axana-vasquez-martinez,5.0,2.0,es,Google reviews: 5* / 2,OPERATIONAL,"('real_estate_agency', 'establishment')",
Agencia MALLORCA SWEET HOME,"Carrer de Pons, 18, 07100 Sóller, Illes Balears, España",+34 649 30 53 48,,,,es,Google reviews: * / None,OPERATIONAL,"('real_estate_agency', 'point_of_interest', 'establishment')",07100
Cases de Sóller S.L,"Carrer de sa Romaguera, 30, 07100 Sóller, Illes Balears, España",+34 971 63 15 71,http://casesdesoller.com/,5.0,1.0,es,Google reviews: 5* / 1,OPERATIONAL,"('real_estate_agency', 'point_of_interest', 'establishment')",07100
Charles Marlow,"Carrer Arxiduc Luís Salvador, 2A, 07179 Deià, Illes Balears, España",+34 971 63 64 27,https://www.charlesmarlow.com/,4.9,74.0,en,Google reviews: 4.9* / 74,OPERATIONAL,"('real_estate_agency', 'point_of_interest', 'establishment')",07179
Morey Inmobiliaria,"Carrer de la Venerable Sor Aina, 8, 07170 Valldemossa, Illes Balears, España",+34 639 49 30 31,http://www.moreyinmobiliaria.com/,4.8,38.0,es,Google reviews: 4.8* / 38,OPERATIONAL,"('real_estate_agency', 'point_of_interest', 'establishment')",07170
First Mallorca Sóller,"Av. de Jeroni Estades, 6, 07100 Sóller, Illes Balears, España",+34 871 59 04 54,https://www.firstmallorca.com/en/sales/soller-properties,,,en,Google reviews: * / None,OPERATIONAL,"('real_estate_agency', 'consultant', 'point_of_interest', 'establishment')",07100
Sampol Riera S A,"Camino Cala, 9, 07179 Deià, Illes Balears, España",+34 971 63 66 22,,5.0,1.0,es,Google reviews: 5* / 1,OPERATIONAL,"('real_estate_agency', 'point_of_interest', 'establishment')",07179
Marandvillas Holiday Homes,"Plaça de sa Constitució, 3, 1º A, 07100 Sóller, Illes Balears, España",+34 616 15 91 55,http://www.marandvillas.com/,3.8,10.0,es,Google reviews: 3.8* / 10,OPERATIONAL,"('real_estate_agency', 'point_of_interest', 'establishment')",07100
Sóller Properties,,+34 871 15 36 66,https://www.soller-properties.com/,4.0,2.0,es,Google reviews: 4* / 2,OPERATIONAL,"('real_estate_agency', 'establishment')",
Es Llorer,"Cami de sa Cala, 8, 07179 Cala, Illes Balears, España",+34 600 71 79 96,,5.0,3.0,ca,Google reviews: 5* / 3,OPERATIONAL,"('real_estate_agency', 'consultant', 'point_of_interest', 'establishment')",07179
PETIT DEIÀ,"Sa Vinya des Molí, Carrer Es Clot, 45, 07179 Deià, Illes Balears, España",+34 691 42 26 88,https://petitdeiamallorca.com/,5.0,3.0,es,Google reviews: 5* / 3,OPERATIONAL,"('real_estate_agency', 'point_of_interest', 'establishment')",07179
Nd Gestión Inmobiliaria,"07141 Es Pont d'Inca, Illes Balears, España",+34 971 92 74 63,,3.9,8.0,es,Google reviews: 3.9* / 8,OPERATIONAL,"('real_estate_agency', 'point_of_interest', 'establishment')",07141
NOU PORTAL,"07680 Porto Cristo, Illes Balears, España",+34 692 60 13 44,http://www.nouportal.com/,3.0,8.0,ca,Google reviews: 3* / 8,OPERATIONAL,"('real_estate_agency', 'point_of_interest', 'establishment')",07680
KENSINGTON Finest Properties International  ( 07180 ),"Avinguda del Rei Jaume I, 109, local 2, 07180 Santa Ponça, Illes Balears, España",+34 971 69 04 21,https://kensington-santaponsa.com/,3.9,26.0,es,Google reviews: 3.9* / 26,OPERATIONAL,"('real_estate_agency', 'point_of_interest', 'establishment')",07180
Marietta Homes,,+34 660 18 42 73,http://www.mariettahomes.es/,5.0,15.0,es,Google reviews: 5* / 15,OPERATIONAL,"('real_estate_agency', 'establishment')",
Inmobiliaria Inca ,"Av. Jaume I, 37, A, 07300 Inca, Illes Balears, España",+34 871 91 91 92,http://www.a8inmobiliaria.com/,4.6,325.0,es,Google reviews: 4.6* / 325,OPERATIONAL,"('real_estate_agency', 'lawyer', 'consultant', 'point_of_interest', 'establishment')",07300
Villas y Fincas Mallorca,"Carrer Joan March, 2, 07640 Ses Salines, Illes Balears, España",+34 971 64 17 58,http://www.villasyfincasmallorca.com/,3.5,24.0,es,Google reviews: 3.5* / 24,OPERATIONAL,"('real_estate_agency', 'point_of_interest', 'establishment')",07640
Mallorca Dream ,"Ronda Oeste, 40, 07680 Porto Cristo, Illes Balears, España",+34 606 34 70 74,http://www.mallorca-dream.eu/,4.0,27.0,de,Google reviews: 4* / 27,OPERATIONAL,"('real_estate_agency', 'point_of_interest', 'establishment')",07680
DomoPlan,"Carrer de l'Omeladès, 1, local 4, Centre, 07012 Palma, Illes Balears, España",+34 971 22 80 34,http://www.domo-plan.com/,3.4,5.0,es,Google reviews: 3.4* / 5,OPERATIONAL,"('real_estate_agency', 'point_of_interest', 'establishment')",07012
Gran Muleta,"Lugar, 1, 07108 Sóller, Illes Balears, España",+34 971 63 08 41,,,,es,Google reviews: * / None,OPERATIONAL,"('real_estate_agency', 'point_of_interest', 'establishment')",07108
Prialtum Real Estate,"07110 Buñola, Illes Balears, España",+34 644 76 17 02,http://www.prialtum.com/,5.0,56.0,es,Google reviews: 5* / 56,OPERATIONAL,"('real_estate_agency', 'point_of_interest', 'establishment')",07110
Inmobiliaria Fernando Dameto,"Costa de s'Estació, 2, 07110 Bunyola, Illes Balears, España",+34 971 61 54 24,https://www.fernandodameto.com/,3.3,12.0,es,Google reviews: 3.3* / 12,OPERATIONAL,"('real_estate_agency', 'point_of_interest', 'establishment')",07110
inmobiliaria alvarez gomez,"Carrer Llarg, 76, 07320 Santa Maria del Camí, Illes Balears, España",+34 609 68 64 00,http://www.inmobiliariaalvarezgomez.es/,4.3,3.0,es,Google reviews: 4.3* / 3,OPERATIONAL,"('real_estate_agency', 'point_of_interest', 'establishment')",07320
INMOTARDOR Inmobiliaria social,"Carrer Celleters, 33, 07141 Marratxí, Illes Balears, España",+34 622 00 61 63,,5.0,16.0,es,Google reviews: 5* / 16,OPERATIONAL,"('real_estate_agency', 'point_of_interest', 'establishment')",07141
Jaume Alorda,"Carrer de l'Església, 23, 07140 Sencelles, Illes Balears, España",+34 696 96 10 12,https://www.jalorda.com/,4.2,5.0,ca,Google reviews: 4.2* / 5,OPERATIONAL,"('real_estate_agency', 'insurance_agency', 'point_of_interest', 'establishment')",07140
Vivomallorca,"Carrer des Bons Aires, 42, 07140 Sencelles, Illes Balears, España",+34 630 23 30 99,http://www.vivomallorca.net/,5.0,1.0,es,Google reviews: 5* / 1,OPERATIONAL,"('real_estate_agency', 'point_of_interest', 'establishment')",07140
INMOBILIARIA LLABRÉS,"Carrer de Costa i Llobera, 07300 Inca, Illes Balears, España",+34 971 50 99 99,http://www.inmollabres.com/,4.4,29.0,es,Google reviews: 4.4* / 29,OPERATIONAL,"('real_estate_agency', 'consultant', 'point_of_interest', 'establishment')",07300
REMAX Better Life ,"Carrer de, Carrer Joan d'Austria, 34, 07300 Inca, Illes Balears, España",+34 871 04 21 10,http://betterliferemax.es/,4.7,63.0,ca,Google reviews: 4.7* / 63,OPERATIONAL,"('real_estate_agency', 'point_of_interest', 'establishment')",07300
Dray and Partners Mallorca,"Camí de Pedaç, 55, 07350 Binissalem, Illes Balears, España",+34 658 93 17 05,https://draypartners.com/?utm_source=gmb&utm_medium=lien&utm_campaign=fichegmb,4.5,63.0,es,Google reviews: 4.5* / 63,OPERATIONAL,"('real_estate_agency', 'consultant', 'point_of_interest', 'establishment')",07350
Inmobiliaria King,"Camí Coma, 18, 07350 Binissalem, Illes Balears, España",+34 971 52 00 22,http://inmobiliariaking.com/,4.5,34.0,es,Google reviews: 4.5* / 34,OPERATIONAL,"('real_estate_agency', 'point_of_interest', 'establishment')",07350
Gestoria Valles,"Carrer Anselm Turmeda, 16, 07350 Binissalem, Illes Balears, España",+34 971 87 02 86,,,,en,Google reviews: * / None,OPERATIONAL,"('real_estate_agency', 'point_of_interest', 'establishment')",07350
Mallorca Property Guru,"Carrer de la Pau, 7, 07350 Binissalem, Illes Balears, España",+34 667 51 51 85,http://www.mallorcaguru.es/,4.8,4.0,en,Google reviews: 4.8* / 4,OPERATIONAL,"('real_estate_agency', 'point_of_interest', 'establishment')",07350
AGENTEINMOBILIARIO REMAX JAHDER,"07003 Mallorca, Balearic Islands, España",+34 722 63 17 28,https://www.remax.es/buscador-de-agentes/baleares-islas-baleares/sa-pobla/todos/jahder-roberto-rodriguez-jimenez-30432/,,,es,Google reviews: * / None,OPERATIONAL,"('real_estate_agency', 'point_of_interest', 'establishment')",07003
Abi 4 Consultors,"Carrer de ses Germanies, 16, 07350 Binissalem, Illes Balears, España",+34 971 51 23 22,https://www.abi4.net/es/,4.7,34.0,es,Google reviews: 4.7* / 34,OPERATIONAL,"('real_estate_agency', 'point_of_interest', 'establishment')",07350
Nou espai Inmobiliaria,"C/ de Sant Miquel, 2, 07300 Inca, Illes Balears, España",+34 659 76 42 74,http://www.nouespaiinmobiliaria.com/,3.5,14.0,es,Google reviews: 3.5* / 14,OPERATIONAL,"('real_estate_agency', 'consultant', 'point_of_interest', 'establishment')",07300
GestPropiedad Inca,"Calle del Gral. Luque, 442, Local 1, 07300 Inca, Illes Balears, España",+34 600 88 63 84,https://gestpropiedad.com/,4.8,66.0,es,Google reviews: 4.8* / 66,OPERATIONAL,"('real_estate_agency', 'point_of_interest', 'establishment')",07300
ADGESTINMO,"B-24, 07140 Cas Canar, Illes Balears, España",+34 602 21 50 84,,,,es,Google reviews: * / None,OPERATIONAL,"('real_estate_agency', 'point_of_interest', 'establishment')",07140
Inmobiliaria IB Inca Mallorca,"Carrer Quarter, 3, 07300 Inca, Illes Balears, España",+34 633 41 08 47,,1.0,1.0,es,Google reviews: 1* / 1,OPERATIONAL,"('real_estate_agency', 'point_of_interest', 'establishment')",07300
AmorProperty,"Carrer d'Anselm Turmeda, 07300 Inca, Illes Balears, España",+34 611 73 89 32,,5.0,1.0,en,Google reviews: 5* / 1,OPERATIONAL,"('real_estate_agency', 'point_of_interest', 'establishment')",07300
ECOMOLINS,"Carrer Ponent, 10, 07144 Costitx, Illes Balears, España",+34 627 00 42 10,,,,es,Google reviews: * / None,OPERATIONAL,"('real_estate_agency', 'point_of_interest', 'establishment')",07144
Berendsen,"Carrer de sa Quartera, Plaça, nº 1, 07350 Binissalem, Illes Balears, España",+34 871 85 87 24,http://www.berendsen-realestate.com/,4.3,8.0,es,Google reviews: 4.3* / 8,OPERATIONAL,"('real_estate_agency', 'point_of_interest', 'establishment')",07350
VILLA CAN BERRUBI,"07300 Inca, Illes Balears, España",+34 663 48 23 76,,,,es,Google reviews: * / None,OPERATIONAL,"('real_estate_agency', 'point_of_interest', 'establishment')",07300
GabyLoyam Inmobiliaria,"Carrer Joan d'Austria, 39, 07300 Inca, Illes Balears, España",+34 971 50 72 99,http://www.gabyloyam.com/,3.2,14.0,es,Google reviews: 3.2* / 14,OPERATIONAL,"('real_estate_agency', 'point_of_interest', 'establishment')",07300
Pollença Alcúdia Sa,"Carrer dels Menestrals, 5, 07300 Inca, Illes Balears, España",+34 971 88 84 00,,5.0,4.0,ca,Google reviews: 5* / 4,OPERATIONAL,"('real_estate_agency', 'point_of_interest', 'establishment')",07300
HSM profesionales in Mallorca,"Carrer del General Weyler, 29, 1º, 07300 Inca, Illes Balears, España",+34 971 50 39 36,http://homestagingmallorca.es/,4.0,1.0,es,Google reviews: 4* / 1,OPERATIONAL,"('real_estate_agency', 'point_of_interest', 'establishment')",07300
INMODIGITAL21,"Gran Via Colom, 199, 07300 Inca, Illes Balears, España",+34 657 87 10 13,,5.0,1.0,es,Google reviews: 5* / 1,OPERATIONAL,"('real_estate_agency', 'point_of_interest', 'establishment')",07300
Charming House Booking S.L,"Carrer de sa Portallada, núm 16, Bajos, 07144 Costitx, Illes Balears, España",+34 971 89 18 26,http://www.charminghousemallorca.es/,4.2,59.0,es,Google reviews: 4.2* / 59,OPERATIONAL,"('real_estate_agency', 'insurance_agency', 'lodging', 'finance', 'point_of_interest', 'establishment')",07144
Risc Broker,"Camí de s'Aigua, 101, 07350 Binissalem, Illes Balears, España",+34 871 91 29 12,https://riscbroker.com/,,,es,Google reviews: * / None,OPERATIONAL,"('real_estate_agency', 'point_of_interest', 'establishment')",07350
Real Estate Tina Stanciu,,+34 665 13 71 78,https://tinaelenastanciu.century21.es/,,,es,Google reviews: * / None,OPERATIONAL,"('real_estate_agency', 'establishment')",
Exvalia,"Carrer del General Weyler, 134, 07300 Inca, Illes Balears, España",+34 622 37 50 96,https://www.exvalia.com/,,,fr,Google reviews: * / None,OPERATIONAL,"('real_estate_agency', 'point_of_interest', 'establishment')",07300
Percoll Baleares Sl,"Ctra. Palma Alcúdia, 95, 07300 Inca, Illes Balears, España",+34 971 50 08 86,,,,es,Google reviews: * / None,OPERATIONAL,"('real_estate_agency', 'point_of_interest', 'establishment')",07300
MPS Estate Palma de Mallorca,"C/San Creu, 3, 07350 Binissalem, Illes Balears, España",+34 658 71 57 37,,,,es,Google reviews: * / None,OPERATIONAL,"('real_estate_agency', 'point_of_interest', 'establishment')",07350
Cas Julians - The Old Cottage,"Carrer Ruberts, 07511 Ruberts, Illes Balears, España",+34 643 36 90 58,https://www.fincasgloria.com/cas-julians,4.2,11.0,es,Google reviews: 4.2* / 11,OPERATIONAL,"('real_estate_agency', 'lodging', 'point_of_interest', 'establishment')",07511
Realty Mallorca,"Carrer Son Net, 6A, 07300 Inca, Illes Balears, España",+34 971 70 70 39,,,,en,Google reviews: * / None,OPERATIONAL,"('real_estate_agency', 'point_of_interest', 'establishment')",07300
Nappo Real Estate I Inmobiliaria en Mallorca y Madrid I Oficina Marratxí,"Camí de la Cabana, 40, 07141 Marratxinet, Illes Balears, España",+34 971 37 08 46,https://www.napporealestate.com/,4.6,9.0,es,Google reviews: 4.6* / 9,OPERATIONAL,"('real_estate_agency', 'point_of_interest', 'establishment')",07141
RE/MAX DEL MAR Centro de Negocios Inmobiliarios,"Camí de la Cabana, 67, Local 1, 07141 Marratxí, Illes Balears, España",+34 674 85 16 48,https://www.delmar.remax.es/,5.0,29.0,es,Google reviews: 5* / 29,OPERATIONAL,"('real_estate_agency', 'point_of_interest', 'establishment')",07141
Agencia Inmobiliaria Llobera,"D'es Canyar, 9, bajos, Cas Miot, 07141 Marratxí, Illes Balears, España",+34 610 65 18 22,,1.0,6.0,es,Google reviews: 1* / 6,OPERATIONAL,"('real_estate_agency', 'point_of_interest', 'establishment')",07141
Prestige Spain Real Estate,"Carrer Licorers, 2B, 07141 Marratxinet, Illes Balears, España",+34 656 97 27 19,https://www.prestigespain.com/,,,es,Google reviews: * / None,OPERATIONAL,"('real_estate_agency', 'point_of_interest', 'establishment')",07141
PRIMASA (nave 4 B),"Carrer Teixidors (nave 4 B), Marratxí, Illes Balears, 07141 Marratxí, Illes Balears, España",+34 971 73 10 46,http://www.primasa.es/,3.0,1.0,en,Google reviews: 3* / 1,OPERATIONAL,"('real_estate_agency', 'point_of_interest', 'establishment')",07141
Santsan Promocions S L,"Carrer Can Barrera, 26, 07141 Marratxí, Illes Balears, España",+34 665 91 74 72,,4.0,1.0,es,Google reviews: 4* / 1,OPERATIONAL,"('real_estate_agency', 'point_of_interest', 'general_contractor', 'establishment')",07141
Arquitecnova properties,"Carrer dels Hostals, Nº2, 07141 Es Pont d'Inca, Illes Balears, España",+34 871 03 00 09,,5.0,1.0,es,Google reviews: 5* / 1,OPERATIONAL,"('real_estate_agency', 'point_of_interest', 'establishment')",07141
Ucc,"Carrer son Caulelles, 4, 07141 Marratxinet, Illes Balears, España",+34 672 40 37 37,https://www.uccsl.es/,,,en,Google reviews: * / None,OPERATIONAL,"('real_estate_agency', 'point_of_interest', 'establishment')",07141
Inversora De Viviendas Sub S A,"Camí de la Cabana, 12, 07141 Marratxí, Illes Balears, España",+34 971 79 52 65,,,,es,Google reviews: * / None,OPERATIONAL,"('real_estate_agency', 'point_of_interest', 'establishment')",07141
Del Mar Real Estate,,+34 650 01 87 15,,,,es,Google reviews: * / None,OPERATIONAL,"('real_estate_agency', 'establishment')",
RE/MAX Calm Inmobiliaria Mallorca,"Carrer d'Alcúdia, 2, 07460 Pollença, Illes Balears, España",+34 971 53 63 35,https://remax-calm.es/,4.9,65.0,ca,Google reviews: 4.9* / 65,OPERATIONAL,"('real_estate_agency', 'point_of_interest', 'establishment')",07460
REMAX Aura inmobiliaria Mallorca,"Carrer d'Antoni Blanes Joan, 17, 07570 Artà, Illes Balears, España",+34 636 82 64 61,http://aura.remax.es/,4.9,29.0,es,Google reviews: 4.9* / 29,OPERATIONAL,"('real_estate_agency', 'point_of_interest', 'establishment')",07570
Inmobiliaria RED Premium Real Estate  ( 07650 ),"Carrer d'en Sebastia Vila, 07650 Santanyí, Illes Balears, España",+34 971 88 80 18,https://www.redpremium.es/,5.0,2.0,es,Google reviews: 5* / 2,OPERATIONAL,"('real_estate_agency', 'point_of_interest', 'establishment')",07650
RE/MAX Island,"Carrer Menorca, 20, 07011 Palma, Illes Balears, España",+34 871 59 18 63,http://www.remaxisland.es/,4.6,50.0,en,Google reviews: 4.6* / 50,OPERATIONAL,"('real_estate_agency', 'point_of_interest', 'establishment')",07011
IISABODEGA,"Plaça Nova, 5e, 07320 Santa Maria del Camí, Illes Balears, España",+34 674 35 43 30,http://inmosabodega.com/,,,es,Google reviews: * / None,OPERATIONAL,"('real_estate_agency', 'point_of_interest', 'establishment')",07320
KUNZE & PARTNER Immobilien auf ganz Mallorca,"Av. de Jaume III, 8, 2, Centre, 07012 Palma, Illes Balears, España",+34 871 00 38 09,https://www.kunze-partner.com/,5.0,9.0,es,Google reviews: 5* / 9,OPERATIONAL,"('real_estate_agency', 'point_of_interest', 'establishment')",07012
Martin & Huhn Mallorca Real Estate,"Carrer son Esteva, 5, Local 1, 07150 Andratx, Illes Balears, España",+34 971 33 79 41,http://www.martinhuhn.com/,4.8,86.0,es,Google reviews: 4.8* / 86,OPERATIONAL,"('real_estate_agency', 'point_of_interest', 'establishment')",07150
F. Alemany,"Plaça España, 1, local 1, 07150 Andratx, Illes Balears, España",+34 971 67 21 06,http://www.inmobiliaria-alemany.es/,4.5,16.0,es,Google reviews: 4.5* / 16,OPERATIONAL,"('real_estate_agency', 'point_of_interest', 'establishment')",07150
My Blue Mallorca ,"Coworking Offices, Carrer Brismar, 6, 07157 Port d'Andratx, Illes Balears, España",+34 639 52 08 96,https://mybluemallorca.com/,4.9,18.0,es,Google reviews: 4.9* / 18,OPERATIONAL,"('real_estate_agency', 'point_of_interest', 'establishment')",07157
Terra Balear,"Cami de sa Fona Font d'en Xina 10, 07150 Andratx, Illes Balears, España",+34 660 09 78 92,https://www.terrabalear.com/,,,de,Google reviews: * / None,OPERATIONAL,"('real_estate_agency', 'point_of_interest', 'establishment')",07150
InmoPort - Andratx,,+34 607 44 24 96,,5.0,9.0,es,Google reviews: 5* / 9,OPERATIONAL,"('real_estate_agency', 'establishment')",
Lietz Immobilien SL,"Carrer de Isaac Peral, 50, 07157 Port d'Andratx, Illes Balears, España",+34 971 67 13 42,https://www.lietzmallorca.com/,4.7,53.0,es,Google reviews: 4.7* / 53,OPERATIONAL,"('real_estate_agency', 'point_of_interest', 'establishment')",07157
PHOENIX MALLORCA,"Avinguda de Sa Platja, 2, Local 3, 07160 Es Camp de Mar, Illes Balears, España",+34 628 77 11 84,http://www.phoenixmallorca.com/,5.0,18.0,es,Google reviews: 5* / 18,OPERATIONAL,"('real_estate_agency', 'point_of_interest', 'establishment')",07160
Ona-Real,"Carrer Pere Seriol, 28, 07150 Andratx, Illes Balears, España",+34 608 83 00 40,,,,en,Google reviews: * / None,OPERATIONAL,"('real_estate_agency', 'point_of_interest', 'establishment')",07150
Mallorca Top 10 Properties S.L.,"Ctra. des Port, 147, 07157 Port d'Andratx, Illes Balears, España",+34 971 23 87 06,http://www.mallorcatop10.com/,4.2,5.0,es,Google reviews: 4.2* / 5,OPERATIONAL,"('real_estate_agency', 'point_of_interest', 'establishment')",07157
INMOBILIARIA ANDREU FELIPE,"Carrer de sa Fábrica, 12, 07157 Port d'Andratx, Illes Balears, España",+34 971 67 15 92,http://www.andreufelipe.com/,4.4,31.0,es,Google reviews: 4.4* / 31,OPERATIONAL,"('real_estate_agency', 'point_of_interest', 'establishment')",07157
luxusimmomallorca.com,"Cami des Comellar, 7, 07157 Port d'Andratx, Illes Balears, España",+34 633 87 87 74,http://www.luxusimmomallorca.com/,5.0,3.0,de,Google reviews: 5* / 3,OPERATIONAL,"('real_estate_agency', 'consultant', 'point_of_interest', 'establishment')",07157
APART BALEAR ,"Cami des Comellar, 07157 Port d'Andratx, Illes Balears, España",+34 617 63 64 26,http://www.apartbalear.com/,4.9,12.0,de,Google reviews: 4.9* / 12,OPERATIONAL,"('real_estate_agency', 'point_of_interest', 'establishment')",07157
ONLY MALLORCA™ ,"Carrer Cristófol Colom, 3, 07157 Port d'Andratx, Illes Balears, España",+34 690 61 64 25,http://www.onlymallorca.com/,5.0,4.0,en,Google reviews: 5* / 4,OPERATIONAL,"('real_estate_agency', 'point_of_interest', 'establishment')",07157
Inmobiliaria Ericsus & Falk,"Carrer de la Talaia, 1, 07160 Peguera, Illes Balears, España",+34 971 68 66 17,http://www.ericsusandfalk.com/,4.4,31.0,es,Google reviews: 4.4* / 31,OPERATIONAL,"('real_estate_agency', 'point_of_interest', 'finance', 'establishment')",07160
Mallorca Development S A,"Camino Guixeria, 5, 07150 Andratx, Illes Balears, España",+34 971 13 77 59,,5.0,1.0,es,Google reviews: 5* / 1,OPERATIONAL,"('real_estate_agency', 'point_of_interest', 'establishment')",07150
DAHLER Mallorca Puerto de Andratx,"Av. Mateo Bosch, 16, 07157 Port d'Andratx, Illes Balears, España",+34 971 67 20 20,https://www.dahlercompany.com/de/mallorca/immobilienmakler/andratx,4.3,26.0,de,Google reviews: 4.3* / 26,OPERATIONAL,"('real_estate_agency', 'consultant', 'point_of_interest', 'establishment')",07157
Living Feeling Mallorca,"Pl. dels Patrons Cristino, 8A, 07157 Port d'Andratx, Illes Balears, España",+34 634 33 10 06,http://www.lfmallorca.com/,5.0,10.0,de,Google reviews: 5* / 10,OPERATIONAL,"('real_estate_agency', 'point_of_interest', 'establishment')",07157
Marlon Keller Luxury Real Estate,"Carrer Naveta, 6, 07160 Andratx, Illes Balears, España",+34 642 19 30 50,https://www.instagram.com/marlon.keller?igsh=M2p3M3BheHd5azJ4&utm_source=qr,,,de,Google reviews: * / None,OPERATIONAL,"('real_estate_agency', 'point_of_interest', 'establishment')",07160
Spain Sotheby's International Realty  ( 07157 ),"Av. Mateo Bosch, 8, 07157 Port d'Andratx, Illes Balears, España",+34 971 67 48 07,https://www.spain-sothebysrealty.com/,5.0,2.0,de,Google reviews: 5* / 2,OPERATIONAL,"('real_estate_agency', 'consultant', 'point_of_interest', 'finance', 'establishment')",07157
Green Point Commercial Property,"Carrer de sa Constitució, 18, 07150 Andratx, Illes Balears, España",+34 618 72 45 14,http://www.greenpointcp.com/,5.0,1.0,en,Google reviews: 5* / 1,OPERATIONAL,"('real_estate_agency', 'point_of_interest', 'establishment')",07150
Ziob Immobilien & Versicherungen,"Carrer des Peix, 2, 07157 Port d'Andratx, Illes Balears, España",+34 651 86 13 36,http://www.ziob-immobilien.com/,4.9,46.0,es,Google reviews: 4.9* / 46,OPERATIONAL,"('real_estate_agency', 'insurance_agency', 'point_of_interest', 'establishment')",07157
M21 Realty House - Mallorca,"Avinguda de, Av. Mateo Bosch, 7, 07157 Port d'Andratx, Illes Balears, España",+34 687 72 76 28,https://www.m21realtyhouse.com/,,,en,Google reviews: * / None,OPERATIONAL,"('real_estate_agency', 'point_of_interest', 'establishment')",07157
Sunshinehomes Mallorca by Bettina Zeibig,"Bulevar de Peguera, 10, Local 2, 07160 Peguera, Illes Balears, España",+34 635 07 10 57,https://sunshinehomes-mallorca.com/,5.0,2.0,es,Google reviews: 5* / 2,OPERATIONAL,"('real_estate_agency', 'point_of_interest', 'establishment')",07160
Porta Mallorquina Real Estate Puerto Andratx,"Carrer de Isaac Peral, 49, local 3, 07157 Port d'Andratx, Illes Balears, España",+34 971 69 82 42,https://www.porta-mallorquina.de/,5.0,8.0,en,Google reviews: 5* / 8,OPERATIONAL,"('real_estate_agency', 'point_of_interest', 'establishment')",07157
Fara Homes SL,"Carrer Cristófol Colom, 1, 07157 Port d'Andratx, Illes Balears, España",+34 971 67 24 55,http://www.fara-homes.com/,5.0,13.0,de,Google reviews: 5* / 13,OPERATIONAL,"('real_estate_agency', 'point_of_interest', 'establishment')",07157
Engel & Völkers Port Andratx,"Carrer de Isaac Peral, 50, 07157 Port d'Andratx, Illes Balears, España",+34 971 67 47 80,https://www.engelvoelkers.com/es/en/shops/puerto-andratx,4.7,31.0,de,Google reviews: 4.7* / 31,OPERATIONAL,"('real_estate_agency', 'point_of_interest', 'establishment')",07157
Andratx Property Sales,"Avinguda de Gabriel Roca i Garcías, 14, 07157 Port d'Andratx, Illes Balears, España",+34 971 67 43 84,http://www.andratxpropertysales.com/,,,en,Google reviews: * / None,OPERATIONAL,"('real_estate_agency', 'point_of_interest', 'establishment')",07157
Property Sales Mallorca. Estate Agents.,"Carrer d'Antoni Calafat Toni Pino, 10a, 07157 Port d'Andratx, Illes Balears, España",+34 971 23 65 01,http://www.propertysalesmallorca.com/,,,es,Google reviews: * / None,OPERATIONAL,"('real_estate_agency', 'point_of_interest', 'establishment')",07157
Luxury Estates Mallorca ®  ( 07157 ),"Ctra. des Port, 118, Local 3, 07157 Port d'Andratx, Illes Balears, España",+34 871 52 02 83,https://www.luxury-estates-mallorca.com/,4.5,16.0,de,Google reviews: 4.5* / 16,OPERATIONAL,"('real_estate_agency', 'consultant', 'point_of_interest', 'establishment')",07157
BOHLENS IMMOBILIEN ,"Bulevar de Peguera, 16A, 07160 Peguera, Illes Balears, España",+34 971 68 95 41,https://www.bohlens-immobilien.com/,4.4,15.0,es,Google reviews: 4.4* / 15,OPERATIONAL,"('real_estate_agency', 'point_of_interest', 'establishment')",07160
Mallorca Prime,"Carrer de sa Fábrica, 12A, 07157 Port d'Andratx, Illes Balears, España",+34 971 67 21 63,,,,es,Google reviews: * / None,OPERATIONAL,"('real_estate_agency', 'point_of_interest', 'establishment')",07157
A1 VILLAS MALLORCA,"Farmaceutico Gonzalez, 6, 07157 Puerto de Andratx, Illes Balears, España",+34 971 67 35 13,,1.0,1.0,en,Google reviews: 1* / 1,OPERATIONAL,"('real_estate_agency', 'point_of_interest', 'establishment')",07157
EXKLUSIV KONZEPT ,"Carrer de Isaac Peral, 33, 07157 Port d'Andratx, Illes Balears, España",+34 690 88 11 30,https://www.exklusiv-konzept.com/,4.6,9.0,es,Google reviews: 4.6* / 9,OPERATIONAL,"('real_estate_agency', 'consultant', 'point_of_interest', 'establishment')",07157
S&T Your Personal Real Estate,"Bulevar de Peguera, 10, 07160 Peguera, Illes Balears, España",+34 658 78 63 06,http://st-mallorca.com/,3.7,3.0,en,Google reviews: 3.7* / 3,OPERATIONAL,"('real_estate_agency', 'point_of_interest', 'establishment')",07160
KENSINGTON Finest Properties International  ( 07157 ),"Carrer d'Antoni Calafat Toni Pino, 7, 07157 Port d'Andratx, Illes Balears, España",+34 971 69 89 24,https://kensington-andratx.com/,4.2,5.0,de,Google reviews: 4.2* / 5,OPERATIONAL,"('real_estate_agency', 'point_of_interest', 'establishment')",07157
Global BMA Inmobiliaria & Administración de Fincas,"Av. Mateo Bosch, 7, 1º, 1ª, 07157 Port d’Andratx, Illes Balears, España",+34 871 51 52 75,https://globalbma.com/,,,es,Google reviews: * / None,OPERATIONAL,"('real_estate_agency', 'consultant', 'point_of_interest', 'establishment')",07157
e con Folks Smart Real Estate,"Avinguda de la Curia, 5, 07150 Andratx, Illes Balears, España",+34 678 49 72 28,https://folks-smartrealestate.com/contactar/,,,ca,Google reviews: * / None,OPERATIONAL,"('real_estate_agency', 'point_of_interest', 'establishment')",07150
Mallorca Infinity,"Carrer d'Orient, 1, 07160 Peguera, Illes Balears, España",+34 628 91 89 42,https://mallorca-infinity.com/,5.0,1.0,es,Google reviews: 5* / 1,OPERATIONAL,"('real_estate_agency', 'point_of_interest', 'establishment')",07160
Folks,"Avinguda de la Curia, 5, 07150 Andratx, Illes Balears, España",+34 650 17 58 02,,,,ca,Google reviews: * / None,OPERATIONAL,"('real_estate_agency', 'point_of_interest', 'establishment')",07150
Inmobiliaria Homely Mallorca,"Carrer D’es, Carrer de's Centre, 1, 07183 Costa de la Calma, Illes Balears, España",+34 649 29 92 50,http://www.homelymallorca.com/,4.8,9.0,es,Google reviews: 4.8* / 9,OPERATIONAL,"('real_estate_agency', 'point_of_interest', 'establishment')",07183
Claudia Kuhrau Immobilien,"Carrer Putxet, 29, 07160 Peguera, Illes Balears, España",+34 639 03 55 85,https://claudiakuhrau-immobilien.com/,4.8,24.0,de,Google reviews: 4.8* / 24,OPERATIONAL,"('real_estate_agency', 'point_of_interest', 'establishment')",07160
maxmallorca.com Proyectos & Villas Maximilian SL Port Andratx Real Estate since 1989 Immobilien Makler,"Carrer de Isaac Peral, 67, 07157 Port d'Andratx, Illes Balears, España",+34 971 67 11 15,http://www.maxmallorca.com/,5.0,1.0,es,Google reviews: 5* / 1,OPERATIONAL,"('real_estate_agency', 'point_of_interest', 'establishment')",07157
REMallorca,"Carrer Azcarate, 07157 Port d'Andratx, Illes Balears, España",+34 633 83 21 89,,5.0,1.0,es,Google reviews: 5* / 1,OPERATIONAL,"('real_estate_agency', 'consultant', 'point_of_interest', 'establishment')",07157
InmoNeizan,"Carretera de Cala Fornells, 56, Bl.1- 1B, 07160 Peguera, Illes Balears, España",+34 673 47 76 09,https://inmoneizan.com/,,,es,Google reviews: * / None,OPERATIONAL,"('real_estate_agency', 'point_of_interest', 'establishment')",07160
Orada Villas S.L.,"Carrer Siurell, 29, 07157 Port d'Andratx, Illes Balears, España",+34 971 67 10 66,,4.0,1.0,es,Google reviews: 4* / 1,OPERATIONAL,"('real_estate_agency', 'point_of_interest', 'establishment')",07157
Chezri S L,"Carrer Rossinyol, 9, 07157 Port d'Andratx, Illes Balears, España",+34 971 09 88 29,,4.5,2.0,es,Google reviews: 4.5* / 2,OPERATIONAL,"('real_estate_agency', 'point_of_interest', 'establishment')",07157
Properties & More,"Camí Sant Carles, 1, 07157 Port d'Andratx, Illes Balears, España",+34 971 57 37 75,https://www.propertiesandmore.eu/kontakt,,,en,Google reviews: * / None,OPERATIONAL,"('real_estate_agency', 'point_of_interest', 'establishment')",07157
Real Deal Mallorca Andratx,"Carrer d'Antoni Calafat Toni Pino, 7, 07157 Port d'Andratx, Illes Balears, España",+34 902 01 85 38,,,,nl,Google reviews: * / None,OPERATIONAL,"('real_estate_agency', 'point_of_interest', 'establishment')",07157
Luxproperties SL,"Carrer de Isaac Peral, 36, 07157 Port d'Andratx, Illes Balears, España",+34 630 04 98 09,,,,es,Google reviews: * / None,OPERATIONAL,"('real_estate_agency', 'point_of_interest', 'establishment')",07157
Binder Andratx S L U,"Carrer Miró, 4, 07157 Port d'Andratx, Illes Balears, España",+34 971 23 88 69,,3.0,3.0,es,Google reviews: 3* / 3,OPERATIONAL,"('real_estate_agency', 'point_of_interest', 'establishment')",07157
Best Mallorca Real Estate,"Ctra. Aldea Blanca, 14D, 07157 Andratx, Illes Balears, España",+34 629 14 50 51,,,,es,Google reviews: * / None,OPERATIONAL,"('real_estate_agency', 'point_of_interest', 'establishment')",07157
locations,"Camí Sant Carles, 43, E, 07157 Andratx, Illes Balears, España",+49 800 0200072,,,,de,Google reviews: * / None,OPERATIONAL,"('real_estate_agency', 'point_of_interest', 'establishment')",07157
HARBOUR LOFTS,"07157 Port d’Andratx, Illes Balears, España",,http://harbour-lofts.com/,5.0,2.0,es,Google reviews: 5* / 2,OPERATIONAL,"('real_estate_agency', 'point_of_interest', 'establishment')",07157
Inmobiliaria Espacio,"Carrer Congre, 2, 07157 Port d'Andratx, Illes Balears, España",+34 971 67 19 25,,,,es,Google reviews: * / None,OPERATIONAL,"('real_estate_agency', 'point_of_interest', 'establishment')",07157
POD Palma Object Design,"Carrer Brismar, 13, Local 1, 07157 Port d'Andratx, Illes Balears, España",+34 661 33 03 95,https://palmaobjectdesign.com/,5.0,1.0,de,Google reviews: 5* / 1,OPERATIONAL,"('real_estate_agency', 'consultant', 'point_of_interest', 'establishment')",07157
Mallorca Property Finders,,+34 666 94 38 06,http://mallorcapropertyfinders.com/,5.0,1.0,es,Google reviews: 5* / 1,OPERATIONAL,"('real_estate_agency', 'establishment')",
Private Residences Mallorca,"Pl. dels Patrons Cristino, 8, 07157 Port d'Andratx, Illes Balears, España",+34 971 67 22 16,,1.0,1.0,es,Google reviews: 1* / 1,OPERATIONAL,"('real_estate_agency', 'point_of_interest', 'establishment')",07157
Investa Clasic Plus S L U,"Carrer Congre, 10, 07157 Port d'Andratx, Illes Balears, España",+34 971 67 22 66,,,,es,Google reviews: * / None,OPERATIONAL,"('real_estate_agency', 'point_of_interest', 'establishment')",07157
Luxery Management Leibold,"Mallorca, Carrer de sa Fábrica, 14, 07157 Port d'Andratx, Illes Balears, España",+34 600 92 42 38,http://luxery-management-leibold.com/,,,es,Google reviews: * / None,OPERATIONAL,"('real_estate_agency', 'point_of_interest', 'establishment')",07157
International Mallorca,"Carrer Major, 173, 07620 Llucmajor, Illes Balears, España",+34 971 12 10 09,http://www.international-mallorca.com/,5.0,34.0,es,Google reviews: 5* / 34,OPERATIONAL,"('real_estate_agency', 'consultant', 'point_of_interest', 'general_contractor', 'establishment')",07620
Inmobiliaria Cala Gaviota,"Carrer Estanys, 24, 07638 Colònia de Sant Jordi, Illes Balears, España",+34 971 65 57 22,http://www.calagaviota.com/,4.1,30.0,es,Google reviews: 4.1* / 30,OPERATIONAL,"('real_estate_agency', 'point_of_interest', 'establishment')",07638
Inmobiliaria Llucmajor,"Ronda Carlos V, 56, 07620 Llucmajor, Illes Balears, España",+34 971 66 24 02,http://www.inmollucmajor.com/,4.3,32.0,es,Google reviews: 4.3* / 32,OPERATIONAL,"('real_estate_agency', 'point_of_interest', 'establishment')",07620
INMOBILIARIA ES TRENC,"Plaça Espanya, 49, 07620 Llucmajor, Illes Balears, España",+34 971 66 42 13,http://www.inmobiliariaestrenc.es/,3.1,9.0,es,Google reviews: 3.1* / 9,OPERATIONAL,"('real_estate_agency', 'point_of_interest', 'establishment')",07620
Surmallorca,"Av. de Miramar, 44, 07639 Sa Ràpita, Illes Balears, España",+34 971 64 14 94,http://www.surmallorca.com/,4.4,12.0,es,Google reviews: 4.4* / 12,OPERATIONAL,"('real_estate_agency', 'point_of_interest', 'establishment')",07639
inmobiliaria Ca Na Neus,"Carrer d'es Born, 5, 07620 Llucmajor, Illes Balears, España",+34 971 66 05 77,http://inmobiliariacananeus.es/,4.3,11.0,es,Google reviews: 4.3* / 11,OPERATIONAL,"('real_estate_agency', 'point_of_interest', 'establishment')",07620
PALSmallorca Real Estate Agency,"Passeig de Jaume III, 1, A PLANTA BAJA, 07620 Llucmajor, Illes Balears, España",+34 971 59 61 28,http://www.palsmallorca.com/,4.5,31.0,es,Google reviews: 4.5* / 31,OPERATIONAL,"('real_estate_agency', 'point_of_interest', 'establishment')",07620
Vibon Real Estate,"Ronda de Migjorn, 80, 07620 Llucmajor, Illes Balears, España",+34 644 40 02 63,https://www.vibonrealestate.com/es-es,5.0,1.0,es,Google reviews: 5* / 1,OPERATIONAL,"('real_estate_agency', 'point_of_interest', 'establishment')",07620
Globo21 Exclusive Service Group S.L.,"Camino de Cabo Blanco, Km.7, 07609 Llucmajor, Illes Balears, España",+34 871 20 11 68,https://globo21.com/,5.0,1.0,de,Google reviews: 5* / 1,OPERATIONAL,"('real_estate_agency', 'point_of_interest', 'establishment')",07609
MALLORCA SEA HOMES & PARTNER,"Carrer Major, 28, 07184 Calvià, Illes Balears, España",+34 971 13 80 31,http://www.mallorcaseahomes.com/,5.0,2.0,es,Google reviews: 5* / 2,OPERATIONAL,"('real_estate_agency', 'point_of_interest', 'establishment')",07184
Mallorca Estate Agency,"Ctra. Julià Bujosa Sans Batle, 6, 07184 Calvià, Illes Balears, España",+34 971 61 22 26,http://www.mallorca.agency/,,,es,Google reviews: * / None,OPERATIONAL,"('real_estate_agency', 'point_of_interest', 'establishment')",07184
pura vida estate :: Your trusted Real Estate Agency in Mallorca,"Avinguda del Rei Jaume I, 107, 07180 Santa Ponça, Illes Balears, España",+34 871 77 84 73,https://puravida-estate.com/,5.0,4.0,de,Google reviews: 5* / 4,OPERATIONAL,"('real_estate_agency', 'consultant', 'point_of_interest', 'establishment')",07180
Finest Properties Mallorca S.L.,"Carretera Palma a Andratx, km 18, 07183 Costa de la Calma, Islas Baleares, Illes Balears, España",+34 971 69 81 49,http://www.finestpropertiesmallorca.com/,4.7,23.0,es,Google reviews: 4.7* / 23,OPERATIONAL,"('real_estate_agency', 'point_of_interest', 'establishment')",07183
Mallorca Prime Homes,"Avinguda del Rei Jaume I, 116, Local 3, 07180 Santa Ponça, Illes Balears, España",+34 971 69 21 21,https://www.mallorcaprimehomes.com/,4.0,70.0,es,Google reviews: 4* / 70,OPERATIONAL,"('real_estate_agency', 'point_of_interest', 'establishment')",07180
Immobilienmallorca.com,"Avinguda del Rei Jaume I, 111, 07180 Santa Ponça, Illes Balears, España",+49 1515 3543136,https://www.immobilienmallorca.com/,5.0,39.0,de,Google reviews: 5* / 39,OPERATIONAL,"('real_estate_agency', 'point_of_interest', 'establishment')",07180
Lenssen & Partner Inmobiliaria,"Carrer Huguet des Far, 16, 07183 Santa Ponça, Illes Balears, España",+34 971 67 04 40,http://www.lenssenpartner.com/,4.0,17.0,de,Google reviews: 4* / 17,OPERATIONAL,"('real_estate_agency', 'point_of_interest', 'establishment')",07183
CR&S Baleares SL,"Avinguda del Rei Jaume I, 90, Local 2, 07180 Santa Ponça, Illes Balears, España",+34 971 69 39 67,http://www.crsbaleares.com/,5.0,5.0,en,Google reviews: 5* / 5,OPERATIONAL,"('real_estate_agency', 'lawyer', 'finance', 'consultant', 'point_of_interest', 'establishment')",07180
Engel & Völkers Santa Ponsa,"Gran Via Puig des Castellet, 1, Bloque 1, Local, 2-A, 07180 Santa Ponça, Illes Balears, España",+34 971 69 90 63,https://www.engelvoelkers.com/es/en/shops/santa-ponsa,4.6,34.0,es,Google reviews: 4.6* / 34,OPERATIONAL,"('real_estate_agency', 'consultant', 'point_of_interest', 'establishment')",07180
LOVIAN PROPERTIES S.L.,"Avinguda del Rei Jaume I, 109, D5, 07180 Santa Ponsa, Illes Balears, España",+34 971 69 40 55,https://www.lovianproperties.com/,4.9,10.0,es,Google reviews: 4.9* / 10,OPERATIONAL,"('real_estate_agency', 'general_contractor', 'point_of_interest', 'establishment')",07180
Illa Prunera S L,"Carrer Prunera, 25, 07160 Camp de Mar, Illes Balears, España",+34 971 13 66 88,,,,es,Google reviews: * / None,OPERATIONAL,"('real_estate_agency', 'point_of_interest', 'establishment')",07160
Esmeralda Mallorca Home,"Gran Via del Puig de Teix, 6, local 7, 07180 Santa Ponça, Illes Balears, España",+34 674 30 20 70,https://esmeraldamallorcahome.com/,4.0,4.0,es,Google reviews: 4* / 4,OPERATIONAL,"('real_estate_agency', 'point_of_interest', 'establishment')",07180
"Soluxuslife "" Exclusive Real Estate ""","Carrer de les Malgrats, 5, 07160 Peguera, Illes Balears, España",+34 663 45 03 32,,,,es,Google reviews: * / None,OPERATIONAL,"('real_estate_agency', 'point_of_interest', 'establishment')",07160
Mallorca Dream Living,"Carrer Figueral, 6, 07183 Rotes Velles, Illes Balears, España",+34 646 48 92 51,http://www.mallorca-dream-living.com/,5.0,2.0,de,Google reviews: 5* / 2,OPERATIONAL,"('real_estate_agency', 'point_of_interest', 'establishment')",07183
Dom Mallorca,"Carrer Figueral, 07183 Rotes Velles, Illes Balears, España",+34 646 48 92 51,,,,en,Google reviews: * / None,OPERATIONAL,"('real_estate_agency', 'point_of_interest', 'establishment')",07183
Mallorca10.com,"Carrer de Joan Riutort, 24, 07190 Esporles, Illes Balears, España",+34 661 12 96 06,http://www.mallorca10.com/,5.0,29.0,es,Google reviews: 5* / 29,OPERATIONAL,"('real_estate_agency', 'point_of_interest', 'establishment')",07190
Engel & Völkers Deià ,"Carrer de l'Arxiduc Lluís Salvador, 1, 07179 Deià, Illes Balears, España",+34 971 63 63 63,https://www.engelvoelkers.com/es/en/propertysearch?businessArea[]=residential&currency=EUR&hasSessionBounds=true&measurementSystem=metric&page=1&placeId=ChIJt0bW_7LvlxIRJsznFWai-PY&placeName=Dei%C3%A0%2C%20Balearic%20Islands%2C%20Spain&propertyMarketingType[]=sale&searchRadius=0&sortingOptions[]=SALES_PRICE_DESC,4.6,10.0,es,Google reviews: 4.6* / 10,OPERATIONAL,"('real_estate_agency', 'finance', 'consultant', 'point_of_interest', 'establishment')",07179
TALIS WALDREN S.L.,"Carrer del Porxo, 1, 07179 Deià, Illes Balears, España",+34 971 63 92 44,http://www.taliswaldren.com/,,,es,Google reviews: * / None,OPERATIONAL,"('real_estate_agency', 'point_of_interest', 'establishment')",07179
Art&RealEstate,,+34 652 60 11 54,http://www.artrealestatemallorca.com/,,,es,Google reviews: * / None,OPERATIONAL,"('real_estate_agency', 'establishment')",
Inmohogarsoñado,"Norte, 07011 Palma, Illes Balears, España",+34 600 08 53 27,,,,es,Google reviews: * / None,OPERATIONAL,"('real_estate_agency', 'point_of_interest', 'establishment')",07011
Inmobiliaria Servinord,"Carrer Rector Tomàs Serra, 4, 07420 Sa Pobla, Illes Balears, España",+34 677 70 34 16,http://www.buscovivienda.es/servinord/,2.5,4.0,es,Google reviews: 2.5* / 4,OPERATIONAL,"('real_estate_agency', 'point_of_interest', 'establishment')",07420
Tramuntana living,"Carrer de Joanot Colom, 8, 07190 Esporles, Illes Balears, España",+34 971 57 09 61,,,,es,Google reviews: * / None,OPERATIONAL,"('real_estate_agency', 'point_of_interest', 'establishment')",07190
Bernat Paris,,+34 672 78 06 85,https://bernatparis.com/,,,es,Google reviews: * / None,OPERATIONAL,"('real_estate_agency', 'establishment')",
John Taylor Santa Ponça,"Gran Via Puig des Castellet, 1, Bloque 4, Local 5, 07180 Santa Ponsa, Illes Balears, España",+34 971 69 10 89,https://www.john-taylor.es/agencia-inmobiliaria-lujo/santa-ponsa/,4.8,4.0,es,Google reviews: 4.8* / 4,OPERATIONAL,"('real_estate_agency', 'point_of_interest', 'establishment')",07180
Exclusiva Mallorca,"Carrer Mont Aneto, 2, 25, 07180 Santa Ponça, Illes Balears, España",+34 649 66 88 99,http://www.exclusiva-mallorca.com/,5.0,1.0,es,Google reviews: 5* / 1,OPERATIONAL,"('real_estate_agency', 'consultant', 'point_of_interest', 'establishment')",07180
Auniquemallorca S.L.,"Carrer Gran Via, 43, 07180 El Toro, Illes Balears, España",+34 971 69 93 29,http://www.uniquemallorca.com/,4.4,66.0,es,Google reviews: 4.4* / 66,OPERATIONAL,"('real_estate_agency', 'point_of_interest', 'establishment')",07180
Private Property Mallorca ,"Gran Via Puig des Castellet, 1, Bloque 6, Local 1, 07180 Santa Ponça, Illes Balears, España",+34 871 96 79 67,https://www.privatepropertymallorca.com/,5.0,28.0,es,Google reviews: 5* / 28,OPERATIONAL,"('real_estate_agency', 'consultant', 'point_of_interest', 'establishment')",07180
BELZ & PARTNER S.L.U.,"Carrer de les Illes Balears, 21, 07180 Santa Ponça, Illes Balears, España",+34 971 13 70 13,http://belz-partner.com/,5.0,1.0,es,Google reviews: 5* / 1,OPERATIONAL,"('real_estate_agency', 'point_of_interest', 'establishment')",07180
Hola Reality,"Carrer de Diego Salvà Lezaún, 2, 07181 Calvià, Illes Balears, España",+34 640 81 69 32,https://www.holareality.com/,5.0,13.0,es,Google reviews: 5* / 13,OPERATIONAL,"('real_estate_agency', 'point_of_interest', 'establishment')",07181
Interdom Mallorca,"Avinguda del Rei Jaume I, 109, 07180 Santa Ponça, Illes Balears, España",+34 971 23 45 75,https://www.interdom-mallorca.com/,3.7,3.0,es,Google reviews: 3.7* / 3,OPERATIONAL,"('real_estate_agency', 'point_of_interest', 'establishment')",07180
Porta Mallorquina Real Estate Santa Ponsa,"Carrer de Son Thomàs, 2, 07183 Calvià, Illes Balears, España",+34 971 71 12 28,https://www.porta-mallorquina.de/suedwest-santa-ponsa/,4.5,8.0,de,Google reviews: 4.5* / 8,OPERATIONAL,"('real_estate_agency', 'point_of_interest', 'establishment')",07183
Calvià Properties,"Carrer Saragossa, 1, 07181 Calvià, Illes Balears, España",+34 971 09 78 75,http://calviaproperties.com/,4.8,22.0,en,Google reviews: 4.8* / 22,OPERATIONAL,"('real_estate_agency', 'point_of_interest', 'establishment')",07181
Mallorca Service Center,"Poligono son Bugadelles, Mar Mediterraneo 59 local 8, 07180 Santa Ponsa, Illes Balears, España",+34 971 68 68 36,http://www.mallorca-servicecenter.com/,5.0,7.0,es,Google reviews: 5* / 7,OPERATIONAL,"('real_estate_agency', 'sports_activity_location', 'point_of_interest', 'establishment')",07180
Mallorca Properties ,"Carrer de Son Bugadelles, 8, 07180 Santa Ponça, Illes Balears, España",+34 971 70 40 08,,,,de,Google reviews: * / None,OPERATIONAL,"('real_estate_agency', 'point_of_interest', 'establishment')",07180
Private Hideaway Property,"Plaça de, Plaça Santa Ponça, 1, Local 12, 07180 Santa Ponsa, Illes Balears, España",+34 616 59 13 39,https://www.privatehideaway.com/,,,en,Google reviews: * / None,OPERATIONAL,"('real_estate_agency', 'point_of_interest', 'establishment')",07180
Montfair Estates,"Gran Via Puig des Castellet, 1, 07180 Santa Ponça, Illes Balears, España",+34 871 04 62 71,https://www.montfairestates.com/,5.0,13.0,en,Google reviews: 5* / 13,OPERATIONAL,"('real_estate_agency', 'point_of_interest', 'establishment')",07180
First Balear Luxury Real Estate By Toni Da Silva,"Avinguda del Rei Jaume I, 65, 07180 Santa Ponça, Illes Balears, España",,http://www.tonidasilva-mallorcaimmobilien.com/,3.1,17.0,es,Google reviews: 3.1* / 17,OPERATIONAL,"('real_estate_agency', 'finance', 'consultant', 'point_of_interest', 'establishment')",07180
Steffek und Partner,"Av. son Pillo, 2, 6, 07180 Santa Ponça, Illes Balears, España",+34 639 87 26 89,https://www.sp-mallorca.com/,4.7,13.0,de,Google reviews: 4.7* / 13,OPERATIONAL,"('real_estate_agency', 'consultant', 'point_of_interest', 'establishment')",07180
DAHLER & COMPANY Mallorca Santa Ponsa,"Carrer de la Mar Mediterrània, 44, 07180 Calvià, Illes Balears, España",+34 971 67 20 20,https://www.dahlercompany.com/de/mallorca/immobilienmakler/santa-ponsa,,,es,Google reviews: * / None,OPERATIONAL,"('real_estate_agency', 'consultant', 'point_of_interest', 'establishment')",07180
Lifestyle Properties Mallorca,"Avinguda del Rei Jaume I, 64C, 07180 Santa Ponça, Illes Balears, España",+34 871 57 07 75,http://www.lifestyle-propertiesmallorca.com/,,,es,Google reviews: * / None,OPERATIONAL,"('real_estate_agency', 'point_of_interest', 'establishment')",07180
Gesponsa,"Carrer de Ramon de Montcada, 21, 07180 Santa Ponça, Illes Balears, España",+34 971 69 00 67,http://gesponsa.com/,5.0,2.0,es,Google reviews: 5* / 2,OPERATIONAL,"('real_estate_agency', 'point_of_interest', 'establishment')",07180
RYH - Finest Real Estate,"07180 Santa Ponsa, Illes Balears, España",+34 971 69 59 17,http://www.finest-real-estate.com/,5.0,3.0,de,Google reviews: 5* / 3,OPERATIONAL,"('real_estate_agency', 'point_of_interest', 'establishment')",07180
Just Belavent,"Av. Blai Bonet, 8, 07180 Santa Ponça, Illes Balears, España",+34 664 88 60 46,http://www.justbelavent.com/,5.0,15.0,en,Google reviews: 5* / 15,OPERATIONAL,"('real_estate_agency', 'consultant', 'point_of_interest', 'establishment')",07180
Mallorca Sol Properties,"Carrer de les Sirenes, 30, 07181 Cala Vinyes, Illes Balears, España",+34 639 20 41 71,http://www.mallorcasolproperties.com/,5.0,22.0,es,Google reviews: 5* / 22,OPERATIONAL,"('real_estate_agency', 'point_of_interest', 'establishment')",07181
Scout Mallorca,"Gran Via Puig de Galatzó, 18, 07180 Santa Ponça, Illes Balears, España",+34 662 02 92 26,http://www.scoutmallorca.com/,5.0,2.0,en,Google reviews: 5* / 2,OPERATIONAL,"('real_estate_agency', 'point_of_interest', 'establishment')",07180
Villas For Sale Mallorca,"Carrer de Chopin, 5, 07180 Santa Ponça, Illes Balears, España",+34 627 34 23 92,,,,es,Google reviews: * / None,OPERATIONAL,"('real_estate_agency', 'point_of_interest', 'establishment')",07180
Com.Prop Mirador de Santa Ponça,"Carrer Bartolomé Calatayud, 1, 07180 Santa Ponça, Illes Balears, España",+34 971 69 15 58,,3.6,5.0,ca,Google reviews: 3.6* / 5,OPERATIONAL,"('real_estate_agency', 'point_of_interest', 'establishment')",07180
IMMODOMI,"C. de la Reina Constança, 3, 07180 Santa Ponça, Illes Balears, España",+34 633 39 06 08,http://immodomi.com/,,,en,Google reviews: * / None,OPERATIONAL,"('real_estate_agency', 'point_of_interest', 'establishment')",07180
Aurin Y Partner,"Carrer Murillo, 1, 07180 Santa Ponça, Illes Balears, España",+34 971 69 26 94,,,,es,Google reviews: * / None,OPERATIONAL,"('real_estate_agency', 'point_of_interest', 'establishment')",07180
Crocodile Properties,"Avinguda del Rei Jaume I, 104, Local 1, 07180 Santa Ponsa, Illes Balears, España",+34 971 48 91 18,https://crocodileproperties.com/,,,en,Google reviews: * / None,OPERATIONAL,"('real_estate_agency', 'point_of_interest', 'establishment')",07180
Home Project,"Avinguda del Rei Jaume I, 111, 07180 Santa Ponça, Illes Balears, España",+34 971 69 93 60,,,,es,Google reviews: * / None,OPERATIONAL,"('real_estate_agency', 'point_of_interest', 'establishment')",07180
Berkshire Hathaway HomeServices Nova Mallorca ( 07181 ),"Carrer Benito Jerónimo Feijóo, 13, Local 9, 07181 Calviá, Illes Balears, España",+34 605 94 48 52,https://www.bhhsmallorca.com/,4.8,24.0,es,Google reviews: 4.8* / 24,OPERATIONAL,"('real_estate_agency', 'point_of_interest', 'establishment')",07181
Gestpropiedad-Cas Català,"Ctra. Andratx, 2, local 5, 07181 Cas Català, Illes Balears, España",+34 871 62 07 77,https://www.gestpropiedad.com/cascatala,4.8,43.0,ca,Google reviews: 4.8* / 43,OPERATIONAL,"('real_estate_agency', 'point_of_interest', 'establishment')",07181
Costa Calvia Inmobiliaria,"Carrer Voranova, 10, 07181 Son Caliu, Illes Balears, España",+34 672 43 50 15,http://inmocostacalvia.com/,4.5,2.0,es,Google reviews: 4.5* / 2,OPERATIONAL,"('real_estate_agency', 'point_of_interest', 'establishment')",07181
Coastal Properties Mallorca,"Av. de la Platja, 5, 07181 Palmanova, Illes Balears, España",+34 971 68 19 30,https://www.coastalpropertiesmallorca.com/,4.0,15.0,es,Google reviews: 4* / 15,OPERATIONAL,"('real_estate_agency', 'point_of_interest', 'establishment')",07181
Homeseeker Mallorca,"Ctra. Andratx, 2, 07181 Cas Català, Illes Balears, España",+34 971 93 72 62,http://www.homeseekermallorca.com/,4.2,67.0,en,Google reviews: 4.2* / 67,OPERATIONAL,"('real_estate_agency', 'point_of_interest', 'establishment')",07181
Portal REU ,"Carrer Saragossa, 1, 07181 Calvià, Illes Balears, España",+34 971 09 78 74,https://www.portalreu.com/,5.0,5.0,es,Google reviews: 5* / 5,OPERATIONAL,"('real_estate_agency', 'point_of_interest', 'establishment')",07181
SOL DE MALLORCA,"Ctra. Andratx, 32, 07181 Portals Nous, Illes Balears, España",+34 971 67 93 93,http://sol-de-mallorca.es/,5.0,2.0,es,Google reviews: 5* / 2,OPERATIONAL,"('real_estate_agency', 'point_of_interest', 'establishment')",07181
Inmobiliaria CJ Bestard,"Carrer Pinada, 5, Local 6, 07181 Magaluf, Illes Balears, España",+34 620 61 66 65,https://www.cjbestard.com/esp/,3.8,5.0,es,Google reviews: 3.8* / 5,OPERATIONAL,"('real_estate_agency', 'consultant', 'point_of_interest', 'establishment')",07181
Inmobiliaria Best Sellers,"Plaça de Portals, 3, local 7, 07181 Portals Nous, Illes Balears, España",+34 650 40 11 99,http://www.inmobestsellers.com/,5.0,2.0,es,Google reviews: 5* / 2,OPERATIONAL,"('real_estate_agency', 'consultant', 'point_of_interest', 'establishment')",07181
The Mallorca Deal,"Plaça de Portals, 3, local 4, 07181 Portals Nous, Illes Balears, España",+34 693 51 64 46,http://www.themallorcadeal.com/,4.1,14.0,es,Google reviews: 4.1* / 14,OPERATIONAL,"('real_estate_agency', 'point_of_interest', 'establishment')",07181
Engel & Völkers Portals,"Carrer Benito Jerónimo Feijóo, 10, 07181 Portals Nous, Illes Balears, España",+34 971 67 68 36,https://www.engelvoelkers.com/es/en/shops/portals,4.5,43.0,es,Google reviews: 4.5* / 43,OPERATIONAL,"('real_estate_agency', 'point_of_interest', 'establishment')",07181
Team Jan Mulder - Mallorca,"Carrer de París, 8, local 4-5, 07181 Palmanova, Illes Balears, España",+34 698 23 53 22,,3.9,21.0,es,Google reviews: 3.9* / 21,OPERATIONAL,"('real_estate_agency', 'point_of_interest', 'establishment')",07181
First Mallorca Puerto Portals,"Puerto Portals, Local 82, 83, 07181 Portals Nous, Illes Balears, España",+34 871 00 65 00,http://www.firstmallorca.com/,5.0,24.0,es,Google reviews: 5* / 24,OPERATIONAL,"('real_estate_agency', 'point_of_interest', 'establishment')",07181
KENSINGTON Finest Properties International  ( 07181 ),"Ma-1, 32, Local 2, 07181 Portals Nous, Illes Balears, España",+34 971 68 04 76,https://kensington-portals.com/,5.0,13.0,de,Google reviews: 5* / 13,OPERATIONAL,"('real_estate_agency', 'point_of_interest', 'establishment')",07181
Properties Bendinat ,"Camí Serra, 1, 07181 Bendinat, Illes Balears, España",+34 971 70 78 13,http://www.sw-mallorca.com/,4.8,5.0,de,Google reviews: 4.8* / 5,OPERATIONAL,"('real_estate_agency', 'point_of_interest', 'establishment')",07181
Heritage Homes Mallorca,"Ma-1, 32, Local 5, 07181 Portals Nous, Illes Balears, España",+34 686 12 19 59,https://www.heritagehomesmallorca.com/,5.0,6.0,en,Google reviews: 5* / 6,OPERATIONAL,"('real_estate_agency', 'point_of_interest', 'establishment')",07181
Martin Burri Real Estate S.L.,"Carrer de Còrdova, 5, 07181 Palmanova, Illes Balears, España",+34 673 82 87 39,http://www.martin-burri.com/,5.0,2.0,de,Google reviews: 5* / 2,OPERATIONAL,"('real_estate_agency', 'point_of_interest', 'establishment')",07181
Imperial Properties Portals Nous,"Ctra. Andratx, 35, 07181 Portals Nous, Illes Balears, España",+34 871 15 35 48,http://www.imperial-properties.com/,5.0,6.0,en,Google reviews: 5* / 6,OPERATIONAL,"('real_estate_agency', 'point_of_interest', 'establishment')",07181
Inmobiliaria Escrivà,"Plaça de Portals, 3, 07181 Portals Nous, Illes Balears, España",+34 971 67 77 31,,5.0,4.0,ca,Google reviews: 5* / 4,OPERATIONAL,"('real_estate_agency', 'point_of_interest', 'establishment')",07181
Luxury Estates Mallorca ®  ( 07181 ),"Ma-1, 26, local 4, 07181 Portals Nous, Illes Balears, España",+34 871 52 02 81,http://www.luxury-estates-mallorca.com/,5.0,2.0,de,Google reviews: 5* / 2,OPERATIONAL,"('real_estate_agency', 'consultant', 'point_of_interest', 'establishment')",07181
Inmokir Tasaciones Oficiales,"Carrer Santa Lavinia, 53, 07181 Costa d'en Blanes, Illes Balears, España",+34 629 37 16 18,http://www.inmokir.com/,5.0,1.0,es,Google reviews: 5* / 1,OPERATIONAL,"('real_estate_agency', 'point_of_interest', 'establishment')",07181
Lifestyle Properties ,"Carrer d'en Blanes, 1, 07181 Portals Nous, Illes Balears, España",+34 971 67 50 35,https://lifestyle-propertiesmallorca.com/,3.9,9.0,es,Google reviews: 3.9* / 9,OPERATIONAL,"('real_estate_agency', 'point_of_interest', 'establishment')",07181
Living By Carlos,"Carrer Benito Jerónimo Feijóo, 07181 Portals Nous, Illes Balears, España",+34 971 67 91 96,http://www.livingbycarlos.com/,4.0,4.0,es,Google reviews: 4* / 4,OPERATIONAL,"('real_estate_agency', 'point_of_interest', 'establishment')",07181
Bconnected ,"Plaça Espanya, 3, 07181 Portals Nous, Illes Balears, España",+34 971 22 10 66,https://bconnectedmallorca.com/es/,4.2,39.0,en,Google reviews: 4.2* / 39,OPERATIONAL,"('real_estate_agency', 'consultant', 'general_contractor', 'point_of_interest', 'establishment')",07181
Savills Estate Agency ,"Carrer Benito Jerónimo Feijóo, 13, 07181 Calvià (Mallorca, Illes Balears, España",+34 971 68 40 00,http://www.balearic-properties.com/,,,es,Google reviews: * / None,OPERATIONAL,"('real_estate_agency', 'point_of_interest', 'establishment')",07181
Nash Homes Mallorca,"by taxis, first floor, Plaça de Portals, 3, local 7, 07181 Portals Nous, Illes Balears, España",+34 971 67 59 69,https://www.nashhomesmallorca.com/,3.5,8.0,es,Google reviews: 3.5* / 8,OPERATIONAL,"('real_estate_agency', 'point_of_interest', 'establishment')",07181
Michael Perkins Finest Properties,"Av. Mallorca, 49, 07181 Mallorca, Illes Balears, España",+34 971 13 08 31,,5.0,1.0,es,Google reviews: 5* / 1,OPERATIONAL,"('real_estate_agency', 'point_of_interest', 'establishment')",07181
Administraciones Calvia S.L.,"Carrer Voranova, 10, Local 6, 07181 Palmanova, Illes Balears, España",+34 971 68 11 01,http://www.admincalvia.com/,3.8,20.0,es,Google reviews: 3.8* / 20,OPERATIONAL,"('real_estate_agency', 'point_of_interest', 'establishment')",07181
Mallorca Properties Consulting,"Avinguda de Bendinat, 1, local 1, 07181 Portals Nous, Illes Balears, España",+34 971 67 65 15,http://www.mallorcaproperties.es/,5.0,5.0,es,Google reviews: 5* / 5,OPERATIONAL,"('real_estate_agency', 'consultant', 'point_of_interest', 'establishment')",07181
Bertorelli Properties,"Carrer Duc Estremera, 7, local 7, 07181 Palmanova, Illes Balears, España",+34 871 25 25 00,http://www.bertorelliproperties.com/,5.0,2.0,en,Google reviews: 5* / 2,OPERATIONAL,"('real_estate_agency', 'point_of_interest', 'establishment')",07181
Mallorca Agent ,"Passeig Illetes, 4, local 6, 07181 Illetes, Illes Balears, España",+34 634 33 42 77,http://www.mallorcaagent.com/,5.0,18.0,de,Google reviews: 5* / 18,OPERATIONAL,"('real_estate_agency', 'point_of_interest', 'establishment')",07181
Immobilien Portals,"Local X Puerto Portals, 07181 Portals Nous, Illes Balears, España",+34 630 40 08 97,http://www.immobilien-portals.de/,4.0,2.0,de,Google reviews: 4* / 2,OPERATIONAL,"('real_estate_agency', 'consultant', 'point_of_interest', 'establishment')",07181
Selection Properties,"Carrer des Barranc, 19, 07181 Palma, Illes Balears, España",+34 971 08 32 08,http://selectionproperties.com/,4.0,4.0,en,Google reviews: 4* / 4,OPERATIONAL,"('real_estate_agency', 'point_of_interest', 'establishment')",07181
Lavin-Estates Fastighetsmäklare Mallorca & Ibiza,"Carrer Ginesta, 5, 07181 Calvià, Illes Balears, España",+34 680 98 68 72,http://www.lavin-estates.se/,,,en,Google reviews: * / None,OPERATIONAL,"('real_estate_agency', 'point_of_interest', 'establishment')",07181
Kühn Properties,"Local 32 puerto portals, 07181 Palma, Illes Balears, España",+34 607 20 83 58,http://www.kuhn-properties.com/,4.0,4.0,en,Google reviews: 4* / 4,OPERATIONAL,"('real_estate_agency', 'point_of_interest', 'establishment')",07181
Fran Property Solutions,,+34 618 98 98 48,,5.0,1.0,es,Google reviews: 5* / 1,OPERATIONAL,"('real_estate_agency', 'establishment')",
Iberdrola Inmobiliaria S.A.,"Avinguda de Bendinat, 5, 07181 Portals Nous, Illes Balears, España",+34 971 40 01 59,,3.0,1.0,es,Google reviews: 3* / 1,OPERATIONAL,"('real_estate_agency', 'point_of_interest', 'establishment')",07181
Lux Properties Mallorca,"Carrer de les Illes Balears, 22, 07183 Santa Ponça, Illes Balears, España",+34 658 09 50 92,http://www.lux-mallorca.com/,,,es,Google reviews: * / None,OPERATIONAL,"('real_estate_agency', 'point_of_interest', 'establishment')",07183
AVANTI! IMMOBILIEN,"Carrer Mireia, 20 E, 07183 Costa de la Calma, Illes Balears, España",+34 971 69 42 79,http://immoavanti.com/,4.3,6.0,es,Google reviews: 4.3* / 6,OPERATIONAL,"('real_estate_agency', 'point_of_interest', 'establishment')",07183
FincaCasa-Mallorca,"Plaça Santa Ponça, 1, 1° Local 15, 07180 Santa Ponsa, Illes Balears, España",+34 696 22 21 87,http://www.fincacasa-mallorca.com/,,,de,Google reviews: * / None,OPERATIONAL,"('real_estate_agency', 'general_contractor', 'point_of_interest', 'establishment')",07180
Mallorca Best Homes SL,"07180 Santa Ponsa, Illes Balears, España",+34 971 69 40 55,,,,de,Google reviews: * / None,OPERATIONAL,"('real_estate_agency', 'point_of_interest', 'establishment')",07180
Casa Emma Inversiones S L,"Casa bella Vista, Carrer de la Bella Vista, 42, 07183 Costa de la Calma, Illes Balears, España",+34 971 69 66 69,,4.0,1.0,es,Google reviews: 4* / 1,OPERATIONAL,"('real_estate_agency', 'point_of_interest', 'establishment')",07183
Casas/Fincas,"Gran Via del Port, 25, 07180 Santa Ponsa, Illes Balears, España",+34 636 92 10 01,http://casasfincas.es/,,,es,Google reviews: * / None,OPERATIONAL,"('real_estate_agency', 'point_of_interest', 'establishment')",07180
EMB Mallorca Investments,,+34 689 50 03 15,,,,es,Google reviews: * / None,OPERATIONAL,"('real_estate_agency', 'finance', 'general_contractor', 'consultant', 'establishment')",
In-side Properties Mallorca,"Edificio Astro, Av.Rey Jaume I, 78, Local 11b, 1º, 07180 Santa Ponça, Illes Balears, España",+34 971 69 55 37,,,,en,Google reviews: * / None,OPERATIONAL,"('real_estate_agency', 'point_of_interest', 'establishment')",07180
UFS Management S.L.,"Carrer Serral, 46A, 07184 Calvià, Illes Balears, España",+34 626 62 74 03,https://www.ufs-management.com/,,,de,Google reviews: * / None,OPERATIONAL,"('real_estate_agency', 'consultant', 'point_of_interest', 'establishment')",07184
NOVOFORMA Construcciones,"Carrer de la Mar Mediterrània, 8, 07180 Calvià, Illes Balears, España",+34 971 69 13 80,http://novoforma.net/,4.1,20.0,es,Google reviews: 4.1* / 20,OPERATIONAL,"('real_estate_agency', 'point_of_interest', 'general_contractor', 'establishment')",07180
Luxury Villas Mallorca by Kay SL,,+34 627 47 75 89,https://www.luxuryvillasmallorca.com/,,,es,Google reviews: * / None,OPERATIONAL,"('real_estate_agency', 'establishment')",
Mar Torres & Real Estate World,"Carrer Comte de Sallent, 30, 07191 Banyalbufar, Illes Balears, España",+34 685 54 98 88,,,,es,Google reviews: * / None,OPERATIONAL,"('real_estate_agency', 'point_of_interest', 'establishment')",07191
Mallorca Urban Group Real Estate,"Avinguda Príncep d'Espanya, 4A, 07400 Alcúdia, Illes Balears, España",+34 699 22 72 86,https://www.mallorcaurbangroup.com/%20https://www.mallorcaurban.group/,4.3,29.0,es,Google reviews: 4.3* / 29,OPERATIONAL,"('real_estate_agency', 'point_of_interest', 'establishment')",07400
GestPropiedad Blanquerna,"C. de Blanquerna, 57, Nord, 07003 Palma, Illes Balears, España",+34 600 88 63 84,https://www.gestpropiedad.com/,4.8,26.0,es,Google reviews: 4.8* / 26,OPERATIONAL,"('real_estate_agency', 'point_of_interest', 'establishment')",07003
Net Link 2002 Sl,"Carrer Margalides, 0, 07193 Palmanyola, Illes Balears, España",+34 971 68 11 01,,,,es,Google reviews: * / None,OPERATIONAL,"('real_estate_agency', 'point_of_interest', 'establishment')",07193
HabiTuya Inmobiliaria,"Carrer del Pujol, 8, 07141 Es Caulls, Illes Balears, España",+34 639 95 16 51,,,,es,Google reviews: * / None,OPERATIONAL,"('real_estate_agency', 'point_of_interest', 'establishment')",07141
. ( 07141 ),"Carrer Celleters, 33, 07141 Palma, Illes Balears, España",+34 622 00 61 63,,,,es,Google reviews: * / None,OPERATIONAL,"('real_estate_agency', 'point_of_interest', 'establishment')",07141
CIM - Consultoría de Inversiones Mallorca,,+34 696 30 38 21,,,,es,Google reviews: * / None,OPERATIONAL,"('real_estate_agency', 'consultant', 'finance', 'establishment')",
José Antonio Lozano Navarro,"Carrer del Celler, 4, 07141 Cabaneta (Sa), Illes Balears, España",+34 971 60 54 82,,,,es,Google reviews: * / None,OPERATIONAL,"('real_estate_agency', 'point_of_interest', 'establishment')",07141
Inmo-working Bonafinca,"Pg. de Mallorca, 36, Centre, 07012 Palma, Illes Balears, España",+34 971 10 00 80,https://bonafinca.com/,4.7,15.0,es,Google reviews: 4.7* / 15,OPERATIONAL,"('real_estate_agency', 'point_of_interest', 'establishment')",07012
Marabú Properties S L,"Carrer Biniatro, 6, Ponent, 07013 Palma, Illes Balears, España",+34 971 40 66 59,,4.5,4.0,es,Google reviews: 4.5* / 4,OPERATIONAL,"('real_estate_agency', 'point_of_interest', 'establishment')",07013
Queen Mallorca Real Estate,"Carrer de Pascual Ribot, 15, 07011 Palma, Illes Balears, España",+34 682 52 62 47,http://www.queenmallorca.es/,5.0,10.0,es,Google reviews: 5* / 10,OPERATIONAL,"('real_estate_agency', 'point_of_interest', 'establishment')",07011
ProMallorca Property Search,"Carrer dels Ametllers, 24, 07196 Es Capdellà, Illes Balears, España",+34 971 23 32 07,http://propertymallorca.com/,,,es,Google reviews: * / None,OPERATIONAL,"('real_estate_agency', 'consultant', 'point_of_interest', 'establishment')",07196
Mallorca Excellence,"Carrer Raixa, 15, Ponent, 07013 Son Vida, Illes Balears, España",+34 722 34 94 73,http://propertiesmallorcaexcellence.com/,1.0,4.0,es,Google reviews: 1* / 4,OPERATIONAL,"('real_estate_agency', 'point_of_interest', 'establishment')",07013
Fincas Ferre,"Pg. de Mallorca, 16, 2, entresuelo derecha, Distrito Centro, 07012 Palma, Illes Balears, España",+34 971 90 95 90,https://www.fincasferre.com/,4.0,4.0,es,Google reviews: 4* / 4,OPERATIONAL,"('real_estate_agency', 'point_of_interest', 'establishment')",07012
Immo.Mallorca | Helga Duschl,"Carrer Llenaire, 3, E, Ponent, 07013 Son Vida, Illes Balears, España",+34 609 62 97 88,http://immomallorca.es/,,,es,Google reviews: * / None,OPERATIONAL,"('real_estate_agency', 'point_of_interest', 'establishment')",07013
Stein homes,,,https://steinhomes.es/,,,es,Google reviews: * / None,OPERATIONAL,"('real_estate_agency', 'establishment')",
Actividades Insula,"Carrer Pula, 0, Ponent, 07013 Palma, Illes Balears, España",+34 971 60 66 59,,2.5,2.0,es,Google reviews: 2.5* / 2,OPERATIONAL,"('real_estate_agency', 'point_of_interest', 'establishment')",07013
Mallorca Sea Homes,,+34 971 67 07 21,,,,es,Google reviews: * / None,OPERATIONAL,"('real_estate_agency', 'establishment')",
Nova Gestio Inmobiliaria,"Rambla del Rei en Jaume, 11, bajos, 07500 Manacor, Illes Balears, España",+34 607 82 03 15,https://www.novagestioinmobiliaria.com/,4.8,150.0,en,Google reviews: 4.8* / 150,OPERATIONAL,"('real_estate_agency', 'point_of_interest', 'establishment')",07500
BlauMallorca,"Plaça del Rector Rubí, 6, 07500 Manacor, Illes Balears, España",+34 659 07 53 26,http://blaumallorca.com/,4.2,56.0,es,Google reviews: 4.2* / 56,OPERATIONAL,"('real_estate_agency', 'point_of_interest', 'establishment')",07500
InfoHouseServices,"Carrer Col·legi Públic Xaloc, 07160 Peguera, Illes Balears, España",+34 676 36 56 57,,,,es,Google reviews: * / None,OPERATIONAL,"('real_estate_agency', 'point_of_interest', 'establishment')",07160
Wish Mallorca ,"Carrer Nou, 45, 07210 Algaida, Illes Balears, España",+34 871 25 17 22,https://www.wishmallorca.com/,5.0,1.0,de,Google reviews: 5* / 1,OPERATIONAL,"('real_estate_agency', 'point_of_interest', 'establishment')",07210
Global AnKat Inmobiliaria ,"Plaça de Pax, 5, bajo izquierdo, local, 07200 Felanitx, Illes Balears, España",+34 645 21 23 53,http://www.global-ankat.com/,5.0,104.0,es,Google reviews: 5* / 104,OPERATIONAL,"('real_estate_agency', 'consultant', 'point_of_interest', 'establishment')",07200
M2 Mallorca - Inmobiliaria,"Carrer del Rei En Jaume I, 8, 07200 Felanitx, Illes Balears, España",+34 971 82 73 59,http://www.m2mallorca.com/,4.5,2.0,es,Google reviews: 4.5* / 2,OPERATIONAL,"('real_estate_agency', 'finance', 'consultant', 'general_contractor', 'point_of_interest', 'establishment')",07200
AP INVEST REAL ESTATE,"Passeig de la República Argentina, 31, 07200 Felanitx, Illes Balears, España",+34 660 55 49 13,https://www.apinvestinmobiliaria.com/,4.5,17.0,es,Google reviews: 4.5* / 17,OPERATIONAL,"('real_estate_agency', 'point_of_interest', 'establishment')",07200
Inmobiliaria Felanitx,"C/ de la Mar, 8, 07200 Felanitx, Illes Balears, España",+34 971 58 14 58,,5.0,2.0,es,Google reviews: 5* / 2,OPERATIONAL,"('real_estate_agency', 'point_of_interest', 'establishment')",07200
Viola Ranglack,"Plaça d'Espanya, 5, 07200 Felanitx, Illes Balears, España",+34 663 72 20 63,http://www.viola-ranglack.com/,4.0,56.0,es,Google reviews: 4* / 56,OPERATIONAL,"('real_estate_agency', 'point_of_interest', 'establishment')",07200
Anderson West ,"Plaça de Pax, 24, 07200 Felanitx, Illes Balears, España",+34 646 59 55 35,https://andersonwestrealestate.com/,5.0,10.0,en,Google reviews: 5* / 10,OPERATIONAL,"('real_estate_agency', 'point_of_interest', 'establishment')",07200
MT FINCAS MALLORCA,"Carrer de Santueri, 40, 07200 Felanitx, Illes Balears, España",+34 672 01 77 80,,,,es,Google reviews: * / None,OPERATIONAL,"('real_estate_agency', 'general_contractor', 'point_of_interest', 'establishment')",07200
INMOBILIARIA INMOXISCA,"Carrer de l'Hospici, 28, 07200 Felanitx, Illes Balears, España",+34 627 40 42 45,https://www.inmoxisca.com/,1.0,1.0,es,Google reviews: 1* / 1,OPERATIONAL,"('real_estate_agency', 'consultant', 'health', 'point_of_interest', 'establishment')",07200
Reformas y Mantenimientos Xavi Seco S.L. JS LUXE HOMES & JS LUXE CARS,"Carrer de Zavellà, 73, 07200 Felanitx, Illes Balears, España",+34 680 72 76 59,https://luxe-mallorca-voyage.lovable.app/?fbclid=PAZnRzaANL-zdleHRuA2FlbQIxMQABpyL2TGndwHTGlh7mgJouMgo3ddOThnkQVY32t65PCDROtyEOUsacscfCy1_W_aem_-iv5p81TI0c6qlsBIl3tlA,5.0,10.0,es,Google reviews: 5* / 10,OPERATIONAL,"('real_estate_agency', 'general_contractor', 'point_of_interest', 'establishment')",07200
Inmobiliaria Cala d'Or,"Plaça Eivissa, 30, 07660 Cala D'or, Illes Balears, España",+34 971 65 92 00,http://www.calador.es/,4.5,31.0,es,Google reviews: 4.5* / 31,OPERATIONAL,"('real_estate_agency', 'point_of_interest', 'establishment')",07660
GestPropiedad Porreres,"Av. del Bisbe Campins, 14, 07260 Porreres, Illes Balears, España",+34 600 88 63 84,https://www.gestpropiedad.com/,4.9,136.0,es,Google reviews: 4.9* / 136,OPERATIONAL,"('real_estate_agency', 'point_of_interest', 'establishment')",07260
INMOBILIARIA BONO,"C/ de la Mar, 6, 07200 Felanitx, Illes Balears, España",+34 637 54 24 80,https://www.immobono.com/,,,es,Google reviews: * / None,OPERATIONAL,"('real_estate_agency', 'point_of_interest', 'establishment')",07200
AM77 Mallorca,"Carrer de ses Eres, 10, 07200 Felanitx, Illes Balears, España",+34 665 62 57 74,https://am77mallorca.com/contacto/,1.0,1.0,ca,Google reviews: 1* / 1,OPERATIONAL,"('real_estate_agency', 'point_of_interest', 'establishment')",07200
Antonio Blanes Mayor,"Plaça d'Espanya, 3, 07200 Felanitx, Illes Balears, España",+34 971 82 74 79,,,,es,Google reviews: * / None,OPERATIONAL,"('real_estate_agency', 'point_of_interest', 'establishment')",07200
"Salvador Pastor, Constructora","Carrer de Santueri, 68, 07200 Felanitx, Illes Balears, España",+34 971 58 30 68,http://www.salvador-pastor.org/,5.0,10.0,es,Google reviews: 5* / 10,OPERATIONAL,"('real_estate_agency', 'general_contractor', 'point_of_interest', 'establishment')",07200
Zimmermann Kai,"Carrer de n'Alou, 2, 07200 Felanitx, Illes Balears, España",+34 971 82 55 24,,,,es,Google reviews: * / None,OPERATIONAL,"('real_estate_agency', 'point_of_interest', 'establishment')",07200
Polis Agora 2006,"Carrer de Santanyí, 0, 07200 Felanitx, Illes Balears, España",+34 971 55 77 81,,1.0,1.0,es,Google reviews: 1* / 1,OPERATIONAL,"('real_estate_agency', 'point_of_interest', 'establishment')",07200
Angela's Home,"C. Cala Llonga, 1, 07669 Calonge, Illes Balears, España",+34 622 36 56 30,http://www.angelashome.es/,4.9,27.0,es,Google reviews: 4.9* / 27,OPERATIONAL,"('real_estate_agency', 'point_of_interest', 'establishment')",07669
CAS CONCOS REAL ESTATE SL,"Carrer del Metge Obrador, 9, 07208 Cas Concos des Cavaller, Illes Balears, España",+34 672 22 01 91,http://www.casconcosrealestate.com/,3.7,3.0,es,Google reviews: 3.7* / 3,OPERATIONAL,"('real_estate_agency', 'point_of_interest', 'establishment')",07208
Quina García gestió immobilària,"Puig de l'Anar 14, 07509 Son Maciá, Illes Balears, España",+34 696 06 49 34,,4.5,8.0,ca,Google reviews: 4.5* / 8,OPERATIONAL,"('real_estate_agency', 'point_of_interest', 'establishment')",07509
beHome Mallorca,"Pl. de Sant Josep, 10, 07691 S'Alqueria Blanca, Balearic Isles, España",+34 971 06 49 99,http://www.behome-mallorca.com/,,,es,Google reviews: * / None,OPERATIONAL,"('real_estate_agency', 'point_of_interest', 'establishment')",07691
SOM Serveis,"Pl. de Sant Josep, 2, 07691 S'Alqueria Blanca, Illes Balears, España",+34 871 60 84 00,,5.0,1.0,es,Google reviews: 5* / 1,OPERATIONAL,"('real_estate_agency', 'consultant', 'point_of_interest', 'establishment')",07691
PORTO PETRO LIVING,"Carrer Passeig d'es Port, 52, 07691 Portopetro, Illes Balears, España",+34 971 86 36 02,http://www.portopetro-living.es/,5.0,39.0,es,Google reviews: 5* / 39,OPERATIONAL,"('real_estate_agency', 'store', 'point_of_interest', 'establishment')",07691
Mallorca Properties.co.uk ,"Carrer Passeig d'es Port, 52, 07691 Santanyí, Illes Balears, España",+34 661 91 55 49,,5.0,4.0,de,Google reviews: 5* / 4,OPERATIONAL,"('real_estate_agency', 'finance', 'consultant', 'point_of_interest', 'establishment')",07691
360 Mallorca Property,"Carrer de Cristòfor Colom, 37, bajos, 07691 Portopetro, Illes Balears, España",+34 620 24 30 90,http://www.360mallorcaproperty.com/,4.8,6.0,es,Google reviews: 4.8* / 6,OPERATIONAL,"('real_estate_agency', 'point_of_interest', 'establishment')",07691
ImmobilienBau Mallorca,"Carrer de l'Església, 6, 07509 Manacor, Illes Balears, España",+34 609 81 43 26,http://www.immobilienbau-mallorca.de/,5.0,2.0,de,Google reviews: 5* / 2,OPERATIONAL,"('real_estate_agency', 'general_contractor', 'consultant', 'point_of_interest', 'establishment')",07509
Javier y Elennys,"C/ de la Reina Constança, 51, 07500 Manacor, Illes Balears, España",+34 695 97 29 76,https://www.javieryelennys.com/,,,en,Google reviews: * / None,OPERATIONAL,"('real_estate_agency', 'point_of_interest', 'establishment')",07500
AMBIENTE BALEARES,"Av. del Bisbe Campins, 22, 07260 Porreres, Illes Balears, España",+34 678 70 07 34,http://ambiente-baleares.com/,5.0,5.0,es,Google reviews: 5* / 5,OPERATIONAL,"('real_estate_agency', 'point_of_interest', 'establishment')",07260
Assessoria immobiliària ImmoPorreres,"Carrer Major, 1, 07260 Porreres, Illes Balears, España",+34 647 72 65 06,http://www.inmoporreres.com/,5.0,2.0,es,Google reviews: 5* / 2,OPERATIONAL,"('real_estate_agency', 'point_of_interest', 'establishment')",07260
Bohabi Promocions,"Camí de s'Estació, 07210 Algaida, Illes Balears, España",+34 971 71 04 68,https://www.bohabi.com/,5.0,1.0,es,Google reviews: 5* / 1,OPERATIONAL,"('real_estate_agency', 'point_of_interest', 'establishment')",07210
Acaparat Sl,"Carrer des Sitjar, 0, 07210 Algaida, Illes Balears, España",+34 971 44 11 38,,5.0,1.0,es,Google reviews: 5* / 1,OPERATIONAL,"('real_estate_agency', 'point_of_interest', 'establishment')",07210
ULI & LISA ,"Camí de Son Mendívil, 12, 07620 Llucmajor, Illes Balears, España",+34 604 18 29 99,https://www.uli-lisa.com/,5.0,10.0,en,Google reviews: 5* / 10,OPERATIONAL,"('real_estate_agency', 'finance', 'consultant', 'point_of_interest', 'establishment')",07620
AS Home Real Estate,,+34 661 74 54 90,https://ashomerealestate.com/,5.0,8.0,es,Google reviews: 5* / 8,OPERATIONAL,"('real_estate_agency', 'establishment')",
GestPropiedad Llucmajor,"Ronda de Migjorn, 113, local 3, 07620 Llucmajor, Illes Balears, España",+34 971 66 03 02,https://gestpropiedad.com/llucmajor,4.8,32.0,es,Google reviews: 4.8* / 32,OPERATIONAL,"('real_estate_agency', 'point_of_interest', 'establishment')",07620
Rustic House Mallorca,"Ronda de Ponent, 3, 07620 Llucmajor, Illes Balears, España",+34 971 66 14 09,http://rustichousemallorca.com/,4.6,5.0,es,Google reviews: 4.6* / 5,OPERATIONAL,"('real_estate_agency', 'point_of_interest', 'establishment')",07620
EuroMarketing Mallorca SL,,+34 971 66 22 50,https://www.immobilien-angebote-mallorca.com/de-de/immobilien,4.6,24.0,es,Google reviews: 4.6* / 24,OPERATIONAL,"('real_estate_agency', 'establishment')",
OSA Inmobiliaria,"Ronda Carlos V, 32, BAJOS, 07620 Llucmajor, Illes Balears, España",+34 971 96 95 63,http://www.inmobiliariaosa.com/,3.6,26.0,en,Google reviews: 3.6* / 26,OPERATIONAL,"('real_estate_agency', 'point_of_interest', 'establishment')",07620
Engel & Völkers Llucmajor,"Ronda de Migjorn, 147, 07620 Llucmajor, Illes Balears, España",+34 871 57 00 00,https://www.engelvoelkers.com/es/en/shops/llucmajor,4.9,75.0,de,Google reviews: 4.9* / 75,OPERATIONAL,"('real_estate_agency', 'consultant', 'point_of_interest', 'establishment')",07620
¡TODO! Mallorca Immobilien,"Ronda de Migjorn, 145B, 07620 Llucmajor, Illes Balears, España",+34 971 62 88 50,https://immobilien.todo-mallorca.es/,4.8,37.0,de,Google reviews: 4.8* / 37,OPERATIONAL,"('real_estate_agency', 'consultant', 'point_of_interest', 'establishment')",07620
Bekkers Estates ,"Ronda de Migjorn, 64, 07620 Llucmajor, Illes Balears, España",+34 663 43 00 66,http://www.bekkers.es/,5.0,8.0,es,Google reviews: 5* / 8,OPERATIONAL,"('real_estate_agency', 'point_of_interest', 'establishment')",07620
First Mallorca Llucmajor,"Plaça Espanya, 14, 07620 Llucmajor, Illes Balears, España",+34 971 00 70 07,https://www.firstmallorca.com/,5.0,7.0,en,Google reviews: 5* / 7,OPERATIONAL,"('real_estate_agency', 'point_of_interest', 'establishment')",07620
Mallorca Estates,"Diseminado Sa Serra, 656, 07260, Illes Balears, España",+34 635 01 77 22,https://mallorcaestates.net/,,,en,Google reviews: * / None,OPERATIONAL,"('real_estate_agency', 'point_of_interest', 'establishment')",07260
Immobilien Sineu ,"Carrer Concòrdia, 35, 07510 Sineu, Illes Balears, España",+34 971 52 11 16,https://immobilien-sineu.com/,4.6,10.0,de,Google reviews: 4.6* / 10,OPERATIONAL,"('real_estate_agency', 'point_of_interest', 'establishment')",07510
SINIUM VILLAGE,"Carrer d'Avall, 1, 07510 Sineu, Illes Balears, España",+34 654 71 28 42,http://www.siniumvillage.com/,5.0,4.0,es,Google reviews: 5* / 4,OPERATIONAL,"('real_estate_agency', 'point_of_interest', 'establishment')",07510
Aron S.l.,"Carrer de la Santa Creu, 0, 07260 Porreres, Illes Balears, España",+34 971 64 71 98,,,,es,Google reviews: * / None,OPERATIONAL,"('real_estate_agency', 'point_of_interest', 'establishment')",07260
Inmobiliaria GM S.L.,"Camí de son Baró, 07240 Sant Joan, Illes Balears, España",+34 971 57 65 06,http://www.mallorca--immobilien.de/,,,de,Google reviews: * / None,OPERATIONAL,"('real_estate_agency', 'consultant', 'point_of_interest', 'establishment')",07240
HITO ESPACIOS S.L.,"Carrer de Bonany, 90, 07250 Vilafranca de Bonany, Illes Balears, España",+34 971 56 00 53,,4.0,2.0,es,Google reviews: 4* / 2,OPERATIONAL,"('real_estate_agency', 'point_of_interest', 'establishment')",07250
"Luxury Properties, S.L.",,+34 682 61 76 42,,,,es,Google reviews: * / None,OPERATIONAL,"('real_estate_agency', 'finance', 'lawyer', 'consultant', 'establishment')",
G&Partner,"Carrer Des Sol, 45, 07520 Petra, Illes Balears, España",+34 609 61 95 44,http://www.gandpartner.com/,4.3,8.0,es,Google reviews: 4.3* / 8,OPERATIONAL,"('real_estate_agency', 'point_of_interest', 'establishment')",07520
Inmogestión Balear Campos Curro López,"Plaça Major, 3, 07630 Campos, Illes Balears, España",+34 650 88 07 98,https://www.inmogestionbalear.com/,5.0,90.0,es,Google reviews: 5* / 90,OPERATIONAL,"('real_estate_agency', 'point_of_interest', 'establishment')",07630
inmobiliaria Preciosa Homes,"Carrer de sa Creu, 2, 07630 Campos, Illes Balears, España",+34 601 15 05 91,http://www.preciosahomes.com/,4.9,20.0,es,Google reviews: 4.9* / 20,OPERATIONAL,"('real_estate_agency', 'point_of_interest', 'establishment')",07630
Hernán Nogués Real Estate ,"Carrer de Costa i Llobera, 39, 07630 Campos, Illes Balears, España",+34 625 91 00 57,https://hernan-nogues.com/,5.0,14.0,es,Google reviews: 5* / 14,OPERATIONAL,"('real_estate_agency', 'point_of_interest', 'establishment')",07630
GestPropiedad Manacor,"Carrer d'En Joan Lliteras, 41, 07500 Manacor, Illes Balears, España",+34 971 77 87 59,https://gestpropiedad.com/,5.0,127.0,es,Google reviews: 5* / 127,OPERATIONAL,"('real_estate_agency', 'point_of_interest', 'establishment')",07500
Living Blue Mallorca - Campos,"Carrer de Plaça, 30, 07630 Campos, Illes Balears, España",+34 871 20 08 04,https://www.livingblue-mallorca.com/,5.0,53.0,es,Google reviews: 5* / 53,OPERATIONAL,"('real_estate_agency', 'consultant', 'point_of_interest', 'establishment')",07630
Inmogest Mallorca Real Estate,"Carrer des Hostals, 60, 07300 Inca, Illes Balears, España",+34 656 81 93 50,http://www.inmogestmallorca.com/,4.9,115.0,es,Google reviews: 4.9* / 115,OPERATIONAL,"('real_estate_agency', 'point_of_interest', 'establishment')",07300
Inmobiliaria Lliteras,"Carrer des Hostals, 39, 07300 Inca, Illes Balears, España",+34 971 88 03 76,http://www.gestlliteras.com/,4.8,26.0,es,Google reviews: 4.8* / 26,OPERATIONAL,"('real_estate_agency', 'accounting', 'lawyer', 'consultant', 'point_of_interest', 'finance', 'establishment')",07300
ROYAL HAUS -Inmobiliaria Inca,"Carrer de Can Vidal, 5, 07300 Inca, Illes Balears, España",+34 689 39 15 64,http://www.royalhaus.es/,4.8,70.0,es,Google reviews: 4.8* / 70,OPERATIONAL,"('real_estate_agency', 'lawyer', 'consultant', 'point_of_interest', 'general_contractor', 'finance', 'establishment')",07300
NICOLAS MESSIAS Real Estate,"Mallorca, Carrer de Can Dureta, 28-30, 07300 Inca, Illes Balears, España",+34 636 26 01 09,http://www.nicolasmessias.com/,4.7,67.0,es,Google reviews: 4.7* / 67,OPERATIONAL,"('real_estate_agency', 'point_of_interest', 'establishment')",07300
INMOVYP Gestiones y promociones inmobiliarias ( 07300 ),"Avinguda del General Luque, 94, 07300 Inca, Illes Balears, España",+34 971 32 97 35,http://www.inmovyp.es/,4.6,159.0,es,Google reviews: 4.6* / 159,OPERATIONAL,"('real_estate_agency', 'point_of_interest', 'establishment')",07300
Engel & Völkers Inca,"Avinguda del General Luque, 7, 07300 Inca, Illes Balears, España",+34 971 50 77 20,https://www.engelvoelkers.com/es/en/shops/inca,5.0,61.0,de,Google reviews: 5* / 61,OPERATIONAL,"('real_estate_agency', 'consultant', 'point_of_interest', 'finance', 'establishment')",07300
Futurinca,"Plaça de l'Angel, 26, 07300 Inca, Illes Balears, España",+34 971 88 41 64,,4.6,99.0,es,Google reviews: 4.6* / 99,OPERATIONAL,"('real_estate_agency', 'point_of_interest', 'establishment')",07300
Remax Major Inca Inmobiliaria,"Carrer Major, 43, 07300 Inca, Illes Balears, España",+34 623 41 25 98,https://www.remaxmajor.com/,5.0,5.0,es,Google reviews: 5* / 5,OPERATIONAL,"('real_estate_agency', 'point_of_interest', 'establishment')",07300
Mallorca Sun Homes,"Carrer de Can Vidal, 6, 07300 Inca, Illes Balears, España",+34 636 01 12 48,http://mallorcasunhomes.com/,5.0,1.0,en,Google reviews: 5* / 1,OPERATIONAL,"('real_estate_agency', 'point_of_interest', 'establishment')",07300
Bulldog Properties,,+34 600 50 71 66,https://www.bulldogproperties.es/,5.0,9.0,es,Google reviews: 5* / 9,OPERATIONAL,"('real_estate_agency', 'establishment')",
Villafinca,"Avinguda d'Alcúdia, 25, 07300 Inca, Illes Balears, España",+34 871 52 00 25,https://www.villafinca.com/es,4.2,13.0,es,Google reviews: 4.2* / 13,OPERATIONAL,"('real_estate_agency', 'point_of_interest', 'establishment')",07300
INMOURBAN / MALLORCAFINANCE,"Carrer de Can Vidal, 6, 07300 Inca, Illes Balears, España",+34 632 65 94 29,http://www.inmourban.com/,5.0,1.0,es,Google reviews: 5* / 1,OPERATIONAL,"('real_estate_agency', 'point_of_interest', 'establishment')",07300
Inser Inmobiliaria,"Avinguda de Lluc, 58, 07300 Inca, Illes Balears, España",+34 629 60 11 06,http://www.somosinser.com/,1.0,1.0,es,Google reviews: 1* / 1,OPERATIONAL,"('real_estate_agency', 'point_of_interest', 'establishment')",07300
Inmobiliaria Pujadas,"Pl. d'Espanya, 30, 07300 Inca, Illes Balears, España",+34 971 50 06 58,,2.9,24.0,es,Google reviews: 2.9* / 24,OPERATIONAL,"('real_estate_agency', 'point_of_interest', 'establishment')",07300
ACP INMOBILIARIA,"Carrer de Sant Antoni, 129, 07300 Inca, Illes Balears, España",+34 654 23 61 71,,3.5,2.0,es,Google reviews: 3.5* / 2,OPERATIONAL,"('real_estate_agency', 'point_of_interest', 'establishment')",07300
Madina Mallorca,"Carrer de Sant Domingo, 6, 07300 Inca, Illes Balears, España",+34 633 75 57 22,https://madinamallorca.com/,,,es,Google reviews: * / None,OPERATIONAL,"('real_estate_agency', 'point_of_interest', 'establishment')",07300
House Mallorca,"Pl. d'Espanya, 29-30, 07300 Inca, Illes Balears, España",+34 665 23 49 60,https://www.housemallorca.com/contact,,,ca,Google reviews: * / None,OPERATIONAL,"('real_estate_agency', 'point_of_interest', 'establishment')",07300
Emerald Luxury Real Estate,"C. Mairata, Carrer de la Glòria, 15, bajos, 07300 Inca, Illes Balears, España",+34 671 49 82 79,,,,es,Google reviews: * / None,OPERATIONAL,"('real_estate_agency', 'point_of_interest', 'establishment')",07300
CAMPS I VILES ,,+34 617 43 08 26,,5.0,1.0,es,Google reviews: 5* / 1,OPERATIONAL,"('real_estate_agency', 'finance', 'establishment')",
Inmobiliaria Portal Mallorca,,+34 633 43 06 50,http://www.portalmallorca.com/,,,es,Google reviews: * / None,OPERATIONAL,"('real_estate_agency', 'establishment')",
Inmobiliaria Crespí,"Carrer d'en Palmer, 18, 07300 Inca, Illes Balears, España",+34 971 88 15 00,,,,es,Google reviews: * / None,OPERATIONAL,"('real_estate_agency', 'point_of_interest', 'establishment')",07300
Inversiones Son Amonda S.L.,"Carrer de Miquel Àngel, 19, 07300 Inca, Illes Balears, España",+34 971 50 26 46,,1.0,1.0,es,Google reviews: 1* / 1,OPERATIONAL,"('real_estate_agency', 'point_of_interest', 'establishment')",07300
Inmobiliaria Svprojectes Asesores Inmobiliarios,"Carrer Ca'n Vidal, 3, 07300 Inca, Illes Balears, España",+34 663 88 00 72,,,,es,Google reviews: * / None,OPERATIONAL,"('real_estate_agency', 'point_of_interest', 'establishment')",07300
Sebas Bisbal ,"Carrer sa Carretera, 40, 07310 Campanet, Illes Balears, España",+34 610 61 67 98,http://www.sociesifills.es/,4.6,12.0,es,Google reviews: 4.6* / 12,OPERATIONAL,"('real_estate_agency', 'general_contractor', 'point_of_interest', 'establishment')",07310
For all your Property needs,"Pl. d'Espanya, 30, 07300 Inca, Illes Balears, España",+34 616 37 50 04,,,,en,Google reviews: * / None,OPERATIONAL,"('real_estate_agency', 'point_of_interest', 'establishment')",07300
T&T SERVICIOS INMOBILIARIOS,"Carrer d'en Palmer, 18, 07300 Inca, Illes Balears, España",+34 971 88 15 00,,,,es,Google reviews: * / None,OPERATIONAL,"('real_estate_agency', 'finance', 'lawyer', 'consultant', 'point_of_interest', 'establishment')",07300
Inca Jardín S L,"Carrer del Canonge Payeras, 0, 07300 Inca, Illes Balears, España",+34 971 50 00 79,,,,es,Google reviews: * / None,OPERATIONAL,"('real_estate_agency', 'point_of_interest', 'establishment')",07300
Moscari Finca Service S.L.,"Carrer des Pou, 1, A, 07316 Moscari, Illes Balears, España",+34 648 18 51 46,http://www.moscari-finca-service.es/,4.8,34.0,de,Google reviews: 4.8* / 34,OPERATIONAL,"('real_estate_agency', 'point_of_interest', 'establishment')",07316
INMOGAP,"Ctra. de Lluc, 9, 07313 Selva, Illes Balears, España",+34 971 51 53 33,https://www.inmogap.es/,4.7,6.0,es,Google reviews: 4.7* / 6,OPERATIONAL,"('real_estate_agency', 'point_of_interest', 'establishment')",07313
IBhabitat inmobiliaria ,"Carrer Gran, 77, 07420 Sa Pobla, Illes Balears, España",+34 615 98 95 51,http://www.ibhabitat.es/,4.4,156.0,es,Google reviews: 4.4* / 156,OPERATIONAL,"('real_estate_agency', 'point_of_interest', 'establishment')",07420
Immobles Crespí,"Carrer Marquès de la Romana, 39, 07420 Sa Pobla, Illes Balears, España",+34 722 45 77 88,https://www.immoblescrespi.com/,5.0,19.0,es,Google reviews: 5* / 19,OPERATIONAL,"('real_estate_agency', 'point_of_interest', 'establishment')",07420
Domus54,"Rda. Albufera, 54, local 3, 07420 Sa Pobla, Illes Balears, España",+34 971 86 25 75,http://www.domus54.com/,4.7,123.0,es,Google reviews: 4.7* / 123,OPERATIONAL,"('real_estate_agency', 'point_of_interest', 'establishment')",07420
Selva,"Plaça Major, 5, 07313 Selva, Illes Balears, España",+34 616 76 34 28,,4.8,5.0,de,Google reviews: 4.8* / 5,OPERATIONAL,"('real_estate_agency', 'point_of_interest', 'establishment')",07313
Ca Teva Properties,"Plaça Major, 11a, 07420 Sa Pobla, Illes Balears, España",+34 697 56 08 36,http://www.cateva-properties.com/,5.0,9.0,es,Google reviews: 5* / 9,OPERATIONAL,"('real_estate_agency', 'point_of_interest', 'establishment')",07420
REMAX Land Inmobiliaria Mallorca,"Plaça Major, 4 - 1, 07420 Sa Pobla, Illes Balears, España",+34 692 47 26 21,https://remaxland.es/,5.0,6.0,es,Google reviews: 5* / 6,OPERATIONAL,"('real_estate_agency', 'point_of_interest', 'establishment')",07420
ImmoPoint Mallorca,"Plaça Major, 5, 07313 Selva, Illes Balears, España",+34 616 76 34 28,http://immopoint-mallorca.com/,5.0,16.0,en,Google reviews: 5* / 16,OPERATIONAL,"('real_estate_agency', 'point_of_interest', 'establishment')",07313
Mallorca nemovitosti na prodej,"Carrer d'es Castellet, 1, 07311 Búger, Illes Balears, España",+34 971 69 79 34,https://firstclass-estate.com/en,,,cs,Google reviews: * / None,OPERATIONAL,"('real_estate_agency', 'point_of_interest', 'establishment')",07311
Taylor & Co,"Plaça Mare of Deu de Lluc, 7, 07300 Mallorca, Illes Balears, España",+34 696 39 07 40,,,,es,Google reviews: * / None,OPERATIONAL,"('real_estate_agency', 'point_of_interest', 'establishment')",07300
Vanguardia Real Estate Consulting,"Carrer de l'Església, 14, 07420 Sa Pobla, Illes Balears, España",+34 671 21 84 13,https://www.vanguardia360.eu/,,,es,Google reviews: * / None,OPERATIONAL,"('real_estate_agency', 'point_of_interest', 'establishment')",07420
NextGen Property Solutions,,+34 656 63 26 04,,,,es,Google reviews: * / None,OPERATIONAL,"('real_estate_agency', 'establishment')",
LEXMALLORCA,,+34 685 11 22 39,,,,es,Google reviews: * / None,OPERATIONAL,"('real_estate_agency', 'establishment')",
Exclusive Property Mallorca SL,"Carrer Tresorer Cladera, 47, 07420 Sa Pobla, Illes Balears, España",+34 971 70 10 81,https://epm-sl.com/contact/,,,ca,Google reviews: * / None,OPERATIONAL,"('real_estate_agency', 'point_of_interest', 'establishment')",07420
casas en ocasion,"Carrer Dr. Fleming, 19, 07360 Lloseta, Illes Balears, España",+34 971 51 96 28,http://www.casasenocasion.com/,,,es,Google reviews: * / None,OPERATIONAL,"('real_estate_agency', 'point_of_interest', 'establishment')",07360
Api7inmo,,+34 670 95 38 71,http://www.api7inmo.es/,,,es,Google reviews: * / None,OPERATIONAL,"('real_estate_agency', 'establishment')",
API7INMO,"Carrer Son Beltrán, 6, 07360 Lloseta, Illes Balears, España",+34 627 70 28 68,https://www.api7inmo.es/,,,es,Google reviews: * / None,OPERATIONAL,"('real_estate_agency', 'point_of_interest', 'establishment')",07360
Living Blue Mallorca - Alaró,"Plaça de la Vila, 13, 07340 Alaró, Illes Balears, España",+34 971 51 08 81,http://www.livingblue-mallorca.com/,4.8,101.0,de,Google reviews: 4.8* / 101,OPERATIONAL,"('real_estate_agency', 'consultant', 'point_of_interest', 'establishment')",07340
Engel & Völkers Alaró ,"Carrer Petit, 2, 07340 Alaró, Illes Balears, España",+34 971 50 23 63,https://www.engelvoelkers.com/es/en/shops/alaro,5.0,39.0,es,Google reviews: 5* / 39,OPERATIONAL,"('real_estate_agency', 'consultant', 'point_of_interest', 'establishment')",07340
SAMPOL INMOBILIARIA,"Carrer de Sant Bartomeu, 43, LOCAL, 07330 Consell, Illes Balears, España",+34 663 88 07 21,http://www.sampolinmobiliaria.com/,4.7,54.0,es,Google reviews: 4.7* / 54,OPERATIONAL,"('real_estate_agency', 'point_of_interest', 'establishment')",07330
Tramontana Properties Mallorca,"camÍ de Son Fiol, 171, 07340 Alaró, Illes Balears, España",+34 971 87 91 92,http://www.tramontanaproperties.com/,3.0,1.0,es,Google reviews: 3* / 1,OPERATIONAL,"('real_estate_agency', 'point_of_interest', 'establishment')",07340
GR IMMOBLES ALARO S.L.,"Av. Constitució, 25, 07340 Alaró, Illes Balears, España",+34 971 51 02 03,http://www.gr-immobles.com/,4.6,5.0,es,Google reviews: 4.6* / 5,OPERATIONAL,"('real_estate_agency', 'point_of_interest', 'establishment')",07340
Asesoria Inmobiliaria Balear on line.,"Ma-2021, 07340 Alaró, Illes Balears, España",+34 680 65 52 25,http://asesoriainmobiliaria.eu/,5.0,1.0,es,Google reviews: 5* / 1,OPERATIONAL,"('real_estate_agency', 'point_of_interest', 'establishment')",07340
L'immobiliària de Mallorca,"Pol.1, Parc.22, Ca´n Corona, Camí de Ses Artigues, 07340 Alaró, Illes Balears, España",+34 607 16 20 64,http://immobiliariademallorca.com/,,,es,Google reviews: * / None,OPERATIONAL,"('real_estate_agency', 'point_of_interest', 'establishment')",07340
Inmobiliaria Grup Ses Cases C.B.,"Carrer d'Alcúdia, 15, 07330 Consell, Illes Balears, España",+34 971 62 27 26,,,,es,Google reviews: * / None,OPERATIONAL,"('real_estate_agency', 'point_of_interest', 'establishment')",07330
Habitatges Ftv S L,"Carrer del Mestre Miquel Deyà, 3, 07330 Palerm, Illes Balears, España",+34 971 62 29 46,,,,es,Google reviews: * / None,OPERATIONAL,"('real_estate_agency', 'point_of_interest', 'establishment')",07330
Advocus Hotel Immobilien Dieter Weidner,"Carrer Puig de sa Comuna, 133, 07340 Alaró, Illes Balears, España",+34 971 51 09 44,,,,de,Google reviews: * / None,OPERATIONAL,"('real_estate_agency', 'point_of_interest', 'establishment')",07340
Aim Property,"Carrer Can Ros, 1, 07340 Alaró, Illes Balears, España",+34 646 09 17 92,,2.3,3.0,es,Google reviews: 2.3* / 3,OPERATIONAL,"('real_estate_agency', 'point_of_interest', 'establishment')",07340
4 winds,,+34 608 00 70 81,https://4windsproperties.com/,,,es,Google reviews: * / None,OPERATIONAL,"('real_estate_agency', 'establishment')",
Villas Planet inmobiliaria ,"Villas Planet real estate, Carrer Mar i Estany, 1, local A, 07400 Puerto de Alcudia, Illes Balears, España",+34 971 54 54 11,https://www.villasplanet.com/,4.9,25.0,es,Google reviews: 4.9* / 25,OPERATIONAL,"('real_estate_agency', 'point_of_interest', 'establishment')",07400
Engel & Völkers Real Estate Inmobiliaria Puerto Alcudia,"Carrer dels Pins, 23, 07400 Port d'Alcúdia, Illes Balears, España",+34 971 89 77 00,http://www.engelvoelkers.com/mallorca/north,4.9,40.0,en,Google reviews: 4.9* / 40,OPERATIONAL,"('real_estate_agency', 'consultant', 'point_of_interest', 'establishment')",07400
Inmobiliaria Alcudia.,"Avinguda Príncep d'Espanya, 1, 07400 Alcúdia, Illes Balears, España",+34 971 54 90 66,http://www.inmobiliariaalcudia.com/,4.3,8.0,es,Google reviews: 4.3* / 8,OPERATIONAL,"('real_estate_agency', 'consultant', 'point_of_interest', 'establishment')",07400
Fincas Roque Inmobiliaria,"Carrer del Marisc, 5, 07400 Alcúdia, Illes Balears, España",+34 971 54 84 82,https://www.fincasroque.es/,4.7,18.0,es,Google reviews: 4.7* / 18,OPERATIONAL,"('real_estate_agency', 'consultant', 'point_of_interest', 'general_contractor', 'finance', 'establishment')",07400
Inmobiliaria Alcúdia 2000,"pou de, na figola, 1, 07400 Alcúdia, Illes Balears, España",+34 699 21 64 03,http://www.alcudia2000.com/,4.3,14.0,es,Google reviews: 4.3* / 14,OPERATIONAL,"('real_estate_agency', 'point_of_interest', 'establishment')",07400
Xarxa Homes  ( 07400 ),"Carrer del Mercat, 4, 07400 Alcúdia, Illes Balears, España",+34 971 68 41 08,https://www.xarxahomes.com/,5.0,4.0,es,Google reviews: 5* / 4,OPERATIONAL,"('real_estate_agency', 'consultant', 'point_of_interest', 'general_contractor', 'establishment')",07400
Ready to Live,"Carrer de Teodor Canet, 12, local 2, 07400 Puerto de Alcudia, Illes Balears, España",+34 871 71 79 87,http://www.readytolive.eu/,5.0,21.0,es,Google reviews: 5* / 21,OPERATIONAL,"('real_estate_agency', 'point_of_interest', 'establishment')",07400
Comfort Properties,"Carrer de Teodor Canet, 37, bajos derecha, 07400 Alcúdia, Illes Balears, España",+34 971 54 84 45,http://www.comfortproperties.es/,4.7,23.0,es,Google reviews: 4.7* / 23,OPERATIONAL,"('real_estate_agency', 'point_of_interest', 'establishment')",07400
DAHLER Mallorca Alcúdia,"Carrer del Progrés, 14, 07400 Alcúdia, Illes Balears, España",+49 163 6392225,https://www.dahlercompany.com/de/mallorca/immobilienmakler/alcudia,4.8,26.0,de,Google reviews: 4.8* / 26,OPERATIONAL,"('real_estate_agency', 'consultant', 'point_of_interest', 'establishment')",07400
Costa Nord Alcúdia S L,"Passeig Marítim, 32, 07400 Port d'Alcúdia, Illes Balears, España",+34 971 54 65 79,http://www.inmobiliariacostanord.com/,5.0,12.0,es,Google reviews: 5* / 12,OPERATIONAL,"('real_estate_agency', 'point_of_interest', 'establishment')",07400
Alcúdia Property,"Carrer dels Pins, 6, 07400 Alcúdia, Illes Balears, España",+34 971 54 74 53,http://www.alcudiaproperty.com/,3.3,7.0,es,Google reviews: 3.3* / 7,OPERATIONAL,"('real_estate_agency', 'point_of_interest', 'establishment')",07400
Inmobiliaria Rebassa Alcudia Mallorca,"Carrer de Pollèntia, 21a, 07400 Alcúdia, Illes Balears, España",+34 971 54 75 77,http://immobiliariarebassa.com/,4.0,1.0,es,Google reviews: 4* / 1,OPERATIONAL,"('real_estate_agency', 'point_of_interest', 'establishment')",07400
Mallorca Holiday Properties,"Carrer de Pollèntia, 9a, 07400 Alcúdia, Illes Balears, España",+34 871 04 29 15,http://www.mallorcaholidayproperties.com/,4.4,46.0,es,Google reviews: 4.4* / 46,OPERATIONAL,"('real_estate_agency', 'point_of_interest', 'establishment')",07400
Mairata Properties ,"Carrer Gabriel Roca, 19, 07400 Port d'Alcúdia, Illes Balears, España",+34 971 53 91 56,http://www.mairataproperties.com/,4.7,17.0,es,Google reviews: 4.7* / 17,OPERATIONAL,"('real_estate_agency', 'consultant', 'point_of_interest', 'general_contractor', 'establishment')",07400
Serra & Partner,"Av. Pere Mas i Reus, 25 Entrando hacia Hotel Siesta 2, 07400 Alcúdia, Illes Balears, España",+34 659 87 48 66,https://www.serrapartner.es/,3.8,18.0,es,Google reviews: 3.8* / 18,OPERATIONAL,"('real_estate_agency', 'point_of_interest', 'establishment')",07400
SOL immo,"Carrer de Teodor Canet, 20a, 07400 Port d'Alcúdia, Illes Balears, España",+34 971 20 82 73,,4.2,6.0,es,Google reviews: 4.2* / 6,OPERATIONAL,"('real_estate_agency', 'point_of_interest', 'establishment')",07400
Mallorca Sales Properties,"Carrer de Pollèntia, 9a, 07400 Alcúdia, Illes Balears, España",+34 651 47 77 77,https://www.mallorcasalesproperties.com/,,,es,Google reviews: * / None,OPERATIONAL,"('real_estate_agency', 'point_of_interest', 'establishment')",07400
Inmobiliaria Farrutx,"Carrer de la Creu, 1, 07400 Alcúdia, Illes Balears, España",+34 971 89 72 72,,3.6,5.0,es,Google reviews: 3.6* / 5,OPERATIONAL,"('real_estate_agency', 'point_of_interest', 'establishment')",07400
Palmer Mallorca Properties,"Carrer Rafel, 1, 07400 Port d'Alcúdia, Illes Balears, España",+34 666 40 19 43,http://palmer-partners.com/,5.0,2.0,es,Google reviews: 5* / 2,OPERATIONAL,"('real_estate_agency', 'point_of_interest', 'establishment')",07400
TOPAY INMOBILIARIA,"Carrer de la Roca, 1, 07400 Alcúdia, Illes Balears, España",+34 695 69 30 85,https://www.topayinmobiliaria.es/,,,es,Google reviews: * / None,OPERATIONAL,"('real_estate_agency', 'point_of_interest', 'establishment')",07400
Emerald Stay Mallorca,"Carrer de Xara, 23, 07400 Alcúdia, Illes Balears, España",+34 932 20 85 89,https://emeraldstay.com/mallorca/rental-accommodation,4.6,36.0,es,Google reviews: 4.6* / 36,OPERATIONAL,"('real_estate_agency', 'point_of_interest', 'establishment')",07400
Mai Properties Mallorca,,+34 691 79 61 45,https://www.maipropertiesmallorca.com/,5.0,1.0,es,Google reviews: 5* / 1,OPERATIONAL,"('real_estate_agency', 'establishment')",
Binimarina Real Estate,,+34 971 71 83 38,https://www.binimarina.com/,3.5,16.0,es,Google reviews: 3.5* / 16,OPERATIONAL,"('real_estate_agency', 'establishment')",
Palmer & Partners Real Estate SL,"Carrer Rafel, 1a, 07400 Alcúdia, Illes Balears, España",+34 666 40 19 43,http://www.palmer-mallorca-properties.com/,,,es,Google reviews: * / None,OPERATIONAL,"('real_estate_agency', 'point_of_interest', 'establishment')",07400
MG Inmomallorca,"1º, Carretera d'Artà, 1, 07400 Port d'Alcúdia, Illes Balears, España",+34 629 60 11 07,http://mginmomallorca.com/,1.0,3.0,es,Google reviews: 1* / 3,OPERATIONAL,"('real_estate_agency', 'point_of_interest', 'establishment')",07400
SveaBalear,"Carrer del Lledoner, 5, 07400 Alcúdia, Illes Balears, España",+34 687 08 47 03,https://www.sveabalear.com/,,,es,Google reviews: * / None,OPERATIONAL,"('real_estate_agency', 'point_of_interest', 'establishment')",07400
Paloma Hernández Rubio,"Carrer de Caraques, 8, 07400 Platja D'Alcudia, Illes Balears, España",+34 971 89 33 11,http://www.palomarealestate.es/,3.3,7.0,es,Google reviews: 3.3* / 7,OPERATIONAL,"('real_estate_agency', 'point_of_interest', 'establishment')",07400
Arc Alcudia S.L.,"Passeig de la Mare de Déu de la Victòria, 2, 07400 Alcúdia, Illes Balears, España",+34 871 57 75 64,,,,es,Google reviews: * / None,OPERATIONAL,"('real_estate_agency', 'point_of_interest', 'establishment')",07400
Alcudia Link,,+49 176 21494512,http://www.alcudialink.com/,5.0,3.0,es,Google reviews: 5* / 3,OPERATIONAL,"('real_estate_agency', 'establishment')",
Mallorca Best Houses,"Carrer del Lledoner, 5, 07400 Alcúdia, Illes Balears, España",+34 636 98 58 35,https://www.mallorcabesthouses.com/contact,,,ca,Google reviews: * / None,OPERATIONAL,"('real_estate_agency', 'point_of_interest', 'establishment')",07400
REMER Inmobiliaria Mallorca SL,"Carrer Mar, 2, 07400 Port d'Alcúdia, Illes Balears, España",+34 971 57 69 85,https://www.nr-inmobiliaria.com/en/contact/,,,es,Google reviews: * / None,OPERATIONAL,"('real_estate_agency', 'point_of_interest', 'establishment')",07400
NR Inmobiliaria,"Carrer de les Illes Balears, 28, 07400 Port d'Alcúdia, Illes Balears, España",+34 630 43 07 05,http://nr-inmobiliaria.com/,,,es,Google reviews: * / None,OPERATIONAL,"('real_estate_agency', 'point_of_interest', 'establishment')",07400
Broker Luxury,,+34 691 94 94 94,https://www.brokerluxury.com/,,,es,Google reviews: * / None,OPERATIONAL,"('real_estate_agency', 'establishment')",
INMOALCUDIA S.L,"Camí de Ronda, 55, 07400 Alcúdia, Illes Balears, España",+34 635 22 16 89,,,,es,Google reviews: * / None,OPERATIONAL,"('real_estate_agency', 'point_of_interest', 'establishment')",07400
Sirra Sunrise Playa de Alcudia,"Carrer dels Àlbers, 5, 07400 Alcúdia, Illes Balears, España",+49 4181 9288340,https://www.fewollorca.de/ferienhaus-ferienwohnung-urlaub-mallorca-korfu-kreta/sirra-sunrise.html,4.0,1.0,de,Google reviews: 4* / 1,OPERATIONAL,"('real_estate_agency', 'point_of_interest', 'establishment')",07400
INMOVYP Gestiones y promociones inmobiliarias ( 07460 ),"Carrer de Cecili Metel, 28, 07460 Pollença, Illes Balears, España",+34 627 46 85 15,https://www.inmovyp.es/,4.9,26.0,es,Google reviews: 4.9* / 26,OPERATIONAL,"('real_estate_agency', 'point_of_interest', 'establishment')",07460
C&M FINE HOMES ,"Plaça de Ca les Monnares, 1, 07460 Pollença, Illes Balears, España",+34 647 09 40 99,http://www.cymfinehomes.com/,5.0,6.0,es,Google reviews: 5* / 6,OPERATIONAL,"('real_estate_agency', 'gift_shop', 'point_of_interest', 'store', 'establishment')",07460
Bonanova Properties ,,+34 650 76 16 14,https://www.bonanovaproperties.com/,,,es,Google reviews: * / None,OPERATIONAL,"('real_estate_agency', 'establishment')",
Mallorca 2000 ( 07420 ),"Carrer Dr. Gómez Ullà, 10, 07420 Sa Pobla, Illes Balears, España",+34 971 86 22 00,,,,es,Google reviews: * / None,OPERATIONAL,"('real_estate_agency', 'point_of_interest', 'establishment')",07420
ReadyToLive,"Carretera de Llubí, 23, 07420 Sa Pobla, Illes Balears, España",+34 871 71 79 87,https://www.readytolive.eu/contacto,,,ca,Google reviews: * / None,OPERATIONAL,"('real_estate_agency', 'point_of_interest', 'establishment')",07420
Mallorca Realtors Exclusive Properties,"Poligono, 10, Parcela 237, 07510 Sineu, Illes Balears, España",+34 639 75 95 32,http://www.mallorcarealtors.com/,4.9,9.0,es,Google reviews: 4.9* / 9,OPERATIONAL,"('real_estate_agency', 'point_of_interest', 'establishment')",07510
RED DE GESTION PATRIMONIAL SL,,+34 678 31 71 88,https://www.redpatrimonial.com/,5.0,131.0,es,Google reviews: 5* / 131,OPERATIONAL,"('real_estate_agency', 'consultant', 'establishment')",
Inmobiliaria Can Picafort Casas Mallorquinas,"Passeig Colón, 32, 07458 Can Picafort, Illes Balears, España",+34 601 99 57 11,https://www.casasmallorquinas.com/,5.0,8.0,es,Google reviews: 5* / 8,OPERATIONAL,"('real_estate_agency', 'point_of_interest', 'establishment')",07458
Mallorhouse Inmobiliaria Mallorca,"Av. Diagonal, 7, 07458 Can Picafort, Illes Balears, España",+34 971 85 19 03,http://mallorhouse.com/,5.0,40.0,es,Google reviews: 5* / 40,OPERATIONAL,"('real_estate_agency', 'insurance_agency', 'consultant', 'point_of_interest', 'establishment')",07458
CFEMENÍA: Inmobiliaria,"Via França, 3, 07458 Can Picafort, Illes Balears, España",+34 656 98 62 08,http://www.cfemenia.com/,4.5,48.0,es,Google reviews: 4.5* / 48,OPERATIONAL,"('real_estate_agency', 'home_goods_store', 'consultant', 'point_of_interest', 'general_contractor', 'store', 'establishment')",07458
Inmobiliaria Colònia Sant Pere,"Carrer Major de la Colònia, 4, 07579 Colonia de Sant Pere, Illes Balears, España",+34 971 58 95 12,http://www.mallorcacolonia.com/,4.9,105.0,ca,Google reviews: 4.9* / 105,OPERATIONAL,"('real_estate_agency', 'point_of_interest', 'general_contractor', 'establishment')",07579
Villa-mar,"Passeig Colón, 165, 07458 Can Picafort, Illes Balears, España",+34 971 09 62 17,http://www.villa-mar.es/,3.3,3.0,es,Google reviews: 3.3* / 3,OPERATIONAL,"('real_estate_agency', 'point_of_interest', 'establishment')",07458
Inmoalquila Group,"Via Suïssa, 12, 07458 Can Picafort, Illes Balears, España",+34 620 14 15 14,https://www.inmoalquila.es/,3.0,4.0,es,Google reviews: 3* / 4,OPERATIONAL,"('real_estate_agency', 'point_of_interest', 'establishment')",07458
Loch&Partner Real Estate,"Ronda Torrent, 20, 07458 Can Picafort, Illes Balears, España",+34 671 31 51 88,,,,de,Google reviews: * / None,OPERATIONAL,"('real_estate_agency', 'point_of_interest', 'establishment')",07458
Voltor Inmo S.L.,"Carrer Isaac Peral, 108, 07458 Can Picafort, Illes Balears, España",+34 971 85 20 57,,,,es,Google reviews: * / None,OPERATIONAL,"('real_estate_agency', 'point_of_interest', 'establishment')",07458
Blau Sauvatje Sl,"Carrer Bosc, 07458 Can Picafort, Illes Balears, España",+34 971 85 27 47,,1.0,1.0,es,Google reviews: 1* / 1,OPERATIONAL,"('real_estate_agency', 'point_of_interest', 'establishment')",07458
Mallorca 2000 ( 07458 ),"Carrer Juià, 16, 07458 Platja de Muro, Illes Balears, España",+34 627 86 20 00,,,,es,Google reviews: * / None,OPERATIONAL,"('real_estate_agency', 'point_of_interest', 'establishment')",07458
ITS Mallorca Inmobiliaria Colonia de San Pedro,"Carrer de la Verge Maria, 51, 07579 Colonia de Sant Pere, Illes Balears, España",+34 971 58 93 75,http://www.itsmallorca.com/,4.1,14.0,es,Google reviews: 4.1* / 14,OPERATIONAL,"('real_estate_agency', 'point_of_interest', 'establishment')",07579
DAHLER Mallorca Campos,"Camí de sa Sorda, Poligono 3, Parcela 97, 07630 Campos, Illes Balears, España",+34 871 25 21 96,http://www.dahler.com/llucmajor,,,de,Google reviews: * / None,OPERATIONAL,"('real_estate_agency', 'point_of_interest', 'establishment')",07630
"Select Family Villas, S.L.","Carretera Aumadrava km 0.2, 07460 Pollença, Illes Balears, España",+34 609 65 46 34,http://www.selectfamilyvillas.com/,5.0,4.0,es,Google reviews: 5* / 4,OPERATIONAL,"('real_estate_agency', 'point_of_interest', 'establishment')",07460
Pollentia Properties Mallorca ,"Carrer d'Alcúdia, 14, 07460 Pollença, Illes Balears, España",+34 971 53 45 85,https://www.pollentiaproperties.com/,4.8,53.0,es,Google reviews: 4.8* / 53,OPERATIONAL,"('real_estate_agency', 'point_of_interest', 'establishment')",07460
SolMallorca inmobiliaria Puerto de Pollensa,"Passeig Saralegui, 48, 07470 Port de Pollença, Illes Balears, España",+34 971 86 57 67,http://www.solmallorca.com/,5.0,16.0,es,Google reviews: 5* / 16,OPERATIONAL,"('real_estate_agency', 'finance', 'consultant', 'point_of_interest', 'establishment')",07470
First Mallorca Pollensa,"Carrer d'Alcúdia, 14, 07460 Pollença, Illes Balears, España",+34 871 59 99 83,http://www.firstmallorca.com/,4.8,19.0,en,Google reviews: 4.8* / 19,OPERATIONAL,"('real_estate_agency', 'consultant', 'point_of_interest', 'establishment')",07460
Happy Villas Mail: info@happy,"Carrer de Cervantes, 07460 Pollença, Illes Balears, España",+34 620 44 08 12,http://www.happy-villas.com/,5.0,5.0,es,Google reviews: 5* / 5,OPERATIONAL,"('real_estate_agency', 'point_of_interest', 'establishment')",07460
Prestige Villas,"Carrer del Roser Vell, 38, 07460 Pollença, Illes Balears, España",+34 971 53 50 76,http://www.prestigevillas.com/,4.8,9.0,es,Google reviews: 4.8* / 9,OPERATIONAL,"('real_estate_agency', 'point_of_interest', 'establishment')",07460
Engel & Völkers Real Estate Inmobiliaria Puerto Pollensa,"Carrer de Joan XXIII, 11, 07470 Port de Pollença, Illes Balears, España",+34 971 86 84 00,http://www.mallorca-north.com/,4.9,36.0,en,Google reviews: 4.9* / 36,OPERATIONAL,"('real_estate_agency', 'point_of_interest', 'establishment')",07470
Sol Mallorca,"Via Pollentia, 17, 07460 Pollença, Illes Balears, España",+34 971 53 50 45,http://www.pollencaproperties-sol.co.uk/,4.6,14.0,es,Google reviews: 4.6* / 14,OPERATIONAL,"('real_estate_agency', 'point_of_interest', 'establishment')",07460
First Mallorca Pollensa 2,"Carrer de Pius XI, 19, 07460 Pollença, Illes Balears, España",+34 871 59 99 83,http://www.firstmallorca.com/,5.0,1.0,en,Google reviews: 5* / 1,OPERATIONAL,"('real_estate_agency', 'point_of_interest', 'establishment')",07460
SunVillasMallorca,"Via Argentina, 7, 07460 Pollença, Illes Balears, España",+34 971 53 54 73,http://www.sunvillasmallorca.com/en/,4.5,21.0,es,Google reviews: 4.5* / 21,OPERATIONAL,"('real_estate_agency', 'point_of_interest', 'establishment')",07460
IB Properties SL,"Carrer de Vicenç Buades, 68, 07470 Port de Pollença, Illes Balears, España",+34 871 18 06 15,http://ibproperties.com/,4.8,14.0,en,Google reviews: 4.8* / 14,OPERATIONAL,"('real_estate_agency', 'point_of_interest', 'establishment')",07470
Mallorca Ferien Finca,"C/Picapedrer, Solar B11. Pol. Industrial, 07460 Pollença, Illes Balears, España",+34 871 57 72 58,https://www.mallorcaferienfinca.com/,4.8,5.0,en,Google reviews: 4.8* / 5,OPERATIONAL,"('real_estate_agency', 'point_of_interest', 'establishment')",07460
Inmobiliaria Port,"Carrer de Joan XXIII, 5, Bajo, 07470 Port de Pollença, Illes Balears, España",+34 971 86 58 51,https://linktr.ee/inmobiliariaport,4.2,25.0,es,Google reviews: 4.2* / 25,OPERATIONAL,"('real_estate_agency', 'point_of_interest', 'establishment')",07470
JS Villas ,"Carrer de Joan XXIII, 1, 07470 Port de Pollença, Illes Balears, España",+34 971 86 62 35,https://www.jsvillas.com/,4.6,28.0,es,Google reviews: 4.6* / 28,OPERATIONAL,"('real_estate_agency', 'finance', 'point_of_interest', 'establishment')",07470
Riusech Estate Agents,"Carrer de Formentor, 89, Bloque C, 07470 Port de Pollença, Illes Balears, España",+34 971 86 48 01,https://www.riusech.com/,4.9,22.0,es,Google reviews: 4.9* / 22,OPERATIONAL,"('real_estate_agency', 'point_of_interest', 'establishment')",07470
A&R GESTION INMOBILIARIA,"Carrer de Rubén Darío, 12, local, 07470 Port de Pollença, Illes Balears, España",+34 622 92 96 00,http://www.ar-casasmodularesbaleares.com/,5.0,3.0,es,Google reviews: 5* / 3,OPERATIONAL,"('real_estate_agency', 'point_of_interest', 'establishment')",07470
Dickinson Properties,"Carrer de Joan XXIII, 47, 07470 Port de Pollença, Illes Balears, España",+34 699 76 11 18,https://www.dickinsonproperties.com/,5.0,5.0,es,Google reviews: 5* / 5,OPERATIONAL,"('real_estate_agency', 'point_of_interest', 'establishment')",07470
Estate Agency Balearic Properties – Savills Office,"Via Pollentia, 9, 07460 Pollença, Illes Balears, España",+34 971 53 29 84,https://www.balearic-properties.com/,,,es,Google reviews: * / None,OPERATIONAL,"('real_estate_agency', 'point_of_interest', 'establishment')",07460
Balearic Properties Savills ,"Via Pollentia, 3, 07460 Pollença, Illes Balears, España",+34 971 53 22 21,https://www.balearic-properties.com/en/,,,es,Google reviews: * / None,OPERATIONAL,"('real_estate_agency', 'point_of_interest', 'establishment')",07460
Bellresguard ,"URBANIZACION BELLRESGUARD, Carrer de Formentor, 89, BLOQUE C, 07470 Port de Pollença, Illes Balears, España",+34 971 86 48 01,http://www.riusech.com/,4.7,18.0,es,Google reviews: 4.7* / 18,OPERATIONAL,"('real_estate_agency', 'point_of_interest', 'general_contractor', 'establishment')",07470
Panda Properties S L,"Carrer del Llevant, 0, 07470 Port de Pollença, Illes Balears, España",+34 971 86 88 17,,5.0,2.0,es,Google reviews: 5* / 2,OPERATIONAL,"('real_estate_agency', 'point_of_interest', 'establishment')",07470
Inmobiliaria Bellamar,"Carrer de Joan XXIII, 49, 07470 Port de Pollença, Illes Balears, España",+34 971 86 66 66,,5.0,1.0,es,Google reviews: 5* / 1,OPERATIONAL,"('real_estate_agency', 'point_of_interest', 'establishment')",07470
Dickinson Villas,"Carrer de Joan XXIII, 45, 07470 Port de Pollença, Illes Balears, España",+34 971 86 74 51,http://www.dickinsonvillas.com/,4.3,165.0,es,Google reviews: 4.3* / 165,OPERATIONAL,"('real_estate_agency', 'point_of_interest', 'establishment')",07470
Miguel Aguilo ,"Carrer del Llaüt, 4, 1º E, 07470 Port de Pollença, Illes Balears, España",+1 866-348-3924,https://www.iadespana.es/agente-inmobiliario/miguel.aguilo,5.0,47.0,es,Google reviews: 5* / 47,OPERATIONAL,"('real_estate_agency', 'consultant', 'point_of_interest', 'establishment')",07470
Living Pollença - Real estate,"Via Pollentia, 19, bajos izq, 07460 Pollença, Illes Balears, España",+34 651 14 91 22,http://www.living-pollensa.com/,3.7,6.0,es,Google reviews: 3.7* / 6,OPERATIONAL,"('real_estate_agency', 'point_of_interest', 'establishment')",07460
Jorge Cifre Exp Realty,"Carrer de Colom, 10, 07460 Pollença, Illes Balears, España",+34 692 88 20 30,https://www.jorgecifre.de/,5.0,1.0,es,Google reviews: 5* / 1,OPERATIONAL,"('real_estate_agency', 'consultant', 'point_of_interest', 'finance', 'establishment')",07460
Terranova Balearic,"Via Pollentia, 34, 07460 Pollença, Illes Balears, España",+34 671 41 10 00,,4.0,1.0,es,Google reviews: 4* / 1,OPERATIONAL,"('real_estate_agency', 'point_of_interest', 'establishment')",07460
Frank Heinsbroek Real Estate Boutique,"Via Pollentia, 39, 07460 Pollença, Illes Balears, España",+34 971 54 36 02,https://www.heinsbroekrealestate.com/,4.2,5.0,en,Google reviews: 4.2* / 5,OPERATIONAL,"('real_estate_agency', 'point_of_interest', 'establishment')",07460
Portvil S.L.,"Carrer del Temporal, 19, 07469 Cala Sant Vicenç, Illes Balears, España",+34 971 53 22 09,http://www.portvil.com/,4.4,23.0,es,Google reviews: 4.4* / 23,OPERATIONAL,"('real_estate_agency', 'point_of_interest', 'establishment')",07469
Gesmorent,"La Rambla, 8, Centre, 07003 Palma, Illes Balears, España",+34 971 75 85 94,http://www.gesmorent.com/,4.0,44.0,es,Google reviews: 4* / 44,OPERATIONAL,"('real_estate_agency', 'point_of_interest', 'establishment')",07003
AZ INMOBILIARIA,"Plaça Alexandre Jaume, 2, 1º, Distrito Centro, 07002 Palma, Illes Balears, España",+34 651 86 20 10,https://www.az-inmobiliaria.com/,,,en,Google reviews: * / None,OPERATIONAL,"('real_estate_agency', 'point_of_interest', 'establishment')",07002
Pine walk Apartments,"falco. gommar, 07470 puertopollensa, Illes Balears, España",+34 971 86 65 99,,4.3,52.0,es,Google reviews: 4.3* / 52,OPERATIONAL,"('real_estate_agency', 'point_of_interest', 'establishment')",07470
MARFRAN Real Estate Agency,"Carrer de Formentor, 42, 07470 Port de Pollença, Illes Balears, España",+34 971 86 71 97,http://www.marfran.net/,3.9,7.0,es,Google reviews: 3.9* / 7,OPERATIONAL,"('real_estate_agency', 'consultant', 'point_of_interest', 'establishment')",07470
Inmobiliaria Ponent At Home,"Carrer de les Monges, 8, 22, 07470 Pollença, Illes Balears, España",+34 971 86 83 02,,,,en,Google reviews: * / None,OPERATIONAL,"('real_estate_agency', 'point_of_interest', 'establishment')",07470
McCallum Homes,"Carrer del Migjorn, 3, bajos, 07470 Port de Pollença, Illes Balears, España",+34 629 54 08 95,http://www.mccallumhomes.es/,4.2,6.0,es,Google reviews: 4.2* / 6,OPERATIONAL,"('real_estate_agency', 'point_of_interest', 'establishment')",07470
Servera Capó Sl,"Carrer de les Monges, 5, 07470 Port de Pollença, Illes Balears, España",+34 971 86 66 23,,5.0,1.0,es,Google reviews: 5* / 1,OPERATIONAL,"('real_estate_agency', 'point_of_interest', 'establishment')",07470
Pollença Properties,"Camí Can Boyet, 453, 07470 Port de Pollença, Illes Balears, España",+34 971 86 65 99,,,,es,Google reviews: * / None,OPERATIONAL,"('real_estate_agency', 'point_of_interest', 'establishment')",07470
Línea Turística S L,"Carrer de Joan XXIII, 94, 07470 Port de Pollença, Illes Balears, España",+34 971 86 70 87,http://www.lineaturistica.com/,3.7,3.0,es,Google reviews: 3.7* / 3,OPERATIONAL,"('real_estate_agency', 'point_of_interest', 'establishment')",07470
Arrendamientos y Explotaciones Pollentia S.L.,"Carrer de Formentor, 23, 07470 Pollença, Illes Balears, España",+34 971 86 64 02,,,,es,Google reviews: * / None,OPERATIONAL,"('real_estate_agency', 'point_of_interest', 'establishment')",07470
GarCer Properties,"Carrer de l'Almirall Cervera, 24, 07470 Port de Pollença, Illes Balears, España",+34 608 72 38 04,http://www.garcerproperties.com/,,,es,Google reviews: * / None,OPERATIONAL,"('real_estate_agency', 'point_of_interest', 'establishment')",07470
Regato S L,"Lugar Formentor, 0, 07470 Port de Pollença, Illes Balears, España",+34 971 86 77 69,,,,es,Google reviews: * / None,OPERATIONAL,"('real_estate_agency', 'point_of_interest', 'establishment')",07470
James Matthews,"Carrer de Formentor, 10, 07470 Port de Pollença, Illes Balears, España",+34 661 83 03 04,http://james-broker.com/,,,es,Google reviews: * / None,OPERATIONAL,"('real_estate_agency', 'point_of_interest', 'establishment')",07470
Hamlet & Lond Real Estate,"Carrer de Formentor, 21, 07470 Port de Pollença, Illes Balears, España",+34 667 43 20 00,https://www.hamletlond.com/,,,es,Google reviews: * / None,OPERATIONAL,"('real_estate_agency', 'point_of_interest', 'establishment')",07470
Lefraje Luxe,"Carrer de Juan de la Cosa, 43, 07470 Port de Pollença, Illes Balears, España",+34 674 02 56 86,https://lefrajeluxe.com/contact-us,,,ca,Google reviews: * / None,OPERATIONAL,"('real_estate_agency', 'point_of_interest', 'establishment')",07470
Proyectos Pagras S L,"Carrer de Joan XXIII, 194, 07470 Port de Pollença, Illes Balears, España",+34 971 53 55 42,,,,es,Google reviews: * / None,OPERATIONAL,"('real_estate_agency', 'point_of_interest', 'establishment')",07470
Inmobiliaria Casal Mallorquí,"Carrer de Lleó XIII, 11, 07500 Manacor, Illes Balears, España",+34 667 62 68 23,https://casalmallorqui.com/,4.8,31.0,es,Google reviews: 4.8* / 31,OPERATIONAL,"('real_estate_agency', 'general_contractor', 'point_of_interest', 'establishment')",07500
Mallorca Open,"Carrer de ses Parres, 1, 07500 Manacor, Illes Balears, España",+34 971 09 45 49,https://www.mallorcaopen.es/,4.2,34.0,es,Google reviews: 4.2* / 34,OPERATIONAL,"('real_estate_agency', 'point_of_interest', 'establishment')",07500
Remax Grup Direct II Manacor,"Plaça sa Bassa, 10, 07500 Manacor, Illes Balears, España",+34 660 87 26 95,http://www.grupdirectremax.es/,4.5,50.0,es,Google reviews: 4.5* / 50,OPERATIONAL,"('real_estate_agency', 'point_of_interest', 'establishment')",07500
Fincaria,"Avinguda d'Es Tren, 74, 07500 Manacor, Illes Balears, España",+34 871 98 85 01,http://www.fincaria.com/,3.5,58.0,es,Google reviews: 3.5* / 58,OPERATIONAL,"('real_estate_agency', 'consultant', 'point_of_interest', 'establishment')",07500
VG Inmobiliaria,"Carrer de l'Amargura, 7, 07500 Manacor, Illes Balears, España",+34 971 59 24 79,https://vginmobiliaria.com/,5.0,7.0,es,Google reviews: 5* / 7,OPERATIONAL,"('real_estate_agency', 'point_of_interest', 'establishment')",07500
Inversiones Grup,"Carrer des Pou Fondo, 1, 07500 Manacor, Illes Balears, España",+34 871 61 05 87,http://www.inversionesgrup.com/,5.0,20.0,en,Google reviews: 5* / 20,OPERATIONAL,"('real_estate_agency', 'point_of_interest', 'establishment')",07500
MT Inmobiliaria Manacor,,+34 634 81 05 63,https://mtinmobiliariamanacor.es/,5.0,2.0,es,Google reviews: 5* / 2,OPERATIONAL,"('real_estate_agency', 'establishment')",
Mallorca Serveis ( 07500 ),"Carrer de ses Parres, 7, 07500 Manacor, Illes Balears, España",+34 971 84 37 85,http://mallorcaserveis.com/,3.7,3.0,es,Google reviews: 3.7* / 3,OPERATIONAL,"('real_estate_agency', 'point_of_interest', 'establishment')",07500
Ca Vostra,"Carrer des Creuers, 12, 07500 Manacor, Illes Balears, España",+34 602 24 10 00,https://www.cavostra.com/,4.2,6.0,es,Google reviews: 4.2* / 6,OPERATIONAL,"('real_estate_agency', 'point_of_interest', 'establishment')",07500
Habitatge9,"Carrer de l'Amargura, 18, 07500 Manacor, Illes Balears, España",+34 699 06 12 92,https://www.habitatge9.com/,5.0,2.0,es,Google reviews: 5* / 2,OPERATIONAL,"('real_estate_agency', 'point_of_interest', 'establishment')",07500
Pontet,"Passeig d'Antoni Maura, 42, 07500 Manacor, Illes Balears, España",+34 698 92 44 05,http://www.pontet.casa/,3.9,7.0,es,Google reviews: 3.9* / 7,OPERATIONAL,"('real_estate_agency', 'point_of_interest', 'establishment')",07500
MARSANT INMOBILIARIA,"Carrer d'En Joan Lliteras, 7a, 07500 Manacor, Illes Balears, España",+34 646 10 31 77,https://www.marsant-ib.com/,,,es,Google reviews: * / None,OPERATIONAL,"('real_estate_agency', 'point_of_interest', 'establishment')",07500
Fair Mallorca Inmobiliaria,"Carrer d'En Jaume Domenge, 4, 07500 Manacor, Illes Balears, España",+34 688 95 91 91,http://fair-mallorca.com/,3.8,10.0,es,Google reviews: 3.8* / 10,OPERATIONAL,"('real_estate_agency', 'point_of_interest', 'establishment')",07500
Nou Portal,"Carretera Portocristo Son Servera, 22, 07500 Manacor, Illes Balears, España",+34 971 81 51 39,,2.3,14.0,es,Google reviews: 2.3* / 14,OPERATIONAL,"('real_estate_agency', 'point_of_interest', 'establishment')",07500
Hamptonwell Estates,"Carrer de l'Amargura, 1, 07500 Manacor, Illes Balears, España",+34 684 45 97 11,http://hamptonwell-estates.com/,4.9,11.0,en,Google reviews: 4.9* / 11,OPERATIONAL,"('real_estate_agency', 'point_of_interest', 'establishment')",07500
Inmobiliaria casaseñorial,"Carrer d'en Muntaner, 61, 07500 Manacor, Illes Balears, España",+34 664 30 83 77,http://www.casaseñorial.com/,3.0,2.0,es,Google reviews: 3* / 2,OPERATIONAL,"('real_estate_agency', 'point_of_interest', 'establishment')",07500
Casa Finca Mallorca,"Carrer de Còrsega, 9a, 07500 Manacor, Illes Balears, España",+34 672 26 19 21,https://casafincamallorca.com/,3.0,2.0,es,Google reviews: 3* / 2,OPERATIONAL,"('real_estate_agency', 'consultant', 'point_of_interest', 'establishment')",07500
Finca Holiday Mallorca,,,http://www.fincaholidaymallorca.com/,4.9,73.0,es,Google reviews: 4.9* / 73,OPERATIONAL,"('real_estate_agency', 'establishment')",
AZ Property Hunter Mallorca,"Baix de cox, 07500 Manacor, Illes Balears, España",+34 635 82 56 52,https://www.azpropertyhuntermallorca.com/,5.0,6.0,fr,Google reviews: 5* / 6,OPERATIONAL,"('real_estate_agency', 'point_of_interest', 'establishment')",07500
BVB MALLORCA,"PIO XII, 5ªA-1º, 07500 Manacor, Illes Balears, España",+34 638 94 31 77,,,,es,Google reviews: * / None,OPERATIONAL,"('real_estate_agency', 'point_of_interest', 'establishment')",07500
inmomallorca,,+34 671 39 38 81,https://m.facebook.com/story.php?story_fbid=454986466429005&id=100057529664573,,,es,Google reviews: * / None,OPERATIONAL,"('real_estate_agency', 'establishment')",
NIVIC Solutions,"Ronda de Felanitx, 5, 07500 Manacor, Illes Balears, España",+34 623 95 94 41,https://www.nivicsolutions.com/,,,es,Google reviews: * / None,OPERATIONAL,"('real_estate_agency', 'finance', 'point_of_interest', 'establishment')",07500
a-mallorca Inmobiliaria,,+34 663 84 84 93,https://a-mallorca.com/,5.0,3.0,es,Google reviews: 5* / 3,OPERATIONAL,"('real_estate_agency', 'establishment')",
INMOBLAVET,,+34 628 35 78 52,,,,es,Google reviews: * / None,OPERATIONAL,"('real_estate_agency', 'establishment')",
690150552,,+34 690 15 05 52,https://luxmallorca.com/,,,es,Google reviews: * / None,OPERATIONAL,"('real_estate_agency', 'establishment')",
Dufry Baleares Sl,"Via Portugal, 0, 07500 Manacor, Illes Balears, España",+34 607 39 44 55,,,,es,Google reviews: * / None,OPERATIONAL,"('real_estate_agency', 'point_of_interest', 'establishment')",07500
"Niu Iniciatives, sl","Carrer Bas, 2, 07500 Manacor, Illes Balears, España",+34 971 55 90 64,,,,es,Google reviews: * / None,OPERATIONAL,"('real_estate_agency', 'point_of_interest', 'establishment')",07500
Javier Elennys,,+34 695 97 29 76,,,,es,Google reviews: * / None,OPERATIONAL,"('real_estate_agency', 'establishment')",
Immobilien und Bau Gutachten,"Mallorca, Plaça de Ramon Llull, 20, 9 dr, 07500 Manacor, Illes Balears, España",+34 971 46 12 10,http://immobilien-bau-gutachter.com/,,,es,Google reviews: * / None,OPERATIONAL,"('real_estate_agency', 'point_of_interest', 'general_contractor', 'establishment')",07500
Verger Inmobiliaria,"Carrer Femenies, 07530 Sant Llorenç des Cardassar, Illes Balears, España",+34 607 73 14 60,https://www.verger-inmobiliaria.com/,,,es,Google reviews: * / None,OPERATIONAL,"('real_estate_agency', 'point_of_interest', 'establishment')",07530
GNGRUP,"Carrer d'Es Rebumbori, 2, 07500 Manacor, Illes Balears, España",+34 971 84 33 08,http://gngrup.com/,4.9,10.0,es,Google reviews: 4.9* / 10,OPERATIONAL,"('real_estate_agency', 'consultant', 'point_of_interest', 'establishment')",07500
"Casa d'OR, C.B.","07680 Polligrono 13, Parcela 233, 07680 Porto Cristo, Illes Balears, España",+34 607 31 92 59,http://www.casa-dor.com/,4.2,5.0,es,Google reviews: 4.2* / 5,OPERATIONAL,"('real_estate_agency', 'point_of_interest', 'establishment')",07680
Loperon and Company,"Av. Parc, 62, 2c, 07500 Manacor, Illes Balears, España",+34 675 76 59 60,https://loperonandcompany.es/,5.0,8.0,es,Google reviews: 5* / 8,OPERATIONAL,"('real_estate_agency', 'point_of_interest', 'establishment')",07500
Vangelderen Real State,,+34 640 94 80 11,https://vginmobiliaria.com/,,,es,Google reviews: * / None,OPERATIONAL,"('real_estate_agency', 'establishment')",
BELMAR-Real Estate,"Carrer Sant Llorenç, 1, 07530 Sant Llorenç des Cardassar, Illes Balears, España",+34 606 40 79 86,https://www.belmar-realestate.com/,5.0,15.0,de,Google reviews: 5* / 15,OPERATIONAL,"('real_estate_agency', 'point_of_interest', 'establishment')",07530
Immo Selection Mallorca,"Passeig Federico García Lorca, S/N, Local D 4, 07680 Cala Mendia, Illes Balears, España",+34 634 33 96 72,http://immo-selection-mallorca.com/es/,4.0,4.0,en,Google reviews: 4* / 4,OPERATIONAL,"('real_estate_agency', 'point_of_interest', 'establishment')",07680
Inmobiliaria Sa Porta,,+34 666 29 55 56,,,,es,Google reviews: * / None,OPERATIONAL,"('real_estate_agency', 'establishment')",
Coworking Minds,"Carrer Vial E, Carrer Ferrers, 1, 07510 Sineu, Illes Balears, España",+34 624 07 56 93,https://coworkingminds.com/,5.0,11.0,de,Google reviews: 5* / 11,OPERATIONAL,"('real_estate_agency', 'point_of_interest', 'establishment')",07510
Finques Sineu,"Carrer de Llebeig, 11, 07510 Sineu, Illes Balears, España",+34 690 88 14 58,https://www.finquessineu.com/,,,es,Google reviews: * / None,OPERATIONAL,"('real_estate_agency', 'point_of_interest', 'establishment')",07510
InmoGibert,"Av Rei Jaume II, S/N, 07520 Petra, Illes Balears, España",+34 640 66 78 64,https://www.inmogibert.com/,5.0,1.0,es,Google reviews: 5* / 1,OPERATIONAL,"('real_estate_agency', 'point_of_interest', 'establishment')",07520
Inmobiliaria Sa Coma,"Avinguda de les Savines, 41, 07560 Sa Coma, Illes Balears, España",+34 971 81 17 58,http://www.sacoma.es/,4.8,104.0,es,Google reviews: 4.8* / 104,OPERATIONAL,"('real_estate_agency', 'insurance_agency', 'finance', 'consultant', 'point_of_interest', 'establishment')",07560
Project Caro,"Diseminado Poligono 7, 556, 07530, Illes Balears, España",+49 178 7151344,,5.0,1.0,de,Google reviews: 5* / 1,OPERATIONAL,"('real_estate_agency', 'point_of_interest', 'establishment')",07530
Cotesa Inmobiliaria,"Av. Bella Vista, 2, 07560 Cala Millor, Illes Balears, España",+34 971 58 75 20,https://www.cotesa-mallorca.com/,4.5,8.0,es,Google reviews: 4.5* / 8,OPERATIONAL,"('real_estate_agency', 'point_of_interest', 'establishment')",07560
Serverina Agencia Inmobiliaria,"Plaça de Sant Joan, 9, 07550 Son Servera, Illes Balears, España",+34 658 35 85 47,https://www.serverina.es/,5.0,13.0,es,Google reviews: 5* / 13,OPERATIONAL,"('real_estate_agency', 'point_of_interest', 'establishment')",07550
Inmobiliaria Propiedades Mallorca,"Carrer des Cos, 66, BAJO, 07550 Son Servera, Illes Balears, España",,https://llevant.homes/,5.0,1.0,es,Google reviews: 5* / 1,OPERATIONAL,"('real_estate_agency', 'point_of_interest', 'establishment')",07550
Pic-Brokers Grup Servicios Inmobiliarios,,+34 871 71 13 69,https://pic-brokers.com/,5.0,1.0,es,Google reviews: 5* / 1,OPERATIONAL,"('real_estate_agency', 'establishment')",
Nofre Plomer Premium Real Estate ,"Carrer Sant Lluc, 16, A, 07579 Colonia de Sant Pere, Illes Balears, España",+34 971 58 91 59,http://www.nofreplomerpremium.com/,5.0,3.0,es,Google reviews: 5* / 3,OPERATIONAL,"('real_estate_agency', 'point_of_interest', 'establishment')",07579
Sieron Real Estate,"Carrer de Montuïri, 07560 Cala Millor, Illes Balears, España",+49 175 5997611,https://www.sieronrealestate.com/,5.0,13.0,de,Google reviews: 5* / 13,OPERATIONAL,"('real_estate_agency', 'point_of_interest', 'establishment')",07560
ARTAIMMOBILIEN GESTIONS ESMETRO SL,"C. de Ciutat, 44, local 2, 07570 Artà, Illes Balears, España",+34 971 82 97 31,http://www.artaimmobilien.com/,4.8,32.0,es,Google reviews: 4.8* / 32,OPERATIONAL,"('real_estate_agency', 'general_contractor', 'point_of_interest', 'establishment')",07570
Mallorca Property Centre ( None ),,+34 618 42 84 94,https://www.mpcweb.net/,5.0,1.0,es,Google reviews: 5* / 1,OPERATIONAL,"('real_estate_agency', 'establishment')",
Massa Properties,"Carrer de s'Abeurador, 1, bajos, 07570 Artá, Illes Balears, España",+34 656 72 66 26,http://www.massaproperties.com/,4.7,24.0,es,Google reviews: 4.7* / 24,OPERATIONAL,"('real_estate_agency', 'point_of_interest', 'establishment')",07570
German Homes Mallorca SLU,"Carrer de l'Orquídea, 07579 Betlem, Illes Balears, España",+49 178 4117403,,4.8,5.0,de,Google reviews: 4.8* / 5,OPERATIONAL,"('real_estate_agency', 'point_of_interest', 'establishment')",07579
Valdenebro & Spinola Properties,"Av. del Romaní, 101, 07579 Colonia de Sant Pere, Illes Balears, España",+34 695 13 69 10,,5.0,1.0,es,Google reviews: 5* / 1,OPERATIONAL,"('real_estate_agency', 'point_of_interest', 'establishment')",07579
Peroti Agencia Inmobiliaria,"Plaça de Sant Joan, 12, 07550 Son Servera, Illes Balears, España",+34 638 94 31 77,,,,es,Google reviews: * / None,OPERATIONAL,"('real_estate_agency', 'point_of_interest', 'establishment')",07550
Mallorca Immo,"Passeig de la Mar, 61, 07579 Colonia de Sant Pere, Illes Balears, España",+34 647 98 89 74,http://www.mallorcaimmo.net/,4.7,3.0,es,Google reviews: 4.7* / 3,OPERATIONAL,"('real_estate_agency', 'point_of_interest', 'establishment')",07579
Corn Real Estate,"Carrer Costa i Llobera, 17, 07540 Son Carrió, Illes Balears, España",+34 602 57 64 83,https://corn-realestate.com/,5.0,1.0,de,Google reviews: 5* / 1,OPERATIONAL,"('real_estate_agency', 'point_of_interest', 'establishment')",07540
Inmobiliaria Q Mallorca,"Inmobiliaria Qmallorca, Av. del Bon Temps, 8, 07560 Cala Millor, Illes Balears, España",+34 663 37 37 91,https://qmallorca.com/,4.9,23.0,es,Google reviews: 4.9* / 23,OPERATIONAL,"('real_estate_agency', 'point_of_interest', 'establishment')",07560
Your Mallorca ,"Calle Comellar d'es Tarongers 93, 07559 Son Servera, Illes Balears, España",+34 871 23 81 77,http://www.yourmallorca.com/,4.7,15.0,es,Google reviews: 4.7* / 15,OPERATIONAL,"('real_estate_agency', 'point_of_interest', 'establishment')",07559
Ultra Aspire,"Pula Golf Resort Reception, 07550 Son Servera, Illes Balears, España",+34 711 04 60 49,http://www.ultraaspire.com/,4.7,12.0,en,Google reviews: 4.7* / 12,OPERATIONAL,"('real_estate_agency', 'consultant', 'point_of_interest', 'establishment')",07550
Schober & Partner,"07550, Av. del Bon Temps, 30, 07560 Son Servera, Illes Balears, España",+34 971 58 60 31,http://www.schober-mallorca-immobilien.com/,4.3,24.0,es,Google reviews: 4.3* / 24,OPERATIONAL,"('real_estate_agency', 'point_of_interest', 'establishment')",07550
Sa Torre de Port Verd Inmobiliaria S.L.,"Avenida Juan Servera Camps, 93, Urb. Port Verd, Carrer Comellar Tro, 93, 07559 Son Servera, Illes Balears, España",+34 971 81 65 81,https://www.yourmallorca.com/,4.8,6.0,de,Google reviews: 4.8* / 6,OPERATIONAL,"('real_estate_agency', 'point_of_interest', 'establishment')",07559
Perera & Partner INMOBILIARIA,"Carrer Castellet, 52, 07590 Cala Rajada, Illes Balears, España",+34 971 56 62 56,https://perera-partner.com/,4.9,120.0,es,Google reviews: 4.9* / 120,OPERATIONAL,"('real_estate_agency', 'point_of_interest', 'establishment')",07590
Immobilienagentur Fincas Bonnin Sanso ,"Av. del Bon Temps, 4, 07560 Cala Millor, Illes Balears, España",+34 971 58 75 97,http://www.bonninsanso.com/,4.7,25.0,es,Google reviews: 4.7* / 25,OPERATIONAL,"('real_estate_agency', 'point_of_interest', 'establishment')",07560
FINQUES ILLES,"Calle J, Av. Joan Servera Camps, 37, 07560 Cala Millor, Illes Balears, España",+34 661 57 50 48,http://finquesilles.es/,4.0,15.0,es,Google reviews: 4* / 15,OPERATIONAL,"('real_estate_agency', 'point_of_interest', 'establishment')",07560
Costa Los Pinos real estate,"Av. del Pinar, 26, 07559 Son Servera, Illes Balears, España",+34 679 55 64 84,http://coast-co.com/,4.5,11.0,es,Google reviews: 4.5* / 11,OPERATIONAL,"('real_estate_agency', 'point_of_interest', 'establishment')",07559
NowHouse,,+34 633 90 95 72,https://nowhouse.es/,4.7,3.0,es,Google reviews: 4.7* / 3,OPERATIONAL,"('real_estate_agency', 'establishment')",
Graf Mallorca Inmobiliaria,"Avda. Des bon Temps 8, 07560 Cala Millor, Illes Balears, España",+34 629 53 16 44,,5.0,1.0,de,Google reviews: 5* / 1,OPERATIONAL,"('real_estate_agency', 'point_of_interest', 'establishment')",07560
Inmosolidary,"Plaça de Sant Joan, 12, 07550 Son Servera, Illes Balears, España",+34 638 94 31 77,https://inmosolidary.com/,1.0,1.0,es,Google reviews: 1* / 1,OPERATIONAL,"('real_estate_agency', 'point_of_interest', 'establishment')",07550
Divine House Mallorca,"Carrer de s'Auba, 14, 07580 Capdepera, Illes Balears, España",,https://divinehousemallorca.com/,5.0,9.0,es,Google reviews: 5* / 9,OPERATIONAL,"('real_estate_agency', 'point_of_interest', 'establishment')",07580
Blaumallorca Cala Millor,"Carrer des Prat, 1, 07560 Cala Millor, Illes Balears, España",+34 625 95 20 42,http://www.blaumallorca.com/,4.7,13.0,es,Google reviews: 4.7* / 13,OPERATIONAL,"('real_estate_agency', 'point_of_interest', 'establishment')",07560
Sa Canova Associats Inmobiliaría ,"Carrer de les Parres, 86, 07570 Artà, Illes Balears, España",+34 971 82 95 05,https://inmosacanova.com/,5.0,3.0,en,Google reviews: 5* / 3,OPERATIONAL,"('real_estate_agency', 'point_of_interest', 'establishment')",07570
Perfect Properties Mallorca S.L.,"Avinguda de Costa i Llobera, 46, 07570 Artá, Illes Balears, España",+34 971 83 64 94,http://www.perfect-properties-mallorca.com/,5.0,2.0,en,Google reviews: 5* / 2,OPERATIONAL,"('real_estate_agency', 'point_of_interest', 'establishment')",07570
Mallorca Dream Immobilien,"Av des, Av. del Bon Temps, 5, 07560 Cala Millor, Illes Balears, España",+34 629 53 16 44,https://www.mallorca-dream.eu/es/index_0__1_sp1_1.html,4.4,13.0,en,Google reviews: 4.4* / 13,OPERATIONAL,"('real_estate_agency', 'point_of_interest', 'establishment')",07560
Mallorca Serveis ( 07560 ),"Avinguda de les Savines, 41, 07560 Sa Coma, Illes Balears, España",+34 660 42 70 47,http://mallorcaserveis.com/,4.2,5.0,es,Google reviews: 4.2* / 5,OPERATIONAL,"('real_estate_agency', 'point_of_interest', 'establishment')",07560
"Portobello Properties, S.L.","Av. Magnolia, 26, 07559 Son Servera, Illes Balears, España",+34 693 00 17 58,http://portobellomallorca.com/,,,es,Google reviews: * / None,OPERATIONAL,"('real_estate_agency', 'point_of_interest', 'establishment')",07559
Vivancos Gestión Inmobiliaria,"Carrer de Vicenç Joan i Rosselló, 44, Ponent, 07013 Palma, Illes Balears, España",+34 971 91 91 94,http://www.inmobiliariavivancos.com/,4.1,18.0,es,Google reviews: 4.1* / 18,OPERATIONAL,"('real_estate_agency', 'point_of_interest', 'establishment')",07013
Sa Punta Comunidad De Bienes,"Carretera Cala Bona, 0, Km 0001 0, 07559 Costa dels Pins, Illes Balears, España",+34 971 58 55 37,,,,es,Google reviews: * / None,OPERATIONAL,"('real_estate_agency', 'point_of_interest', 'establishment')",07559
Mallorca Rooms Cala Millor,"Carrer de la Dàlia, 22, 07560 Cala Millor, Illes Balears, España",+34 648 00 07 46,https://mallorca-rooms-cala-millor.hotelescuatroestrellas.website/,2.6,64.0,es,Google reviews: 2.6* / 64,OPERATIONAL,"('real_estate_agency', 'point_of_interest', 'establishment')",07560
Can Mallorca,,+34 687 09 27 17,,3.0,1.0,es,Google reviews: 3* / 1,OPERATIONAL,"('real_estate_agency', 'establishment')",
grupo celaneo s.l,"Carrer Platja, 12, 07560 Cala Millor, Illes Balears, España",+34 971 81 41 85,,,,es,Google reviews: * / None,OPERATIONAL,"('real_estate_agency', 'point_of_interest', 'establishment')",07560
Immobalear ,"Carrer Lluc 87, 07687 S'Illot-Cala Morlanda, Illes Balears, España",+34 660 77 06 65,http://www.immobalear.net/,3.0,1.0,de,Google reviews: 3* / 1,OPERATIONAL,"('real_estate_agency', 'point_of_interest', 'establishment')",07687
FINCA-SCOUT,"Apartado de Correso, 161, 07560 Son Servera, Illes Balears, España",+34 672 11 31 42,,,,es,Google reviews: * / None,OPERATIONAL,"('real_estate_agency', 'point_of_interest', 'establishment')",07560
Schumacher Immobilien Consulting,"Carrer des Camps, 28, 07550 Son Servera, Illes Balears, España",+34 971 56 80 13,,,,de,Google reviews: * / None,OPERATIONAL,"('real_estate_agency', 'point_of_interest', 'establishment')",07550
Immo search Mallorca,"C. de Ciutat, 36, 07570 Artà, Illes Balears, España",+34 637 37 32 10,http://www.immo-search-mallorca.de/,4.3,6.0,en,Google reviews: 4.3* / 6,OPERATIONAL,"('real_estate_agency', 'point_of_interest', 'establishment')",07570
de Haas & Partner,"C. de Ciutat, 21, 07570 Artà, Illes Balears, España",+34 971 83 69 72,http://www.dehaas-immobilien.com/,5.0,22.0,de,Google reviews: 5* / 22,OPERATIONAL,"('real_estate_agency', 'consultant', 'point_of_interest', 'establishment')",07570
Balearic Island Property Mallorca,"Carrer de son Servera, 16, 07570 Artà, Illes Balears, España",+34 971 82 95 74,,4.0,1.0,es,Google reviews: 4* / 1,OPERATIONAL,"('real_estate_agency', 'point_of_interest', 'establishment')",07570
solyfincas,"Carrer de Josep Melià i Pericàs, 32, 07570 Artà, Illes Balears, España",+34 971 56 20 59,,,,es,Google reviews: * / None,OPERATIONAL,"('real_estate_agency', 'point_of_interest', 'establishment')",07570
Pascual Associats,"Avinguda de Costa i Llobera, 18, 07570 Artá, Illes Balears, España",+34 971 85 22 38,http://www.immopascual.com/,3.6,7.0,ca,Google reviews: 3.6* / 7,OPERATIONAL,"('real_estate_agency', 'point_of_interest', 'establishment')",07570
Idealisla,"Carrer de Montserrat Blanes, 21, 07570 Artà, Illes Balears, España",,http://idealisla.com/,4.0,1.0,ca,Google reviews: 4* / 1,OPERATIONAL,"('real_estate_agency', 'point_of_interest', 'establishment')",07570
DAHLER Mallorca Artà,"Carrer de Montserrat Blanes, 21, 07570 Artà, Illes Balears, España",+34 871 25 29 85,http://www.dahler.com/arta,,,es,Google reviews: * / None,OPERATIONAL,"('real_estate_agency', 'point_of_interest', 'establishment')",07570
ImmobilienArta,"Carrer de Lleò XIII, 7, 07500 Manacor, Illes Balears, España",+34 971 83 59 51,http://www.immobilienarta.com/,5.0,3.0,es,Google reviews: 5* / 3,OPERATIONAL,"('real_estate_agency', 'point_of_interest', 'establishment')",07500
Domizil C.B.,"Avinguda de Costa i Llobera, 76, 07570 Artá, Illes Balears, España",+34 971 82 92 39,,,,es,Google reviews: * / None,OPERATIONAL,"('real_estate_agency', 'point_of_interest', 'establishment')",07570
Moll Vicens S L,"Carrer de Montserrat Blanes, 5, 07570 Artà, Illes Balears, España",+34 971 83 55 77,,,,es,Google reviews: * / None,OPERATIONAL,"('real_estate_agency', 'point_of_interest', 'establishment')",07570
Trespalmeras Mallorca,"C, Carrer de Santa Margalida, 65, 07570 Artà, Illes Balears, España",+34 648 88 62 35,,,,es,Google reviews: * / None,OPERATIONAL,"('real_estate_agency', 'point_of_interest', 'establishment')",07570
Schober Partner S L,"Carrer de la Creu, 7, 07570 Artà, Illes Balears, España",+34 971 58 60 31,,,,es,Google reviews: * / None,OPERATIONAL,"('real_estate_agency', 'point_of_interest', 'establishment')",07570
Mallorca passion,"Cruce de ses coves buzón 105, 07589 Capdepera, Illes Balears, España",+34 678 79 48 00,,3.5,4.0,es,Google reviews: 3.5* / 4,OPERATIONAL,"('real_estate_agency', 'point_of_interest', 'establishment')",07589
Ca Na Carmen ,"Carrer Sant Joan, 15, 07579 Colonia de Sant Pere, Illes Balears, España",+34 616 71 83 61,,,,es,Google reviews: * / None,OPERATIONAL,"('real_estate_agency', 'point_of_interest', 'establishment')",07579
Kitz Global Living,"Carrer de Sant Pere, 46, 4, 07579 Colonia de Sant Pere, Illes Balears, España",+34 648 11 29 84,http://www.kitz-global-living.de/,,,de,Google reviews: * / None,OPERATIONAL,"('real_estate_agency', 'point_of_interest', 'establishment')",07579
INMOBILIARIA DOSAGUI,"Carrer de Juan Sebastián Elcano, &, Carrer Castellet, 15, 07590 Cala Rajada, Illes Balears, España",+34 971 56 39 99,http://www.dosagui.com/,3.6,94.0,es,Google reviews: 3.6* / 94,OPERATIONAL,"('real_estate_agency', 'point_of_interest', 'establishment')",07590
IMMOSUR,"Calle Leonor Servera, numero 9, local 2, c.p:, 07590 Cala Rajada, Illes Balears, España",+34 635 82 52 07,http://immosur.es/,4.4,11.0,es,Google reviews: 4.4* / 11,OPERATIONAL,"('real_estate_agency', 'point_of_interest', 'establishment')",07590
Novar Properties,"Carrer des Port, 9, 07580 Capdepera, Illes Balears, España",+34 617 84 90 41,http://www.trinumdomos.com/,4.3,10.0,es,Google reviews: 4.3* / 10,OPERATIONAL,"('real_estate_agency', 'general_contractor', 'point_of_interest', 'establishment')",07580
GestPropiedad Cala Ratjada,"Carrer d'Elionor Servera, 13, 07590 Cala Rajada, Illes Balears, España",+34 971 77 87 59,https://www.gestpropiedad.com/calaratjada,5.0,4.0,es,Google reviews: 5* / 4,OPERATIONAL,"('real_estate_agency', 'point_of_interest', 'establishment')",07590
PALMER MALLORCA PROPERTIES,"Carrer de sa Font, 3, 07580 Capdepera, Illes Balears, España",+34 666 40 19 43,http://www.palmer-mallorca-properties.com/,,,es,Google reviews: * / None,OPERATIONAL,"('real_estate_agency', 'point_of_interest', 'establishment')",07580
Neubaufinca,"Poligono 3, Parcela 234, 07580 Capdepera, Illes Balears, España",+34 696 75 56 50,http://www.wellnessfinca.de/,,,de,Google reviews: * / None,OPERATIONAL,"('real_estate_agency', 'point_of_interest', 'establishment')",07580
Coral Blau,"Av. Juan Carlos I, 24, 07580 Capdepera, Illes Balears, España",+34 629 92 40 61,https://coralblau.com/,,,es,Google reviews: * / None,OPERATIONAL,"('real_estate_agency', 'point_of_interest', 'establishment')",07580
Business Balear Mallorca S.L.,"Polígon Fusters, 12, 07580 Capdepera, Illes Balears, España",+34 971 56 61 96,,,,es,Google reviews: * / None,OPERATIONAL,"('real_estate_agency', 'point_of_interest', 'establishment')",07580
Ars Vivendi inmobiliari,"Carrer Magallanes, 47, 07590 Mallorca, Illes Balears, España",+34 655 87 20 00,http://arsvivendi-mallorca.com/,4.0,4.0,es,Google reviews: 4* / 4,OPERATIONAL,"('real_estate_agency', 'point_of_interest', 'establishment')",07590
Don Quijote C B,"Calle Leonor Servera, 37, Carrer d'Elionor Servera, 29, 07590 Cala Rajada, Illes Balears, España",+34 971 56 33 94,,3.0,1.0,es,Google reviews: 3* / 1,OPERATIONAL,"('real_estate_agency', 'point_of_interest', 'establishment')",07590
Cap Vermell Estate,"Carrer B, 07589, Illes Balears, España",,https://www.capvermellestate.com/,5.0,4.0,es,Google reviews: 5* / 4,OPERATIONAL,"('real_estate_agency', 'point_of_interest', 'establishment')",07589
Banana Partner S L,"Via Mallorca, 0, 07590 Cala Rajada, Illes Balears, España",+34 971 58 88 23,,,,es,Google reviews: * / None,OPERATIONAL,"('real_estate_agency', 'point_of_interest', 'establishment')",07590
Son Mas De La Marina,"Via Costa i Llobera, 107, 07589 Capdepera, Illes Balears, España",+34 971 81 66 01,,,,es,Google reviews: * / None,OPERATIONAL,"('real_estate_agency', 'point_of_interest', 'establishment')",07589
Am Capdepera S.L.,"07590 Capdepera, Illes Balears, España",+34 677 04 97 56,,,,es,Google reviews: * / None,OPERATIONAL,"('real_estate_agency', 'point_of_interest', 'establishment')",07590
Francisca Díez Orpí,"Carrer d'Elionor Servera, 82, 07590 Cala Rajada, Illes Balears, España",+34 971 56 34 65,,,,es,Google reviews: * / None,OPERATIONAL,"('real_estate_agency', 'point_of_interest', 'establishment')",07590
Gz Inmobilien,"Carrer Tramuntana, 07590 Cala Lliteres, Illes Balears, España",+34 676 78 77 57,,,,es,Google reviews: * / None,OPERATIONAL,"('real_estate_agency', 'point_of_interest', 'establishment')",07590
Inmosenna ,"C/ de la Llibertat, 35, Ponent, 07013 Palma, Illes Balears, España",+34 971 91 19 19,http://inmosenna.com/,3.9,135.0,es,Google reviews: 3.9* / 135,OPERATIONAL,"('real_estate_agency', 'point_of_interest', 'finance', 'establishment')",07013
FOCUS Real Estate,"Carrer de la Xalana, 54, A, 07609 Llucmajor, Illes Balears, España",+34 648 60 68 19,,5.0,2.0,en,Google reviews: 5* / 2,OPERATIONAL,"('real_estate_agency', 'point_of_interest', 'establishment')",07609
Porta Mallorquina Real Estate,"Ronda de Migjorn, 115, 07620 Llucmajor, Illes Balears, España",+34 971 69 82 42,https://www.porta-mallorquina.de/,3.9,13.0,de,Google reviews: 3.9* / 13,OPERATIONAL,"('real_estate_agency', 'point_of_interest', 'establishment')",07620
KENSINGTON Finest Properties International  ( 07620 ),"Ronda de Migjorn, 76, 07620 Llucmajor, Illes Balears, España",+34 971 66 07 31,https://kensington-llucmajor.com/,4.6,5.0,de,Google reviews: 4.6* / 5,OPERATIONAL,"('real_estate_agency', 'point_of_interest', 'establishment')",07620
José Vallejo González,"Carrer d'Andorra, 6, 07609 Llucmajor, Illes Balears, España",+34 971 26 00 02,,5.0,2.0,es,Google reviews: 5* / 2,OPERATIONAL,"('real_estate_agency', 'point_of_interest', 'establishment')",07609
First Invest Mallorca,"Carrer de Júpiter, 32, 07609 Mallorca, Illes Balears, España",+34 971 74 87 81,http://firstinvestmallorca.com/,5.0,3.0,es,Google reviews: 5* / 3,OPERATIONAL,"('real_estate_agency', 'point_of_interest', 'establishment')",07609
MALLORCA RUSDOM,"Carrer d'Andorra, 26, 07609 Llucmajor, Illes Balears, España",+34 620 81 97 58,http://mallorcarusdom.com/,3.0,3.0,es,Google reviews: 3* / 3,OPERATIONAL,"('real_estate_agency', 'point_of_interest', 'establishment')",07609
Villa Luna,"Carrer de Sevilla, 5, 07609 Sa Torre, Illes Balears, España",,https://www.panchorentals.es/,3.7,3.0,es,Google reviews: 3.7* / 3,OPERATIONAL,"('real_estate_agency', 'point_of_interest', 'establishment')",07609
EDIFICIO MAJOR,"CALLE BISBE ROIG, HISPANIDAT, 07620 Llucmajor, Illes Balears, España",+34 672 03 84 08,http://edificiomajor.com/,,,es,Google reviews: * / None,OPERATIONAL,"('real_estate_agency', 'point_of_interest', 'establishment')",07620
Globalia Activos Inmobiliarios S.A.,"Carrer de Son Noguera, 07620 Llucmajor, Illes Balears, España",+34 971 66 47 24,,,,es,Google reviews: * / None,OPERATIONAL,"('real_estate_agency', 'point_of_interest', 'establishment')",07620
BLUE designio & promocion S.L.U.,"Carrer del Galió, 9, 07609 Llucmajor, Illes Balears, España",+34 871 23 78 96,http://bluedesignio.com/,,,es,Google reviews: * / None,OPERATIONAL,"('real_estate_agency', 'consultant', 'point_of_interest', 'establishment')",07609
Freedays Mallorca,,+34 647 80 35 80,https://www.freedaysmallorca.com/,5.0,10.0,es,Google reviews: 5* / 10,OPERATIONAL,"('real_estate_agency', 'establishment')",
Promociones Prats García,"Carrer Santa Càndida, 10, 07620 Llucmajor, Illes Balears, España",+34 971 12 06 74,,,,es,Google reviews: * / None,OPERATIONAL,"('real_estate_agency', 'point_of_interest', 'establishment')",07620
Booking Balear,"Ronda de Migjorn, 12, 07620 Llucmajor, Illes Balears, España",+34 971 12 10 09,,,,es,Google reviews: * / None,OPERATIONAL,"('real_estate_agency', 'point_of_interest', 'establishment')",07620
Immo Dream Mallorca,"Ronda de Migjorn, 113, 07620 Llucmajor, Illes Balears, España",+34 628 87 44 59,https://www.immodreammallorca.com/,,,de,Google reviews: * / None,OPERATIONAL,"('real_estate_agency', 'point_of_interest', 'establishment')",07620
Antonio Monserrat Salvà,"Carrer del Bisbe Taixequet, 1, 07620 Llucmajor, Illes Balears, España",+34 971 66 08 34,,,,es,Google reviews: * / None,OPERATIONAL,"('real_estate_agency', 'point_of_interest', 'establishment')",07620
Finca Amiqueta,"Ctra. s'Estanyol, 3, 07620 Llucmajor, Illes Balears, España",+34 687 52 01 91,,,,es,Google reviews: * / None,OPERATIONAL,"('real_estate_agency', 'point_of_interest', 'establishment')",07620
Graf Bernadotte Immobilien,"Ronda de Migjorn, 64, 07620 Llucmajor, Illes Balears, España",+34 871 24 05 92,https://graf-bernadotte-immo.de/kontakt/,,,de,Google reviews: * / None,OPERATIONAL,"('real_estate_agency', 'point_of_interest', 'establishment')",07620
Smart Living Mallorca,"07620 Llucmajor, Illes Balears, España",,https://www.smartlivingmallorca.com/,,,es,Google reviews: * / None,OPERATIONAL,"('real_estate_agency', 'point_of_interest', 'establishment')",07620
Ch Gestió C.B,"Carrer de Jaume I, 55, 07630 Campos, Illes Balears, España",+34 971 65 14 15,https://www.chgestio.com/,4.6,64.0,es,Google reviews: 4.6* / 64,OPERATIONAL,"('real_estate_agency', 'point_of_interest', 'establishment')",07630
Inmobiliaria Campos,"C/ de Santanyí, 15, 07630 Campos, Illes Balears, España",+34 636 30 22 02,http://www.inmobiliariacampos.com/,5.0,2.0,es,Google reviews: 5* / 2,OPERATIONAL,"('real_estate_agency', 'point_of_interest', 'establishment')",07630
DE PRADA & MOYA Abogados ( 07630 ),"Carrer d'Antoni Maura, 2A, 07630 Campos, Illes Balears, España",+34 617 67 21 05,https://depradamoya-realestate.com/,,,es,Google reviews: * / None,OPERATIONAL,"('real_estate_agency', 'consultant', 'point_of_interest', 'establishment')",07630
180 Inmobiliaria,"Carrer del Nord, 14, 07630 Campos, Illes Balears, España",+34 674 85 69 00,https://180inmobiliaria.es/,,,es,Google reviews: * / None,OPERATIONAL,"('real_estate_agency', 'point_of_interest', 'establishment')",07630
Casas & Cosas Real Estate,"Carrer Nou, 30, 07630 Campos, Illes Balears, España",+34 607 46 24 61,,5.0,1.0,es,Google reviews: 5* / 1,OPERATIONAL,"('real_estate_agency', 'point_of_interest', 'establishment')",07630
Casa Holanda,"Carrer Nou, 30, 07630 Campos, Illes Balears, España",+34 660 18 37 67,http://www.casa-holanda.com/,4.2,5.0,nl,Google reviews: 4.2* / 5,OPERATIONAL,"('real_estate_agency', 'point_of_interest', 'establishment')",07630
Serveis Sa Pleta,"Camí Vell de Ciutat, 23, 07630 Campos, Illes Balears, España",+34 971 16 05 14,,5.0,2.0,es,Google reviews: 5* / 2,OPERATIONAL,"('real_estate_agency', 'point_of_interest', 'establishment')",07630
Immallo,"Camí vell, de ciutat, 23, 07630 Campos, Illes Balears, España",+34 690 28 75 37,http://www.immallo.com/,,,es,Google reviews: * / None,OPERATIONAL,"('real_estate_agency', 'point_of_interest', 'establishment')",07630
MD Immobilien Projekte,"Carrer de ses Sitges, 1, 07630 Campos, Illes Balears, España",+34 971 16 04 29,http://www.md-immoprojekte.com/,5.0,9.0,de,Google reviews: 5* / 9,OPERATIONAL,"('real_estate_agency', 'point_of_interest', 'establishment')",07630
Messerschmidt Homes,"Carrer de Plaça, 18, 07630 Campos, Illes Balears, España",+34 601 90 97 53,http://www.messerschmidthomes.com/,5.0,8.0,ca,Google reviews: 5* / 8,OPERATIONAL,"('real_estate_agency', 'point_of_interest', 'establishment')",07630
Fincas Casas Mallorca,"Carrer de Sant Blai, 10, 07630 Campos, Illes Balears, España",+34 605 54 91 97,,,,es,Google reviews: * / None,OPERATIONAL,"('real_estate_agency', 'point_of_interest', 'establishment')",07630
Inmo Conspro J.Guillen,"C/ de Santanyí, 20, 07630 Campos, Illes Balears, España",+34 663 56 57 09,,,,es,Google reviews: * / None,OPERATIONAL,"('real_estate_agency', 'point_of_interest', 'establishment')",07630
Immobiliària Sa Parada,"Carrer del Nord, 8, 07630 Campos, Illes Balears, España",+34 971 65 22 25,,,,es,Google reviews: * / None,OPERATIONAL,"('real_estate_agency', 'point_of_interest', 'establishment')",07630
Magnolia Antic Living,"07630 Campos, Illes Balears, España",+34 629 88 45 24,,,,es,Google reviews: * / None,OPERATIONAL,"('real_estate_agency', 'point_of_interest', 'establishment')",07630
REMAX Exclusive Collection,"Carrer Batle Andreu Burguera Mut, 3, 07640 Ses Salines, Illes Balears, España",+34 660 99 07 07,,,,es,Google reviews: * / None,OPERATIONAL,"('real_estate_agency', 'point_of_interest', 'establishment')",07640
Inmobiliaria Bellacasa Mallorca,"Plaça Sant Bartomeu, 16, 07640 Ses Salines, Illes Balears, España",+34 662 64 41 04,http://www.bella-casa.com/,5.0,8.0,es,Google reviews: 5* / 8,OPERATIONAL,"('real_estate_agency', 'point_of_interest', 'establishment')",07640
Inmobiliaria Cala Gaviota ,"Carrer Batle Andreu Burguera Mut, 8, 07640 Ses Salines, Illes Balears, España",+34 971 64 90 94,http://www.calagaviota.com/,5.0,9.0,es,Google reviews: 5* / 9,OPERATIONAL,"('real_estate_agency', 'point_of_interest', 'establishment')",07640
Azur Mallorca Immobilien,"Av. de Miramar, 68, 07639 Sa Ràpita, Illes Balears, España",+34 971 64 15 05,https://www.azur-mallorca.com/,4.4,21.0,de,Google reviews: 4.4* / 21,OPERATIONAL,"('real_estate_agency', 'consultant', 'point_of_interest', 'establishment')",07639
Trauminsel ferien,,+34 630 59 32 19,https://www.trauminselferien.com/,5.0,28.0,es,Google reviews: 5* / 28,OPERATIONAL,"('real_estate_agency', 'establishment')",
Globalty Mallorca Homes,,+34 638 95 65 34,,,,es,Google reviews: * / None,OPERATIONAL,"('real_estate_agency', 'establishment')",
Real Estate Mallorca,"Carrer Romeo i Julieta, 17, 07638 Colònia de Sant Jordi, Illes Balears, España",+34 663 55 95 02,,,,ca,Google reviews: * / None,OPERATIONAL,"('real_estate_agency', 'point_of_interest', 'establishment')",07638
INMOBILIARIA INMOBALEAR PISOS Y CASAS EN COLONIA DE SANT JORDI,"Esquina C/ Delfín (Junto a farmacia, Av. Marquès del Palmer, 8, 07638 Colònia de Sant Jordi, Illes Balears, España",+34 971 65 57 64,,,,es,Google reviews: * / None,OPERATIONAL,"('real_estate_agency', 'point_of_interest', 'establishment')",07638
Edificaciones Gudiño2005,"Plaça Mare de Déu, 7, 07638 Colònia de Sant Jordi, Illes Balears, España",+34 690 73 04 00,https://www.edificaciones2005.com/,5.0,3.0,es,Google reviews: 5* / 3,OPERATIONAL,"('real_estate_agency', 'point_of_interest', 'establishment')",07638
Bona Obra,"Carrer Gabriel Roca, 49, 07638 Colònia de Sant Jordi, Illes Balears, España",+34 971 65 54 45,,,,es,Google reviews: * / None,OPERATIONAL,"('real_estate_agency', 'point_of_interest', 'establishment')",07638
Cala Pí Homes,"Local 3, Carrer Penyes, 9, 07639 Cala Pi, Illes Balears, España",+49 69 506028298,,3.5,11.0,es,Google reviews: 3.5* / 11,OPERATIONAL,"('real_estate_agency', 'consultant', 'general_contractor', 'point_of_interest', 'establishment')",07639
GRÖTSCH Immobilien ,"Carrer Sitjar, 17, 07640 Ses Salines, Illes Balears, España",+34 871 25 32 73,https://www.groetsch-immobilien.com/,5.0,2.0,de,Google reviews: 5* / 2,OPERATIONAL,"('real_estate_agency', 'point_of_interest', 'establishment')",07640
DC Property,"Carrer de la Tintorera, 05, 07639 Sa Ràpita, Illes Balears, España",+34 696 61 50 93,http://dcp-mallorca.com/,5.0,3.0,de,Google reviews: 5* / 3,OPERATIONAL,"('real_estate_agency', 'point_of_interest', 'establishment')",07639
Jerome Ledin Inmobiliaria S.L.,"Carrer del Bisbe Verger, 5, 07650 Santanyí, Illes Balears, España",+34 651 10 01 82,https://www.jl-immobilien.de/,4.7,16.0,es,Google reviews: 4.7* / 16,OPERATIONAL,"('real_estate_agency', 'consultant', 'general_contractor', 'point_of_interest', 'establishment')",07650
Eurotalaier World ,"Carrer es Mollet, 24, 07640 Ses Salines, Illes Balears, España",+34 678 48 24 51,https://eurotalaier.es/,,,es,Google reviews: * / None,OPERATIONAL,"('real_estate_agency', 'general_contractor', 'point_of_interest', 'establishment')",07640
Mallorca Immobilien Guide,"Carrer de F. Juníper Serra, 6, 07690 Es Llombards, Illes Balears, España",+34 971 64 94 13,https://www.mallorca-immobilien-guide.de/,5.0,7.0,en,Google reviews: 5* / 7,OPERATIONAL,"('real_estate_agency', 'point_of_interest', 'establishment')",07690
AM Inmobiliaria Mallorca,"Carrer del Bisbe Verger, 28, 07650 Santanyí, Illes Balears, España",+34 971 64 20 96,http://www.am-inmobiliaria.com/,3.7,3.0,de,Google reviews: 3.7* / 3,OPERATIONAL,"('real_estate_agency', 'point_of_interest', 'establishment')",07650
LINDACASAS Mallorca Langzeitmiete,"Carrer de ses Escoles, 11, 07690 Mallorca, Illes Balears, España",+34 971 16 31 73,https://www.lindacasas.net/,4.2,51.0,en,Google reviews: 4.2* / 51,OPERATIONAL,"('real_estate_agency', 'point_of_interest', 'establishment')",07690
MCR Mallorca Immobilien,"Islas, Carrer de la Mar, 22, 07650 Santanyí, Illes Balears, España",+34 971 16 32 93,http://www.mcr-mallorca.com/,4.8,65.0,es,Google reviews: 4.8* / 65,OPERATIONAL,"('real_estate_agency', 'point_of_interest', 'establishment')",07650
First Mallorca Santanyi,"Plaça de la Constitució, 15, 07650 Santanyí, Illes Balears, España",+34 871 59 99 80,https://www.firstmallorca.com/,4.6,9.0,en,Google reviews: 4.6* / 9,OPERATIONAL,"('real_estate_agency', 'point_of_interest', 'establishment')",07650
Inmobiliaria ivent S.L.,"Carrer des Rafalet, 3, 07650 Santanyí, Illes Balears, España",+34 971 64 20 03,https://www.ivent.es/,4.9,8.0,de,Google reviews: 4.9* / 8,OPERATIONAL,"('real_estate_agency', 'point_of_interest', 'establishment')",07650
REMAX Drac Mallorca,"Plaça Major, 11, 07650 Santanyí, Illes Balears, España",+34 971 65 43 00,http://www.remaxdrac.es/,4.5,10.0,es,Google reviews: 4.5* / 10,OPERATIONAL,"('real_estate_agency', 'point_of_interest', 'establishment')",07650
HGM House and Property Service Mallorca,"Poligono, 4, 07690 Es Llombards, Illes Balears, España",+34 634 38 38 34,,,,es,Google reviews: * / None,OPERATIONAL,"('real_estate_agency', 'point_of_interest', 'establishment')",07690
Casa & Co immobilien Santanyí,"Carrer del Bisbe Verger, 1, 07650 Santanyí, Illes Balears, España",+34 971 64 22 00,https://casa-and-co.com/,4.4,5.0,es,Google reviews: 4.4* / 5,OPERATIONAL,"('real_estate_agency', 'point_of_interest', 'establishment')",07650
MONTEMAR FERIENIMMOBILIEN,"Carrer de Felanitx, 46, 07650 Santanyí, Illes Balears, España",+34 971 77 21 97,https://www.montemar-immobilien.de/,4.7,25.0,de,Google reviews: 4.7* / 25,OPERATIONAL,"('real_estate_agency', 'point_of_interest', 'establishment')",07650
"J.Burguera, S.L.","Plaça Major, 11, 07650 Santanyí, Illes Balears, España",+34 971 65 43 00,http://www.santanyi.net/,,,es,Google reviews: * / None,OPERATIONAL,"('real_estate_agency', 'point_of_interest', 'establishment')",07650
Palazzino Living ,"Carrer del Bisbe Verger, 5, 07650 Santanyí, Illes Balears, España",+34 971 65 34 04,https://www.palazzino-living.com/,5.0,4.0,de,Google reviews: 5* / 4,OPERATIONAL,"('real_estate_agency', 'consultant', 'point_of_interest', 'establishment')",07650
Engel & Völkers Santanyí,"Plaza Mayor, 18, 07650 Santanyí, Illes Balears, España",+34 971 64 21 01,https://www.engelvoelkers.com/es/en/mallorca/regions/mallorca-south-east-where-authentic-living-meets-lasting-value,4.8,39.0,de,Google reviews: 4.8* / 39,OPERATIONAL,"('real_estate_agency', 'finance', 'consultant', 'point_of_interest', 'establishment')",07650
Messerschmidt Homes S.L.,"Carrer de Cas Majoral, 12, 07650 Santanyí, Illes Balears, España",+34 601 90 97 53,http://www.messerschmidthomes.com/,5.0,1.0,es,Google reviews: 5* / 1,OPERATIONAL,"('real_estate_agency', 'point_of_interest', 'establishment')",07650
Petra Pekna Real Estate S.L.,"Carrer Verge del Carme, 52, 07659 Cala Figuera, Illes Balears, España",+34 871 53 20 07,https://www.petrapekna.com/,5.0,8.0,es,Google reviews: 5* / 8,OPERATIONAL,"('real_estate_agency', 'point_of_interest', 'establishment')",07659
Obres Can Metles Sl,"Carrer de Sant Andreu, 1, 07650 Santanyí, Illes Balears, España",+34 609 62 65 10,http://canmetles.com/,4.0,2.0,es,Google reviews: 4* / 2,OPERATIONAL,"('real_estate_agency', 'point_of_interest', 'establishment')",07650
Traces Immobilien Mallorca,"Carrer d'en Sebastia Vila, 9, 11 A-4600 E, 07650 Santanyí, Illes Balears, España",+43 676 7193202,,,,es,Google reviews: * / None,OPERATIONAL,"('real_estate_agency', 'point_of_interest', 'establishment')",07650
MPM Construcción y Administración,"Carrer d'en Llaneras, 28, 07650 Santanyí, Illes Balears, España",+34 649 88 32 49,http://www.mpmmallorca.com/,,,es,Google reviews: * / None,OPERATIONAL,"('real_estate_agency', 'local_government_office', 'government_office', 'general_contractor', 'point_of_interest', 'establishment')",07650
SUSCRÍBIR BOLETÍN,"Carrer d'es Tulipa, 12, 07690 Cala Llombards, Illes Balears, España",+34 962 82 15 09,http://premiumpropertyagents.com/contactos,,,es,Google reviews: * / None,OPERATIONAL,"('real_estate_agency', 'point_of_interest', 'establishment')",07690
Proyectos Santanyi SL,"Carrer Fra Romeu Burguera, 14, 07650 Santanyí, Illes Balears, España",+34 630 29 46 10,https://www.proyectos-santanyi.com/,4.5,2.0,es,Google reviews: 4.5* / 2,OPERATIONAL,"('real_estate_agency', 'general_contractor', 'point_of_interest', 'establishment')",07650
ISLA PASSIÓ ,"Carrer la Marina, 29, 07659 Cala Figuera, Illes Balears, España",+34 680 26 57 85,https://isla-passio.com/,5.0,2.0,de,Google reviews: 5* / 2,OPERATIONAL,"('real_estate_agency', 'consultant', 'point_of_interest', 'establishment')",07659
Damián Burguera Pons,"Carrer Cova des Drac, 15, 07659 Cala Santanyí, Illes Balears, España",+34 971 16 55 69,,,,es,Google reviews: * / None,OPERATIONAL,"('real_estate_agency', 'point_of_interest', 'establishment')",07659
Investa Real Estate,"Plaça Eivissa, 29, 07660 Santanyí, Illes Balears, España",+34 971 65 71 24,,3.4,5.0,de,Google reviews: 3.4* / 5,OPERATIONAL,"('real_estate_agency', 'point_of_interest', 'establishment')",07660
Inmobiliaria Best d'Or Estates,"Carrer d'Ariel, 19, 07660 Cala D'or, Illes Balears, España",+34 971 64 37 76,http://www.bestdorestates.com/,5.0,55.0,es,Google reviews: 5* / 55,OPERATIONAL,"('real_estate_agency', 'point_of_interest', 'establishment')",07660
Baes Inmobiliaria y Inversiones,"Av. d'en Fernando Tarragó, 29, Bajos, 07660 Cala D'or, Illes Balears, España",+34 603 76 89 47,https://www.baesrealestate.com/,5.0,11.0,es,Google reviews: 5* / 11,OPERATIONAL,"('real_estate_agency', 'point_of_interest', 'establishment')",07660
Baxson S.L.,"Avinguda de Cala Llonga, 323, 07660 Cala D'or, Illes Balears, España",+34 670 24 85 42,http://www.baxson.com/,4.8,46.0,en,Google reviews: 4.8* / 46,OPERATIONAL,"('real_estate_agency', 'point_of_interest', 'establishment')",07660
Inmobiliaria Domus,"Carrer d'Ariel, 34, 07660 Cala D'or, Illes Balears, España",+34 639 28 76 80,http://www.domuscalador.com/,4.4,25.0,es,Google reviews: 4.4* / 25,OPERATIONAL,"('real_estate_agency', 'point_of_interest', 'establishment')",07660
Pegels & Partner,"Carrer d'Ariel, 36, 07660 Santanyí, Illes Balears, España",+34 971 86 18 06,https://www.pegels-partner.com/?utm_source=GMBlisting&utm_medium=organic,4.8,66.0,es,Google reviews: 4.8* / 66,OPERATIONAL,"('real_estate_agency', 'point_of_interest', 'establishment')",07660
Open d'Or Properties,"Mallorca Avinguda d´es Benviguts, Esquina con, Carrer d'Ariel, 21, Local 1, 07660 Cala D'or, Illes Balears, España",+34 971 65 72 54,https://www.opendorproperties.com/,4.4,14.0,es,Google reviews: 4.4* / 14,OPERATIONAL,"('real_estate_agency', 'insurance_agency', 'lodging', 'point_of_interest', 'establishment')",07660
Mallorca Property Immobilien,"Carrer de sa Vinya, 10, 07660 Cala D'or, Illes Balears, España",+34 971 64 86 40,http://www.baxson.com/,4.0,1.0,de,Google reviews: 4* / 1,OPERATIONAL,"('real_estate_agency', 'point_of_interest', 'establishment')",07660
Mallorca Hidden Treasures,"Av. d'en Fernando Tarragó, 23, 07660 Cala D'or, Illes Balears, España",+34 677 06 79 01,,,,es,Google reviews: * / None,OPERATIONAL,"('real_estate_agency', 'point_of_interest', 'establishment')",07660
Delphine Cerisier ,,+34 611 44 87 97,https://www.safti.es/tu-asesor-safti/delphine-cerisier,,,es,Google reviews: * / None,OPERATIONAL,"('real_estate_agency', 'establishment')",
Living on Mallorca ,"Carrer de les Barques, 21, 07670 Portocolom, Illes Balears, España",+34 971 82 55 09,,5.0,1.0,de,Google reviews: 5* / 1,OPERATIONAL,"('real_estate_agency', 'point_of_interest', 'establishment')",07670
beHOME Mallorca,"Carrer d'EnTogores, 2, 07670 Portocolom, Illes Balears, España",+34 971 06 49 89,https://www.behome-mallorca.com/,4.0,8.0,es,Google reviews: 4* / 8,OPERATIONAL,"('real_estate_agency', 'point_of_interest', 'establishment')",07670
Tony Martinez Inmobiliaria Portocolom,"Carrer d'En Cristòfor Colom, 1, 07670 Portocolom, Illes Balears, España",+34 971 82 59 18,http://www.immobilien-portocolom.com/,4.9,24.0,es,Google reviews: 4.9* / 24,OPERATIONAL,"('real_estate_agency', 'point_of_interest', 'establishment')",07670
adrover i bonet Inmobiliaria,"Carrer Isaac Albéniz, 2, 07669 Calonge, Illes Balears, España",+34 971 82 62 00,http://www.adroveribonet.com/,,,es,Google reviews: * / None,OPERATIONAL,"('real_estate_agency', 'point_of_interest', 'establishment')",07669
Confianza Inmuebles Baleares,"Carrer del Dofí, 14, 07670 Portocolom, Illes Balears, España",+34 646 20 22 63,,5.0,1.0,es,Google reviews: 5* / 1,OPERATIONAL,"('real_estate_agency', 'point_of_interest', 'establishment')",07670
"Fincas A. Juan, S.L.","Carrer de l'Assumpció, 4, 07670 Portocolom, Illes Balears, España",+34 626 25 16 47,http://fincasajuan.com/,4.2,24.0,es,Google reviews: 4.2* / 24,OPERATIONAL,"('real_estate_agency', 'point_of_interest', 'establishment')",07670
Lighthouse Living Immobilien Portocolom,"Carrer de la Santa Maria, 48, Local 4, 07670 Portocolom, Illes Balears, España",+34 971 82 43 84,http://lighthouse-living.com/,4.6,8.0,es,Google reviews: 4.6* / 8,OPERATIONAL,"('real_estate_agency', 'point_of_interest', 'establishment')",07670
Lidia Ponce de León,"Carrer de la Fotja, 07670 Portocolom, Illes Balears, España",+34 649 17 56 77,,5.0,7.0,es,Google reviews: 5* / 7,OPERATIONAL,"('real_estate_agency', 'point_of_interest', 'establishment')",07670
SM HOLIDAY PROPERTIES SLU,"Rda. Miquel Massutí Alzamora, 07670 Portocolom, Illes Balears, España",+34 638 45 51 58,https://property.svetlanamallorca.com/,4.0,4.0,es,Google reviews: 4* / 4,OPERATIONAL,"('real_estate_agency', 'point_of_interest', 'establishment')",07670
Immobilien Porto Colom SBM Schaak,"Carrer d'es Pescador, 15, 07670 Portocolom, Illes Balears, España",+34 971 82 60 64,https://www.immobilienportocolom.de/,4.8,45.0,es,Google reviews: 4.8* / 45,OPERATIONAL,"('real_estate_agency', 'point_of_interest', 'establishment')",07670
Immobilien PORTO COLOM My Mallorca Real Estate,"Carrer del Port de Palos, 53, 07670 Portocolom, Illes Balears, España",+34 672 75 25 67,http://www.my-mallorca.de/,,,de,Google reviews: * / None,OPERATIONAL,"('real_estate_agency', 'point_of_interest', 'establishment')",07670
Brigitte Herrmann Inmobiliaria,"Carrer de Lepanto, 5, 07670 Portocolom, Illes Balears, España",+34 696 46 75 68,http://www.brigitteherrmann.com/,4.6,10.0,de,Google reviews: 4.6* / 10,OPERATIONAL,"('real_estate_agency', 'consultant', 'point_of_interest', 'establishment')",07670
IPC Real Estate Portocolom,"Carrer del Port de Palos, 3, 07670 Portocolom, Illes Balears, España",+34 971 82 40 74,,3.9,7.0,es,Google reviews: 3.9* / 7,OPERATIONAL,"('real_estate_agency', 'point_of_interest', 'establishment')",07670
Porto Colom Travel Agency,"Carrer de la Gavina, 11, 07670 Portocolom, Illes Balears, España",+34 971 82 53 00,http://www.fincasajuan.com/,4.5,2.0,es,Google reviews: 4.5* / 2,OPERATIONAL,"('real_estate_agency', 'point_of_interest', 'establishment')",07670
Mallorca One S.L.,"Carrer del Vapor Santueri, 37, 07670 Portocolom, Illes Balears, España",+34 971 82 59 41,,5.0,2.0,es,Google reviews: 5* / 2,OPERATIONAL,"('real_estate_agency', 'point_of_interest', 'establishment')",07670
KingButler,"calle asuncion, 4, 07670 Portocolom, Illes Balears, España",+34 641 50 54 95,https://www.king-butler.com/,,,es,Google reviews: * / None,OPERATIONAL,"('real_estate_agency', 'point_of_interest', 'establishment')",07670
Puerto Colón Nautic,"Carrer dels Pescadors, 19, 07670 Portocolom, Illes Balears, España",+34 971 82 55 27,,4.8,8.0,es,Google reviews: 4.8* / 8,OPERATIONAL,"('real_estate_agency', 'point_of_interest', 'establishment')",07670
Antonio Juan Garcías,"Carrer de l'Assumpció, 4, 07670 Portocolom, Illes Balears, España",+34 971 82 53 00,,,,es,Google reviews: * / None,OPERATIONAL,"('real_estate_agency', 'point_of_interest', 'establishment')",07670
infocasacolom,,+34 619 98 41 14,https://immobilien-portocolom.com/de/,,,es,Google reviews: * / None,OPERATIONAL,"('real_estate_agency', 'establishment')",
FairMallorca,"Carrer dels Germans Pinzon, 1, 07680 Porto Cristo, Illes Balears, España",+34 688 95 91 91,https://fair-mallorca.com/main-contactenos.htm,5.0,1.0,ca,Google reviews: 5* / 1,OPERATIONAL,"('real_estate_agency', 'point_of_interest', 'establishment')",07680
Mallorca Living & More S.L.,"C/ Cuevas, 9, 07680 Porto Cristo, Illes Balears, España",+34 672 11 31 43,https://www.living-mallorca.com/,,,de,Google reviews: * / None,OPERATIONAL,"('real_estate_agency', 'art_gallery', 'point_of_interest', 'establishment')",07680
portocristofineproperties,"Carrer des Velatxo, 1, 07680 Porto Cristo, Illes Balears, España",+34 615 40 29 48,https://www.portocristofineproperties.com/,,,en,Google reviews: * / None,OPERATIONAL,"('real_estate_agency', 'point_of_interest', 'establishment')",07680
Ocean Breeze Realty,,+34 633 52 98 14,https://oceanbreezerealtymallorca.com/,,,es,Google reviews: * / None,OPERATIONAL,"('real_estate_agency', 'establishment')",
Mallorca-Marbella-Estates,"Carrer les Dàlies, 07689 Romàntica, Illes Balears, España",+34 681 13 38 80,http://mallorca-marbella-estates.com/,,,es,Google reviews: * / None,OPERATIONAL,"('real_estate_agency', 'point_of_interest', 'establishment')",07689
Aci Gmbh,"Carrer Tessàlia, 15, 07688 Cala Murada, Illes Balears, España",+34 693 66 15 77,http://www.aci-mallorca.de/,5.0,1.0,es,Google reviews: 5* / 1,OPERATIONAL,"('real_estate_agency', 'point_of_interest', 'establishment')",07688
Casa Domingos,"Carrer de Cala Domingos, 167, 07689 Cales de Mallorca, Illes Balears, España",+49 178 4979794,http://casadomingos.com/,5.0,1.0,de,Google reviews: 5* / 1,OPERATIONAL,"('real_estate_agency', 'point_of_interest', 'establishment')",07689
IMAGINE BALEAR,"Carrer de Sant Roc, 2, 07691 S'Alqueria Blanca, Illes Balears, España",+34 686 34 76 05,,,,es,Google reviews: * / None,OPERATIONAL,"('real_estate_agency', 'point_of_interest', 'establishment')",07691
Chalet son Remei,"Carrer Capricorn de son Remei, 4, 07713 Sant Lluís, Illes Balears, España",+34 682 24 95 87,https://www.airbnb.es/rooms/1397081880802565791?guests=1&adults=1&s=67&unique_share_id=e6e28570-3925-46f8-b848-b207c1129760,5.0,1.0,es,Google reviews: 5* / 1,OPERATIONAL,"('real_estate_agency', 'point_of_interest', 'establishment')",07713
Island and Home,"Carrer de Xaloc, 6, 07730 Cala en Porter, Illes Balears, España",+34 669 64 60 27,http://www.islandandhome.com/,4.7,66.0,en,Google reviews: 4.7* / 66,OPERATIONAL,"('real_estate_agency', 'point_of_interest', 'establishment')",07730
INMOBILIARIA MENORCA ( 07730 ),"Passeig Marítim, 15, 07730 Cala en Porter, Illes Balears, España",+34 971 35 57 08,http://www.inmobiliariamenorca.com/,4.0,3.0,es,Google reviews: 4* / 3,OPERATIONAL,"('real_estate_agency', 'insurance_agency', 'lodging', 'finance', 'consultant', 'point_of_interest', 'establishment')",07730
Engel & Völkers Menorca Real Estate ,"Avinguda de Jaume I el Conqueridor, 58, 07760 Ciutadella de Menorca, Illes Balears, España",+34 971 17 97 00,http://www.engelvoelkers.com/menorca,4.6,29.0,es,Google reviews: 4.6* / 29,OPERATIONAL,"('real_estate_agency', 'consultant', 'point_of_interest', 'establishment')",07760
Riera Rossello,"Avinguda de Fort de l'Eau, 44, 07701 Maó, Illes Balears, España",+34 971 37 65 68,https://www.rierarossello.com/,,,es,Google reviews: * / None,OPERATIONAL,"('real_estate_agency', 'point_of_interest', 'establishment')",07701
ImmoStyle Menorca. Agencia inmobiliaria en Menorca. Real Estate Menorca,"Camí de Binifamís, S/N, 07730 Alaior, Illes Balears, España",+34 689 49 37 57,https://www.immostyle-menorca.com/,4.9,8.0,es,Google reviews: 4.9* / 8,OPERATIONAL,"('real_estate_agency', 'point_of_interest', 'establishment')",07730
Fincas Gomila – Agencia Inmobiliaria en Menorca,"Carrer des Ramal, 6, A, 07730 Alaior, Illes Balears, España",+34 675 09 18 05,http://fincasgomila.com/,4.8,16.0,es,Google reviews: 4.8* / 16,OPERATIONAL,"('real_estate_agency', 'point_of_interest', 'establishment')",07730
Agencia Inmobiliaria Menorquina,"Av. del Pare Huguet, 64, 07730 Alaior, Illes Balears, España",+34 971 37 14 99,,5.0,1.0,es,Google reviews: 5* / 1,OPERATIONAL,"('real_estate_agency', 'finance', 'consultant', 'general_contractor', 'point_of_interest', 'establishment')",07730
FINCAS NOVA,"Carrer des Ramal, 27, 07730 Alaior, Illes Balears, España",+34 659 94 16 43,http://www.fincasnova.com/,4.9,16.0,es,Google reviews: 4.9* / 16,OPERATIONAL,"('real_estate_agency', 'point_of_interest', 'establishment')",07730
FINCAS CARDONA,"Plaça des Ramal, 25, 07730 Alaior, Illes Balears, España",+34 971 37 88 88,https://www.fincascardona.com/,4.3,27.0,es,Google reviews: 4.3* / 27,OPERATIONAL,"('real_estate_agency', 'consultant', 'general_contractor', 'point_of_interest', 'establishment')",07730
Casas en Menorca - Alaior,"Carrer des Ramal, 77, 07730 Alaior, Illes Balears, España",+34 971 36 33 00,https://www.casasenmenorca.com/es/,4.9,8.0,es,Google reviews: 4.9* / 8,OPERATIONAL,"('real_estate_agency', 'point_of_interest', 'establishment')",07730
TDJL & Partners Realestate ,,+34 638 94 51 92,https://www.realestate-tdjlandpartners.com/,5.0,2.0,fr,Google reviews: 5* / 2,OPERATIONAL,"('real_estate_agency', 'finance', 'establishment')",
Inmobiliaria Vidal Menorca,"Av. de la Mar, 28A, 07749 Es Migjorn Gran, Illes Balears, España",+34 971 37 02 02,https://www.vidalmenorca.com/,4.7,15.0,es,Google reviews: 4.7* / 15,OPERATIONAL,"('real_estate_agency', 'point_of_interest', 'establishment')",07749
INMOBILIARIA MENORCA DJ SANTOS,"Calle Romaní, 3B, 07740 Arenal d'en Castell, Illes Balears, España",,https://www.djsantos.es/,5.0,15.0,es,Google reviews: 5* / 15,OPERATIONAL,"('real_estate_agency', 'point_of_interest', 'establishment')",07740
Menorca Holiday Home,"Playa Son Bou, Local X-38, 07730 Son Bou, Illes Balears, España",+34 608 94 13 40,http://menorcaholidayhome.com/,4.8,6.0,es,Google reviews: 4.8* / 6,OPERATIONAL,"('real_estate_agency', 'point_of_interest', 'establishment')",07730
Binilau Menorca,"Carrer de Bellamirada, 8, 07730 San Jaime Mediterráneo, Illes Balears, España",+34 682 54 06 54,http://www.binilau.com/,4.9,17.0,es,Google reviews: 4.9* / 17,OPERATIONAL,"('real_estate_agency', 'lodging', 'point_of_interest', 'establishment')",07730
Menorca 2001,"Carrer de Mallorca, 8, 07730 Alaior, Illes Balears, España",+34 971 37 10 13,,,,es,Google reviews: * / None,OPERATIONAL,"('real_estate_agency', 'point_of_interest', 'establishment')",07730
MenorcaLand,,+34 630 41 64 55,http://www.menorcaland.com/,5.0,1.0,es,Google reviews: 5* / 1,OPERATIONAL,"('real_estate_agency', 'establishment')",
Inmobiliaria Fincas Bonnin Sansó ,"Av. Vía Ronda de Ses Costes, 4, 07740 Es Mercadal, Illes Balears, España",+34 971 15 41 68,http://www.bonninsanso.com/,3.7,9.0,en,Google reviews: 3.7* / 9,OPERATIONAL,"('real_estate_agency', 'point_of_interest', 'establishment')",07740
Coves Noves - Menorca,"Carrer des Baladres, 22, 07740 Es Mercadal, Illes Balears, España",+34 934 12 28 72,https://www.coves-noves.com/,4.5,23.0,es,Google reviews: 4.5* / 23,OPERATIONAL,"('real_estate_agency', 'point_of_interest', 'establishment')",07740
Menorva Servicios Inmobiliarios S.A.,"Urbanización Playas de Fornells, Tramontana I, 110, 07748 Playas de Fornells -Es Mercadal, Illes Balears, España",+34 971 37 67 55,,3.0,2.0,es,Google reviews: 3* / 2,OPERATIONAL,"('real_estate_agency', 'point_of_interest', 'establishment')",07748
MenorcaLand.com,"Avinguda del Dr. Llansó, 49, 07740 Menorca, Illes Balears, España",+34 630 41 64 55,,,,es,Google reviews: * / None,OPERATIONAL,"('real_estate_agency', 'point_of_interest', 'establishment')",07740
Sa Caseta Servicios Inmobiliarios,"Carrer E, 07748 Platges de Fornells, Illes Balears, España",+34 971 37 65 61,http://www.sacasetademenorca.es/,4.1,11.0,ca,Google reviews: 4.1* / 11,OPERATIONAL,"('real_estate_agency', 'point_of_interest', 'establishment')",07748
FINCAS SERRA,"Carrer Mallorca, 32, 07750 Ferreries, Illes Balears, España",+34 620 93 99 79,http://www.fincasserra.com/,4.5,4.0,es,Google reviews: 4.5* / 4,OPERATIONAL,"('real_estate_agency', 'point_of_interest', 'establishment')",07750
Menorca Maravilla properties s.l,"Carrer Villa Pepa, 23, 07750 Ferreries, Illes Balears, España",+34 611 68 32 78,http://www.menorcamaravilla.com/,5.0,6.0,es,Google reviews: 5* / 6,OPERATIONAL,"('real_estate_agency', 'point_of_interest', 'establishment')",07750
Hommed,"Carrer D, 5, 07748 Platges de Fornells, Illes Balears, España",+34 662 96 18 04,https://hommmed.com/,5.0,8.0,es,Google reviews: 5* / 8,OPERATIONAL,"('real_estate_agency', 'consultant', 'point_of_interest', 'establishment')",07748
Prestaciones Integrales Agrupadas,"Pl. Ses Palmeres, 14, 07740 Es Mercadal, Illes Balears, España",+34 971 35 81 09,http://prestacions.com/,,,es,Google reviews: * / None,OPERATIONAL,"('real_estate_agency', 'point_of_interest', 'establishment')",07740
Finques I Pisos Ferreries,"Carrer Mallorca, 40, 07750 Ferreries, Illes Balears, España",+34 971 37 31 26,,1.0,1.0,es,Google reviews: 1* / 1,OPERATIONAL,"('real_estate_agency', 'point_of_interest', 'establishment')",07750
MenorcaInmo,"C. Goya, 18, BAJOS 1º, 07750 Ferreries, Illes Balears, España",+34 628 47 80 32,,,,es,Google reviews: * / None,OPERATIONAL,"('real_estate_agency', 'point_of_interest', 'establishment')",07750
Inmobiliaria Pons Morales,"Carrer Major des Born, 7 Bis, 07760 Ciutadella de Menorca, Illes Balears, España",+34 971 38 42 25,http://www.ponsmorales.com/,4.7,84.0,es,Google reviews: 4.7* / 84,OPERATIONAL,"('real_estate_agency', 'finance', 'point_of_interest', 'establishment')",07760
MENORCA IN PERSON ,"Passeig de Sant Nicolau, 61, 07760 Ciutadella de Menorca, Illes Balears, España",+34 971 38 28 48,https://www.menorcainperson.com/,5.0,112.0,es,Google reviews: 5* / 112,OPERATIONAL,"('real_estate_agency', 'consultant', 'point_of_interest', 'establishment')",07760
FINCAS LLONGA'S ,"Avinguda de Jaume I el Conqueridor, 89, 07760 Ciutadella de Menorca, Illes Balears, España",+34 971 38 52 02,http://www.fincasllongas.com/,4.1,33.0,es,Google reviews: 4.1* / 33,OPERATIONAL,"('real_estate_agency', 'consultant', 'point_of_interest', 'establishment')",07760
Inmobiliaria Artrutx,"Avinguda de la Constitució, 7, 07760 Ciudadela de Menorca, Illes Balears, España",+34 971 38 09 71,http://www.inmobiliariaartrutx.com/,4.6,115.0,es,Google reviews: 4.6* / 115,OPERATIONAL,"('real_estate_agency', 'point_of_interest', 'establishment')",07760
Inmobiliaria Anglada,"Carrer de la Murada d'Artrutx, 2, 07760 Ciutadella de Menorca, Illes Balears, España",+34 971 38 34 76,,4.0,4.0,es,Google reviews: 4* / 4,OPERATIONAL,"('real_estate_agency', 'point_of_interest', 'establishment')",07760
Inmobiliaria Fincas Bonnin Sansó Ciutadella,"Avinguda de Jaume I el Conqueridor, 72, 07760 Ciutadella de Menorca, Illes Balears, España",+34 971 48 22 00,https://www.bonninsanso.com/,4.2,54.0,es,Google reviews: 4.2* / 54,OPERATIONAL,"('real_estate_agency', 'point_of_interest', 'establishment')",07760
Inmobiliaria RED Premium Real Estate  ( 07760 ),"Carrer de la Murada d'Artrutx, 13, 07760 Ciutadella de Menorca, Illes Balears, España",+34 871 77 55 05,https://www.redpremium.es/,5.0,1.0,es,Google reviews: 5* / 1,OPERATIONAL,"('real_estate_agency', 'point_of_interest', 'establishment')",07760
Finques Torres Inmobiliaria,"Carrer de Sant Isidre, 40, 07760 Ciutadella de Menorca, Illes Balears, España",+34 653 10 66 24,https://www.finquestorres.net/,4.8,15.0,es,Google reviews: 4.8* / 15,OPERATIONAL,"('real_estate_agency', 'point_of_interest', 'establishment')",07760
Top Menorca,,+34 649 93 96 74,http://www.topmenorca.es/,4.9,18.0,es,Google reviews: 4.9* / 18,OPERATIONAL,"('real_estate_agency', 'establishment')",
Fincas Ciutadella,"Avinguda de Jaume I el Conqueridor, 101, Bajos, 07760 Ciudadela de Menorca, Illes Balears, España",+34 871 02 69 48,http://www.fincasciutadella.com/,4.2,30.0,es,Google reviews: 4.2* / 30,OPERATIONAL,"('real_estate_agency', 'point_of_interest', 'establishment')",07760
Fincas Seminari,"Plaça Nova, 3, 07760 Ciutadella de Menorca, Illes Balears, España",+34 971 48 46 29,http://www.fincasseminari.com/,4.3,24.0,es,Google reviews: 4.3* / 24,OPERATIONAL,"('real_estate_agency', 'point_of_interest', 'establishment')",07760
Solroda,"Carrer d'Alaior, 32, BAJO, 07760 Ciutadella de Menorca, Illes Balears, España",+34 971 48 11 08,https://solrodainmobiliaria.com/,4.5,4.0,es,Google reviews: 4.5* / 4,OPERATIONAL,"('real_estate_agency', 'point_of_interest', 'establishment')",07760
Inmobiliaria Camps Bosch,"Plaça d'Artrutx, 11, 07760 Ciutadella de Menorca, Illes Balears, España",+34 971 38 31 15,https://inmocampsbosch.com/,4.6,28.0,es,Google reviews: 4.6* / 28,OPERATIONAL,"('real_estate_agency', 'lawyer', 'consultant', 'point_of_interest', 'establishment')",07760
Fincas Cala,"Carrer de la Pau, 9, 07760 Ciutadella de Menorca, Illes Balears, España",+34 971 48 23 16,https://www.fincascala.com/,5.0,5.0,es,Google reviews: 5* / 5,OPERATIONAL,"('real_estate_agency', 'point_of_interest', 'establishment')",07760
Alfa Inmobiliaria S.L.,"Carrer de ses Parres, 25, 07760 Ciutadella de Menorca, Illes Balears, España",+34 971 38 51 13,http://www.fincasalfamenorca.com/,5.0,2.0,es,Google reviews: 5* / 2,OPERATIONAL,"('real_estate_agency', 'point_of_interest', 'establishment')",07760
Sol Naixent Inmobiliaria Menorca,"Carrer de Sant Eloi, 13, 07760 Ciutadella de Menorca, Illes Balears, España",+34 690 73 43 14,http://www.solnaixent.com/,,,es,Google reviews: * / None,OPERATIONAL,"('real_estate_agency', 'general_contractor', 'point_of_interest', 'establishment')",07760
Finques Toni Serra,"Carrer de Sant Isidre, 46, 07760 Ciutadella de Menorca, Illes Balears, España",+34 629 25 43 71,https://www.finquestoniserra.com/,5.0,2.0,es,Google reviews: 5* / 2,OPERATIONAL,"('real_estate_agency', 'point_of_interest', 'establishment')",07760
Villas in Menorca,"Carrer de València, 22, 07760 Ciutadella de Menorca, Illes Balears, España",+34 602 49 14 93,http://www.villasinmenorca.co.uk/,,,de,Google reviews: * / None,OPERATIONAL,"('real_estate_agency', 'point_of_interest', 'establishment')",07760
Lucas Fox — A Dils company,"Carrer del Roser, 13, Bajos, 07760 Ciudadela de Menorca, Illes Balears, España",+34 971 48 41 21,https://www.lucasfox.com/property/spain/menorca.html?utm_medium=organic&utm_source=google&utm_campaign=mybusiness_menorca,4.6,27.0,es,Google reviews: 4.6* / 27,OPERATIONAL,"('real_estate_agency', 'finance', 'consultant', 'point_of_interest', 'establishment')",07760
EPL En Primera Linea,"Avinguda del Capità Negrete, 8, 07760 Ciutadella de Menorca, Illes Balears, España",+34 680 15 98 97,https://www.enprimeralinea.immo/,4.7,12.0,es,Google reviews: 4.7* / 12,OPERATIONAL,"('real_estate_agency', 'point_of_interest', 'establishment')",07760
Maryline Paez,"Carrer de la Puríssima, 9, 07760 Ciutadella de Menorca, Illes Balears, España",+34 687 54 31 64,http://marylinepaez.com/,5.0,2.0,es,Google reviews: 5* / 2,OPERATIONAL,"('real_estate_agency', 'point_of_interest', 'establishment')",07760
Inmobiliaria IAMO,"Carrer de Sant Onofre, 1, 07760 Ciutadella de Menorca, Illes Balears, España",+34 971 48 13 21,,5.0,1.0,es,Google reviews: 5* / 1,OPERATIONAL,"('real_estate_agency', 'point_of_interest', 'establishment')",07760
HSH Luxury Real Estate ,"Carrer de Sant Sebastià, n° 16, 07760 Ciutadella de Menorca, Illes Balears, España",+34 658 68 97 02,https://www.highstandinghouse.com/propiedades,5.0,6.0,es,Google reviews: 5* / 6,OPERATIONAL,"('real_estate_agency', 'point_of_interest', 'establishment')",07760
Casas en Menorca - Ciutadella,"Carrer de Sant Pere d'Alcàntara, 46, 07760 Ciutadella de Menorca, Illes Balears, España",+34 971 38 06 37,https://www.casasenmenorca.com/es/,5.0,5.0,es,Google reviews: 5* / 5,OPERATIONAL,"('real_estate_agency', 'point_of_interest', 'establishment')",07760
Inmobiliaria Sa Caseta,"Carrer de Sant Isidre, 19b, 07760 Ciutadella de Menorca, Illes Balears, España",+34 639 63 39 75,http://www.sacasetademenorca.es/en/,3.3,4.0,es,Google reviews: 3.3* / 4,OPERATIONAL,"('real_estate_agency', 'point_of_interest', 'establishment')",07760
Blanca de Olivar Real Estate,"Carrer de Santa Clara, 15, 07760 Ciutadella de Menorca, Illes Balears, España",+34 616 07 72 42,https://blancadeolivar.com/,,,es,Google reviews: * / None,OPERATIONAL,"('real_estate_agency', 'point_of_interest', 'establishment')",07760
Grupo Portal Menorca  ( 07760 ),"Passeig de Sant Nicolau, 61, 07760 Ciutadella de Menorca, Illes Balears, España",+34 971 35 12 21,https://portalmenorca.com/,5.0,2.0,es,Google reviews: 5* / 2,OPERATIONAL,"('real_estate_agency', 'point_of_interest', 'establishment')",07760
Zenhousecredit,"Avinguda de Jaume I el Conqueridor, 69, 07760 Ciutadella de Menorca, Illes Balears, España",+34 971 38 25 77,http://zenhouse.es/,2.8,6.0,es,Google reviews: 2.8* / 6,OPERATIONAL,"('real_estate_agency', 'point_of_interest', 'establishment')",07760
Es Pou de Torn,"Cam. de Maó, 190, local 5, 07760 Ciudadela de Menorca, Illes Balears, España",+34 971 38 24 46,https://www.espoudetorn.com/,4.1,13.0,es,Google reviews: 4.1* / 13,OPERATIONAL,"('real_estate_agency', 'point_of_interest', 'establishment')",07760
VIVIR MENORCA,"07760 Ciudadela de Menorca, Illes Balears, España",+34 676 89 90 62,http://www.vivirmenorca.es/,,,es,Google reviews: * / None,OPERATIONAL,"('real_estate_agency', 'point_of_interest', 'establishment')",07760
Aura Concierge  ( 07760 ),"Carrer de la Puríssima, 31, 07760 Ciutadella de Menorca, Illes Balears, España",+34 659 36 50 34,https://www.auraconciergegroup.com/,,,es,Google reviews: * / None,OPERATIONAL,"('real_estate_agency', 'point_of_interest', 'establishment')",07760
Menorca Home,,+34 650 95 51 92,https://menorcacom.online/,4.9,179.0,es,Google reviews: 4.9* / 179,OPERATIONAL,"('real_estate_agency', 'establishment')",
Quim Carretero,"Carrer del Dormidor de les Monges, 5, 07760 Ciutadella de Menorca, Illes Balears, España",+34 971 48 10 60,,4.0,1.0,es,Google reviews: 4* / 1,OPERATIONAL,"('real_estate_agency', 'point_of_interest', 'establishment')",07760
Home Care Menorca,,+34 613 03 27 95,http://www.homecaremenorca.com/,5.0,1.0,es,Google reviews: 5* / 1,OPERATIONAL,"('real_estate_agency', 'establishment')",
Stanza,"Avinguda de Jaume I el Conqueridor, 55, 07760 Ciutadella de Menorca, Illes Balears, España",+34 672 32 07 71,https://www.stanza.es/,,,es,Google reviews: * / None,OPERATIONAL,"('real_estate_agency', 'point_of_interest', 'establishment')",07760
Fetosi Desarrollos Sl,"Carrer de Josep Cavaller i Piris, 9, 07760 Ciutadella de Menorca, Illes Balears, España",+34 971 38 34 27,,3.0,1.0,es,Google reviews: 3* / 1,OPERATIONAL,"('real_estate_agency', 'point_of_interest', 'establishment')",07760
MioMenorca,"Carrer del Roser, 13, 07760 Ciutadella de Menorca, Illes Balears, España",+34 678 94 97 40,,,,it,Google reviews: * / None,OPERATIONAL,"('real_estate_agency', 'point_of_interest', 'establishment')",07760
Gestors Immobiliaris,"Carrer de Sant Pere d'Alcàntara, 44 1º, 1ª, 07760 Ciutadella de Menorca, Illes Balears, España",+34 649 41 41 34,,,,es,Google reviews: * / None,OPERATIONAL,"('real_estate_agency', 'point_of_interest', 'establishment')",07760
SantadriaMenorca,"Carrer des Falciot, 2, 07769 Son Carrió, Illes Balears, España",+34 675 25 75 32,http://santandriamenorca.es/,5.0,2.0,es,Google reviews: 5* / 2,OPERATIONAL,"('real_estate_agency', 'point_of_interest', 'establishment')",07769
Menorca MPC,"Carrer Migjorn, 1104, 07769 Cap d'Artrutx, Illes Balears, España",+34 687 53 05 84,https://www.menorcampc.com/,4.7,24.0,es,Google reviews: 4.7* / 24,OPERATIONAL,"('real_estate_agency', 'point_of_interest', 'establishment')",07769
InmoMenorca Homes ,"cami de sa nacra s/n, 07760, Illes Balears, España",+34 606 60 63 98,http://www.inmomenorcahomes.com/,3.7,3.0,es,Google reviews: 3.7* / 3,OPERATIONAL,"('real_estate_agency', 'consultant', 'point_of_interest', 'establishment')",07760
Mondialité Ibiza,"Via Romana, 52, 07800 Eivissa, Illes Balears, España",+34 673 48 11 12,https://www.mondialiteibiza.com/,4.9,149.0,es,Google reviews: 4.9* / 149,OPERATIONAL,"('real_estate_agency', 'consultant', 'point_of_interest', 'establishment')",07800
Prestige Properties Ibiza,"Av. de Bartomeu de Roselló, 1, 07800 Eivissa, Illes Balears, España",+34 971 19 04 55,https://www.ibizaprestige.com/,4.9,100.0,es,Google reviews: 4.9* / 100,OPERATIONAL,"('real_estate_agency', 'point_of_interest', 'establishment')",07800
Ibiza Services,"Av. 8 d'Agost, 29, Bajo III, 07800 Eivissa, Illes Balears, España",+34 971 59 91 11,https://ibiza-services.com/,4.9,314.0,es,Google reviews: 4.9* / 314,OPERATIONAL,"('real_estate_agency', 'consultant', 'point_of_interest', 'establishment')",07800
Summum Ibiza,"Carrer de Sant Cristòfol, 13, 07800 Eivissa, Illes Balears, España",+34 666 90 09 80,https://www.summumibiza.com/,5.0,76.0,es,Google reviews: 5* / 76,OPERATIONAL,"('real_estate_agency', 'point_of_interest', 'establishment')",07800
Ibizavende,"Carrer de Pere de Portugal, 5, 07800 Eivissa, Illes Balears, España",+34 971 93 49 88,http://www.ibizavende.com/,4.7,157.0,es,Google reviews: 4.7* / 157,OPERATIONAL,"('real_estate_agency', 'point_of_interest', 'establishment')",07800
Engel & Völkers Ibiza,"Avinguda de Santa Eulària des Riu, 17, 07800 Eivissa, Illes Balears, España",+34 971 31 13 36,http://www.ev-ibiza.com/,4.6,82.0,es,Google reviews: 4.6* / 82,OPERATIONAL,"('real_estate_agency', 'finance', 'general_contractor', 'consultant', 'point_of_interest', 'establishment')",07800
Agencia Inmobiliaria Ibiza ,"Via Romana, 17, bajos, 07800 Eivissa, Illes Balears, España",+34 629 68 44 43,https://www.solanaibiza.com/es/,4.8,19.0,es,Google reviews: 4.8* / 19,OPERATIONAL,"('real_estate_agency', 'consultant', 'point_of_interest', 'establishment')",07800
The Best Ibiza ,"Carrer de Pere Francès, 9, 3ª planta, puerta 308, 07800 Eivissa, Illes Balears, España",+34 607 40 85 40,https://www.thebestibiza.com/es/,5.0,25.0,es,Google reviews: 5* / 25,OPERATIONAL,"('real_estate_agency', 'consultant', 'point_of_interest', 'establishment')",07800
PONENT,"Carrer de Vicent Serra i Orvay, 21, 07800 Eivissa, Illes Balears, España",+34 971 19 40 57,http://www.inmobiliaria-ponent.com/,4.7,82.0,es,Google reviews: 4.7* / 82,OPERATIONAL,"('real_estate_agency', 'point_of_interest', 'establishment')",07800
VIS Inmobiliaria,"Passeig de Vara de Rey, 3, 07800 Eivissa, Illes Balears, España",+34 971 30 09 12,http://www.vis-ibiza.com/,4.7,36.0,es,Google reviews: 4.7* / 36,OPERATIONAL,"('real_estate_agency', 'point_of_interest', 'establishment')",07800
Inmobiliaria Ibiza,"C/ d'Aragó, 23, 07800 Eivissa, Illes Balears, España",+34 665 56 66 44,https://inmobiliaria-ibiza.com/,5.0,9.0,es,Google reviews: 5* / 9,OPERATIONAL,"('real_estate_agency', 'point_of_interest', 'establishment')",07800
Barcoland Agencia Inmobiliaria,"Carrer de Fray Luis de Leon, 12, 07800 Eivissa, Illes Balears, España",+34 686 92 23 62,https://inmobarcoland.com/,5.0,28.0,es,Google reviews: 5* / 28,OPERATIONAL,"('real_estate_agency', 'point_of_interest', 'establishment')",07800
Lucas Fox,"Av. Sant Josep de sa Talaia, 66, 07800 Eivissa, Illes Balears, España",+34 971 59 06 30,https://www.lucasfox.com/property/spain/ibiza.html?utm_medium=organic&utm_source=google&utm_campaign=mybusiness_ibiza,5.0,51.0,en,Google reviews: 5* / 51,OPERATIONAL,"('real_estate_agency', 'finance', 'consultant', 'point_of_interest', 'establishment')",07800
Ibiza Genius Real Estate,"Carrer de Vicent Serra i Orvay, 14, Local 2, 07800 Ibiza, Illes Balears, España",+34 634 71 03 39,http://www.ibizagenius.com/,4.1,69.0,es,Google reviews: 4.1* / 69,OPERATIONAL,"('real_estate_agency', 'point_of_interest', 'establishment')",07800
Las Villas Ibiza Agence immobiliere,"Carrer de Vicente Cuervo, 10, Bajo, 07800 Ibiza, Illes Balears, España",+34 661 35 37 65,http://lasvillasibiza.com/,4.6,11.0,es,Google reviews: 4.6* / 11,OPERATIONAL,"('real_estate_agency', 'point_of_interest', 'establishment')",07800
Ibiza Royal Agency,"Carrer d'Agapit Llobet, 1, 3º-3ª, 07800 Eivissa, Illes Balears, España",+34 871 71 88 50,https://www.ibizaroyalagency.com/,4.5,23.0,es,Google reviews: 4.5* / 23,OPERATIONAL,"('real_estate_agency', 'general_contractor', 'consultant', 'point_of_interest', 'establishment')",07800
LOVE TO LIVE IBIZA,"Carrer de sa Llavanera, 10, Edf. Brisol, esc. 2, loc. 2, 07800 Eivissa, Illes Balears, España",+34 971 50 85 69,https://www.lovetoliveibiza.com/es/,5.0,62.0,es,Google reviews: 5* / 62,OPERATIONAL,"('real_estate_agency', 'point_of_interest', 'establishment')",07800
Casanovas | Real Estate Ibiza,"Cas Serres, Av. de Sant Jordi, 56, 07800 Eivissa, Illes Balears, España",+34 680 16 14 14,https://www.casanovasrealestate.com/,5.0,12.0,es,Google reviews: 5* / 12,OPERATIONAL,"('real_estate_agency', 'point_of_interest', 'establishment')",07800
John Taylor Ibiza,"Passeig Joan Carles I, 39, 07800 Eivissa, Illes Balears, España",+34 682 15 22 28,https://www.john-taylor.es/agencia-inmobiliaria-lujo/ibiza/,4.7,12.0,es,Google reviews: 4.7* / 12,OPERATIONAL,"('real_estate_agency', 'point_of_interest', 'establishment')",07800
CENTURY 21 Nova Vila ,"Passatge de Balàfia, 1, Local 6, 07800 Eivissa, Illes Balears, España",+34 971 96 39 89,https://www.century21.es/agencias/novavila/,4.1,20.0,es,Google reviews: 4.1* / 20,OPERATIONAL,"('real_estate_agency', 'consultant', 'point_of_interest', 'establishment')",07800
Tierras de ibiza,"Av. d'Espanya, 18, 07800 Eivissa, Illes Balears, España",+34 633 40 89 81,https://www.tierrasdeibiza.com/,3.8,65.0,es,Google reviews: 3.8* / 65,OPERATIONAL,"('real_estate_agency', 'point_of_interest', 'establishment')",07800
Singular Ibiza Real Estate,"Patio Blanco, C. de sa Corbeta, 1, 5-5-1, 07800 Eivissa, Illes Balears, España",+34 636 75 53 24,https://www.singularvillasibiza.com/,5.0,13.0,es,Google reviews: 5* / 13,OPERATIONAL,"('real_estate_agency', 'point_of_interest', 'establishment')",07800
EXPRESS NETWORK,"Carrer Gregal, 9, 07800 Eivissa, Illes Balears, España",+34 649 21 02 32,https://www.exnw.eu/,5.0,12.0,es,Google reviews: 5* / 12,OPERATIONAL,"('real_estate_agency', 'point_of_interest', 'establishment')",07800
CASAVIVA Inmobiliaria Ibiza,"Carrer de Bartomeu Vicent Ramon, 24, 07800 Eivissa, Illes Balears, España",+34 971 31 76 50,http://www.casavivaibiza.com/,4.4,7.0,es,Google reviews: 4.4* / 7,OPERATIONAL,"('real_estate_agency', 'point_of_interest', 'establishment')",07800
Ibiza Domo,"Av. d'Isidor Macabich, 58, 07800 Eivissa, Illes Balears, España",+34 971 31 25 27,http://ibizadomo.com/,4.5,30.0,es,Google reviews: 4.5* / 30,OPERATIONAL,"('real_estate_agency', 'point_of_interest', 'establishment')",07800
Vive Ibiza Inmobiliaria,"Avenida 8 de agosto 11 (edificio Brisol) esc 10, 07800 Ibiza, Illes Balears, España",+34 971 59 02 04,https://www.vive-ibiza.es/,3.8,10.0,es,Google reviews: 3.8* / 10,OPERATIONAL,"('real_estate_agency', 'point_of_interest', 'establishment')",07800
Ibiza Secrets Real Estate SL,"C/ del Bisbe González Abarca, 2, 07800 Eivissa, Illes Balears, España",+34 646 40 48 06,http://www.ibiza-secrets.com/,4.5,41.0,en,Google reviews: 4.5* / 41,OPERATIONAL,"('real_estate_agency', 'point_of_interest', 'establishment')",07800
Botafoch Real Estate,"Paseo Juan Carlos I, 39, Local 6, 07800 Ibiza, Illes Balears, España",+34 971 31 62 06,http://www.botafoch-realestate.com/,4.5,24.0,es,Google reviews: 4.5* / 24,OPERATIONAL,"('real_estate_agency', 'point_of_interest', 'establishment')",07800
VIDALES HOUSE & BOAT ,"Carrer de les Campanetes, 52-54, 07817 Sant Jordi de ses Salines, Illes Balears, España",+34 633 51 07 95,https://www.vidaleshouseboat.com/,5.0,31.0,es,Google reviews: 5* / 31,OPERATIONAL,"('real_estate_agency', 'point_of_interest', 'establishment')",07817
DomoStay,"Carrer de Sant Cristòfol, 28, bajo, 07800 Ibiza, Illes Balears, España",+34 689 48 80 87,,5.0,1.0,es,Google reviews: 5* / 1,OPERATIONAL,"('real_estate_agency', 'point_of_interest', 'establishment')",07800
Inmobiliaria en Ibiza - BST ( 07800 ),"Carrer de Formentera, 1, 07800 Eivissa, Illes Balears, España",+34 644 36 31 16,,5.0,1.0,es,Google reviews: 5* / 1,OPERATIONAL,"('real_estate_agency', 'point_of_interest', 'establishment')",07800
Lara Propiedades,"Carrer Antonio M. Alcover, 4, 07800 Eivissa, Illes Balears, España",+34 615 88 49 79,http://ibizalarapropiedades.com/,5.0,1.0,es,Google reviews: 5* / 1,OPERATIONAL,"('real_estate_agency', 'point_of_interest', 'establishment')",07800
RLG Ibiza,"Av. 8 d'Agost, 38, 07800 Eivissa, Illes Balears, España",+34 643 75 80 60,,4.7,30.0,en,Google reviews: 4.7* / 30,OPERATIONAL,"('real_estate_agency', 'consultant', 'point_of_interest', 'establishment')",07800
myibiza estate,"C. de Joan d'Àustria, 5, 07800 Eivissa, Illes Balears, España",+34 602 64 66 70,http://www.myibiza.estate/,5.0,18.0,es,Google reviews: 5* / 18,OPERATIONAL,"('real_estate_agency', 'point_of_interest', 'establishment')",07800
Inmobiliaria Cecilio,"Avinguda d'Ignasi Wallis, 40, 07800 Eivissa, Illes Balears, España",+34 971 31 59 10,http://www.cecilio.com/,4.0,24.0,es,Google reviews: 4* / 24,OPERATIONAL,"('real_estate_agency', 'point_of_interest', 'establishment')",07800
Luxury Villas Ibiza,"Carrer Riu Támesis, 35, 07800 Eivissa, Illes Balears, España",+34 604 10 18 16,http://www.luxuryvillasibiza.net/,4.8,20.0,es,Google reviews: 4.8* / 20,OPERATIONAL,"('real_estate_agency', 'point_of_interest', 'establishment')",07800
Prime Lux Ibiza,"Av. 8 d'Agost, 7, esc 7, 07800 Eivissa, Illes Balears, España",+34 655 01 81 21,https://www.primeluxibiza.com/,5.0,7.0,es,Google reviews: 5* / 7,OPERATIONAL,"('real_estate_agency', 'point_of_interest', 'establishment')",07800
Best Experience Real Estate,"Passeig de Vara de Rey, 18, 07800 Eivissa, Illes Balears, España",+34 657 18 10 35,https://bestexperiencerealestate.com/en/,5.0,9.0,es,Google reviews: 5* / 9,OPERATIONAL,"('real_estate_agency', 'consultant', 'point_of_interest', 'establishment')",07800
Landed In Ibiza Real Estate,"Carrer de Canàries, 41, Bajo 6, 07800 Ibiza, Illes Balears, España",+34 971 87 79 84,http://www.landedinibiza.com/,4.8,22.0,es,Google reviews: 4.8* / 22,OPERATIONAL,"('real_estate_agency', 'point_of_interest', 'establishment')",07800
Neverland Properties Ibiza,"C. d'Astúries, 24, 07800 Eivissa, Illes Balears, España",+34 971 39 35 77,https://www.neverlandproperties.com/,4.8,22.0,es,Google reviews: 4.8* / 22,OPERATIONAL,"('real_estate_agency', 'point_of_interest', 'establishment')",07800
ILiveIbiza ,"Carrer A2 S-16, 5, 07800 Eivissa, Illes Balears, España",+34 609 92 26 12,,5.0,1.0,es,Google reviews: 5* / 1,OPERATIONAL,"('real_estate_agency', 'point_of_interest', 'establishment')",07800
Inmobiliaria-Mayol-Investibiza,"Avda de Isidoro Macabich, N.39, 4 ,B Aptdo Postal, N. 40, 07800 Eivissa, Illes Balears, España",+34 871 70 80 79,http://www.mayolorganizacion.com/,5.0,1.0,es,Google reviews: 5* / 1,OPERATIONAL,"('real_estate_agency', 'point_of_interest', 'establishment')",07800
La Casa Agency | Ibiza,"C/ Alcalde Antonio Guasch, 3, bajos, 07800 Ibiza, Illes Balears, España",+34 689 04 75 93,http://www.lacasa.net/,4.7,6.0,es,Google reviews: 4.7* / 6,OPERATIONAL,"('real_estate_agency', 'point_of_interest', 'establishment')",07800
JAN SERVICE,"Passeig Joan Carles I, 27, 07800 Eivissa, Illes Balears, España",+34 603 51 58 17,http://www.janserviceonlyvip.com/,5.0,1.0,es,Google reviews: 5* / 1,OPERATIONAL,"('real_estate_agency', 'point_of_interest', 'establishment')",07800
LYNDO Real Estate & Property Manager ,"Carrer de sa Llavanera, 9, 07800 Eivissa, Illes Balears, España",+34 658 46 88 86,http://www.lyndo.es/,5.0,21.0,es,Google reviews: 5* / 21,OPERATIONAL,"('real_estate_agency', 'point_of_interest', 'establishment')",07800
Horizonte Ibiza Real Estate,,+34 609 51 57 14,https://www.horizonteibiza.com/,5.0,3.0,es,Google reviews: 5* / 3,OPERATIONAL,"('real_estate_agency', 'establishment')",
Inmobiliaria Clapes. Inmobiliaria en Ibiza.,"C/ de Catalunya, 15, 07800 Eivissa, Illes Balears, España",+34 640 31 81 11,http://www.inmobiliariaclapes.com/,5.0,2.0,es,Google reviews: 5* / 2,OPERATIONAL,"('real_estate_agency', 'point_of_interest', 'establishment')",07800
SeaView Ibiza Real Estate Agency,"Carrer del País Basc, 12, 07800 Eivissa, Illes Balears, España",+34 642 64 11 36,,4.5,2.0,es,Google reviews: 4.5* / 2,OPERATIONAL,"('real_estate_agency', 'point_of_interest', 'establishment')",07800
INVER METRO,"Carrer de Vicente Cuervo, 10, 07800 Eivissa, Illes Balears, España",+34 971 31 00 77,http://ibizainmobiliaria.com/,5.0,5.0,es,Google reviews: 5* / 5,OPERATIONAL,"('real_estate_agency', 'point_of_interest', 'establishment')",07800
Ibiza Breeze,"Sa torre blanca, 4. Edificio portamar 1 bl b 1b, 07800 Ibiza, Illes Balears, España",+34 981 62 30 53,http://www.ibizaluxuryvillas.net/,4.6,7.0,es,Google reviews: 4.6* / 7,OPERATIONAL,"('real_estate_agency', 'point_of_interest', 'establishment')",07800
Inmolocal Ibiza,"C. des Fusters, 34, Pol. Montecristo Industrial, 94-95-96, 07816 Monte Cristo, Illes Balears, España",+34 610 68 14 22,http://www.inmolocalibiza.com/,4.3,25.0,es,Google reviews: 4.3* / 25,OPERATIONAL,"('real_estate_agency', 'point_of_interest', 'establishment')",07816
CARDONA ESTATE,"Carrer de Sant Cristòfol, 26, 07800 Eivissa, Illes Balears, España",+34 871 05 17 94,http://cardonaestate.com/,3.8,30.0,es,Google reviews: 3.8* / 30,OPERATIONAL,"('real_estate_agency', 'consultant', 'point_of_interest', 'establishment')",07800
Royal Estates,"Av. d'Espanya, 122, bajo izquierda, 07800 Ibiza, Illes Balears, España",+34 661 75 21 98,https://royalestates.com/,5.0,12.0,nl,Google reviews: 5* / 12,OPERATIONAL,"('real_estate_agency', 'point_of_interest', 'establishment')",07800
Torres Guasch S.L.,"Carrer de Portinatx, 45. Urbanización Puerto Blanco, Local 3, 07810 Ibiza, Illes Balears, España",+34 676 67 35 29,https://www.torresguasch.com/,3.3,3.0,es,Google reviews: 3.3* / 3,OPERATIONAL,"('real_estate_agency', 'point_of_interest', 'establishment')",07810
Ronin Propiedades S L,"Lugar Urbanització Isla Blanca, 42, 07810 Sant Joan de Labritja, Illes Balears, España",+34 971 33 44 41,,,,es,Google reviews: * / None,OPERATIONAL,"('real_estate_agency', 'point_of_interest', 'establishment')",07810
Autentic Ibiza Properties ,"Carrer Eivissa-, 11, Local 7, 07815 Sant Miquel de Balansat, Illes Balears, España",+34 602 02 14 57,https://www.autenticproperties.com/,,,es,Google reviews: * / None,OPERATIONAL,"('real_estate_agency', 'finance', 'general_contractor', 'consultant', 'point_of_interest', 'establishment')",07815
TOG Ibiza,,+34 610 99 61 12,https://www.theorchidgroup.properties/,5.0,1.0,es,Google reviews: 5* / 1,OPERATIONAL,"('real_estate_agency', 'establishment')",
Max Fleer Personal Real Estate Service,"Sant Llorenc de Balafia, E10 km 15, 07812 Sant Llorenç de Balàfia, Illes Balears, España",+34 670 77 77 03,http://www.maxfleer.com/,3.3,3.0,es,Google reviews: 3.3* / 3,OPERATIONAL,"('real_estate_agency', 'point_of_interest', 'establishment')",07812
Ibimimosa S.L.,,+34 696 68 88 87,http://www.ibimimosa.com/,,,es,Google reviews: * / None,OPERATIONAL,"('real_estate_agency', 'establishment')",
BRACAMONTE & MÜHLBERGER,"CARRETERA SAN CARLOS KM 12,1, 07850 San Carlos, Illes Balears, España",+34 971 33 52 33,,4.3,7.0,ca,Google reviews: 4.3* / 7,OPERATIONAL,"('real_estate_agency', 'point_of_interest', 'establishment')",07850
Amproperties ibiza ( None ),,+34 657 13 00 98,,,,es,Google reviews: * / None,OPERATIONAL,"('real_estate_agency', 'establishment')",
Charles Marlow Ibiza,"Carretera San Juan, km 12, 9, 07812 Sant Llorenç de Balàfia, Illes Balears, España",+34 971 45 95 04,http://www.charlesmarlow.com/,5.0,3.0,en,Google reviews: 5* / 3,OPERATIONAL,"('real_estate_agency', 'point_of_interest', 'establishment')",07812
Ibiza Wealth Management,"Venda De Peralta 6, 07850 San Carlos, Illes Balears, España",+34 647 10 95 46,,,,es,Google reviews: * / None,OPERATIONAL,"('real_estate_agency', 'point_of_interest', 'establishment')",07850
Bram Servicios Inmobiliarios S L,"Carrer de la Vénda de Morna, 1, 07850 Sant Carles de Peralta, Illes Balears, España",+34 971 33 55 78,,,,es,Google reviews: * / None,OPERATIONAL,"('real_estate_agency', 'point_of_interest', 'establishment')",07850
AVan Servicios Inmobiliarios Ibiza,"Sa Corbeta, 07800 Ibiza, Illes Balears, España",+34 660 18 50 89,,1.0,1.0,es,Google reviews: 1* / 1,OPERATIONAL,"('real_estate_agency', 'point_of_interest', 'establishment')",07800
EASY COSTA Houses and Boats,"Avinguda de Cala Llenya, 07850 Cala Llenya, Illes Balears, España",+34 617 18 41 67,,1.0,3.0,es,Google reviews: 1* / 3,OPERATIONAL,"('real_estate_agency', 'point_of_interest', 'establishment')",07850
Infinity 8 Real Estate,"Pol 26, Parcela 71, 07819 Santa Gertrudis de Fruitera, Illes Balears, España",+34 711 01 91 92,https://infinity8realestate.com/,5.0,1.0,de,Google reviews: 5* / 1,OPERATIONAL,"('real_estate_agency', 'point_of_interest', 'establishment')",07819
Atzaró Ibiza Villas,"Carrer de la Vénda des Poble, 6, 07814 Santa Gertrudis de Fruitera, Illes Balears, España",+34 971 59 44 88,http://www.atzaroibizavillas.com/,4.9,11.0,es,Google reviews: 4.9* / 11,OPERATIONAL,"('real_estate_agency', 'point_of_interest', 'establishment')",07814
The Agency Ibiza,"Carrer Venda de Fruitera, 11, 07814 Santa Gertrudis de Fruitera, Illes Balears, España",+34 971 19 77 47,http://www.theagencyibiza.com/,4.8,4.0,en,Google reviews: 4.8* / 4,OPERATIONAL,"('real_estate_agency', 'point_of_interest', 'establishment')",07814
Idyllic Ibiza,"Calle Paseo de Santa Gertrudis, 7, 07814 Santa Gertrudis de Fruitera, Illes Balears, España",+34 627 01 08 61,http://www.idyllicibiza.com/,5.0,2.0,es,Google reviews: 5* / 2,OPERATIONAL,"('real_estate_agency', 'point_of_interest', 'establishment')",07814
Bracamonte & Mühlberger,"Carrer de la Vénda des Poble, 7, 07814 Santa Gertrudis de Fruitera, Illes Balears, España",+34 971 33 57 87,,4.0,1.0,ca,Google reviews: 4* / 1,OPERATIONAL,"('real_estate_agency', 'finance', 'general_contractor', 'consultant', 'point_of_interest', 'establishment')",07814
Can Ibiza,"Paseo de Santa Gertrudis, 7, 07814 Santa Gertrudis de Fruitera, Illes Balears, España",+34 654 97 59 06,http://www.canibiza.com/,5.0,9.0,es,Google reviews: 5* / 9,OPERATIONAL,"('real_estate_agency', 'point_of_interest', 'establishment')",07814
Can Villas,"Carrer Venda de Can Llàtzer, 9, local 2B, 07814 Santa Gertrudis de Fruitera, Illes Balears, España",+34 654 97 59 06,http://canvillas.com/,,,es,Google reviews: * / None,OPERATIONAL,"('real_estate_agency', 'point_of_interest', 'establishment')",07814
ZAN ibiza real estate,"Calle Paseo de Santa Gertrudis, 7, 07814 Santa Gertrudis de Fruitera, Illes Balears, España",+34 638 71 13 55,http://www.zanibiza.com/,4.7,12.0,en,Google reviews: 4.7* / 12,OPERATIONAL,"('real_estate_agency', 'point_of_interest', 'establishment')",07814
Mimax Group Ibiza,"Carretera San Miguel a, Ctra. de Santa Gertrudis a Sant Llorenç, Km 3, 200, 07814 Santa Eulalia del Río, Illes Balears, España",+34 633 13 49 09,http://mimaxgroupibiza.com/,5.0,2.0,es,Google reviews: 5* / 2,OPERATIONAL,"('real_estate_agency', 'general_contractor', 'point_of_interest', 'establishment')",07814
Fantastic Frank Ibiza,"Carrer de la Vénda des Poble, 6, 07814 Santa Gertrudis de Fruitera, Illes Balears, España",+34 608 00 16 07,https://www.fantasticfrank.com/ibiza,,,es,Google reviews: * / None,OPERATIONAL,"('real_estate_agency', 'point_of_interest', 'establishment')",07814
Ronin Propiedades,"Carrer Venda de Can Llàtzer, 07814 Santa Gertrudis de Fruitera, Illes Balears, España",+34 971 33 42 60,,,,ca,Google reviews: * / None,OPERATIONAL,"('real_estate_agency', 'point_of_interest', 'establishment')",07814
Ferienhaus & Finca by Ibiza Haus,"Calle Venda des Poble 6 Apt.56 C/O Arno Lippert, 07814 Santa Gertrudis de Fruitera, Illes Balears, España",+34 871 15 04 99,https://www.ferienhaus-ibiza.de/,,,de,Google reviews: * / None,OPERATIONAL,"('real_estate_agency', 'point_of_interest', 'establishment')",07814
Amproperties ibiza ( 07814 ),"Carrer Venda de sa Picassa, 10, 07814 Santa Gertrudis de Fruitera, Illes Balears, España",+34 657 13 00 98,,,,es,Google reviews: * / None,OPERATIONAL,"('real_estate_agency', 'point_of_interest', 'establishment')",07814
Bmamba Ibiza,,+34 617 92 12 89,https://www.bmambaibiza.com/,5.0,1.0,es,Google reviews: 5* / 1,OPERATIONAL,"('real_estate_agency', 'establishment')",
Ibicamper,"Carrer Vicente Marí Mayans, 2, 07813 Puig d'en Valls, Illes Balears, España",+34 661 16 68 52,https://www.yescapa.es/campers/60217,5.0,1.0,es,Google reviews: 5* / 1,OPERATIONAL,"('real_estate_agency', 'point_of_interest', 'establishment')",07813
Ibiza Local,"Av. 8 d'Agost, 23, 07800 Eivissa, Illes Balears, España",+34 633 20 26 94,https://www.ibizalocal.es/,5.0,16.0,it,Google reviews: 5* / 16,OPERATIONAL,"('real_estate_agency', 'point_of_interest', 'establishment')",07800
VIV IBIZA VILLAS,"Av. 8 d'Agost, 5, 4A, 07800 Eivissa, Illes Balears, España",+34 626 66 89 21,https://www.vivibiza.com/?utm_source=google&utm_medium=wix_google_business_profile&utm_campaign=13897858162519442766,5.0,5.0,es,Google reviews: 5* / 5,OPERATIONAL,"('real_estate_agency', 'point_of_interest', 'establishment')",07800
Ibiza Pop Up Villas,"Av. 8 d'Agost, 07800 Eivissa, Illes Balears, España",+34 610 74 25 30,http://ibizapopupvillas.com/,,,es,Google reviews: * / None,OPERATIONAL,"('real_estate_agency', 'consultant', 'general_contractor', 'point_of_interest', 'establishment')",07800
BitHome Ibiza,"C. de sa Corbeta, 1, 07800 Eivissa, Illes Balears, España",+34 636 75 53 24,,5.0,1.0,es,Google reviews: 5* / 1,OPERATIONAL,"('real_estate_agency', 'point_of_interest', 'establishment')",07800
Ibiza Elite Properties,"Carrer de la Pau, 2, 07830 Eivissa, Illes Balears, España",+34 639 23 92 99,,,,es,Google reviews: * / None,OPERATIONAL,"('real_estate_agency', 'consultant', 'general_contractor', 'point_of_interest', 'establishment')",07830
IBIZA DEL SOL REAL ESTATE S.L. ( 07800 ),"Avenida 8 de Agosto, nº 9, Bajos, Edificio los Girasoles, Bloque I, Entrada por Avenida de Sant Joan, nº20, junto al Leroy Merlin, 07800 Eivissa, Illes Balears, España",+34 971 12 45 41,http://ibizadelsol.com/,2.5,2.0,es,Google reviews: 2.5* / 2,OPERATIONAL,"('real_estate_agency', 'corporate_office', 'point_of_interest', 'establishment')",07800
Ibiza Global Services,"Av. 8 d'Agost, 32, 07800 Eivissa, Illes Balears, España",+34 971 19 96 20,http://ibizaglobalservices.es/,4.0,9.0,es,Google reviews: 4* / 9,OPERATIONAL,"('real_estate_agency', 'point_of_interest', 'establishment')",07800
Views of Ibiza Real Estate ( 07800 ),"Av. 8 d'Agost, 39, 07800 Eivissa, Illes Balears, España",+34 871 57 30 02,,5.0,1.0,en,Google reviews: 5* / 1,OPERATIONAL,"('real_estate_agency', 'point_of_interest', 'establishment')",07800
Ibiza Residency,"Calle Historiador Joan Mari Cardona, 6, bajos, 07800 Eivissa, Illes Balears, España",+34 663 03 54 54,https://www.ibizaresidency.com/,5.0,1.0,es,Google reviews: 5* / 1,OPERATIONAL,"('real_estate_agency', 'point_of_interest', 'establishment')",07800
VILLA COLLECTION IBIZA LUXURY REAL ESTATE,"Carrer Brasil, 14, 07813 Puig d'en Valls, Illes Balears, España",+34 919 01 83 65,http://villacollectionibiza.com/,5.0,1.0,es,Google reviews: 5* / 1,OPERATIONAL,"('real_estate_agency', 'point_of_interest', 'establishment')",07813
Sarana Ibiza,"Passeo Juan Carlos I, 9, 07800 Eivissa, Illes Balears, España",+34 675 64 75 66,https://saranaibiza.com/,5.0,3.0,es,Google reviews: 5* / 3,OPERATIONAL,"('real_estate_agency', 'point_of_interest', 'establishment')",07800
Spain Sotheby's International Realty  ( 07800 ),"Passeig Joan Carles I, 9, local 9 (Edificio Sarana, 07800 Eivissa, Illes Balears, España",+34 871 18 31 29,https://www.spain-sothebysrealty.com/,4.4,7.0,en,Google reviews: 4.4* / 7,OPERATIONAL,"('real_estate_agency', 'finance', 'consultant', 'point_of_interest', 'establishment')",07800
HOMEBOOKER Ibiza,"Carrer Vicente Marí Mayans, 86, 07800 ibiza, Illes Balears, España",+33 4 58 10 10 07,https://home-booker.com/fr/baleares/ibiza,,,fr,Google reviews: * / None,OPERATIONAL,"('real_estate_agency', 'point_of_interest', 'establishment')",07800
D-Office Real Estate,"Camino Viejo de Jesús, Av. 8 d'Agost, 31 Esquina, Local 2, 07800 Eivissa, Illes Balears, España",+34 645 87 92 62,https://www.dofficerealestate.com/,,,es,Google reviews: * / None,OPERATIONAL,"('real_estate_agency', 'point_of_interest', 'establishment')",07800
RESIDENCIAL ES VIVER PARK,"Av. 8 d'Agost, 32, 07800 Eivissa, Illes Balears, España",+34 971 19 96 20,,5.0,1.0,es,Google reviews: 5* / 1,OPERATIONAL,"('real_estate_agency', 'point_of_interest', 'establishment')",07800
Rooms4Workers,"C/ d'es Raspallar, Ctra. N, 2, 07800 Eivissa, Illes Balears, España",+34 611 26 21 56,,,,es,Google reviews: * / None,OPERATIONAL,"('real_estate_agency', 'point_of_interest', 'establishment')",07800
Ibiza Fusion Houses,"Av. 8 d'Agost, 07800 Eivissa, Illes Balears, España",+34 619 03 48 88,,3.0,2.0,es,Google reviews: 3* / 2,OPERATIONAL,"('real_estate_agency', 'point_of_interest', 'establishment')",07800
"La Casa De Susana, Ibiza",,+34 676 67 12 58,https://www.lacasadesusana.es/,,,es,Google reviews: * / None,OPERATIONAL,"('real_estate_agency', 'establishment')",
Huspy,"Av. 8 d'Agost, 31, 07800 Eivissa, Illes Balears, España",+34 603 37 74 39,https://www.huspy.es/,,,es,Google reviews: * / None,OPERATIONAL,"('real_estate_agency', 'point_of_interest', 'establishment')",07800
Ibiza Viva Properties,"San Antonio , 4, 1º, 07819 Puig Den Valls / Santa Eulalia, Illes Balears, España",+34 971 19 40 45,,,,es,Google reviews: * / None,OPERATIONAL,"('real_estate_agency', 'general_contractor', 'point_of_interest', 'establishment')",07819
Unik Ibiza Real Estate,"Av. 8 d'Agost, 32, 07800 Eivissa, Illes Balears, España",+34 971 50 80 50,http://www.unikibiza.com/,5.0,15.0,en,Google reviews: 5* / 15,OPERATIONAL,"('real_estate_agency', 'point_of_interest', 'establishment')",07800
IBIZABOATS&HOUSES,"Passeig Joan Carles I, 1º, 07800 Eivissa, Illes Balears, España",+34 606 59 23 73,,5.0,1.0,es,Google reviews: 5* / 1,OPERATIONAL,"('real_estate_agency', 'car_rental', 'point_of_interest', 'establishment')",07800
ExclusiveIbiza4u,"5-7Calle de s'Hort de sa Fruta, Ikebana Building, 07800 Ibiza, Illes Balears, España",+34 607 82 76 37,,,,es,Google reviews: * / None,OPERATIONAL,"('real_estate_agency', 'point_of_interest', 'establishment')",07800
Airh Inversiones Sl,"Calle Historiador Joan Mari Cardona, 8, 07800 Eivissa, Illes Balears, España",+34 971 31 55 11,,,,es,Google reviews: * / None,OPERATIONAL,"('real_estate_agency', 'point_of_interest', 'establishment')",07800
Ibiza Key,"Carrer del Pedrer, 07814, Illes Balears, España",+34 616 54 46 37,http://www.ibizakey.com/,4.9,43.0,es,Google reviews: 4.9* / 43,OPERATIONAL,"('real_estate_agency', 'point_of_interest', 'establishment')",07814
HOMZ Agency,"Carrer del Pedrer, 4, 07814 Santa Eulària des Riu, Illes Balears, España",+34 655 31 35 99,https://www.homzagency.com/,5.0,4.0,en,Google reviews: 5* / 4,OPERATIONAL,"('real_estate_agency', 'point_of_interest', 'establishment')",07814
VAMOS IBIZA,"Carr. Sta. Eulària, 293, 07819 Ca Na Negreta, Illes Balears, España",+34 610 53 59 15,http://www.vamos-ibiza.com/,5.0,26.0,es,Google reviews: 5* / 26,OPERATIONAL,"('real_estate_agency', 'point_of_interest', 'establishment')",07819
Inmobiliaria en Ibiza - BST ( 07849 ),"Camí de Missa, 34, 07849 Santa Eulària des Riu, Illes Balears, España",+34 644 36 31 16,,5.0,1.0,es,Google reviews: 5* / 1,OPERATIONAL,"('real_estate_agency', 'point_of_interest', 'establishment')",07849
Eivigestión Inmobiliaria,,+34 680 96 69 70,,,,es,Google reviews: * / None,OPERATIONAL,"('real_estate_agency', 'establishment')",
REH! Real Estate Hotelero,"Carrer del Pedrer, 4, 07814 Santa Eulària des Riu, Illes Balears, España",+34 643 68 85 84,,,,es,Google reviews: * / None,OPERATIONAL,"('real_estate_agency', 'point_of_interest', 'establishment')",07814
Luxinmo Ibiza,"Avinguda Isidor Macabich, 1, Local 1, 07816 Sant Rafel, Illes Balears, España",+34 971 77 21 93,https://www.luxinmo.com/region-ibiza/map,5.0,4.0,es,Google reviews: 5* / 4,OPERATIONAL,"('real_estate_agency', 'point_of_interest', 'establishment')",07816
Terrenalia Real Estate ,"Passeig de la Pau 4, 3-1 Edif Guash, Escalera C, Passeig de la Pau, 4, Local 1, 07840 Santa Eulària des Riu, Illes Balears, España",+34 971 30 67 84,http://terrenalia.com/,4.4,28.0,es,Google reviews: 4.4* / 28,OPERATIONAL,"('real_estate_agency', 'point_of_interest', 'establishment')",07840
Alfa Ibiza Isla,"C/ de Molins de Rei, 8, 07840 Santa Eulària des Riu, Illes Balears, España",+34 682 45 14 41,http://www.alfaibizaisla.com/,4.7,89.0,es,Google reviews: 4.7* / 89,OPERATIONAL,"('real_estate_agency', 'point_of_interest', 'establishment')",07840
Paradise Inmo Real Estate,"Carrer de Sant Josep, 42, 07840 Santa Eulària des Riu, Illes Balears, España",+34 871 53 78 95,http://www.paradiseinmo.es/,4.5,39.0,es,Google reviews: 4.5* / 39,OPERATIONAL,"('real_estate_agency', 'consultant', 'point_of_interest', 'establishment')",07840
Views of Ibiza Real Estate ( 07849 ),"Carrer ses Dàlies, 39, 07849 Siesta, Illes Balears, España",+34 871 57 30 02,,5.0,2.0,es,Google reviews: 5* / 2,OPERATIONAL,"('real_estate_agency', 'point_of_interest', 'establishment')",07849
TERRAPARTNER,"Carrer Salvador Camacho, 9, 07840 Santa Eulària des Riu, Illes Balears, España",+34 971 33 62 97,,5.0,3.0,de,Google reviews: 5* / 3,OPERATIONAL,"('real_estate_agency', 'point_of_interest', 'establishment')",07840
Loyal Ibiza,"Calle Del Río 35 2, 6, 07840 Santa Eulialia, Illes Balears, España",+34 654 81 29 85,,5.0,1.0,en,Google reviews: 5* / 1,OPERATIONAL,"('real_estate_agency', 'point_of_interest', 'establishment')",07840
Rivas Real Estate Ibiza,"Carrer José Guasch Vich, 17, 07840 Santa Eulària des Riu, Illes Balears, España",+34 680 97 39 23,https://www.rivasibiza.com/,5.0,6.0,es,Google reviews: 5* / 6,OPERATIONAL,"('real_estate_agency', 'point_of_interest', 'establishment')",07840
Grupo Ambar Inmobiliaria y promotora en Ibiza,"Carrer Isidor Macabich, 12, 07840 Santa Eulalia del Río, Illes Balears, España",+34 971 33 82 29,https://www.ambaribiza.com/,4.0,10.0,es,Google reviews: 4* / 10,OPERATIONAL,"('real_estate_agency', 'finance', 'general_contractor', 'consultant', 'point_of_interest', 'establishment')",07840
ZENITH HOME GROUP IBIZA,"passage de la pau, 1, Bloque C, 07840 Santa Eulalia del Río, Illes Balears, España",+34 646 42 23 58,https://www.zenithomegroup.com/,5.0,3.0,es,Google reviews: 5* / 3,OPERATIONAL,"('real_estate_agency', 'point_of_interest', 'establishment')",07840
Ibiza Roca Llisa Real Estate,"Avinguda del Golf, s/n, 07819 Roca Llisa, Illes Balears, España",+34 666 68 17 85,https://ibizarocallisa.com/,5.0,1.0,es,Google reviews: 5* / 1,OPERATIONAL,"('real_estate_agency', 'point_of_interest', 'establishment')",07819
Tanit Villas,"Apartado de correo, 226, 07840 Santa Eulalia del Río, Illes Balears, España",+34 971 31 94 59,,3.0,1.0,es,Google reviews: 3* / 1,OPERATIONAL,"('real_estate_agency', 'point_of_interest', 'establishment')",07840
Manuel Castellano Ibiza,,+34 603 64 72 92,http://www.mcibiza.pro/,,,es,Google reviews: * / None,OPERATIONAL,"('real_estate_agency', 'consultant', 'establishment')",
BERG & BROWN,"Avinguda Isidor Macabich, 1, 07816 Sant Rafel, Illes Balears, España",+34 667 00 27 98,,5.0,4.0,es,Google reviews: 5* / 4,OPERATIONAL,"('real_estate_agency', 'point_of_interest', 'establishment')",07816
Sun Sea & Sand,"Carrer Bienvenida, 199, 07819 Can Furnet, Illes Balears, España",+34 606 71 72 02,,,,es,Google reviews: * / None,OPERATIONAL,"('real_estate_agency', 'point_of_interest', 'establishment')",07819
Ibiza Properties Real Estate,"Carrer Pintors Puget, 16, 07840 Santa Eulària des Riu, Illes Balears, España",+34 649 47 99 69,http://www.ibzproperties.com/,5.0,1.0,es,Google reviews: 5* / 1,OPERATIONAL,"('real_estate_agency', 'point_of_interest', 'establishment')",07840
Villa Contact Ibiza ,"Passeig de s'Alamera, 14, 07840 Santa Eulària des Riu, Illes Balears, España",+34 971 33 03 74,http://www.villacontact.com/,5.0,22.0,es,Google reviews: 5* / 22,OPERATIONAL,"('real_estate_agency', 'point_of_interest', 'establishment')",07840
Isoba Ibiza S.L,"Calle Can Parent, 9, 9 0, 07816 Sant Rafel, Illes Balears, España",+34 971 19 85 11,,1.0,1.0,es,Google reviews: 1* / 1,OPERATIONAL,"('real_estate_agency', 'furniture_store', 'home_improvement_store', 'home_goods_store', 'point_of_interest', 'store', 'establishment')",07816
GZ Ibiza Properties,,+34 602 42 33 94,https://www.gzibizaproperties.com/,5.0,15.0,es,Google reviews: 5* / 15,OPERATIONAL,"('real_estate_agency', 'establishment')",
Román Fortunato Real Estate & Concierge,"Carretera d'Eivissa a Sant Josep, km 2, 1, 07817 Sant Jordi de ses Salines, Illes Balears, España",+34 689 70 26 26,https://romanfortunato.com/,5.0,1.0,es,Google reviews: 5* / 1,OPERATIONAL,"('real_estate_agency', 'point_of_interest', 'establishment')",07817
iad Cesibel Albagli,,+34 665 38 62 93,https://www.cesibelrealestate.com/,5.0,3.0,es,Google reviews: 5* / 3,OPERATIONAL,"('real_estate_agency', 'establishment')",
Paloma Real Estate,,+34 644 42 79 00,https://www.palomarealestate.es/,1.8,5.0,es,Google reviews: 1.8* / 5,OPERATIONAL,"('real_estate_agency', 'establishment')",
Proporcion Aurea Ibiza S L,"Calle Josep Planells Bonet, 3, 07816 Sant Rafel, Illes Balears, España",+34 971 07 88 73,,,,es,Google reviews: * / None,OPERATIONAL,"('real_estate_agency', 'point_of_interest', 'establishment')",07816
Villas Ibiza Spain,,+34 633 93 49 68,https://www.villasibizaspain.com/,5.0,10.0,es,Google reviews: 5* / 10,OPERATIONAL,"('real_estate_agency', 'establishment')",
Durendesa Inmobiliaria IBIZA,,+34 971 77 82 38,https://www.durendesa.com/inmobiliaria-ibiza,,,es,Google reviews: * / None,OPERATIONAL,"('real_estate_agency', 'establishment')",
Id Ibiza Inmobiliaria,,+34 633 04 67 29,http://www.idibizaestates.com/,,,es,Google reviews: * / None,OPERATIONAL,"('real_estate_agency', 'establishment')",
Homeclub Ibiza,"Carretera Ibiza, 7P, 07817 Ibiza, Illes Balears, España",+34 911 43 83 50,https://www.homeclub.com/,4.8,32.0,es,Google reviews: 4.8* / 32,OPERATIONAL,"('real_estate_agency', 'lodging', 'point_of_interest', 'establishment')",07817
Inmobiliaria Juan José Ribas,"Carrer d'Extremadura, 1, Bajos, 07800 Eivissa, Illes Balears, España",+34 971 31 08 08,http://www.inmobiliariaibiza.com/,3.8,5.0,es,Google reviews: 3.8* / 5,OPERATIONAL,"('real_estate_agency', 'point_of_interest', 'establishment')",07800
LET US IBIZA Find a second home that is a safe investment,"Carrer de la Tórtora, 1, bajo 2, 07817 Sant Josep de sa Talaia, Illes Balears, España",+34 653 37 81 93,http://letusibiza.com/,5.0,37.0,nl,Google reviews: 5* / 37,OPERATIONAL,"('real_estate_agency', 'finance', 'consultant', 'point_of_interest', 'establishment')",07817
Pure Lifestyle Ibiza,"Carrer Sèpies, 26, 07817 Sant Josep de sa Talaia, Illes Balears, España",+34 602 40 27 13,http://www.pureibiza.com/,4.8,5.0,en,Google reviews: 4.8* / 5,OPERATIONAL,"('real_estate_agency', 'point_of_interest', 'establishment')",07817
luxevillahurenibiza,"Avinguda de Vicent Serra, 07817 Sant Jordi de ses Salines, Illes Balears, España",+34 663 50 33 42,,5.0,2.0,en,Google reviews: 5* / 2,OPERATIONAL,"('real_estate_agency', 'point_of_interest', 'establishment')",07817
Romina Ibiza Villas & Co.,"Carretera Ibiza - San José km3, 07817 San Jorge de ses Salines, Illes Balears, España",+34 971 30 80 16,https://www.rominaibizavillas.com/,5.0,8.0,en,Google reviews: 5* / 8,OPERATIONAL,"('real_estate_agency', 'point_of_interest', 'establishment')",07817
Ibiza TRT Gestión Inmobiliaria,"Carrer de Sant Antoni, 36, Bajo 6, 07820 San Antonio Abad, Illes Balears, España",+34 971 03 41 05,http://www.ibizatrt.com/,5.0,39.0,es,Google reviews: 5* / 39,OPERATIONAL,"('real_estate_agency', 'point_of_interest', 'establishment')",07820
Windsor & Meyers Ibiza,"Carrer dels Polls, 21, 07817 Sant Josep de sa Talaia, Illes Balears, España",+34 971 30 34 79,https://www.windsorandmeyers.es/,4.3,18.0,es,Google reviews: 4.3* / 18,OPERATIONAL,"('real_estate_agency', 'point_of_interest', 'establishment')",07817
Ibiza My Property,"LOCAL 3, Av. Pere Matutes Noguera, 109, 07800 Ibiza, Illes Balears, España",+34 971 19 91 78,http://www.ibizamyproperty.com/,4.5,68.0,it,Google reviews: 4.5* / 68,OPERATIONAL,"('real_estate_agency', 'point_of_interest', 'establishment')",07800
IBIZA HOME MANAGERS,"Carrer del Timbal, 22, 07817 Sant Jordi de ses Salines, Illes Balears, España",+34 619 73 75 85,http://www.ibizahomemanagers.net/,4.6,25.0,es,Google reviews: 4.6* / 25,OPERATIONAL,"('real_estate_agency', 'point_of_interest', 'establishment')",07817
Real Estate Ibiza,"Av. Pere Matutes Noguera, 115-117, 07800 Eivissa, Illes Balears, España",+34 685 85 98 62,http://realestateibiza.net/,5.0,14.0,en,Google reviews: 5* / 14,OPERATIONAL,"('real_estate_agency', 'point_of_interest', 'establishment')",07800
Inmobiliaria Sant Jordi de ses Salines,"07817 San Jorge de ses Salines, Illes Balears, España",+34 633 40 89 81,http://www.tierrasdeibiza.es/,3.3,3.0,es,Google reviews: 3.3* / 3,OPERATIONAL,"('real_estate_agency', 'point_of_interest', 'establishment')",07817
Unconventional Ibiza,"Carrer dels Polls, 15, 07817 Sant Jordi de ses Salines, Illes Balears, España",+34 871 77 36 89,http://www.unconventionalibiza.com/,5.0,5.0,es,Google reviews: 5* / 5,OPERATIONAL,"('real_estate_agency', 'point_of_interest', 'establishment')",07817
IBIZA-Casa Inmobiliaria de Baleares S.l.u.,"Av. Cubells, 7, 07830 Sant Josep de sa Talaia, Illes Balears, España",+34 971 80 03 67,http://www.ibiza-casa.com/,4.8,17.0,es,Google reviews: 4.8* / 17,OPERATIONAL,"('real_estate_agency', 'point_of_interest', 'establishment')",07830
Immobilien Lindstedt Management GmbH & Co.KG,"Carrer del Montsec, 6, 07817 Sant Josep de sa Talaia, Illes Balears, España",+34 911 98 07 79,https://immobilien-lindstedt.de/,5.0,20.0,en,Google reviews: 5* / 20,OPERATIONAL,"('real_estate_agency', 'point_of_interest', 'establishment')",07817
Ibiza Finders,"Carrer de Can Mariano Palerm, 21, 07817 Sant Josep de sa Talaia, Illes Balears, España",+34 667 47 02 43,http://www.ibizafinders.com/contacto/,2.5,4.0,en,Google reviews: 2.5* / 4,OPERATIONAL,"('real_estate_agency', 'point_of_interest', 'establishment')",07817
Ibiza My Villa ,"Av. Pere Matutes Noguera, Local 109, 07800 Eivissa, Illes Balears, España",+34 971 19 91 78,http://www.ibizamyvilla.com/,5.0,20.0,es,Google reviews: 5* / 20,OPERATIONAL,"('real_estate_agency', 'point_of_interest', 'establishment')",07800
Inmobiliaria en Ibiza,"Carrer de la Vila, 2, 07830 Sant Josep de sa Talaia, Illes Balears, España",+34 681 09 70 41,,4.3,4.0,es,Google reviews: 4.3* / 4,OPERATIONAL,"('real_estate_agency', 'point_of_interest', 'establishment')",07830
Ibizalia Inmobiliaria ,"Av. d'Isidor Macabich, 65, 07800 Eivissa, Illes Balears, España",+34 971 30 60 30,http://ibizalia.com/,3.8,10.0,en,Google reviews: 3.8* / 10,OPERATIONAL,"('real_estate_agency', 'point_of_interest', 'establishment')",07800
Living in Ibiza Properties,"Carrer del Mar, 2, 07840 Santa Eulària des Riu, Illes Balears, España",+34 669 03 23 41,http://living-in-ibiza.com/,3.7,3.0,es,Google reviews: 3.7* / 3,OPERATIONAL,"('real_estate_agency', 'point_of_interest', 'establishment')",07840
Niki Agency Ibiza,,+34 600 67 00 07,http://www.nikiagencyibiza.com/,4.4,5.0,de,Google reviews: 4.4* / 5,OPERATIONAL,"('real_estate_agency', 'establishment')",
Inmobiliaria ALOVIDA en Ibiza,"Carrer des Cap Martinet, 22, 07819 Nuestra Señora de Jesús, Illes Balears, España",+34 646 07 72 48,https://www.alovida.es/,5.0,25.0,es,Google reviews: 5* / 25,OPERATIONAL,"('real_estate_agency', 'point_of_interest', 'establishment')",07819
Vicla Homes,"Carrer des Cap Martinet, 13, 07819 Nuestra Señora de Jesús, Illes Balears, España",+34 615 23 35 75,https://www.viclahomes.com/,,,en,Google reviews: * / None,OPERATIONAL,"('real_estate_agency', 'point_of_interest', 'establishment')",07819
inmobiliaria Las Anclas Ibiza,"Avenida Cap Martinet s/n, Edif. Balcon de Jesús II, 07819 Nuestra Señora de Jesús, Illes Balears, España",+34 971 19 34 13,https://lasanclas-ibiza.com/,4.8,55.0,en,Google reviews: 4.8* / 55,OPERATIONAL,"('real_estate_agency', 'consultant', 'point_of_interest', 'establishment')",07819
Ibiza Hills Homes,"C/ de Milán, 1, Urb, 07819 Roca Llisa, Illes Balears, España",+34 971 15 90 35,https://www.ibiza-hills-homes.com/,5.0,11.0,en,Google reviews: 5* / 11,OPERATIONAL,"('real_estate_agency', 'point_of_interest', 'establishment')",07819
Kelosa Real Estate Ibiza,"Carrer des Cap Martinet s/n, Edif, Balcón de Jesús I, local 3, 07819 Ntra. Sra. de Jesús, Illes Balears, España",+34 971 31 22 11,https://www.kelosa.com/,5.0,4.0,es,Google reviews: 5* / 4,OPERATIONAL,"('real_estate_agency', 'consultant', 'point_of_interest', 'establishment')",07819
Beachfront Ibiza,"Carrer de les Estrelles, 10, 07819 Can Bessó, Illes Balears, España",+34 656 42 22 58,http://beachfrontibiza.com/,,,es,Google reviews: * / None,OPERATIONAL,"('real_estate_agency', 'finance', 'consultant', 'point_of_interest', 'establishment')",07819
Villas in Ibiza,"Ctra, Jesus 101, Edif Centro, Planta Baja, Local 5,, Jesus, 07819 Ibiza, Illes Balears, España",+34 871 03 07 74,,5.0,4.0,en,Google reviews: 5* / 4,OPERATIONAL,"('real_estate_agency', 'point_of_interest', 'establishment')",07819
Ibiza Global Prestige,,+34 649 49 66 31,http://www.ibizaglobalprestige.com/,5.0,4.0,es,Google reviews: 5* / 4,OPERATIONAL,"('real_estate_agency', 'establishment')",
PURE Real Estate Ibiza,"Carrer des Cap Martinet, 22, 07819 Nuestra Señora de Jesús, Illes Balears, España",+34 971 19 32 31,https://www.pureibiza.com/,5.0,7.0,en,Google reviews: 5* / 7,OPERATIONAL,"('real_estate_agency', 'point_of_interest', 'establishment')",07819
C & W Immobilien,"Carretera de Jesus, 101, Edif Centro, Planta Baja, Local 5, 07819 Ibiza, Illes Balears, España",+34 692 80 77 56,https://www.luxuryvillasibiza.net/,4.9,33.0,es,Google reviews: 4.9* / 33,OPERATIONAL,"('real_estate_agency', 'point_of_interest', 'general_contractor', 'establishment')",07819
Eivipssa Store,"Carrer des Cap Martinet, 17, 07819 Nuestra Señora de Jesús, Illes Balears, España",+34 971 78 69 48,https://www.eivipssa.com/,,,es,Google reviews: * / None,OPERATIONAL,"('real_estate_agency', 'point_of_interest', 'establishment')",07819
IR real estates ibiza,"Carrer del Canari, 12, 07819 Nuestra Señora de Jesús, Illes Balears, España",+34 607 23 52 14,https://www.realestate-ibiza.net/,,,en,Google reviews: * / None,OPERATIONAL,"('real_estate_agency', 'point_of_interest', 'establishment')",07819
Bluewateribiza Real Estate,"Avinguda de, 07819 Cap Martinet, Illes Balears, España",+34 611 25 04 03,http://www.bluewateribiza.com/,4.0,4.0,en,Google reviews: 4* / 4,OPERATIONAL,"('real_estate_agency', 'point_of_interest', 'general_contractor', 'finance', 'establishment')",07819
Inmobilaria Casa Ibiza,"Ctra, Jesus 101, Edif Centro, Planta Baja, Local 5, 07819 Ntra. Sra. de Jesús, Illes Balears, España",+34 871 03 07 74,http://www.cw-casaibiza.es/,3.0,1.0,en,Google reviews: 3* / 1,OPERATIONAL,"('real_estate_agency', 'point_of_interest', 'establishment')",07819
R&S Exclusive Ibiza,"Bahía de Ibiza, Av. 8 de Agosto, 38, 07810 Ibiza, Illes Balears, España",+34 627 51 43 09,,4.0,1.0,es,Google reviews: 4* / 1,OPERATIONAL,"('real_estate_agency', 'point_of_interest', 'establishment')",07810
Roxire Real Estate,"Carrer de la Mar, 13b, 07820 Sant Antoni de Portmany, Illes Balears, España",+34 871 51 05 72,http://www.roxire.com/,4.8,316.0,es,Google reviews: 4.8* / 316,OPERATIONAL,"('real_estate_agency', 'consultant', 'point_of_interest', 'establishment')",07820
Sa Pedrera Inmobiliaria,"Carrer de la Mar, 29, local 7, 07820 Sant Antoni de Portmany, Illes Balears, España",+34 671 20 07 91,http://www.sapedrerainmobiliaria.es/,4.9,40.0,es,Google reviews: 4.9* / 40,OPERATIONAL,"('real_estate_agency', 'point_of_interest', 'establishment')",07820
Reesman ,"Avinguda del Doctor Fleming, 47, bajo, 07820 Sant Antoni de Portmany, Illes Balears, España",+34 971 34 77 52,https://www.reesman.es/,4.8,44.0,es,Google reviews: 4.8* / 44,OPERATIONAL,"('real_estate_agency', 'point_of_interest', 'establishment')",07820
BLAU Properties Ibiza Real Estate,"C. del Far, 6, Local 2, 07820 San Antonio Abad, Illes Balears, España",+34 620 08 66 28,http://www.blaupropertiesibiza.com/,4.8,22.0,es,Google reviews: 4.8* / 22,OPERATIONAL,"('real_estate_agency', 'point_of_interest', 'establishment')",07820
Agencia Inmobiliaria iHouseIbiza,"Carrer del General Balanzat, 14, 07820 Sant Antoni de Portmany, Illes Balears, España",+34 622 37 73 56,https://www.ventas.ihouseibiza.com/,4.3,36.0,es,Google reviews: 4.3* / 36,OPERATIONAL,"('real_estate_agency', 'point_of_interest', 'establishment')",07820
Inmobiliaria Multihogar,"C/ Madrid nº4 Esquina, C. del Far, 07820 San Antonio Abad, Illes Balears, España",+34 971 34 69 79,http://www.multihogar.es/,3.1,30.0,es,Google reviews: 3.1* / 30,OPERATIONAL,"('real_estate_agency', 'point_of_interest', 'establishment')",07820
Sandoval Inmobiliaria,"Carrer del Progrés, 23B, 07820 Sant Antoni de Portmany, Illes Balears, España",+34 625 26 08 78,http://www.sandovalinmobiliaria.com/,5.0,1.0,es,Google reviews: 5* / 1,OPERATIONAL,"('real_estate_agency', 'point_of_interest', 'establishment')",07820
Propislandibiza,,+34 633 74 02 69,https://www.propislandibiza.com/,5.0,4.0,es,Google reviews: 5* / 4,OPERATIONAL,"('real_estate_agency', 'establishment')",
Biocasa Inmobiliaria C.B.,"C. del Far, 2, 07820 Sant Antoni de Portmany, Illes Balears, España",+34 971 34 81 89,http://www.biocasa-inmobiliaria.com/es/,3.7,3.0,es,Google reviews: 3.7* / 3,OPERATIONAL,"('real_estate_agency', 'point_of_interest', 'establishment')",07820
Inmobiliaria Costa Ibiza,"ED. TANIT, Calle FARO, 2 F, 07820 San Antonio Abad, Illes Balears, España",+34 971 34 10 58,http://www.costa-ibiza.com/,4.4,14.0,es,Google reviews: 4.4* / 14,OPERATIONAL,"('real_estate_agency', 'point_of_interest', 'establishment')",07820
""" IBISUNSET "" Island Homes Ibiza & Mallorca",,+34 871 25 28 31,https://ibisunset.com/,4.7,26.0,es,Google reviews: 4.7* / 26,OPERATIONAL,"('real_estate_agency', 'establishment')",
VBD Real Estate Ibiza,,+34 711 04 28 21,https://www.vbdrealestate.com/,5.0,14.0,es,Google reviews: 5* / 14,OPERATIONAL,"('real_estate_agency', 'consultant', 'establishment')",
"TUR Y SERRA CONSULTORIA, SL","Tr.ª De La Mar, 1, 07820 San Antonio Abad, Illes Balears, España",+34 971 34 14 11,http://www.turyserra.com/,4.0,102.0,es,Google reviews: 4* / 102,OPERATIONAL,"('real_estate_agency', 'finance', 'consultant', 'point_of_interest', 'establishment')",07820
Kum Ibiza Agency ( 07829 ),"Carrer de Burgos, Carrer de Cala de Bou, 16, 07829 San José, Illes Balears, España",+34 971 07 26 73,http://kumibizaagency.com/contacto/,4.1,13.0,es,Google reviews: 4.1* / 13,OPERATIONAL,"('real_estate_agency', 'point_of_interest', 'establishment')",07829
POSIDONIA Exclusive Properties Ibiza,,+34 615 96 67 06,http://www.posidoniaibiza.es/,5.0,2.0,es,Google reviews: 5* / 2,OPERATIONAL,"('real_estate_agency', 'establishment')",
BBS Consulting,"Edificio S'Atalaya, Av. Cubells, 5, 07830 Es Cubells, Illes Balears, España",+34 971 40 86 71,http://www.bbs-ibiza.net/,4.8,6.0,es,Google reviews: 4.8* / 6,OPERATIONAL,"('real_estate_agency', 'point_of_interest', 'establishment')",07830
Ibiza Values,"Avinguda del Doctor Fleming, 64, 07820 Sant Antoni de Portmany, Illes Balears, España",+34 871 77 87 09,,,,ca,Google reviews: * / None,OPERATIONAL,"('real_estate_agency', 'point_of_interest', 'establishment')",07820
C&M LUXURY REAL ESTATE GROUP,"Carrer València, 4, Bajo 1 Local 2, 07829 Port des Torrent )San Josep de Sa Talía, Illes Balears, España",+34 871 90 75 07,http://www.cmluxuryrealestategroup.es/,4.5,29.0,es,Google reviews: 4.5* / 29,OPERATIONAL,"('real_estate_agency', 'point_of_interest', 'establishment')",07829
Ibiza Seven Villas,"Carrer des Caló, 104, 07829 Sant Josep de sa Talaia, Illes Balears, España",,https://ibizasevenvillas.xyz/,5.0,1.0,es,Google reviews: 5* / 1,OPERATIONAL,"('real_estate_agency', 'point_of_interest', 'establishment')",07829
immo-ibiza,"Ctra, Edif, Carrer Can Bernat Toni, 07830 Es Cubells, Illes Balears, España",+34 683 18 46 21,https://www.immo-ibiza.com/,5.0,15.0,de,Google reviews: 5* / 15,OPERATIONAL,"('real_estate_agency', 'consultant', 'point_of_interest', 'establishment')",07830
IBIZA International Real Estate & Private Office,"Ctra. San Jose KM 11,5, Edif Sa Matassa, Local 3, 07830 Ibiza, Illes Balears, España",+34 637 51 35 13,https://www.ibiza-international.com/,5.0,4.0,en,Google reviews: 5* / 4,OPERATIONAL,"('real_estate_agency', 'point_of_interest', 'establishment')",07830
Sa Calma Homes Ibiza,"07829 San José, Illes Balears, España",+34 671 82 12 74,https://www.sacalmahomes.es/,5.0,5.0,es,Google reviews: 5* / 5,OPERATIONAL,"('real_estate_agency', 'point_of_interest', 'establishment')",07829
Ibiza Workers' Accommodation,"Carrer Pau Casals, 10, 07820 Sant Antoni de Portmany, Illes Balears, España",+34 649 45 77 26,http://www.ibiza-workers-accommodation.com/,,,es,Google reviews: * / None,OPERATIONAL,"('real_estate_agency', 'point_of_interest', 'establishment')",07820
Real Estate Ibizatophouse,"07830 San José, Illes Balears, España",+34 639 23 92 99,,,,es,Google reviews: * / None,OPERATIONAL,"('real_estate_agency', 'point_of_interest', 'general_contractor', 'establishment')",07830
Remax,"Carrer de Sant Vicent, 19, Local derecha, 07840 Santa Eulària des Riu, Illes Balears, España",+34 871 51 50 15,https://www.remax-islablanca.es/,4.8,156.0,ca,Google reviews: 4.8* / 156,OPERATIONAL,"('real_estate_agency', 'point_of_interest', 'establishment')",07840
Inmovita,"C/ de la Llibertat, 29C, Ponent, 07013 Palma, Illes Balears, España",+34 649 55 74 95,https://www.inmovita.es/inicio,5.0,13.0,es,Google reviews: 5* / 13,OPERATIONAL,"('real_estate_agency', 'point_of_interest', 'establishment')",07013
Ibia Royal Villas,"Carrer de Sant Ferran, 55, 07829 Sant Josep de sa Talaia, Illes Balears, España",+34 699 47 27 89,http://www.ibizaroyalapartments.com/,,,es,Google reviews: * / None,OPERATIONAL,"('real_estate_agency', 'point_of_interest', 'establishment')",07829
RESA VICTORIA international real estate,"Carrer Puig del Mar, 8, 07830 Sant Josep de sa Talaia, Illes Balears, España",+34 638 84 31 20,http://www.resa-estates.com/,3.0,10.0,nl,Google reviews: 3* / 10,OPERATIONAL,"('real_estate_agency', 'point_of_interest', 'establishment')",07830
Kum Ibiza Agency ( 07830 ),"Carrer de Sa Barbada, 4, 07830 Sant Josep de sa Talaia, Illes Balears, España",+34 669 76 56 88,https://www.kumibizaagency.com/,1.0,1.0,es,Google reviews: 1* / 1,OPERATIONAL,"('real_estate_agency', 'point_of_interest', 'establishment')",07830
Lighthouse Ibiza Properties,"Can Toni d'en Rafal, Cami de devall es Pou, 07839 San José, Illes Balears, España",+34 638 25 51 82,,5.0,7.0,en,Google reviews: 5* / 7,OPERATIONAL,"('real_estate_agency', 'point_of_interest', 'establishment')",07839
ACTIVEIBIZA,"Avda. Es, Av. Cubells, 9, E, 07830 Sant Josep de sa Talaia, Illes Balears, España",+34 602 50 13 81,,,,tr,Google reviews: * / None,OPERATIONAL,"('real_estate_agency', 'point_of_interest', 'establishment')",07830
Aura Concierge  ( 07839 ),"Carrer des Liombi, 07839 Es Cubells, Illes Balears, España",+34 659 36 50 34,https://www.auraconciergegroup.com/,,,es,Google reviews: * / None,OPERATIONAL,"('real_estate_agency', 'point_of_interest', 'establishment')",07839
Homes&Dreams Ibiza,,+34 632 13 65 83,https://homesandreams.com/,,,es,Google reviews: * / None,OPERATIONAL,"('real_estate_agency', 'establishment')",
IBIZA DEL SOL REAL ESTATE S.L. ( 07830 ),"Camí des Jondal, s/n, 07830 Sant Josep de sa Talaia, Illes Balears, España",+34 644 01 92 20,http://ibizadelsol.com/,,,es,Google reviews: * / None,OPERATIONAL,"('real_estate_agency', 'point_of_interest', 'establishment')",07830
MA Formentera Houses ,"Carrer de Santa Maria, 16, 07860 Sant Francesc de Formentera, Illes Balears, España",+34 971 32 31 37,http://www.maformenterahouses.com/,,,es,Google reviews: * / None,OPERATIONAL,"('real_estate_agency', 'point_of_interest', 'establishment')",07860
Ibiza Diferente,"Carretera San Jose KM10, 07830, Illes Balears, España",+34 628 66 32 37,https://www.ibizadiferente.com/,5.0,4.0,nl,Google reviews: 5* / 4,OPERATIONAL,"('real_estate_agency', 'point_of_interest', 'establishment')",07830
zprivateofffice,"C/Pere Escañelles, 3, 1er piso, 07830 Sant Josep de sa Talaia, Illes Balears, España",+34 971 80 16 57,,,,es,Google reviews: * / None,OPERATIONAL,"('real_estate_agency', 'point_of_interest', 'establishment')",07830
Harbour One,"Carrer de la Pau, 12, 07830 Sant Josep de sa Talaia, Illes Balears, España",+34 628 79 16 73,,,,es,Google reviews: * / None,OPERATIONAL,"('real_estate_agency', 'point_of_interest', 'establishment')",07830
Engel & Völkers Santa Eulalia,"Carrer de Sant Jaume, 37, 07840 Santa Eulària des Riu, Illes Balears, España",+34 971 80 71 80,http://www.ev-ibiza.com/,4.8,48.0,de,Google reviews: 4.8* / 48,OPERATIONAL,"('real_estate_agency', 'consultant', 'point_of_interest', 'establishment')",07840
Inmobiliaria Turnai,"Paseo Marítimo esquina Passatge del Vapor Mallorca, 07840 Santa Eulalia Des Ríu, Illes Balears, España",+34 971 33 23 52,,5.0,1.0,es,Google reviews: 5* / 1,OPERATIONAL,"('real_estate_agency', 'point_of_interest', 'establishment')",07840
R & R Ibiza Property Search Agents,"Carrer San Jaime, Santa Eulalia Del Río 07840 (by Appointment Only), 07840 Santa Eulalia del rio. Ibiza, Illes Balears, España",+34 685 55 46 06,,5.0,2.0,en,Google reviews: 5* / 2,OPERATIONAL,"('real_estate_agency', 'consultant', 'point_of_interest', 'finance', 'establishment')",07840
Mukasa Ibiza,"Passeig de s'Alamera, 12, 822, 07840 Santa Eulària des Riu, Illes Balears, España",+34 871 24 29 99,http://www.mukasa.es/,5.0,10.0,nl,Google reviews: 5* / 10,OPERATIONAL,"('real_estate_agency', 'point_of_interest', 'establishment')",07840
REAL ESTATE HOUSE HUNTER SL,"Passatge del Vapor Mallorca, 6, local 1, 07840 Santa Eulalia del Río, Illes Balears, España",+34 626 34 68 92,http://www.ibizahousehunter.com/,,,es,Google reviews: * / None,OPERATIONAL,"('real_estate_agency', 'point_of_interest', 'establishment')",07840
Buy Villas,"Local 5,, Carrer de Marià Riquer Wallis, 9, 07840 Santa Eulària des Riu, Illes Balears, España",+34 688 90 88 12,,,,en,Google reviews: * / None,OPERATIONAL,"('real_estate_agency', 'point_of_interest', 'establishment')",07840
ibiza and me,"Carrer de Sant Jaume, 76, Primer piso, Oficina 2, 07840 Santa Eulària des Riu, Illes Balears, España",+34 622 84 47 49,http://ibizaandme.com/,5.0,1.0,es,Google reviews: 5* / 1,OPERATIONAL,"('real_estate_agency', 'point_of_interest', 'establishment')",07840
Ibiza House Shop,"C. de San Jaime, 45, 1°, 07840 Santa Eulalia del Río, Illes Balears, España",+34 646 35 40 54,https://www.ibizahouseshop.com/,4.3,4.0,es,Google reviews: 4.3* / 4,OPERATIONAL,"('real_estate_agency', 'point_of_interest', 'establishment')",07840
Bussard Inmobiliaria,"Carrer de Sant Jaume, 62, 07840 Santa Eulària des Riu, Illes Balears, España",+34 971 33 11 96,https://www.bussard-ibiza.com/,,,es,Google reviews: * / None,OPERATIONAL,"('real_estate_agency', 'point_of_interest', 'establishment')",07840
Invenio Homes,"C/ de Molins de Rei, 12, 07840 Santa Eulària des Riu, Illes Balears, España",+34 660 91 95 32,http://www.inveniohomes.com/,4.4,21.0,en,Google reviews: 4.4* / 21,OPERATIONAL,"('real_estate_agency', 'consultant', 'point_of_interest', 'establishment')",07840
RL Real Estate Ibiza,"Carrer de Sant Jaume, 49, 07840 Santa Eulària des Riu, Illes Balears, España",+34 626 60 31 97,https://rlrealestateibiza.com/,,,en,Google reviews: * / None,OPERATIONAL,"('real_estate_agency', 'consultant', 'point_of_interest', 'establishment')",07840
Valle Bravo,"Carrer de Sant Vicent, 17, 07840 Santa Eulària des Riu, Illes Balears, España",+34 971 33 62 01,,4.0,1.0,es,Google reviews: 4* / 1,OPERATIONAL,"('real_estate_agency', 'point_of_interest', 'establishment')",07840
Kaizen Properties,"Carrer de Marià Riquer Wallis, 11, 07840 Santa Eulària des Riu, Illes Balears, España",+44 7933 416636,,,,es,Google reviews: * / None,OPERATIONAL,"('real_estate_agency', 'point_of_interest', 'establishment')",07840
Ibiza Invest & Real Estate,"C. Las Begonias-Miramar A5, 07849 Siesta, Illes Balears, España",+34 686 66 64 87,http://www.facebook.com/IBZInvest,5.0,1.0,de,Google reviews: 5* / 1,OPERATIONAL,"('real_estate_agency', 'point_of_interest', 'establishment')",07849
Organiqo Real Estate,"Carrer Joan Tur Tur, 13, 07840 Santa Eulària des Riu, Illes Balears, España",+34 628 15 07 36,https://www.organiqo-ibiza.com/,5.0,4.0,nl,Google reviews: 5* / 4,OPERATIONAL,"('real_estate_agency', 'general_contractor', 'point_of_interest', 'establishment')",07840
ROILITY Estate,"Carrer Joan Tur Tur, 13, 07840 Santa Eulària des Riu, Illes Balears, España",+34 629 23 29 89,https://www.roility.com/,,,en,Google reviews: * / None,OPERATIONAL,"('real_estate_agency', 'point_of_interest', 'establishment')",07840
House&Project Ibiza,"C. de San Jaime, 82, 2ºA, 07840 Santa Eulalia del Río, Illes Balears, España",+34 871 11 26 74,,3.0,1.0,es,Google reviews: 3* / 1,OPERATIONAL,"('real_estate_agency', 'point_of_interest', 'establishment')",07840
Ibiza Property Guide,"Carrer de Sant Llorenç, 11, 07840 Santa Eulària des Riu, Illes Balears, España",+34 971 80 74 69,https://www.ibizapropertyguide.com/,,,en,Google reviews: * / None,OPERATIONAL,"('real_estate_agency', 'book_store', 'consultant', 'point_of_interest', 'store', 'establishment')",07840
Constrcciones y reformas florin corodeanu,"Cae San jose nr 64 bajo Santa evlaria del rio, 07840 Santa Eulalia del Río, Illes Balears, España",+34 645 62 19 04,,,,es,Google reviews: * / None,OPERATIONAL,"('real_estate_agency', 'consultant', 'point_of_interest', 'establishment')",07840
Ibiza Immocenter Pitiusas S.L.,"Apartado de correos, 279, 07840 Santa Eulària des Riu, Illes Balears, España",+34 659 23 94 80,http://ibiza-immocenter.com/,1.0,1.0,es,Google reviews: 1* / 1,OPERATIONAL,"('real_estate_agency', 'point_of_interest', 'establishment')",07840
Promotora Goette,"C/ de Molins de Rei, 5, 07840 Santa Eulària des Riu, Illes Balears, España",+34 971 33 99 52,http://www.ibiza-manns.com/,3.0,2.0,es,Google reviews: 3* / 2,OPERATIONAL,"('real_estate_agency', 'point_of_interest', 'establishment')",07840
GHL Gould Heinz & Lang property consultants Ibiza,"Passeig de s'Alamera, 15, 07840 Santa Eulària des Riu, Illes Balears, España",+34 971 33 93 05,https://ghl-ibiza.com/,4.1,17.0,en,Google reviews: 4.1* / 17,OPERATIONAL,"('real_estate_agency', 'point_of_interest', 'establishment')",07840
"Ingram, Stanley Charles","Paseo Maritimo, 82, 07840 Santa Eulària des Riu, Illes Balears, España",+34 971 33 99 97,,4.0,1.0,es,Google reviews: 4* / 1,OPERATIONAL,"('real_estate_agency', 'point_of_interest', 'establishment')",07840
Rauti Eivissa S L,"Carrer de, Carrer Sant Carles, 11, 07840 Santa Eulària des Riu, Illes Balears, España",+34 971 33 00 50,http://www.ibiza2010.eu/,,,es,Google reviews: * / None,OPERATIONAL,"('real_estate_agency', 'point_of_interest', 'establishment')",07840
La Oficina Ibiza I,"Carrer de Sant Vicent, 13, 07840 Santa Eulària des Riu, Illes Balears, España",+34 971 31 95 26,http://www.laoficinaibiza.com/,,,es,Google reviews: * / None,OPERATIONAL,"('real_estate_agency', 'point_of_interest', 'establishment')",07840
Toni Y Lola Cb,"Carrer Ricardo Curtoys Gotarredona, 0, 07840 Santa Eulària des Riu, Illes Balears, España",+34 971 19 66 75,,,,es,Google reviews: * / None,OPERATIONAL,"('real_estate_agency', 'point_of_interest', 'establishment')",07840
Can Pere De Na Musona S L,"C. de Sant Joan, 5, 07840 Santa Eulalia del Río, Illes Balears, España",+34 971 33 66 94,,,,es,Google reviews: * / None,OPERATIONAL,"('real_estate_agency', 'point_of_interest', 'establishment')",07840
Conviure Administración de Fincas ,"Carrer de Cèsar Puget Riquer, 13, 07840 Santa Eulària des Riu, Illes Balears, España",+34 971 31 93 00,http://www.conviureibiza.com/,5.0,5.0,es,Google reviews: 5* / 5,OPERATIONAL,"('real_estate_agency', 'consultant', 'point_of_interest', 'establishment')",07840
Mandala Inversiones S L,"Carrer Ricardo Curtoys Gotarredona, 3, 07840 Santa Eulària des Riu, Illes Balears, España",+34 971 80 77 89,,,,es,Google reviews: * / None,OPERATIONAL,"('real_estate_agency', 'point_of_interest', 'establishment')",07840
Pronton S L,"Carrer del Sol, 7, 07840 Santa Eulària des Riu, Illes Balears, España",+34 971 80 77 63,,,,es,Google reviews: * / None,OPERATIONAL,"('real_estate_agency', 'point_of_interest', 'establishment')",07840
Bespoke Ibiza,"Maria Villangomez Antares Apto. 12, Atc. 21, 07840 Santa Eulalia del Río, Illes Balears, España",+34 609 51 39 78,https://bespoke-ibiza.com/,5.0,2.0,en,Google reviews: 5* / 2,OPERATIONAL,"('real_estate_agency', 'consultant', 'point_of_interest', 'establishment')",07840
Pedro María Helguera Cordero,"Paseo Marítimo, 2, 07840 Santa Eulària des Riu, Illes Balears, España",+34 971 33 61 80,,,,es,Google reviews: * / None,OPERATIONAL,"('real_estate_agency', 'point_of_interest', 'establishment')",07840
Norden Management,"Passeig de la Pau, 1, local 4, 07840 Santa Eulalia del Río, Illes Balears, España",+34 665 46 01 81,http://www.nordenmanagement.com/,,,es,Google reviews: * / None,OPERATIONAL,"('real_estate_agency', 'finance', 'consultant', 'point_of_interest', 'establishment')",07840
"VIVLA, VILLA RIBES","Carrer de ses Illes Formigues, 4, 07850 Santa Eulària des Riu, Illes Balears, España",,https://www.vivla.com/es/listings/ribes-home,,,en,Google reviews: * / None,OPERATIONAL,"('real_estate_agency', 'point_of_interest', 'establishment')",07850
Lush Ibiza,"Carrer Pou d'en Porxu, 07849 es Canar, Illes Balears, España",+34 666 12 10 99,https://lushibiza.eu/,5.0,14.0,en,Google reviews: 5* / 14,OPERATIONAL,"('real_estate_agency', 'point_of_interest', 'establishment')",07849
MS Services Formentera,,+34 681 22 50 79,https://www.msservices.es/,5.0,5.0,es,Google reviews: 5* / 5,OPERATIONAL,"('real_estate_agency', 'establishment')",
Be Premium Formentera,"avenida mediterranea, 2, 07870 puerto de, Illes Balears, España",+34 667 90 88 37,http://www.bepremiumformentera.net/,5.0,3.0,es,Google reviews: 5* / 3,OPERATIONAL,"('real_estate_agency', 'point_of_interest', 'establishment')",07870
Balearic Properties,"Carrer Pla del rey, 2, 07860 Sant Francesc de Formentera, Illes Balears, España",+34 658 49 11 44,http://balearic.properties/,,,es,Google reviews: * / None,OPERATIONAL,"('real_estate_agency', 'point_of_interest', 'establishment')",07860
Decode Formentera,"Const Pep Sala, Ctra. la Savina, KM2,4, 07860 Sant Francesc de Formentera, Illes Balears, España",+33 6 07 93 77 48,https://www.decodeformentera.com/,3.2,5.0,en,Google reviews: 3.2* / 5,OPERATIONAL,"('real_estate_agency', 'point_of_interest', 'establishment')",07860
Utopia de la Isla,"Venda des Brolls, 53, 07860 San Francisco, Illes Balears, España",+34 646 91 32 27,http://www.utopiadelaisla.com/,5.0,2.0,es,Google reviews: 5* / 2,OPERATIONAL,"('real_estate_agency', 'point_of_interest', 'establishment')",07860
INMOBILIARIA CASA BLANCA FORMENTERA,"Carrer de Joan Castelló Guasch, 21, 07871 Sant Ferran de Ses Roques, Illes Balears, España",+34 673 59 58 84,https://www.formenteracasablanca.com/,4.6,5.0,es,Google reviews: 4.6* / 5,OPERATIONAL,"('real_estate_agency', 'point_of_interest', 'establishment')",07871
Casa de Formentera,"Carrer del Sol, 2, 07871 Sant Ferran de Ses Roques, Illes Balears, España",+34 649 66 72 73,http://www.formenteraservices.com/,4.5,2.0,it,Google reviews: 4.5* / 2,OPERATIONAL,"('real_estate_agency', 'point_of_interest', 'establishment')",07871
Immobiliaria Sa Punta,"Carrer de Guillem de Montgrí, 51, 07871 Sant Ferran de Ses Roques, Illes Balears, España",+34 971 32 18 19,http://formenterasapunta.com/,3.8,40.0,es,Google reviews: 3.8* / 40,OPERATIONAL,"('real_estate_agency', 'point_of_interest', 'establishment')",07871
Inmobiliaria Cecilio FORMENTERA,"Carrer des Pla del Rei, 11, 07860 Sant Francesc de Formentera, Illes Balears, España",+34 971 31 77 43,,5.0,2.0,es,Google reviews: 5* / 2,OPERATIONAL,"('real_estate_agency', 'point_of_interest', 'establishment')",07860
Formentera Mi Amor,"Carrer des Fonoll Marí, 45, 07871 Es Pujols, Illes Balears, España",+39 347 847 6998,http://www.formenteramiamor.com/,4.8,10.0,es,Google reviews: 4.8* / 10,OPERATIONAL,"('real_estate_agency', 'point_of_interest', 'establishment')",07871
Estrella Inmobiliaria,"Av, Carrer de Joan Castelló Guasch, 47, 51, 07871 Sant Ferran de Ses Roques, Illes Balears, España",+34 636 74 16 60,http://www.estrellainmobiliaria.com/,4.0,4.0,es,Google reviews: 4* / 4,OPERATIONAL,"('real_estate_agency', 'point_of_interest', 'establishment')",07871
OCEANLIVING Immobiliare Formentera,"Carrer de Sant Joan, 53, 07860 Sant Francesc de Formentera, Illes Balears, España",+34 639 55 06 95,http://www.formenteraliving.com/,4.9,18.0,de,Google reviews: 4.9* / 18,OPERATIONAL,"('real_estate_agency', 'point_of_interest', 'establishment')",07860
MAYSI GROUP,"Carrer des Pla del Rei, 95, 07860 Sant Francesc de Formentera, Illes Balears, España",+34 971 32 12 34,http://www.maysigroup.com/,5.0,2.0,es,Google reviews: 5* / 2,OPERATIONAL,"('real_estate_agency', 'point_of_interest', 'establishment')",07860
Casa y Entorno Immobiliaria,"Carrer Ponent, n° 2, bajo, 07870 Puerto La Savina, Illes Balears, España",+34 639 00 18 19,http://www.casayentorno.com/,3.8,4.0,it,Google reviews: 3.8* / 4,OPERATIONAL,"('real_estate_agency', 'point_of_interest', 'establishment')",07870
Laffittacase Formentera ( 07871 ),"Carrer de s'Espalmador, 33, 07871 Es Pujols, Illes Balears, España",+34 971 32 19 49,https://laffittacase.com/,5.0,22.0,es,Google reviews: 5* / 22,OPERATIONAL,"('real_estate_agency', 'point_of_interest', 'establishment')",07871
Your Formentera,"Carrer Pla del rey, 2, 07860 Sant Francesc de Formentera, Illes Balears, España",+34 692 67 10 11,http://yourformentera.es/,4.6,10.0,it,Google reviews: 4.6* / 10,OPERATIONAL,"('real_estate_agency', 'point_of_interest', 'establishment')",07860
Inmobiliaria Sa,"Carrer des Fonoll Marí, 98, 07871 Es Pujols, Illes Balears, España",+34 971 32 80 81,,,,es,Google reviews: * / None,OPERATIONAL,"('real_estate_agency', 'point_of_interest', 'establishment')",07871
inmoformentera,"avenida mediterranea, 2, 07870 La Savina, Illes Balears, España",+34 611 27 94 74,http://www.inmoformentera.com/,,,es,Google reviews: * / None,OPERATIONAL,"('real_estate_agency', 'point_of_interest', 'establishment')",07870
Love Formentera ,"Passatge Balandra Ciutat de Formentera, 2, 07870 La Savina, Illes Balears, España",+34 609 34 03 15,https://loveformentera.es/,5.0,1.0,es,Google reviews: 5* / 1,OPERATIONAL,"('real_estate_agency', 'point_of_interest', 'establishment')",07870
Insulargroup,,+34 648 44 16 83,https://insulargroup.com/,,,es,Google reviews: * / None,OPERATIONAL,"('real_estate_agency', 'establishment')",
HomeSeeHome,,+34 971 10 94 66,,,,es,Google reviews: * / None,OPERATIONAL,"('real_estate_agency', 'establishment')",
Utopiadelaisla,"Carrer de Joan Castelló Guasch, 68, 07871 Sant Ferran de Ses Roques, Illes Balears, España",+34 646 91 32 27,https://utopiadelaisla.com/,,,es,Google reviews: * / None,OPERATIONAL,"('real_estate_agency', 'point_of_interest', 'establishment')",07871
Laffittacase Formentera ( 07870 ),"Carrer de la Balandra, 2, 07870 La Savina, Illes Balears, España",+34 609 68 07 88,http://www.laffittacase.com/,5.0,1.0,es,Google reviews: 5* / 1,OPERATIONAL,"('real_estate_agency', 'point_of_interest', 'establishment')",07870
YUMEII ,,+34 688 62 00 01,https://yumeiiinmobiliaria.com/,,,es,Google reviews: * / None,OPERATIONAL,"('real_estate_agency', 'establishment')",
Recepción - Cas Saliners,"Calle Vapor de Manolito. Local 6 Edificio nuevo de, aparcamiento, 07870 La Savina, Illes Balears, España",+34 971 32 32 35,,,,es,Google reviews: * / None,OPERATIONAL,"('real_estate_agency', 'point_of_interest', 'establishment')",07870
Inmobiliaria Tamara,"Carrer de s'Espalmador, 57, 07871 Es Pujols, Illes Balears, España",+34 630 20 55 19,,,,es,Google reviews: * / None,OPERATIONAL,"('real_estate_agency', 'point_of_interest', 'establishment')",07871
