name,address,international_phone_number,url,rating,reviews_count,language
Gabetti Settimo Milanese,"Via A. Gramsci, 46, 20019 Settimo Milanese MI, Italia",+39 02 3351 2357,https://www.gabetti.it/agenzia/settimo-milanese,4.8,78.0,it
Tecnorete Adr Case,"Via A. Gramsci, 13, 20019 Settimo Milanese MI, Italia",+39 02 4970 2307,https://settimomilanese1.tecnorete.it/,5.0,120.0,it
Agenzia Immobiliare Tempocasa Settimo Milanese,"Via Panzeri, 7/9, 20019 Settimo Milanese MI, Italia",+39 02 8291 4779,https://tempocasa.it/it/agenzie-immobiliari/milano/settimo-milanese/718-settimo-milanese,4.2,193.0,it
Palmitessa Real Estate | Agenzia Immobiliare,"Largo Papa Giovanni XXIII, 7, 20019 Settimo Milanese MI, Italia",+39 02 3351 2120,http://www.pandprealestatesrl.it/,4.0,5.0,it
Studio Milano Immobiliare,"Via Francesco Rismondo, 9, 20152 Milano MI, Italia",+39 328 169 7576,https://www.immobiliare.it/agenzie-immobiliari/170372/studio-duemme-milano/,4.9,64.0,it
Agenzia Immobiliare Tempocasa Cornaredo,"Via Andrea Ponti, 34, 20007 Cornaredo MI, Italia",+39 02 9356 9111,https://tempocasa.it/it/agenzie-immobiliari/milano/cornaredo/454-cornaredo,4.9,189.0,it
Immobiliare Casatua Milano,"Via Michelangelo Buonarroti, 14, 20145 Milano MI, Italia",+39 02 9931 0303,http://www.casatuaonline.it/,4.9,227.0,it
SEGEI MEDIAZIONI S.A.S,"Via Pordoi, 8, 20019 Settimo Milanese MI, Italia",+39 02 328 5144,http://www.segei.it/,5.0,2.0,it
Renoma Immobiliare,"Via IV Novembre, 54, 20019 Settimo Milanese MI, Italia",+39 02 8718 9897,http://www.renomaimmobiliare.it/,5.0,4.0,it
Affiliato Tecnocasa Alfeo S.R.L.,"Via Panzeri, 12, 20019 Settimo Milanese MI, Italia",+39 02 3350 2434,https://settimomilanese1.tecnocasa.it/,4.3,15.0,it
Settimo Casa Srl,"Via Giuseppe di Vittorio, 47/A, 20019 Settimo Milanese MI, Italia",+39 02 3357 6040,,5.0,3.0,it
Agenzia Immobiliare Tempocasa Pero,"Via Sempione, 29, 20016 Pero MI, Italia",+39 338 890 7193,https://tempocasa.it/it/agenzie-immobiliari/milano/pero/883-pero,4.9,85.0,it
San Paolo Agenzia Immobiliare Milano,"Via delle Forze Armate, 212, 20152 Milano MI, Italia",+39 02 4870 2189,http://www.studioimmobiliaresanpaolo.it/,3.9,12.0,it
3MC Immobiliare srl,"Via Ciniselli, 6/8/10, 20019 Settimo Milanese MI, Italia",+39 02 328 8545,,,,it
Il Polo Immobiliare,"Via Giuseppe Mazzini, 9, 20010 Cornaredo MI, Italia",+39 389 882 8381,https://www.immobiliare.it/agenzie-immobiliari/214716/il-polo-cornaredo/,4.9,38.0,it
L'Agenzia Immobiliare,"Piazza Emilia, 6, 20129 Milano MI, Italia",+39 02 7010 5873,http://www.lagenziaimmobiliare.com/,5.0,40.0,it
Team Immobiliare Milano,"Via Guido D'Arezzo, 4, 20145 Milano MI, Italia",+39 02 3962 4170,http://www.teamimmobiliaremilano.it/,4.9,92.0,it
Immobiliare Lattuada,"Via Panzeri, 12, 20019 Settimo Milanese MI, Italia",,,1.0,1.0,it
RiM,"Via Bartolomeo Cabella, 37, 20152 Milano MI, Italia",+39 02 3659 2747,https://www.rim-srl.com/,5.0,2.0,it
Contattocasa Pero,"Via Sempione, 90, 20016 Pero MI, Italia",+39 02 8907 0251,https://contattocasa.com/pero,5.0,43.0,it
Agenzia immobiliare Tempocasa Milano - Forze Armate,"Via Novara, 87, 20153 Milano MI, Italia",+39 02 4963 2914,https://tempocasa.it/it/agenzie-immobiliari/milano/milano/852-milano-forze-armate,4.9,114.0,it
Agenzia immobiliare Milano - Property International,"Via Correggio, 19, 20149 Milano MI, Italia",+39 02 498 0092,http://www.propertyint.net/,4.8,41.0,it
Immobiliare Vercellina,"Viale S. Michele del Carso, 9, 20144 Milano MI, Italia",+39 02 4819 7812,http://www.immobiliarevercellina.it/,4.9,94.0,it
CASE & CASE MILANO SRL,"Via Luigi Soderini, 9, 20146 Milano MI, Italia",+39 02 4776 3977,http://caseecasemilano.it/,4.9,99.0,it
ServigoRE - Agenzia Immobiliare - Cerco Casa Appartamento Villa,"Via Vincenzo Foppa, 16, 20144 Milano MI, Italia",+39 02 481 1956,https://www.servigore.com/,4.7,83.0,it
Gruppocasa - Agenzia immobiliare Milano Bramante\Sarpi,"Via Bramante, 11, 20154 Milano MI, Italia",+39 02 349 4481,http://www.gruppocasa.it/,4.7,37.0,it
Agenzia Immobiliare Tempocasa Milano - Bande Nere,"Viale Pisa, 47, 20146 Milano MI, Italia",+39 02 0996 8821,https://tempocasa.it/it/agenzie-immobiliari/milano/milano/303-milano-bande-nere,4.7,180.0,it
Team Russo RE/MAX Class,"Strada Statale 33, 73, 20016 Pero MI, Italia",+39 333 327 7437,https://www.remax.it/trova/agenti-agenzie/agenzia/class14,4.7,39.0,it
AGENZIA IMMOBILIARE MILANO - GRUPPO RICERCATO IMMOBILIARE DAL 1978,"C.so di Porta Nuova, 36, 20121 Milano MI, Italia",+39 02 5030 1245,http://www.immobiliarericercato.it/,4.9,108.0,it
M&A Domus Srl,"Piazza degli Eroi, 6/m, 20019 Settimo Milanese MI, Italia",+39 351 982 8309,https://www.madomus.it/,,,it
Agenzia Immobiliare Milano Mediem,"V.le Beatrice d'Este, 3a, 20122 Milano MI, Italia",+39 02 5831 7190,http://www.mediemagency.it/,4.9,58.0,it
Professione Casa,"Via dei Garibaldini, 3, 20019 Settimo Milanese MI, Italia",,https://www.professionecasa.it/,,,it
Immobiliare Galvani 13 srl,"Via IV Novembre, 11, 20019 Settimo Milanese MI, Italia",,,,,it
elite Immobiliare srl,"Via Torquato Tasso, 11, 20123 Milano MI, Italia",+39 02 8698 2979,https://www.eliteimmobiliare.net/,4.8,61.0,it
San Martino Immobiliare .Net | Giovanni Lugli | L'IMMOBILIARE.COM MILANO CINQUE GIORNATE,"Piazza Cinque Giornate, 1, 20129 Milano MI, Italia",+39 02 7012 5735,https://www.sanmartinoimmobiliare.net/,4.7,37.0,it
IMI Immobiliare Milano - Agenzia Sant'Ambrogio-Solari,"Piazza Sant'Agostino, 16, 20123 Milano MI, Italia",+39 02 435635,https://imi.it/agenzie/imi-immobiliare-santagostino/,4.7,55.0,it
MONTI32 Immobili,"Via Piero Capponi, 3, 20145 Milano MI, Italia",+39 02 498 4412,http://www.monti32.it/,4.3,94.0,it
Agenzia Immobiliare Milano Marghera Real Estate,"Via Marghera, 53, 20149 Milano MI, Italia",+39 02 3656 0866,http://www.milanomarghera.com/,4.7,43.0,it
Orim Srl - Agenzia Immobiliare Milano,"sede Legale, Via Vincenzo Monti, 79/5, 20145 Milano MI, Italia",+39 02 2900 5368,http://www.orim-mi.it/,5.0,1.0,it
DREAM HOUSE MILANO,"Viale Certosa, 19, 20149 Milano MI, Italia",+39 02 4547 0250,https://www.dreamhousemilano.it/,4.8,150.0,it
AGENZIA IMMOBILIARE MILANO,"Via Odoardo Tabacchi, 3, 20136 Milano MI, Italia",+39 02 5810 2714,http://www.mancasa.net/,5.0,3.0,it
Affiliato Tecnocasa Teseo S.R.L.,"Via Giuseppe Garibaldi, 93, 20007 Cornaredo MI, Italia",+39 02 9356 2074,https://cornaredo1.tecnocasa.it/,4.9,274.0,it
Immobiliare Sam S.R.L.,"Piazzale Ferdinando Martini, 1, 20137 Milano MI, Italia",+39 02 545 5574,http://www.immobiliaresam.it/,4.4,68.0,it
Agenzia Immobiliare Dove.it - Milano,"Via Nino Bixio, 7, 20129 Milano MI, Italia",+39 02 8717 8289,https://www.dove.it/agenzie-immobiliari/milano/agenzia-immobiliare-doveit-milano?utm_source=google&utm_medium=organic&utm_campaign=gmb-link,4.1,145.0,it
Affiliato Tecnocasa Teseo S.R.L.,"Piazza Ten. Filippo Dubini, 27, 20007 Cornaredo MI, Italia",+39 02 9356 2006,https://cornaredo2.tecnocasa.it/,4.8,202.0,it
Giancarlo Abiuso Re/Max Trinity,"Via dei Garibaldini, 7/1, 20019 Settimo Milanese MI, Italia",+39 348 734 1202,,,,it
Giga Industriale,"Via Assiano, 8, 20019 Settimo Milanese MI, Italia",+39 349 854 1565,,,,it
Gabetti Milano Tolstoj - Pasco Immobiliare Srl,"Via Fezzan, 2, 20146 Milano MI, Italia",+39 02 4895 2041,https://www.gabetti.it/agenzia/milano-tolstoj,4.6,11.0,it
Gabetti Rho,"Via Buon Gesù, 39A, 20017 Rho MI, Italia",+39 0331 585871,https://www.gabetti.it/,5.0,2.0,it
Dhome Real Estate,"Via Fabio Filzi, 7, 20124 Milano MI, Italia",+39 02 0024 9564,https://dhome-re.it/,4.4,58.0,it
A.P. Servizi Immobiliari,"Via Quinto Romano, 17, 20153 Milano MI, Italia",,,,,it
Engel & Völkers Milano Fiera,"Via Michelangelo Buonarroti, 21, 20149 Milano MI, Italia",+39 02 9443 3321,https://www.engelvoelkers.com/it/it/milano,4.8,20.0,it
Cofim Immobiliare - Milano,"Via della Moscova, 46, 20121 Milano MI, Italia",+39 02 657 5344,http://www.cofim-immobiliare.it/,4.6,38.0,it
Mi Home Milano,"Via Pier Paolo Pasolini, 19, 20151 Milano MI, Italia",+39 349 437 4098,https://www.mihomemilano.com/,3.8,12.0,it
Milano Property Manager - Gestione affitti brevi Milano,,+39 351 829 0598,https://www.milanopropertymanager.it/,,,it
Santa Lucia Immobiliare,"Piazza Giovanni Amendola, 1, 20149 Milano MI, Italia",+39 02 6408 4092,https://www.santaluciaimmobiliare.com/,4.7,56.0,en
Immobiliare Italia,"Via Antonio Stradivari, 8, 20131 Milano MI, Italia",+39 02 2940 4000,,3.0,2.0,it
Primacasare Cornaredo di Saverio Spadea,"Via Milano, 85, 20007 Cornaredo MI, Italia",+39 02 936 2521,,5.0,1.0,it
Astesolution,"Via Barni, 3, 20019 Settimo Milanese MI, Italia",,http://www.astesolution.it/,,,it
Fondocasa Milano Udine/Lambrate,"Via Ronchi, 11, 20100 Milano MI, Italia",+39 02 3329 5067,https://www.fondocasa.it/agenzie_immobiliari.php?pr=MI,5.0,101.0,it
Aldo Zhuri Assistente M&C Studio Immobiliare Gruppo Abitare,"Via IV Novembre, 36, 20021 Bollate MI, Italia",+39 328 144 5180,http://www.abitarerealestate.it/,5.0,107.0,it
CR IMMOBILI RE Srl,"Piazza Solferino, 10, 20021 Bollate MI, Italia",+39 02 3830 6701,http://www.crimmobili.it/,4.9,126.0,it
Immobiliare Balestrucci,"Piazza S. Francesco, 13, 20021 Bollate MI, Italia",+39 02 4792 3778,https://www.immobiliarebalestrucci.com/,5.0,64.0,it
In Casa Effeimmobiliare,"Via Don Vincenzo Donadeo, 19, 20021 Bollate MI, Italia",+39 02 3830 6404,http://www.effeimmobiliare.it/,4.7,41.0,it
G-CASA IMMOBILIARE,"Via Roma, 37, 20021 Bollate MI, Italia",+39 348 977 7557,http://www.g-casa.it/,4.7,61.0,it
RE/MAX Fiducia,"Via Magenta, 22, 20021 Bollate MI, Italia",+39 02 2316 5393,https://www.immobiliarefiducia.com/,4.5,138.0,it
Agenzia Immobiliare Tempocasa Bollate,"Via Giacomo Matteotti, 10, 20021 Bollate MI, Italia",+39 02 8348 8883,https://tempocasa.it/it/agenzie-immobiliari/milano/bollate/728-bollate,4.8,200.0,it
Agenzia Immobiliare DUO ANDAR Bollate s.r.l.,"Via Sartirana, 1, 20021 Bollate MI, Italia",+39 02 3830 6415,http://www.duoandar.com/,4.0,28.0,it
Abitare Real Estate,"Via IV Novembre, 36, 20021 Bollate MI, Italia",+39 02 350 4900,http://www.abitarerealestate.it/,4.0,5.0,it
Caracciolo Studio Immobiliare,"Via IV Novembre, 1A, 20021 Bollate MI, Italia",+39 334 817 2098,http://www.caracciolostudioimmobiliare.it/,4.9,33.0,it
CONSULENZE IMMOBILIARI BOLLATE SRL,"Via Roma, 22, 20021 Bollate MI, Italia",+39 02 350 1584,http://www.consulenzeimmobiliari.biz/,4.1,12.0,it
Immobiliare in Rosa,,+39 349 429 3071,https://immobiliareinrosa.com/,4.9,18.0,it
LB HOME Real Estate,"Via Conciliazione, 7, 20021 Baranzate MI, Italia",+39 345 105 2076,,5.0,9.0,it
Agenzia immobiliare Tempocasa Bollate - Cassina Nuova,"Via S. Bernardo, 25, 20021 Bollate MI, Italia",+39 02 8277 2550,https://www.tempocasabollatecassinanuova.it/,4.6,46.0,en
Affiliato Tecnorete Mazzocchi Stefano,"Via XI Febbraio, 3, 20021 Bollate MI, Italia",+39 02 3830 3166,https://bollate1.tecnorete.it/,4.8,97.0,it
Multimedia Immobiliare,"Piazza S. Francesco, 6, 20021 Bollate MI, Italia",+39 02 350 5006,http://www.multimediaimmobiliare.it/,3.4,58.0,it
Agenzia Immobiliare Tempocasa Baranzate,"Via Milano, 220, 20021 Baranzate MI, Italia",+39 02 4775 7501,https://tempocasa.it/it/agenzie-immobiliari/milano/baranzate/1335-baranzate,4.6,10.0,it
Agenzia Immobiliare Tempocasa Novate Milanese,"Via Cavour, 1, 20026 Novate Milanese MI, Italia",+39 02 4954 2894,https://tempocasa.it/it/agenzie-immobiliari/milano/novate-milanese/734-novate-milanese,4.9,408.0,it
Immobiliare Casatua Arese,"Via Caduti, 7, 20044 Arese MI, Italia",+39 02 9358 1030,http://www.casatuaonline.it/,4.5,119.0,it
Nuova Casa,"Viale Monte Resegone, 17, 20044 Arese MI, Italia",+39 02 9358 0852,http://www.nuovacasaweb.com/,4.8,61.0,it
Cosmo Srl - Bollate (MI),"Via Magenta, 8, 20021 Bollate MI, Italia",+39 02 3830 6589,http://www.misterhouse.it/,4.2,25.0,it
Agenzia Immobiliare Tempocasa Arese,"Via G. Mattei, 6, 20044 Arese MI, Italia",+39 02 938 3236,https://tempocasa.it/it/agenzie-immobiliari/milano/arese/446-arese,4.8,166.0,it
IMMOBILIARE LESSONA VENDITE VIA PERINI,"Via Michele Lessona, 9, 20157 Milano MI, Italia",+39 02 3320 2090,https://www.immobiliarelessona.it/,4.9,109.0,it
Agenzia immobiliare Tempocasa Garbagnate Milanese,"Via Manzoni, 23, 20024 Garbagnate Milanese MI, Italia",+39 02 995 9903,https://tempocasa.it/it/agenzie-immobiliari/milano/garbagnate-milanese/443-garbagnate-milanese,4.8,161.0,it
Mecca Immobili di Daniele Mecca,"Via Val di Bondo, 16, 20161 Milano MI, Italia",+39 393 903 0056,http://www.meccaimmobili.it/,5.0,96.0,it
Raimondi Evalli Laura Agente immobiliare Re/Max TEAM EVALLI,"Via Giuseppe Garibaldi, 88/C, 20024 Garbagnate Milanese MI, Italia",+39 329 307 7131,https://www.remax.it/trova/agenti-agenzie/agente/laura-raimondi-evalli,4.9,59.0,it
Agenzia Immobiliare Tempocasa Milano - Affori,"Viale Affori, 1, 20161 Milano MI, Italia",+39 02 8738 2646,https://tempocasa.it/it/agenzie-immobiliari/milano/milano/298-milano-affori,4.8,448.0,it
BEU IMMOBILIARE,"Via Monza, 4, 20024 Garbagnate Milanese MI, Italia",+39 02 2318 9097,https://www.beuimmobiliare.it/,5.0,23.0,it
Consulenze Immobiliari Er.gi,"Via Milano, 48, 20024 Garbagnate Milanese MI, Italia",+39 02 995 4481,,4.5,18.0,it
Agenzia Immobiliare Tempocasa Milano Quarto Oggiaro,"Via Carlo Amoretti, 6, 20157 Milano MI, Italia",+39 02 8355 5115,https://tempocasa.it/it/agenzie-immobiliari/milano/milano/721-milano-quarto-oggiaro,4.8,137.0,it
attrazione casa novate,"Via Bertola, 2a, 20026 Novate Milanese MI, Italia",+39 347 524 5844,http://www.attrazionecasa.it/,4.6,25.0,it
DR IMMOBILIARE,"Via Giuseppe Garibaldi, 60, 20024 Garbagnate Milanese MI, Italia",+39 02 9902 1212,http://www.dr-immobiliare.it/,4.8,88.0,it
RE/MAX Essenza 2,"Via Roma, 31, 20021 Bollate MI, Italia",+39 02 6413 5187,https://www.remax.it/essenza2,4.6,9.0,it
RE/MAX Punto Casa,"Via Manzoni, 50, 20024 Garbagnate Milanese MI, Italia",+39 02 9902 8300,https://www.remax.it/puntocasa,4.4,25.0,it
CFCASE IMMOBILIARE,"Via Sempione, 221, Via Sempione, 223, 20016 Pero MI, Italia",+39 380 583 7770,,5.0,7.0,it
RE/MAX Class 3,"Viale Luigi Einaudi, 29, 20020 Arese MI, Italia",+39 02 9147 1153,https://www.remax.it/class3,4.5,16.0,it
DH Real Estate,"Via Caduti Bollatesi, 14, 20021 Bollate MI, Italia",+39 02 9144 3959,http://www.dhrealestate.net/,5.0,2.0,it
Vendiamola,"Via Monza, 33, 20024 Garbagnate Milanese MI, Italia",+39 351 869 9772,http://www.vendiamola.it/,4.3,9.0,it
Soluzioni immobili@ri,"Via Michele Novaro, 1, 20161 Milano MI, Italia",+39 02 4548 7617,https://www.soluzioniimmobiliari.info/,5.0,95.0,it
Origgi Immobiliare,"Via G. Mattei, 2, 20020 Arese MI, Italia",+39 02 9432 4934,,4.2,18.0,it
Agenzia immobiliare Iconacasa Milano Quarto Oggiaro,"Via Privata Tina di Lorenzo, 3, 20157 Milano MI, Italia",+39 389 871 5393,https://www.iconacasa.com/,4.8,66.0,it
vogliovenderecasa.it,,+39 351 672 7772,https://www.vogliovenderecasa.it/,5.0,3.0,it
SoloAffitti Bollate,"Via Giacomo Matteotti, 11, 20021 Bollate MI, Italia",+39 02 6666 8776,https://www.soloaffitti.it/agenzia/bollate,5.0,1.0,it
"Dama Real Estate Srl - Vendita e Affitto Immobili industriali e Commerciali, Capannoni, Terreni.","Via Alcide De Gasperi, 111, 20017 Rho MI, Italia",+39 02 9976 2500,http://www.damarealestate.it/,5.0,6.0,it
Rosario Delle Stelle - iad Italia,"Via Bruno Buozzi, 14, 20037 Paderno Dugnano MI, Italia",+39 02 7861 9050,https://www.iad-italia.it/consulente-immobiliare/rosario.delle-stelle,4.5,30.0,it
Servizi Immobiliari Arese,"Piazza 11 Settembre, 2, 20044 Arese MI, Italia",+39 02 9358 3222,http://immobiliarearese.it/,5.0,2.0,it
Affiliato Tecnorete Agf S.A.S.,"Via Giuseppe Garibaldi, 126, 20024 Garbagnate Milanese MI, Italia",+39 02 4969 3530,https://garbagnatemilanese1.tecnorete.it/,5.0,129.0,it
Affiliato Tecnocasa Immobiliare Litta Tre S.A.S.,"Via degli Orti, 11, 20020 Arese MI, Italia",+39 02 9976 0070,https://arese1.tecnocasa.it/,4.9,15.0,fr
Agenzia immobiliare Tempocasa Milano Bruzzano,"Piazza Giustino Fortunato, 9, 20161 Milano MI, Italia",+39 02 2111 8704,https://www.tempocasamilanobruzzano.it/,4.7,238.0,it
Gruppocasa - Agenzia immobiliare Arese,"Via Caduti, 65, 20044 Arese MI, Italia",+39 02 938 5666,http://www.gruppocasa.it/,4.3,6.0,it
BICOCCA IMMOBILIARI,"Via Pace, 20021 Bollate MI, Italia",,,,,it
Agenzia Immobiliare Tempocasa Milano - Comasina,"Via Alessandro Litta Modignani, 7, 20161 Milano MI, Italia",+39 02 9286 1476,https://tempocasa.it/it/agenzie-immobiliari/milano/milano/1143-milano-comasina,4.9,54.0,it
Panorama Immobiliare Di Verrone Gerardo,"Via Alessandro Astesani, 56, 20161 Milano MI, Italia",+39 02 6620 2342,https://www.panoramaimmobiliare.biz/,4.9,59.0,it
Agente immobiliare MAURIZIO BARDARO,"Via Bertola, 2, 20026 Novate Milanese MI, Italia",+39 345 048 1539,,,,it
Agenzia Immobiliare Tempoagency - Cormano,"Via Po, 41, 20032 Cormano MI, Italia",+39 375 841 9851,https://tempocasa.it/it/agenzie-immobiliari/milano/cormano/1457-tempoagency-cormano,5.0,3.0,it
Studio Immobiliare Mascheroni Di Mascheroni Mauro,"Via Gaspare Rotondi, 95, 20037 Paderno Dugnano MI, Italia",+39 02 9108 4633,http://www.immobiliaremascheroni.it/,4.9,89.0,it
Agenzia Immobiliare Tempocasa Paderno Dugnano - Centro,"Via Gaspare Rotondi, 48, 20037 Paderno Dugnano MI, Italia",+39 02 9108 2284,https://tempocasa.it/it/agenzie-immobiliari/milano/paderno-dugnano/447-paderno-dugnano-centro,4.8,261.0,it
Immobiliare Global,"Via Reali, 13, 20037 Paderno Dugnano MI, Italia",+39 351 711 9611,http://www.immglobal.it/,5.0,12.0,it
Gabetti Novate Milanese,"Via Giuseppe Garibaldi, 31, 20026 Novate Milanese MI, Italia",+39 02 354 6327,https://www.gabetti.it/agenzia/novate-milanese,,,it
Affiliato Tecnocasa Studio Novate Milanese S.N.C.,"Via Repubblica, 13/B, 20026 Novate Milanese MI, Italia",+39 02 354 2918,https://novatemilanese1.tecnocasa.it/,4.8,76.0,it
Appartamenti Antica Corte Milanese,"Via Repubblica, 86, 20026 Novate Milanese MI, Italia",+39 338 706 7796,https://www.anticacortemilanese.it/,3.4,86.0,it
Studio Lessona Milano dal 1994,"Via Michele Lessona, 48, 20157 Milano MI, Italia",+39 345 343 0948,http://www.studiolessonamilano.it/,4.8,54.0,it
Agenzia Immobiliare Tempocasa Segrate - Milano Due,"Residenza Botteghe, 20054 Segrate MI, Italia",+39 02 214 0310,,4.8,182.0,it
Immobiliare San Felice - Vendita case e appartamenti Segrate e Milano,"Piazza Centro Commerciale, 81, 20054 Milano San Felice MI, Italia",+39 02 7030 0128,http://www.immobiliaresanfelice.it/,4.9,111.0,it
M&F Real Estate Agency,"Via XXV Aprile, 10, 20090 Segrate MI, Italia",+39 02 2187 1476,http://www.mfrealestateagency.it/,4.7,46.0,it
Progetto Casa,"Residenza Botteghe, 20054 Milano MI, Italia",+39 02 213 7311,http://www.progettocasasegrate.it/,4.8,37.0,it
Programma Casa,"Via Emilia, 18, 20054 Segrate MI, Italia",+39 02 2692 3233,https://www.programmacasa.it/,4.5,71.0,it
Immobiliare Segrate,"Via Roma, 17, 20054 Segrate MI, Italia",+39 02 213 5101,http://www.immobiliaresegrate.it/,4.8,46.0,it
MAGGI Immobiliare,"Via Monzese, 14, 20054 Segrate MI, Italia",+39 02 213 8994,http://maggiimmobiliare.it/,5.0,23.0,it
CFC Immobiliare,"Via Gramsci, 23, 20054 Segrate MI, Italia",+39 02 2217 9141,http://www.cfcimmobiliare.it/,4.6,49.0,it
Cofim Immobiliare - Milano San Felice,"Piazza Centro Commerciale, 27, 20054 Milano San Felice MI, Italia",+39 02 753 4043,http://www.cofim-immobiliare.it/,4.2,42.0,it
CEBARSEGRATE,"Via Roma, 20, 20054 Segrate MI, Italia",+39 02 213 8783,http://www.cebarsegrate.it/,4.8,67.0,it
Gram Casa sas,"Via Per Redecesio, 12, 20054 Segrate MI, Italia",+39 02 2692 0528,http://www.gramcasa.it/,4.6,5.0,it
Criffo' Immobiliare,"Residenza Mestieri, 1, 20054 Segrate MI, Italia",+39 02 2641 0102,http://www.criffo.it/,4.5,4.0,it
Immobiliare De Donato,"Via Cassanese, 38, 20090 Segrate MI, Italia",+39 02 3981 0026,http://www.immobiliare-dedonato.it/,4.8,35.0,it
Agenzia Immobiliare Criffò 2 S.r.l.,"Via Commenda, 2/B, 20090 Segrate MI, Italia",+39 02 7000 6509,http://www.vendeimmobili.it/,3.5,4.0,it
Studio Milano Due,"Via Residenza Ponti, 20054 Segrate MI, Italia",+39 02 2641 1981,http://www.studiomilanodue.it/,3.0,21.0,it
G&A servizi e consulenze immobiliari,"Residenza Botteghe, 1, 20054 Segrate MI, Italia",+39 02 4651 3768,http://www.serviziconsulenzeimmobiliari.it/,,,it
Affiliato Tecnocasa Studio Segrate S.R.L.,"Via XXV Aprile, 17, 20090 Segrate MI, Italia",+39 02 213 9331,https://segrate2.tecnocasa.it/,4.9,65.0,it
Immobiliare DsT,"Via Privata Trasimeno, 8, 20128 Milano MI, Italia",+39 02 5656 7492,http://www.immobiliaredst.it/,4.9,222.0,it
F.M Immobiliare di Francesco Maccari,"Piazza Centro Commerciale, 13, 20054 Milano San Felice MI, Italia",+39 02 7030 0806,http://www.fmimmobiliare.eu/,4.4,63.0,it
Immobiliare Brandini,"Via Gramsci, 45, 20054 Segrate MI, Italia",+39 02 213 7916,http://www.immobiliarebrandini.it/,3.2,9.0,it
Casa & Impresa Immobiliare,"Via Sant'Anna, 15, 20090 Vimodrone MI, Italia",+39 02 9144 3532,http://www.casaeimpresa.com/,4.9,137.0,it
Estivo Srl,"Piazza Centro Commerciale, 66, 20054 Segrate MI, Italia",+39 030 225049,,4.5,2.0,it
Agenzia immobiliare Tempocasa Milano - Lambrate,"Viale delle Rimembranze di Lambrate, 9, 20134 Milano MI, Italia",+39 02 215 7806,https://www.tempocasamilanolambrate.it/,4.8,232.0,it
Studio Immobiliare Bassini S.R.L.,"Via Edoardo Bassini, 45, 20123 Milano MI, Italia",+39 02 4964 6777,,4.9,40.0,fr
Immobiliare Internazionale,"Residenza Sagittario, 20054 Segrate MI, Italia",+39 02 264 0582,https://immobinternazionale.it/,1.0,2.0,it
AGENZIA IMMOBILIARE NOVACASA Servizi Immobiliari,"Via Andrea Mantegna, 62/D, 20096 Pioltello MI, Italia",+39 02 9210 6659,http://www.novacasa.eu/,4.8,61.0,it
MakeCasa Segrate,"Via XXV Aprile, 37, 20054 Segrate MI, Italia",+39 351 472 7825,http://www.makecasa.it/,,,it
TMT Immobiliare,"Via Tucidide, 56, 20134 Milano MI, Italia",+39 334 164 9581,https://www.tmtimmobiliare.com/,5.0,2.0,it
Immobiliare Lambrate,"Via Muzio Scevola, 1, 20134 Milano MI, Italia",+39 02 3659 7403,http://www.immobiliarelambrate.it/,4.5,77.0,it
Sogestim sas - Agenzia immobiliare Pioltello,"Via Andrea Mantegna, 11, 20096 Pioltello MI, Italia",+39 02 9210 2590,https://www.sogestim.it/,5.0,1.0,it
WICASA.IT,"Via Monza, 78, 20096 Pioltello MI, Italia",+39 02 9216 3158,https://www.wicasa.it/,4.9,78.0,it
MMConsulenze Immobiliari,"Via Roma, 67/69, 20096 Pioltello MI, Italia",+39 02 4945 0488,https://mmconsulenzeimmobiliari.it/,4.1,9.0,it
Agenzia Immobiliare Tempocasa Vimodrone,"Via 11 Febbraio, 11, 20055 Vimodrone MI, Italia",+39 02 8492 8152,https://tempocasa.it/it/agenzie-immobiliari/milano/vimodrone/442-vimodrone,4.8,203.0,it
Affiliato Tecnorete Studio Piazza Udine S.N.C.,"Via Crescenzago, 36/D, 20132 Milano MI, Italia",+39 02 2159 7012,https://milano41.tecnorete.it/,4.9,26.0,fr
FI.BER. Servizi Immobiliari,"Via Roma, 55, 20096 Pioltello MI, Italia",+39 02 9214 8127,http://www.fiberimmobiliare.it/,4.4,45.0,it
Eventi Immobiliari Real Estate Services,"Via Gaudenzio Fantoli, 11, 20138 Milano MI, Italia",,,5.0,1.0,it
Agenzia Immobiliare Tempocasa Milano - Crescenzago/Rizzoli,"Via Padova, 300, 20132 Milano MI, Italia",+39 02 4964 8323,https://tempocasa.it/it/agenzie-immobiliari/milano/milano/1200-milano-crescenzagorizzoli,4.8,56.0,it
Real Casa Immobiliare - Crescenzago,"Via Privata Giuseppe Maria Giulietti, 11, 20132 Milano MI, Italia",+39 02 8457 8212,https://realcasaimmobiliaregroup.com/,4.4,13.0,it
Immobiliare Ce.Bar.,"Viale Martesana, 61, 20090 Vimodrone MI, Italia",+39 02 265 0592,http://www.cebarvimodrone.it/,3.5,21.0,it
Agenzia Immobiliare Fondocasa Quartiere Adriano,"Via Adriano, 11, 20128 Milano MI, Italia",+39 02 4969 0715,https://www.fondocasamilanoadriano.it/,4.9,117.0,it
Agenzia Immobiliare Tempocasa Cologno Monzese Sud,"Via Milano, 81/83, 20093 Cologno Monzese MI, Italia",+39 02 8717 6424,https://tempocasa.it/it/agenzie-immobiliari/milano/cologno-monzese/1032-cologno-monzese-sud,4.8,51.0,it
"HQ - Milan, Segrate Rivoltana","Via Rivoltana, 2d, 20090 Segrate MI, Italia",+39 800 978 342,https://www.hq.com/en/brazil/sao-paulo/diadema?utm_source=google_uberall&utm_medium=places&utm_campaign=uberall&utm_content=uberall,5.0,2.0,en
Studio Immobiliare B.T.S.,"Via Lombardia, 33, 20096 Pioltello MI, Italia",+39 02 9216 9401,https://immobiliarebts.com/,,,it
Affiliato Tecnocasa Studio Milano San Felice S.R.L.,"Piazza Centro Commerciale, 101, 20054 Segrate MI, Italia",+39 02 7030 0331,https://segrate1.tecnocasa.it/,4.4,8.0,it
Affiliato Tecnorete Revan S.R.L.,"Via Michelangelo Buonarroti, 23, 20063 Cernusco sul Naviglio MI, Italia",+39 02 0997 6922,https://cernuscosulnaviglio1.tecnorete.it/,5.0,37.0,fr
VGP Italy Srl,"Via Cassanese, 45, 20054 Segrate MI, Italia",,http://www.vgpparks.eu/en/,5.0,1.0,en
Immobiliare Nuova Lampedusa,"Via Privata Oslavia, 17, 20134 Milano MI, Italia",+39 02 215 0503,https://www.immobiliarenuovalampedusa.com/,,,it
Gabetti Agenzia di Pioltello,"Via Roma, 49, 20096 Pioltello MI, Italia",+39 02 9259 0494,https://www.gabetti.it/agenzia/pioltello,4.5,100.0,it
Affiliato Tecnorete Milano Lambrate S.R.L.,"Viale delle Rimembranze di Lambrate, 15, 20123 Milano MI, Italia",+39 02 8496 1200,https://milano39.tecnorete.it/,4.8,48.0,fr
Agenzia Immobiliare Tempocasa Milano - P.te Nuovo/Crescenzago,"Via Padova, 273, 20127 Milano MI, Italia",+39 02 8347 8607,https://tempocasa.it/it/agenzie-immobiliari/milano/milano/297-milano-p-te-nuovocrescenzago,4.7,261.0,it
G&A real estate consulting services,"Via Basilicata, 15B, 20054 Segrate MI, Italia",+39 02 4651 3768,http://www.serviziconsulenzeimmobiliari.it/,,,it
Real Home Immobiliare,"Largo Oreste Murani, 4, 20133 Milano MI, Italia",+39 02 3675 5164,,4.9,14.0,it
C.A.S.e ImmobiliaRE,,+39 351 598 9234,https://www.case-immobiliare.it/,5.0,1.0,it
immobiliare case&terreni - lino campitelli,"Via F. Corridoni, 24, 20063 Cernusco sul Naviglio MI, Italia",+39 02 9214 7421,http://www.internetimmobili.it/,4.8,51.0,it
Erreuno Immobiliare,"Via Don Amati, 6/a, 20096 Pioltello MI, Italia",+39 02 9216 2273,http://erreuno.info/,4.4,5.0,it
Soluzioni Immobiliari Antonio da Bellonio,"V.le Umbria, 25, 20093 Cologno Monzese MI, Italia",+39 340 370 2957,http://dblhouse.datadeo.it/,5.0,4.0,it
Generalbrokers Srl Real Estate - Agenzia Immobiliare -,"Piazza Risorgimento, 1, 20063 Cernusco sul Naviglio MI, Italia",+39 02 923 8440,http://www.generalbrokers.com/,4.3,40.0,it
G&A real estate consulting services,"Residenza Mestieri, 1, 20054 Segrate MI, Italia",+39 02 4651 3768,http://www.serviziconsulenzeimmobiliari.it/,,,it
Недвижимость квартира Милан,"Via Papa Giovanni XXIII, 27, 20093 Cologno Monzese MI, Italia",,https://www.milanomosca.com/,5.0,1.0,it
Agenzia Immobiliare Tempoagency Assago,"Via Giacomo Matteotti, 10/E, Via dalla Chiesa, 5, 20057 Assago MI, Italia",+39 02 4651 1190,https://tempocasa.it/it/agenzie-immobiliari/milano/assago/1407-tempoagency-assago,5.0,16.0,it
Agenzia Immobiliare Tempoagency - Rozzano,"Via Roma, 55, 20089 Rozzano MI, Italia",+39 388 991 9324,https://tempocasa.it/it/agenzie-immobiliari/milano/rozzano/1431-tempoagency-rozzano,5.0,17.0,it
Assago Green Village,"Via Bazzana Inferiore, 2C, 20057 Assago MI, Italia",+39 02 4571 5991,https://www.assagogreenvillage.it/,4.6,125.0,it
Casando - Agenzia Immobiliare a Milano,"Via Roma, 31D, 20089 Rozzano MI, Italia",+39 346 704 2532,https://www.casando.it/,5.0,2.0,it
Agenzia Immobiliare Fondocasa Milano Missaglia,"Via Ettore Bugatti, 7, 20142 Milano MI, Italia",+39 02 3651 6580,https://www.fondocasa.it/index_minisito.php?id=853,4.9,49.0,it
Edilfimm S.r.l.,"Milanofiori Centro Direzionale Palazzo F, Scala 2, 20057 Assago MI, Italia",+39 02 825 3732,http://edilfimm.com/,4.5,8.0,it
Asset Immobiliare,"Via Eleonora Duse, 16, 20090 Buccinasco MI, Italia",+39 02 5964 5876,,5.0,29.0,it
Studiotara.it Agenzia Immobiliare,"Viale Lomellina, 23, 20090 Buccinasco MI, Italia",+39 334 233 4661,https://www.studiotara.it/,4.5,47.0,it
Agenzia Immobiliare Tempoagency - Milano/Famagosta,"Via Santa Rita da Cascia, 23, 20143 Milano MI, Italia",+39 389 760 4422,https://tempocasa.it/it/agenzie-immobiliari/milano/milano/1437-tempoagency-milanofamagosta,4.9,67.0,it
AV Milano | Partner of L'IMMOBILIARE.COM - MILANO NAVIGLI,"Via Morimondo, 1, 20143 Milano MI, Italia",+39 392 107 8200,http://www.avmilano.com/,4.6,18.0,it
Immobiliare Dodici,"Via F.lli Rosselli, 10, 20090 Buccinasco MI, Italia",+39 349 238 4665,https://immobiliaredodici.com/,4.7,42.0,it
LBN IMMOBILIARE,"Via Emilia, 5/b, 20090 Buccinasco MI, Italia",+39 333 605 4228,https://lbnimmobiliare.it/,5.0,1.0,it
Agenzia Immobiliare Tempocasa Milano - Famagosta,"Via Ettore Ponti, 58, 20143 Milano MI, Italia",+39 02 8976 8520,https://tempocasa.it/it/agenzie-immobiliari/milano/milano/616-milano-famagosta,4.7,235.0,it
A.C. CASA,"Via Roma, 2/a, 20057 Assago MI, Italia",+39 02 4570 8555,,,,it
Marco Tognolli Immobiliare,"Via Roggia Bartolomea, 7, 20057 Assago MI, Italia",+39 335 655 7866,https://www.marcotognolli.com/,,,it
HOMEISYOU | Agenzia Immobiliare,"Via Volturno, 2/C, 20090 Buccinasco MI, Italia",+39 347 295 9548,https://www.homeisyou.it/,5.0,15.0,it
Agenzia Immobiliare Professionecasa Buccinasco,"Via Emilia, 3, 20090 Buccinasco MI, Italia",+39 02 4570 1567,http://www.professionecasa.it/,4.8,101.0,it
Milano Living Buccinasco,"Via Vittorio Emanuele II, 1, 20090 Buccinasco MI, Italia",+39 02 4571 6372,http://milanoliving.it/,4.6,152.0,it
Affiliato Tecnocasa Mediassago S.A.S.,"Via Giacomo Matteotti, 10, 20090 Assago MI, Italia",+39 02 2506 0884,https://assago1.tecnocasa.it/,5.0,54.0,it
Immobiliare Rossin,"Via Vittorio Emanuele II, 1, 20090 Buccinasco MI, Italia",+39 02 4884 0013,http://www.immobiliarerossin.it/,4.3,84.0,it
AGENZIA IMMOBILIARE NAVIGLI - IMMOBILIARE 80 MILANO,"Corso S. Gottardo, 3, 20136 Milano MI, Italia",+39 02 3928 5904,http://www.immobiliare80milano.it/,4.9,122.0,it
Milano Living Real Estate,"Viale Lomellina, 10/6, 20090 Buccinasco MI, Italia",+39 02 8348 9027,https://milanolivingsrl.it/,4.6,5.0,it
Gabetti Immobiliare Santa Rita Famagosta Milano,"Via Santa Rita da Cascia, 23, 20143 Milano MI, Italia",+39 02 8915 1967,https://www.gabetti.it/agenzia/milano-santa-rita,4.9,148.0,it
Affitto Facile Milano,"Via delle Querce, 5, 20057 Assago MI, Italia",+39 351 575 1873,,,,it
A.G.Immobili - servizi immobiliari,"Piazza Giovanni Antonio Bazzi, 2, 20144 Milano MI, Italia",+39 02 4548 6533,http://www.agimmobili.it/,4.7,15.0,it
L'IMMOBILIARE.COM BUCCINASCO E CORSICO,"Viale Lombardia, 2, 20090 Buccinasco MI, Italia",+39 02 488 0196,http://www.buccinasco.limmobiliare.com/,4.1,10.0,it
Immobiliare De Stefano,"Via della Resistenza, 34, 20090 Buccinasco MI, Italia",+39 324 882 8400,https://www.instagram.com/immobiliare.destefano/,5.0,5.0,it
Agenzia Immobiliare Tempocasa Rozzano,"Via Roma, 37, 20089 Rozzano MI, Italia",+39 02 825 8957,https://tempocasa.it/it/agenzie-immobiliari/milano/rozzano/16-rozzano,4.8,245.0,it
Agenzia Immobiliare Piola Srl,"Via S. Giovanni sul Muro, 17, 20121 Milano MI, Italia",+39 342 508 0591,https://www.immobiliare.it/agenzie-immobiliari/232115/art-real-estate-milano/,4.9,321.0,it
Gabetti Buccinasco,"Viale Lomellina, 10/6, 20090 Buccinasco MI, Italia",+39 02 4547 9712,https://www.gabetti.it/agenzia/buccinasco,4.3,27.0,it
Aemme Servizi Studio Immobiliare,"Via Lorenzo Bartolini, 49, 20155 Milano MI, Italia",+39 02 4940 7435,http://www.aemmeservizi.net/,5.0,210.0,it
Agenzia Immobiliare Fondocasa Milano Cermenate,"Via Medeghino, 15, 20141 Milano MI, Italia",+39 02 4547 3312,https://shorturl.at/binoO,4.8,116.0,it
Linea Casa Buccinasco,"Via Emilia, 5/B, 20090 Buccinasco MI, Italia",+39 02 4571 3877,http://immobiliarelineacasa.myadj.it/,4.8,33.0,it
Affiliato Tecnorete Case Milano Sud S.R.L.,"Via Europa, 62, 20089 Rozzano MI, Italia",+39 02 8082 9704,https://rozzano1.tecnorete.it/,5.0,47.0,fr
Agenzia Immobiliare Tempocasa Buccinasco,"Via Emilia 2, Viale Lombardia, 1, 20090 Buccinasco MI, Italia",+39 02 4577 1158,https://tempocasa.it/it/agenzie-immobiliari/milano/buccinasco/572-buccinasco,4.9,134.0,it
Darsena Immobiliare Buccinasco,"Via Emilia, 7, 20090 Buccinasco MI, Italia",+39 02 3653 3805,http://www.darsenaimmobiliare.it/,4.8,25.0,it
iLOP immobiliare Barona,"Via Cascina Bianca, 24, 20142 Milano MI, Italia",+39 02 8976 0418,http://www.ilopimmobiliare.it/,4.8,13.0,it
C.R. Servizi Immobiliari,"Via Europa, 36, 20089 Rozzano MI, Italia",+39 02 3653 8223,https://www.grimaldifranchising.it/agenzia/rozzano-1,5.0,11.0,it
Sarpi- Immobiliare Sarpi Famagosta,"Viale Famagosta, 7, 20142 Milano MI, Italia",+39 02 3670 9000,https://www.sarpifamagosta.it/,4.7,45.0,it
Agenzia immobiliare Tempocasa Milano - Corso Lodi/Marco D'Agrate,"Via Scrivia, 2, 20139 Milano MI, Italia",+39 02 0996 2597,https://tempocasa.it/it/agenzie-immobiliari/milano/milano/17-milano-corso-lodimarco-dagrate,4.7,399.0,it
Agenzia Immobiliare Tempocasa Rozzano - Quinto Stampi,"Via Europa, 48, 20089 Rozzano MI, Italia",+39 02 9234 8442,https://tempocasa.it/it/agenzie-immobiliari/milano/rozzano/886-rozzano-quinto-stampi,4.5,116.0,it
La Maison,"Via Europa, 39, 20089 Rozzano MI, Italia",+39 02 824 0712,,4.0,15.0,it
GRIMALDI ROZZANO1-C.R.GROUP,"Via Europa, 36/38, 20089 Rozzano MI, Italia",+39 02 3653 8223,https://www.grimaldifranchising.it/agenzia/rozzano-1,4.9,744.0,en
Rana Immobiliare,"Via Emilia, 1, 20090 Buccinasco MI, Italia",+39 02 4570 0554,,4.6,31.0,it
Eucalipto Immobiliare,"Via Mimose, 8, 20089 Rozzano MI, Italia",+39 02 8702 1786,http://www.eucaliptoimmobiliare.it/,4.1,40.0,en
Immobiliare Olimpo 3,"Via Roma, 65, 20089 Rozzano MI, Italia",+39 02 5751 5956,http://www.olimpo3.com/,4.6,25.0,it
Pianeta Casa,"Via Lombardia, 25, 20089 Rozzano MI, Italia",+39 02 5751 1411,,4.0,18.0,it
Saldo e Stralcio immobiliare Milano,"Via Cassino Scanasio, 45, 20089 Rozzano MI, Italia",+39 351 735 2616,https://www.saldoestralcioimmobiliare.it/,,,it
Cristina Case,"Viale Palmiro Togliatti, 114, 20089 Rozzano MI, Italia",+39 338 388 1751,http://www.cristinacase.com/,4.0,8.0,it
SoloAffitti Rozzano,"Via Eugenio Curiel, 46, 20089 Rozzano MI, Italia",+39 02 5751 0973,https://www.soloaffitti.it/agenzia/rozzano,4.2,44.0,it
Studio your home,"Via Lario, 3, 20090 Buccinasco MI, Italia",+39 340 731 0686,,5.0,18.0,it
SoloAffitti Buccinasco,"Via Emilia, 7, 20090 Buccinasco MI, Italia",+39 02 4510 0932,https://www.soloaffitti.it/agenzia/buccinasco,3.9,10.0,it
Studio Curiel Group,"Via Eugenio Curiel, 86, 20089 Rozzano MI, Italia",+39 02 8945 9270,http://www.studiocuriel.com/,4.1,10.0,it
Tecnocasa Advisory Group Spa,"Via Monte Bianco, 60/A, 20089 Rozzano MI, Italia",+39 02 528581,https://www.tecnocasaadvisorygroup.it/,4.2,5.0,it
MGS SERVIZI IMMOBILIARI,"Viale Lunigiana, 15, 20125 Milano MI, Italia",+39 02 8204 4633,https://www.immobiliare.it/agenzie-immobiliari/421863/msg-gessate/,5.0,53.0,it
RE/MAX Valori,"Via Garofalo, 31, 20133 Milano MI, Italia",+39 02 4070 2277,http://www.remax.it/valori,4.8,150.0,it
Network Pentagono,"Via Emilia, 7, 20090 Buccinasco MI, Italia",+39 02 488 0681,https://www.networkpentagono.it/,5.0,1.0,it
MILANOCASE,"Via Monte Cengio, 7, 20138 Milano MI, Italia",+39 366 760 7114,,4.9,75.0,it
Agenzia Immobiliare Tempocasa Milano Ripamonti,"Via Giacomo Antonini, 62, 20141 Milano MI, Italia",+39 02 8489 5701,https://tempocasa.it/it/agenzie-immobiliari/milano/milano/307-milano-ripamonti,4.9,228.0,it
Arena Immobiliare Srl,"Via Marco Bruto, 9, 20138 Milano MI, Italia",+39 02 8907 4460,http://www.arenaimmobiliare.net/,4.8,135.0,it
Agenzia Immobiliare Tempocasa Milano - Cinque Giornate,"Via Cadore, 29, 20135 Milano MI, Italia",+39 02 8417 4698,https://tempocasa.it/it/agenzie-immobiliari/milano/milano/672-milano-cinque-giornate,4.9,503.0,it
Immobili Servizi Immobiliari (S.A.S.),"Via Antonio Stradivari, 7, 20131 Milano MI, Italia",+39 02 2952 3119,http://www.immobili-servizi.com/,4.8,4.0,it
Horizon Immobiliare srl,"Via Vincenzo Foppa, 55, 20144 Milano MI, Italia",+39 02 4229 0302,https://www.horizonimmobiliare.it/,4.6,85.0,it
Agenzia Immobiliare Tempocasa Milano Ticinese,"V.le Col di Lana, 7/a, 20136 Milano MI, Italia",+39 02 8424 7487,https://tempocasa.it/it/agenzie-immobiliari/milano/milano/579-milano-ticinese,4.9,129.0,it
Giorgio Vigano' Srl,"Via Giuseppe e Francesco Carlo Maggiolini, 2, 20122 Milano MI, Italia",+39 02 763 6151,https://www.giorgiovigano.com/,4.6,9.0,it
Immobiliare Res,"Via Marcello Prestinari, 5, 20158 Milano MI, Italia",+39 02 3931 3313,http://www.immobiliareres.com/,4.6,65.0,it
Real Estate Milano,"Via Andrea Maria Ampère, 56, 20131 Milano MI, Italia",+39 02 9710 3497,http://realestatemilano.net/,4.4,17.0,it
First Milano Real Estate,"Viale Lunigiana, 19, 20125 Milano MI, Italia",+39 02 6698 9744,,4.9,416.0,it
Milano Immobili srl,"Corso Monforte, 39, 20121 Milano MI, Italia",+39 02 7631 7499,http://www.milanoimmobili.it/,4.0,4.0,it
Orlandinotti Real Estate,"Via Morimondo, 26, 20143 Milano MI, Italia",+39 02 8907 9829,http://www.orlandinotti-re.com/,5.0,3.0,it
First House S.r.l,"Viale S. Michele del Carso, 18, 20144 Milano MI, Italia",+39 02 3672 8824,https://www.firsthouse.it/,5.0,6.0,it
Immobili di Pregio,"Foro Buonaparte, 67, 20121 Milano MI, Italia",+39 02 890 0773,http://www.immobilidipregio.com/,,,it
Homepanda.it,"Via Gian Giacomo Mora, 20, 20123 Milano MI, Italia",+39 02 8717 8996,https://www.homepanda.it/,4.1,89.0,it
RE.MI. REAL ESTATE MILANO,"Via Caradosso, 8, 20123 Milano MI, Italia",+39 02 3676 9560,https://www.remire.it/,4.5,2.0,it
CASA IT Studio Immobiliare,"Via Giambellino, 54, 20146 Milano MI, Italia",+39 02 423 7751,http://www.casaitonline.it/,4.8,4.0,it
Unico Immobiliare,,+39 392 211 1071,https://www.unicoimmobiliare.com/,4.7,14.0,it
Milano Homes Agency,"Piazza Francesco Guardi, 15, 20133 Milano MI, Italia",+39 02 9144 4867,http://www.mhagency.it/,4.0,8.0,it
First Real Estate Srl,"Piazza della Repubblica, 12, 20124 Milano MI, Italia",+39 02 2906 3439,http://www.firstrealestate.it/,4.0,20.0,it
REXER,"V. Giosuè Carducci, 4, 20123 Milano MI, Italia",,,3.8,10.0,it
First One Milano Real Estate,"Via Mario Pagano, 71, 20145 Milano MI, Italia",+39 02 3944 4879,http://www.firstonemilano.it/,4.6,21.0,it
Target Real Estate,"Via Emilio Visconti Venosta, 3, 20122 Milano MI, Italia",+39 02 8739 8860,https://www.target.re.it/,5.0,1.0,it
BERGAMO IMMOBILIARE,"Via Gianbattista Moroni, 310, 24127 Bergamo BG, Italia",+39 035 247444,https://www.bergamoimmobiliare.it/,3.7,6.0,it
Locami,"Via Graziano, 29, 20162 Milano MI, Italia",+39 320 708 607,http://locami.net/,,,it
DIGA Immobiliare di Galano Diego,"Corso Italia, 41, 80067 Sorrento NA, Italia",+39 333 806 8906,https://www.immobiliare.it/agenzie_immobiliari/di-ga.html,5.0,60.0,it
Italian Network Realty,"Via Giuseppe e Francesco Carlo Maggiolini, 2, 20122 Milano MI, Italia",,https://italiannetworkrealty.com/it/,,,en
Stilecasa Agenzia Immobiliare in Bresso,"Via Aldo Villa, 34, 20091 Bresso MI, Italia",+39 02 6650 3732,http://www.stilecasa.casa/,5.0,99.0,it
Agenzia Immobiliare Tempocasa Bresso,"Via G. Marconi, 40, 20091 Bresso MI, Italia",+39 02 3675 3730,https://tempocasa.it/it/agenzie-immobiliari/milano/bresso/2-bresso,4.8,326.0,it
Agenzia Immobiliare Tempoagency - Bresso,"Via L. Cadorna, 62, 20091 Bresso MI, Italia",+39 02 3594 4845,https://tempocasa.it/it/agenzie-immobiliari/milano/bresso/1404-tempoagency-bresso,4.8,17.0,it
EsseRE Immobiliare,"Via Vittorio Veneto, 49/H, 20091 Bresso MI, Italia",+39 02 6885 3028,https://www.essereimmobiliare.it/,4.8,77.0,it
Agenzia immobiliare Bankasa Bresso,"Via Vittorio Veneto, 29, 20091 Bresso MI, Italia",+39 02 614 3284,https://www.bankasa.it/le-nostre-sedi/bresso.aspx?CodAgenzia=MIP01,4.6,116.0,it
TAGLIABUE CASE s.n.c.,"Via Camillo Benso Conte di Cavour, 9, 20091 Bresso MI, Italia",+39 02 3651 7373,http://www.tagliabuecase.it/,4.2,80.0,it
Gruppo Tempocasa,"Via C. Romani, 2, 20091 Bresso MI, Italia",+39 02 610 2979,https://tempocasa.it/,4.5,32.0,it
SoloAffitti Bresso,"Via Giulio Centurelli, 14, 20091 Bresso MI, Italia",+39 340 930 7788,https://www.soloaffitti.it/agenzia/bresso,3.9,38.0,it
Affiliato Tecnorete Studio Bresso Tre S.A.S.,"Via Vittorio Veneto, 49/B, 20091 Bresso MI, Italia",+39 02 614 0004,https://bresso1.tecnorete.it/,4.8,173.0,it
RANZI ASTE IMMOBILIARI,"Via Vittorio Veneto, 78, 20091 Bresso MI, Italia",+39 329 286 3363,https://ranziasteimmobiliari.com/,5.0,56.0,it
Immobilre Bresso,"Via Vittorio Veneto, 34 F, 20091 Bresso MI, Italia",+39 02 6142 0781,http://www.immobilre.it/,3.8,10.0,it
IMMOBILIARE MEZZATESTA,"Via Madonnina, 3, 20091 Bresso MI, Italia",+39 328 906 8024,,5.0,19.0,it
"BM House ""La Soluzione al pignoramento immobiliare""","Via XXV Aprile, 14, 20091 Bresso MI, Italia",+39 340 830 4909,http://eticasa-npl.it/,4.5,2.0,it
Agenzia Immobiliare Tempocasa Milano Niguarda,"Via Luigi Ornato, 14, 20162 Milano MI, Italia",+39 02 4549 5359,https://tempocasa.it/it/agenzie-immobiliari/milano/milano/293-milano-niguarda,4.8,359.0,it
Agenzia immobiliare Iconacasa Milano Niguarda,"Via Luigi Ornato, 55, 20162 Milano MI, Italia",+39 391 762 9769,https://www.iconacasa.com/index.php/agenzie/companyproperties/153-iconacasa-milano-niguarda,5.0,152.0,it
Agenzia immobiliare Bankasa Milano Niguarda,"Via Luigi Ornato, 24, 20162 Milano MI, Italia",+39 02 6410 9034,https://www.bankasa.it/le-nostre-sedi/milano-niguarda.aspx?CodAgenzia=MIC02,4.9,136.0,it
Affiliato Tecnocasa Tecnobresso S.A.S.,"Via Vittorio Veneto, 50, 20091 Bresso MI, Italia",+39 02 8408 3020,https://bresso1.tecnocasa.it/,4.8,29.0,it
ETICA IMMOBILIARE,"Via Carlo Tagliabue, 15, 20091 Bresso MI, Italia",+39 02 4978 5377,,5.0,1.0,it
Agenzia immobiliare Tempocasa Cormano,"Via V. Veneto, 12, 20032 Cormano MI, Italia",+39 02 6630 1634,https://tempocasa.it/it/agenzie-immobiliari/milano/cormano/3-cormano,4.8,444.0,it
Versokasa Ornato - Servizi immobiliari,"Via Luigi Ornato, 14, 20162 Milano MI, Italia",+39 02 2305 8275,http://www.versokasa.it/,4.8,57.0,it
Delcasa,"Via V. Veneto, 34, 20032 Cormano MI, Italia",+39 02 6630 6333,http://www.delcasa.it/,4.9,62.0,it
D'Adda e Tria - Servizi Immobiliari,"Viale Giacomo Matteotti, 11, 20095 Cusano Milanino MI, Italia",+39 02 6135 9251,http://www.daddaetria.it/,4.9,117.0,it
Capannone Arancione | Capannoni Milano Agenzia,"Via Omodei, 7, 20095 Cusano Milanino MI, Italia",+39 02 6413 6136,https://www.capannonearancione.com/,4.7,22.0,it
Agenzia Immobiliare Tempocasa Cusano Milanino,"Viale Giacomo Matteotti, 23, 20095 Cusano Milanino MI, Italia",+39 02 8457 0981,https://tempocasa.it/it/agenzie-immobiliari/milano/cusano-milanino/588-cusano-milanino,4.9,181.0,it
Agenzia Immobiliare Tempocasa Milano Bicocca,"Via Ponale, 48, 20162 Milano MI, Italia",+39 02 4547 8463,https://tempocasa.it/it/agenzie-immobiliari/milano/milano/289-milano-bicocca,4.8,364.0,it
GRUPPO M.S.I. sas di M. Celeghin e c. - Cusano Milanino,"Via C. Sormani, 41, 20095 Cusano Milanino MI, Italia",+39 02 6640 9610,,4.9,66.0,it
Immobiliare Tema,"Via XXV Aprile, 37, 20091 Bresso MI, Italia",+39 02 6103 9493,http://www.immobiliaretema.it/,,,it
Immobiliare Cusano,"Viale Giacomo Matteotti, 14, 20095 Cusano Milanino MI, Italia",+39 02 6640 1462,https://www.immobiliarecusano.it/,4.7,123.0,it
Mazzini 17 RE di Cattaneo Consuelo,"Viale Giacomo Matteotti, 25/F, 20095 Cusano Milanino MI, Italia",+39 02 3673 7221,http://www.mazzini17.it/,4.8,74.0,it
Banca Immobiliare di Sergio Barosi,,+39 02 8936 9014,https://www.banca-immobiliare.it/,,,it
ML Intermediazioni Immobiliari,"Via Edolo, 46, 20125 Milano MI, Italia",+39 375 602 0745,https://www.idealista.it/pro/ml-immobili/,5.0,86.0,it
Parametrocasa,"Via Cesare Acquati, 1, 20032 Cormano MI, Italia",+39 02 6630 0121,https://parametrocasa.it/property_tag/immobili-milano-paderno-dugnano/,4.3,8.0,it
Studio Immobiliare Bonfanti,"Viale Cooperazione, 5, 20095 Cusano Milanino MI, Italia",+39 02 619 2142,http://www.immobiliarebonfanti.it/,4.5,10.0,it
Casa Industria Srl Cusano Milanino,"Viale Giacomo Matteotti, 19, 20095 Cusano Milanino MI, Italia",+39 02 6640 0920,http://www.casaindustria.it/,4.9,7.0,it
Studio Immobiliare Milanino Agency,"Viale Cooperazione, 20, 20095 Cusano Milanino MI, Italia",+39 02 2305 7727,http://www.milaninoagency.it/,3.8,5.0,it
Affiliato Tecnocasa Studio Niguarda,"Via Luigi Ornato, 48, 20162 Milano MI, Italia",+39 02 6610 0248,https://milano18.tecnocasa.it/,4.9,403.0,it
Affiliato Tecnorete Studio Cusano S.N.C.,"Viale Giacomo Matteotti, 14, 20095 Cusano Milanino MI, Italia",+39 02 4776 8501,https://cusanomilanino1.tecnorete.it/,4.9,121.0,it
B&B Immobiliare,"Via Modigliani, 20, 20092 Cinisello Balsamo MI, Italia",+39 02 8974 4028,http://www.immobiliarebeb.com/,5.0,6.0,it
Grimaldi Niguarda,"Via Giovanni Terruggia, 2, 20162 Milano MI, Italia",+39 02 6610 0353,https://www.grimaldifranchising.it/agenzia/milano-niguarda?agenzia=milano-niguarda&contratto=vendita&dove=italia&tipologia=casa&uso=abitativo,4.7,24.0,it
Tecnorete Niguarda,"Piazza Belloveso, 2, 20162 Milano MI, Italia",+39 02 8722 1979,https://www.idealista.it/pro/affiliato-tecnorete-suzzani-immobili-sas/vendita-case/,5.0,18.0,it
Trattocasa Cusano Milanino,"Viale Giacomo Matteotti, 43, 20095 Cusano Milanino MI, Italia",+39 380 374 3557,,5.0,5.0,it
immobiliAle di Alessandro Prestia,"Piazza Ferravilla, 2, 20092 Cinisello Balsamo MI, Italia",+39 351 967 7099,https://www.immobiliale.com/,5.0,13.0,it
Stilecasa Sesto San Giovanni,"Viale Giacomo Matteotti, 255, 20099 Sesto San Giovanni MI, Italia",+39 02 8140 0855,http://www.stilecasa.casa/,4.3,16.0,it
Affittasi Vendesi Negozio a Bresso,"Via Lillo del Duca, 23, 20091 Bresso MI, Italia",+39 333 907 7695,,,,it
Studio Marelli s.n.c.,"Via Grigne, 2, 20095 Cusano Milanino MI, Italia",+39 02 613 4135,http://studiomarellicusano.it/,4.9,36.0,it
Bresso S.A.S. di Chiarella Antonella & C.,"Via Vittorio Veneto, 34/F, 20091 Bresso MI, Italia",+39 02 6650 4876,,,,it
R&M Properties,"Via Fosse Ardeatine, 4, 20092 Cinisello Balsamo MI, Italia",+39 320 117 3333,https://rmproperties.it/,5.0,1.0,it
Affiliato Tecnocasa Mj Bruzzano S.R.L.,"Viale Mario Rapisardi, 14, 20161 Milano MI, Italia",+39 02 6620 1015,https://milano2.tecnocasa.it/,4.8,39.0,it
Compra vendita immobiliare,,+39 328 948 0448,,,,it
Ornato 140,"Via Luigi Ornato, 140, 20162 Milano MI, Italia",+39 02 422 2318,,4.1,8.0,it
Sofimm Real Estate - La Tua Agenzia Immobiliare,"Via Antonio Gramsci, 16, 20097 San Donato Milanese MI, Italia",+39 02 3919 8892,https://sofimm.com/,4.9,119.0,it
Immobiliare San Donato,"Via Martiri Cefalonia, 6, 20097 San Donato Milanese MI, Italia",+39 02 527 5841,https://www.immobiliaresandonato.com/it/,4.9,52.0,it
Agenzia immobiliare Tempocasa San Donato Milanese,"Via Martiri Cefalonia, 3, 20097 San Donato Milanese MI, Italia",+39 02 9287 0909,https://tempocasa.it/it/agenzie-immobiliari/milano/san-donato-milanese/458-san-donato-milanese,4.7,277.0,it
Agenzia immobiliare Iconacasa San Donato Milanese,"Via Trieste, 19, 20097 San Donato Milanese MI, Italia",+39 02 9926 2441,https://www.iconacasa.com/index.php/opportunita?filter_stype=1&filter_loc=San+Donato+Milanese&filter_keyword=,4.9,60.0,it
LO VIVO IMMOBILIARE,"Via G. di Vittorio, 3, 20097 San Donato Milanese MI, Italia",+39 02 4549 5395,http://www.lovivoimmobiliare.it/,4.9,59.0,it
ABBICASA Immobiliare,"Via Dante Alighieri, 20097 San Donato Milanese MI, Italia",+39 331 213 5691,,5.0,47.0,it
Trefor Immobiliare,"Via John Fitzgerald Kennedy, 34, 20097 San Donato Milanese MI, Italia",+39 02 5162 8192,http://www.treforimmobiliare.it/,4.3,12.0,it
AGENZIA IMMOBILIARE SARPI 48,"Viale Ungheria, 20, 20138 Milano MI, Italia",+39 02 5801 8016,http://www.sarpi.it/,4.6,104.0,it
Agenzia Immobiliare Tempocasa Milano - Corvetto,"C.so Lodi, 106, 20139 Milano MI, Italia",+39 02 3829 8906,https://tempocasa.it/it/agenzie-immobiliari/milano/milano/277-milano-corvetto,4.9,573.0,en
Dal 1961 Studio Immobiliare Todaro,"Via Monte Bianco, 33, 20097 San Donato Milanese MI, Italia",+39 02 527 5178,http://www.todaroimmobiliare.it/,3.7,27.0,it
Muovicasa Agenzia Immobiliare San Donato Milanese,"Via della Libertà, 41, 20097 San Donato Milanese MI, Italia",+39 02 5165 0600,,4.4,10.0,it
Olivilocazioni,"Via Triulziana, 16/B, 20097 San Donato Milanese MI, Italia",+39 02 5570 0570,http://www.olivilocazioni.net/,4.1,65.0,it
Agenzia Immobiliare Tempoagency - Milano - Rogoredo/Santa Giulia,"Via Bruno Cassinari, 17, 20138 Milano MI, Italia",+39 02 4937 8040,https://tempocasa.it/it/agenzie-immobiliari/milano/milano/936-tempoagency-milano-rogoredosanta-giulia,4.8,273.0,it
Olivimmobiliare,"Via Martiri Cefalonia, 2, 20097 San Donato Milanese MI, Italia",+39 02 5180 0400,http://www.olivimmobiliare.com/,4.7,37.0,it
RE/MAX Per Te,"Via Angelo Moro, 121, 20097 San Donato Milanese MI, Italia",+39 02 8129 0901,https://www.remax.it/trova/agenti-agenzie/agenzia/perte,5.0,7.0,it
Immobiliare Libertà,"Via Cesare Battisti, 39, 20097 San Donato Milanese MI, Italia",+39 02 527 3810,,3.8,11.0,it
Bosco Immobiliare di Fabio Bosco,"Via Aldo Moro, 3, 20068 Peschiera Borromeo MI, Italia",+39 02 3984 6139,http://www.boscoimmobiliare.com/,4.8,160.0,it
DP IMMOBILI E SERVIZI- Immobiliare Santa Giulia (MI),"Via Bruno Cassinari, 8, 20138 Milano MI, Italia",+39 327 371 0354,http://www.dpimmobilieservizi.it/,4.8,60.0,it
BeCò Immobiliare,"Via Cesare Battisti, 16/c, 20097 San Donato Milanese MI, Italia",+39 02 3984 0723,http://www.becoimmobiliare.it/,3.2,35.0,it
Io Casa Immobiliare,"C.so Lodi, 110, 20139 Milano MI, Italia",+39 02 5741 0156,http://www.iocasaimmobiliare.it/,4.6,142.0,it
Agenzia Immobiliare San Giuliano,"Via XI Febbraio, 12/B, 20098 San Giuliano Milanese MI, Italia",+39 02 984 8460,http://www.agenziasangiuliano.it/,4.7,14.0,it
Immobiliare Sudmilano S.A.S.,"Via Adda, 18 F, 20097 San Donato Milanese MI, Italia",+39 02 527 6679,,,,it
Makecasa San Giuliano Milanese,"Via della Repubblica, 2A, 20098 San Giuliano Milanese MI, Italia",+39 02 7001 8047,https://www.makecasa.it/,4.7,46.0,it
Immobiliare Lucania,"Viale Lucania, 2, 20139 Milano MI, Italia",+39 02 5521 2429,https://www.immobiliarelucania.com/,4.9,70.0,it
Immobiliare Borromeo,"Via A. Gramsci, 38, 20068 Peschiera Borromeo MI, Italia",+39 02 5530 3653,https://www.immobiliare.it/agenzie-immobiliari/64642/borromeo-peschiera/,4.8,205.0,it
Davide Puntillo Servizi Immobiliari,"Via Molise, 9, 20098 San Giuliano Milanese MI, Italia",+39 347 419 1938,https://www.immobiliare.it/agenzie-immobiliari/237098/puntillo-san-giuliano-milanese/,5.0,31.0,it
Parva Domus Studio Immobiliare,"Via Giacomo Matteotti, 3, 20097 San Donato Milanese MI, Italia",+39 380 186 6959,https://www.parvadomusimmobiliare.it/,4.7,6.0,it
Sole Immobili Srls,"Via Manara Luciano, 13, 20098 Sesto Ulteriano MI, Italia",+39 02 9828 0308,https://www.soleimmobili.it/,3.5,4.0,it
Agenzia immobiliare Tempocasa San Giuliano Milanese,"Viale Fratelli Cervi, 30, 20098 San Giuliano Milanese MI, Italia",+39 02 3668 9650,https://tempocasa.it/it/agenzie-immobiliari/milano/milano/459-san-giuliano-milanese,4.9,297.0,it
Affiliato Tecnorete Studio Immobiliare Ungheria S.R.L.,"Viale Ungheria, 24/26, 20135 Milano MI, Italia",+39 02 3792 0022,https://milano44.tecnorete.it/,4.9,58.0,it
Agenzia immobiliare Iconacasa Milano Corvetto,"Via Carlo Boncompagni, 14, 20139 Milano MI, Italia",+39 02 9925 0547,https://www.iconacasa.com/index.php/agenzie/companyproperties/162-iconacasa-milano-corvetto,4.9,52.0,it
MV Immobiliare di Marzioli Vittorio,"Via Marco Polo, 2, 20098 San Giuliano Milanese MI, Italia",+39 02 8232 3410,https://www.immobiliare.it/agenzie-immobiliari/129457/progetto-casa-san-giuliano-milanese/,4.3,6.0,it
Agenzia Immobiliare Tempoagency - Milano - Bonfadini/Ungheria,"Viale Ungheria, 22, 20138 Milano MI, Italia",+39 334 375 0058,https://tempocasa.it/it/agenzie-immobiliari/milano/milano/1220-milano-bonfadiniungheria,2.3,3.0,it
Casa & Immobiliare,"Via Molise, 9, 20098 Area Industriale MI, Italia",+351 926 898 957,,,,it
Pronto Immobili Srl,"Via Roma, 31, 20098 San Giuliano Milanese MI, Italia",+39 02 9824 9445,http://www.prontoimmobili.it/,3.6,21.0,it
Agenzia Immobiliare Iconacasa Milano Brenta,"C.so Lodi, 59, 20139 Milano MI, Italia",,https://www.iconacasa.com/index.php/agenzie/companyproperties/106-iconacasa-milano-brenta,4.8,177.0,it
Agenzia immobiliare Tempocasa Peschiera Borromeo,"Via A. Gramsci, 17, 20068 Peschiera Borromeo MI, Italia",+39 02 8414 8645,https://tempocasa.it/it/agenzie-immobiliari/milano/peschiera-borromeo/456-peschiera-borromeo,4.7,209.0,it
IMMOBILIARE CORVETTO,"Piazzale Luigi Emanuele Corvetto, 7, 20139 Milano MI, Italia",+39 02 5730 8980,http://www.immobiliarecorvetto.it/,4.2,16.0,it
Affiliato Tecnorete Marte Case S.R.L.,"C.so Lodi, 80, 20139 Milano MI, Italia",+39 02 9109 2880,https://milano11.tecnorete.it/,4.9,100.0,it
Affiliato Tecnorete Marte Case S.R.L.,"Via Monte Palombino, 8, 20123 Milano MI, Italia",+39 02 8928 9477,https://milano52.tecnorete.it/,5.0,33.0,fr
Immobiliare Aurora,"Via Toscani, n. 52, 20098 San Giuliano Milanese MI, Italia",+39 030 718 7696,http://www.immobiliareaurora.it/,5.0,1.0,it
Immobiliare del Borrello,"Via Tagliamento, 2, 20139 Milano MI, Italia",+39 02 5523 1577,https://immobiliaredelborrello.it/,3.9,29.0,it
Prometeocasa,"Piazza Riccardo Lombardi, 1, 20068 Peschiera Borromeo MI, Italia",+39 02 5530 5747,http://www.prometeocasa.com/,4.9,40.0,it
Fuschino Servizi Immobiliari,"Via Carlo Boncompagni, 47, 20139 Milano MI, Italia",+39 380 382 2832,https://www.fuschinosi.it/,5.0,4.0,it
Dream House - Servizi Immobiliari,"Via Cavour, 53, 20098 San Giuliano Milanese MI, Italia",+39 329 557 1921,https://www.immobiliare.it/agenzie-immobiliari/52850/dream-house-san-giuliano-milanese/,4.2,17.0,it
Immobiliare Milano City s.a.s.,"Via Bruno Cassinari, 15, 20138 Milano MI, Italia",+39 02 4953 2683,,2.3,3.0,en
Immobiliare Discar srl,"Via della Resistenza, 33, 20068 Peschiera Borromeo MI, Italia",+39 02 547 3414,https://www.immobiliarediscar.it/,5.0,4.0,it
Affiliato Tecnocasa Studio Immobiliare San Donato 1 S.R.L.,"Via Antonio Gramsci, 12, 20097 San Donato Milanese MI, Italia",+39 02 4792 4982,https://sandonatomilanese1.tecnocasa.it/,4.7,60.0,it
BANIM IMMOBILIARE,,+39 335 700 2195,,,,it
Casa Elite Group - Agenzia immobiliare San Giuliano Milanese,"SS 9 Via Emilia, Km 315, 20098 San Giuliano Milanese MI, Italia",+39 02 6717 6818,https://www.immobiliarecasaelite.it/,4.0,4.0,it
Affiliato Tecnocasa Studio Immobiliare San Donato 1 S.R.L.,"Via Alfonsine, 12, 20097 San Donato Milanese MI, Italia",,https://sandonatomilanese2.tecnocasa.it/,5.0,1.0,fr
AGENZIA IMMOBILIARE BRENTA,"Via Bessarione, 12, 20139 Milano MI, Italia",+39 351 616 4787,http://www.immobiliarebrenta.com/,4.2,19.0,it
Re Casa,"Via Giuseppe Ripamonti, 227, 20141 Milano MI, Italia",+39 02 4953 1213,http://www.milanorecasa.it/,4.9,160.0,it
Agenzia Immobiliare - Frimm Academy Milano,"Piazza Eleonora Duse, 2, 20122 Milano MI, Italia",+39 02 8718 9508,http://www.frimmacademymilano.it/,4.9,184.0,it
Stimm 4 Sas,"Via della Libertà, 76, 20097 San Donato Milanese MI, Italia",+39 02 527 1742,,4.0,3.0,it
Prometeo casa,"Viale Fratelli Cervi, 8, 20098 San Giuliano Milanese MI, Italia",+39 02 9824 5374,http://www.prometeocasa.com/,3.9,15.0,it
Immobiliare Doldo,"Via Breno, 1, 20139 Milano MI, Italia",+39 02 5740 5471,http://www.immobiliaredoldo.it/,4.2,43.0,it
Bicocca Immobili,"Via Alberto Nota, 46, 20121 Milano MI, Italia",+39 02 3954 8533,,4.9,78.0,it
Magic Real Estate - Milano Nord - Bicocca Testi,"Viale Sarca, 181, 20126 Milano MI, Italia",+39 02 642 3494,http://magicrealestate.it/,4.8,258.0,it
Greco Immobili S.r.l.,"Piazza Greco, 10, 20125 Milano MI, Italia",+39 02 3658 0408,http://www.grecoimmobili.it/,4.7,245.0,it
Agenzia Proposte Immobiliari - Rilevatrice dei Prezzi di mercato per FIMAA MILANO LODI e MONZA,"Viale Giacomo Matteotti, 200, 20099 Sesto San Giovanni MI, Italia",+39 02 2626 3971,https://www.proposte-immobiliari.it/,4.9,103.0,it
Agenzia Immobiliare Tempocasa Milano - Adriano,"Via Adriano, 102, 20128 Milano MI, Italia",+39 02 4947 6009,https://tempocasa.it/it/agenzie-immobiliari/milano/milano/614-milano-adriano,4.7,397.0,it
Agenzia Immobiliare Tempocasa Milano - Villa,"Viale Monza, 305, 20126 Milano MI, Italia",+39 02 4970 6938,https://tempocasa.it/it/agenzie-immobiliari/milano/milano/833-milano-villa,4.9,221.0,it
Immobiliare Milano 23,"Via Milano, 23, 20093 Cologno Monzese MI, Italia",+39 02 2730 7515,http://immobiliaremilano23.it/,4.9,162.0,it
Dreams Casa Milano,"Viale Monza, 294, 20128 Milano MI, Italia",+39 02 3669 4955,http://www.dreamscasa.it/,4.4,24.0,en
Agenzia Immobiliare Tempocasa Milano - Testi,"Viale Fulvio Testi, 87, 20162 Milano MI, Italia",+39 02 6611 7052,https://tempocasa.it/it/agenzie-immobiliari/milano/milano/288-milano-testi,4.8,373.0,it
Agenzia Immobiliare Tempocasa Milano - Greco/Maggiolina,"Piazza Greco, 2, 20125 Milano MI, Italia",+39 348 753 2004,https://tempocasa.it/it/agenzie-immobiliari/milano/milano/287-milano-grecomaggiolina,4.9,291.0,it
Agenzia Immobiliare Tempocasa Milano - Udine/Carnia,"Via Carnia, 31, 20132 Milano MI, Italia",+39 02 4951 7990,https://tempocasa.it/it/agenzie-immobiliari/milano/milano/1080-milano-udinecarnia,4.7,145.0,it
Milano Bicocca Point - La Casa Agency - Cimicom srl,"Viale Piero e Alberto Pirelli, 12, 20126 Milano MI, Italia",+39 02 3658 6450,http://bicoccapoint.it/,3.2,40.0,it
Startup immobiliare,"Via Vipacco, 6, 20126 Milano MI, Italia",+39 02 8434 8081,https://startupimmobiliare.it/,4.7,15.0,it
Agenzia immobiliare Best House Milano,"Piazza Aspromonte, 51, 20131 Milano MI, Italia",+39 02 8457 9455,http://www.besthouseimmobiliare.it/,4.9,146.0,it
IMI Immobiliare Milano - Agenzia Loreto,"Piazza Caiazzo, 3, 20124 Milano MI, Italia",+39 02 6671 5086,https://imi.it/agenzie/imi-immobiliare-loreto/,4.6,102.0,it
Immobiliare Kassyel,"Via Ponte Nuovo, 10, 20128 Milano MI, Italia",+39 02 256 2693,http://www.kassyel.info/,4.4,79.0,it
Immobiliare Stella,"Via Cesare da Sesto, 15/17, 20099 Sesto San Giovanni MI, Italia",+39 02 2247 7310,http://www.agenziaimmobiliarestella.it/,4.5,148.0,it
Rotondaro Immobili di Prestigio - Milano e Hinterland - Competenza e Professionalità da oltre 25 anni,"Via Lorenzo Mascheroni, 1, 20123 Milano MI, Italia",+39 02 4851 6282,https://www.rotondaroimmobilidiprestigio.it/,4.9,353.0,it
Immobilser Servizi Immobiliari,"Via Cardinal Ferrari, 36, 20099 Sesto San Giovanni MI, Italia",+39 02 2622 5196,http://www.immobilser.it/,4.8,106.0,it
Imperium Immobiliare,"Largo Michele Levrino, 13, 20099 Sesto San Giovanni MI, Italia",+39 331 460 0439,https://www.facebook.com/profile.php?id=100009862295333,4.8,112.0,it
Agenzia immobiliare Iconacasa Milano Loreto,"Via Rovereto, 6, 20127 Milano MI, Italia",+39 329 121 9213,https://www.iconacasa.com/,5.0,111.0,it
Formula Abitare di Scavetta Emilia & C. s.a.s.,"Via Alberto Nota, 46, 20126 Milano MI, Italia",+39 02 345 1126,http://www.formulabitare.eu/,4.3,35.0,it
Agenzia Immobiliare Parisi,"Via Mario Pieri, 2, 20127 Milano MI, Italia",+39 02 4594 2015,https://immobiliareparisi.com/,4.3,3.0,it
Agenzia Immobiliare Tempocasa Cologno Monzese - Centro,"Piazza XI Febbraio, 6, 20093 Cologno Monzese MI, Italia",+39 02 2537 1177,https://tempocasa.it/it/agenzie-immobiliari/milano/cologno-monzese/441-cologno-monzese-centro,4.9,857.0,it
Case in lombardia,"Via Marsala, 45, 20099 Sesto San Giovanni MI, Italia",+39 339 263 0646,https://www.caseinlombardia.it/,4.1,45.0,it
JL House Milan - Immobili di Pregio,"Via Quintino Sella, 4, 20121 Milano MI, Italia",+39 02 3929 7425,http://www.jlhouse.it/,4.9,62.0,it
SOGIM Residenziale Sesto San Giovanni - Agenzia Immobiliare,"Piazza Luigi Petazzi, 11, 20099 Sesto San Giovanni MI, Italia",+39 02 2626 3868,https://www.sogim.net/sesto/?macroCat=1,4.6,109.0,it
Agenzia Immobiliare Tempocasa Sesto San Giovanni – Rondò/Centro,"P.za della Resistenza, 16, 20099 Sesto San Giovanni MI, Italia",+39 02 2441 6272,http://www.tempocasasestorondo.it/,4.8,536.0,it
Agenzia Immobiliare Iconacasa Milano Maggiolina,"Via Edolo, 44, 20125 Milano MI, Italia",+39 329 121 9213,https://www.iconacasa.com/index.php/agenzie/companyproperties/154-iconacasa-milano-maggiolina,5.0,204.0,it
Immobili di Prestigio - Dharma House Milano,"Via Gian Battista Bazzoni, 6, 20123 Milano MI, Italia",+39 02 3206 22929,https://www.immobili-diprestigio.com/,4.9,93.0,it
Casa e Valori Servizi Immobiliari Integrati,"Via Giuseppe Garibaldi, 25, 20099 Sesto San Giovanni MI, Italia",+39 02 3598 5895,http://www.casaevalori.it/,4.2,60.0,it
Servizi Ideacasa Gruppo immobiliare ZAPA,"Via Monte S. Gabriele, 3, 20127 Milano MI, Italia",+39 02 3656 9526,http://servizideacasa.it/,4.2,33.0,it
Agenzia Immobiliare Tempocasa Sesto San Giovanni - Marelli,"Viale Ercole Marelli, 19, 20099 Sesto San Giovanni MI, Italia",+39 02 3595 6080,http://www.tempocasasestomarelli.it/,4.8,86.0,it
Affiliato Capital House Milano Bicocca - Niram srl,"Piazzale Egeo, 9, 20126 Milano MI, Italia",+39 02 9295 8441,https://www.capitalhouse.it/milanobicocca,5.0,7.0,it
Agenzia Immobiliare Tempocasa Cologno Monzese - San Maurizio,"Viale Lombardia, 82, Via Ottorino Respighi, 2, 20093 Cologno Monzese MI, Italia",+39 391 323 7219,https://tempocasa.it/it/agenzie-immobiliari/milano/cologno-monzese/823-cologno-monzese-san-maurizio,4.9,249.0,it
Fondocasa Sesto San Giovanni Centro,"Piazza Luigi Petazzi, 20, 20099 Sesto San Giovanni MI, Italia",+39 02 3653 1630,http://www.fondocasasestorondo.it/,4.8,89.0,it
Agenzia immobiliare Coretti Nicola,"Viale Monza, 170, 20127 Milano MI, Italia",+39 331 438 4205,,5.0,3.0,it
Agenzia Immobiliare STAR Real Estate Milano,"Via Sardegna, 30, 20146 Milano MI, Italia",+39 02 4819 5602,https://www.star-re.it/,4.8,47.0,it
Art Real Estate | Risorgimento,"Via Galvano Fiamma, 34, 20129 Milano MI, Italia",+39 348 661 1489,https://www.immobiliare.it/agenzie-immobiliari/232115/art-real-estate-milano/?criterio=rilevanza&utm_source=google&utm_medium=cpc&utm_campaign=search%7Cagency%7Ccontract%7Cit%7Call%7Cit&gad_source=1&gclid=Cj0KCQiAyc67BhDSARIsAM95QzvWh_1w1Kk8w6akhV3Vx9-F-G8RxOj3vUb9mScrmVN6SDvFlqF21ygaAskUEALw_wcB,5.0,275.0,it
R.M. Immobiliare snc,"Via XX Settembre, 22, 20099 Sesto San Giovanni MI, Italia",+39 02 242 3294,https://idealista.it/,3.9,300.0,it
Agenzia Immobiliare Tempocasa Milano - Precotto,"Via Don Luigi Guanella, 1, 20128 Milano MI, Italia",+39 02 2600 5462,https://tempocasa.it/it/agenzie-immobiliari/milano/milano/290-milano-precotto,4.7,376.0,it
Agenzia immobiliare Iconacasa Sesto San Giovanni,"Viale Ercole Marelli, 36, 20099 Sesto San Giovanni MI, Italia",+39 02 9194 9982,https://www.iconacasa.com/index.php/agenzie/companyproperties/124-iconacasa-sesto-san-giovanni,5.0,27.0,it
KM Real Estate - Agenzia Immobiliare e Gestione Affitti Milano,"C.so di Porta Nuova, 16, 20121 Milano MI, Italia",+39 02 3653 3583,https://kmrealestate.it/,4.8,27.0,it
Agenzia immobiliare Iconacasa Milano Cimiano,"Via Padova, 195, 20127 Milano MI, Italia",+39 02 8969 3692,https://www.iconacasa.com/index.php/agenzie/companyproperties/157-iconacasa-milano-cimiano,5.0,28.0,it
Habitat Real Estate,"Viale Ercole Marelli, 150, 20099 Sesto San Giovanni MI, Italia",+39 02 4970 1354,https://habitat-re.it/,4.7,63.0,it
Agenzia Gioia Srl,"Via Giovanni Cagliero, 14, 20125 Milano MI, Italia",+39 02 6707 7466,https://www.gabetti.it/agenzia/milano-gioia,4.3,30.0,it
Homing Soon - La Tua Agenzia Immobiliare,"Via Filippo Corridoni, 52, 20099 Sesto San Giovanni MI, Italia",+39 333 369 7961,http://www.homingsoon.it/,4.3,11.0,it
Agenzia Immobiliare Tempocasa Milano - Turro/Gorla,"Viale Monza, 173, 20127 Milano MI, Italia",+39 02 8363 1946,https://tempocasa.it/it/agenzie-immobiliari/milano/milano/294-milano-turrogorla,4.4,139.0,it
Agenzia Immobiliare,"P.za Pompeo Castelli, 10, 20156 Milano MI, Italia",+39 02 3300 6025,,4.6,43.0,it
VON POLL REAL ESTATE MILANO,"piano terra, Corso Italia, 01, 20122 Milano MI, Italia",+39 02 6206 9360,https://www.von-poll.com/it/agenzia-immobiliare/milano,5.0,34.0,it
Studio Maggi Agenzia Immobiliare,"Via Flavio Baracchini, 11, 20123 Milano MI, Italia",+39 02 861941,http://www.immobiliaremaggimilano.it/,4.3,32.0,it
Coldwell Banker Milano Morabito Immobiliare,"Corso Sempione, 44, 20154 Milano MI, Italia",+39 349 279 5950,https://www.morabitoimmobiliare.it/,4.4,70.0,it
UCAF Servizi Immobiliari,"Via Larga, 23, 20122 Milano MI, Italia",+39 02 7200 3100,https://www.ucafimmobiliare.com/,4.8,25.0,it
Fontana Immobiliare,"Via Vincenzo Monti, 15, 20123 Milano MI, Italia",+39 02 781112,https://www.fontanaimmobilidiprestigio.it/,3.6,28.0,it
Centro Casa Costruzioni,"Via Derna, 7, 20132 Milano MI, Italia",+39 02 261 0340,https://instagram.com/theluxuryrooms?igshid=MzRlODBiNWFlZA==,4.1,83.0,it
Studio Toio Milano,"Via Amadeo Giovanni Antonio, 46, 20133 Milano MI, Italia",+39 02 4140 9624,http://www.studiotoio.it/,4.8,40.0,it
Fazzi Real Estate Srl,"Via Bigli, 24, 20121 Milano MI, Italia",+39 335 592 0208,http://www.fazzirealestate.com/,4.6,9.0,it
CONSULTING IMMOBILIARE GROUP,"Via Vincenzo Monti, 8, 20123 Milano MI, Italia",+39 02 8717 8036,http://consultingimmobiliaregroup.it/,4.1,12.0,it
Duomo case srl Real Estate,"Via Larga, 6, 20122 Milano MI, Italia",+39 02 3673 6191,http://www.duomocase.it/,4.1,15.0,it
Engel & Völkers Milano Centro Storico,"Via dei Bossi ang, Via Broletto, 7, 20121 Milano MI, Italia",+39 02 9443 3331,https://www.engelvoelkers.com/it/it/milano,4.4,53.0,it
Dimensione Centro,"P.za del Duomo, 20, 20122 Milano MI, Italia",+39 02 863605,http://www.dimensionecentro.it/,3.9,11.0,it
Engel & Völkers Italia,"Via Dante, 16, 20121 Milano MI, Italia",+39 02 584 9961,http://www.engelvoelkers.com/italia,3.7,30.0,it
Ferrari Immobiliare,"Via Rodolfo Carabelli, 1, 20137 Milano MI, Italia",+39 02 5518 1322,http://www.agenziaimmobiliareferrari.it/,3.9,21.0,it
Engel & Völkers Milano Porta Venezia,"Via Bartolomeo Eustachi, 19, 20129 Milano MI, Italia",+39 02 9443 3361,https://www.engelvoelkers.com/it/it/milano,4.2,26.0,it
My Home Real Estate,"Via Lodovico Ariosto, 29, 20123 Milano MI, Italia",,,,,it
Engel & Völkers Milano Porta Romana,"Corso di Porta Romana, 123, 20122 Milano MI, Italia",+39 02 9443 3311,https://www.engelvoelkers.com/it/it/milano,5.0,14.0,it
Engel & Völkers Milano Sempione,"Corso Sempione, 20, 20154 Milano MI, Italia",+39 02 9443 3339,https://www.engelvoelkers.com/it/it/milano,5.0,1.0,en
Living In Moscova Real Estate,"Via della Moscova, 47/a, 20121 Milano MI, Italia",+39 02 3657 4470,http://livinginmoscova.com/,4.9,401.0,it
Agenzia Immobiliare Tempocasa Milano - Porta Nuova,"Via Giovanni Battista Pirelli, 19, 20124 Milano MI, Italia",+39 02 8342 8975,https://tempocasa.it/it/agenzie-immobiliari/milano/milano/666-milano-porta-nuova,5.0,510.0,it
Realab agenzia immobiliare,"Piazzale Biancamano, 8, 20121 Milano MI, Italia",+39 02 4070 9321,https://www.realab.it/,4.9,68.0,it
Unica Immobiliare S.a.s. di Sassieri Fabio Emanuel & C.,"RICEVIAMO SOLO SU APPUNTAMENTO, Via della Moscova, 58, 20121 Milano MI, Italia",+39 02 9729 3502,http://www.unicaimmobiliare.com/,5.0,62.0,it
LUXURY PROPERTY Exclusive Real Estate,"Via Monte di Pietà, 1/A, 20121 Milano MI, Italia",+39 02 8723 7561,http://www.luxury-property.it/,4.9,61.0,it
Art Real Estate,"Via Alberto Mario, 6, 20149 Milano MI, Italia",+39 342 508 0591,,4.8,174.0,it
Vesta immobili Garibaldi,"Corso Garibaldi, 117, 20121 Milano MI, Italia",+39 02 5811 8683,https://www.vestaimmobili.it/,5.0,4.0,it
Lombardi Real Estate Milano,"Corso Garibaldi, 55, 20121 Milano MI, Italia",+39 02 8738 3443,http://www.lombardire.it/,4.8,56.0,it
Abitare Milano Studio Immobiliare,"Via Paolo Sarpi, 58, 20154 Milano MI, Italia",+39 02 3361 0841,http://www.abitaremilanoimmobiliare.it/,4.6,72.0,it
Agenzia Immobiliare Milano - Porta Venezia,"Viale Piave, 41, 20129 Milano MI, Italia",+39 333 960 6463,https://tempocasa.it/it/agenzie-immobiliari/milano/milano/46-milano-porta-venezia,4.9,317.0,it
Immobiliare Emanuelli Milano,"Via Senato, 26, 20121 Milano MI, Italia",+39 331 843 5573,https://immobiliareemanuelli.com/,5.0,1.0,it
Solferino Immobiliare dal 1994,"Via Solferino, 25, 20121 Milano MI, Italia",+39 02 6546 2223,http://www.solferinoimmobiliare.it/,4.5,48.0,it
ELAS Real Estate,"Piazza della Repubblica, 7, 20121 Milano MI, Italia",+39 02 3952 8222,http://www.elasre.com/,5.0,60.0,it
BENCASA,"P.za Risorgimento, 7, 20129 Milano MI, Italia",+39 02 745488,http://www.bencasa.it/,4.9,34.0,it
Agenzia Immobiliare Tempocasa Milano - Repubblica,"Via Luigi Settembrini, 20, 20124 Milano MI, Italia",+39 02 6739 1332,https://tempocasa.it/it/agenzie-immobiliari/milano/milano/18-milano-repubblica,4.7,112.0,it
Immobiliarestudio13 - Agenzia Immobiliare Milano - Immobili di Lusso Milano,"Via Conservatorio, 22, 20122 Milano MI, Italia",+39 02 7729 7543,https://immobiliarestudio13.com/,4.4,20.0,it
Sabatini Mediazione Immobili,"Via Solferino, 35, 20121 Milano MI, Italia",+39 02 6269 4293,https://www.sabatinimediazioneimmobili.com/,4.6,11.0,it
Millecase Brera,"Via S. Simpliciano, 6, 20121 Milano MI, Italia",+39 02 8645 5446,http://www.millecasesrl.it/,5.0,13.0,it
Agenzia immobiliare Tempocasa Milano - Repubblica/Vittorio Veneto,"Viale Vittorio Veneto, 4, 20124 Milano MI, Italia",+39 389 103 3847,https://tempocasa.it/it/agenzie-immobiliari/milano/milano/1014-milano-repubblicavittorio-veneto,4.8,39.0,it
Level House,"Via Alessandro Volta, 13, 20121 Milano MI, Italia",+39 02 4548 4831,http://www.levelhouse.it/,4.7,41.0,it
UFFICI&NEGOZI Srl - Agenzia di Immobili Commerciali a Milano,"Via Meravigli, 16, 20123 Milano MI, Italia",+39 351 616 3425,https://www.ufficienegozi.com/,4.8,32.0,it
Della Spiga Immobili di Pregio S.r.l.,"Corso Venezia, 21, 20121 Milano MI, Italia",+39 02 795980,https://dellaspiga.com/,5.0,8.0,it
CASA&LUSSO SRL | Agenzia Immobili di Lusso a Milano,"Via Meravigli, 16, 20123 Milano MI, Italia",+39 02 3657 4569,https://www.casaelusso.com/,4.6,18.0,it
Consulente Strategico Investimenti e Immobili Alto Valore Milano | Listing Agent | NAR e Council Residential Specialists,"Piazzale Principessa Clotilde, 8, 20121 Milano MI, Italia",+39 377 090 3846,https://www.tailormaderealestate.com/,4.8,41.0,it
LuxuryVillaItaly - Luxvita - Agenzia immobiliare Milano,"Via Giuseppe Mengoni, 4, 20121 Milano MI, Italia",+39 388 752 6855,https://www.luxuryvillaitaly.com/,5.0,23.0,it
Cusani10 Luxury Real Estate,"Via Cusani, 10, 20121 Milano MI, Italia",+39 02 8708 5728,https://www.cusani10re.com/,4.7,62.0,it
Agenzia Immobiliare Tempocasa Milano - Arena/Sarpi,"Via Luigi Canonica, 13, 20154 Milano MI, Italia",+39 375 871 3832,https://www.tempocasamilanoarenasarpi.it/,4.7,112.0,it
Living Milano Immobiliare,"Via Marcantonio Colonna, 15, 20149 Milano MI, Italia",+39 02 4958 0085,https://www.livingmilano.net/,4.8,153.0,it
Imparato servizi immobiliari,"Via Alessandro Volta, 20, 20121 Milano MI, Italia",+39 375 912 9671,https://imparatoserviziimmobiliari.com/,4.8,48.0,it
Lionard Luxury Real Estate - Milano,"Corso Monforte, 20, 20122 Milano MI, Italia",+39 02 2506 1442,https://www.lionard.com/,4.8,161.0,it
Linea Casa - Milano Centro,"Via Cesare Correnti, 14, 20123 Milano MI, Italia",+39 02 8909 3003,http://www.lineacasa.it/agenzia-milano-centro/index.html,4.6,36.0,it
Corallino Immobiliare,"Via Monte Napoleone, 8, 20121 Milano MI, Italia",+39 02 3031 6536,https://www.corallinoimmobiliare.it/,5.0,33.0,it
Studio Immobiliare Cecchini & Regazzola srl,"Via Sandro Sandri, 2, 20121 Milano MI, Italia",+39 02 8945 2255,http://www.cecchiniregazzola.com/,4.9,27.0,it
Paponetti Home,"Via Solferino, 12, 20121 Milano MI, Italia",+39 328 643 0014,https://www.immobiliarepaponetti.com/,4.5,73.0,it
Plus + Milano,"Via Francesco Novati, 2, 20123 Milano MI, Italia",+39 347 247 1194,http://www.plusmilano.it/,5.0,51.0,it
Immobiliare Italia Real Estate,"Bastioni di Porta Volta, 13, 20121 Milano MI, Italia",+39 02 2906 1245,,,,it
Professionista Immobiliare,"Via Montebello, 27, 20121 Milano MI, Italia",+39 02 5964 7039,https://www.professionista-immobiliare.com/,,,it
studio immobiliare STOPPA,"Via Fatebenefratelli, 15, 20121 Milano MI, Italia",+39 348 222 3062,https://nonlavenderetemai.godaddysites.com/,5.0,10.0,it
Agenzia Immobiliare Tempocasa Milano Porta Romana,"Corso di Porta Romana, 131, 20122 Milano MI, Italia",+39 02 3659 8600,https://www.tempocasamilanoportaromana.it/,4.4,179.0,it
Ranieri Immobili,"Corso di Porta Romana, 23, 20122 Milano MI, Italia",+39 02 4966 3833,http://www.ranierimmobili.it/,4.7,47.0,it
Agecasa Immobiliare Milano Porta Romana,"Corso di Porta Romana, 124, 20122 Milano MI, Italia",+39 02 3930 8710,http://www.agecasa.com/it/agenzia-immobiliare-milano-porta-romana,5.0,38.0,it
IMMOBILIARESSE - Agenzia Immobiliare Milano Porta Romana,"C.so Lodi, 11, 20135 Milano MI, Italia",+39 02 8407 9637,http://www.immobiliaresse.it/,5.0,41.0,it
Grimaldi Milano | Agenzia Immobiliare Milano Centro,"Via Santa Sofia, 24, 20122 Milano MI, Italia",+39 02 3658 8655,http://www.grimaldimilanocentro.com/,4.7,23.0,it
WelcHome Milano Immobiliare Porta Romana,"Via Bernardino Corio, 3, 20135 Milano MI, Italia",+39 320 710 7750,https://www.immobiliare.it/agenzie_immobiliari/welchome-milano.html,4.8,118.0,it
FenixGroup Real Estate,"Via Bergamo, 11, 20135 Milano MI, Italia",+39 02 8398 2054,https://www.grfenix.com/,4.9,340.0,it
Smith Agency,"Galleria San Babila,4c, Corso Monforte, 23, 20122 Milano MI, Italia",+39 02 7395 3299,https://www.smithagency.it/,5.0,25.0,it
Toscano Milano Centro Porta Romana - Agenzia Immobiliare,"Viale Luigi Majno, Via Ippolito Pindemonte, 2, 20129 Milano MI, Italia",+39 02 795429,https://www.toscano.it/comune-milano/centro-milano?utm_source=google&utm_medium=places&utm_campaign=GoogleMyBusiness#agenzia,4.2,237.0,it
SoloAffitti Milano 11,"Corso di Porta Vigentina, 26, 20122 Milano MI, Italia",+39 02 3598 1984,https://www.soloaffitti.it/agenzia/milano-11,4.9,47.0,it
Agenzia immobiliare Iconacasa Milano Porta Romana,"Via salasco, Angolo verso, Via Giuseppe Ripamonti, 40, 20136 Milano MI, Italia",+39 02 4770 1307,https://www.iconacasa.com/index.php/agenzie/companyproperties/68-iconacasa-milano-porta-romana,4.8,213.0,it
Immobiliare Valsecchi,"Via Comelico, n. 18, 20135 Milano MI, Italia",+39 02 5411 8833,https://immobiliarevalsecchi.com/,4.7,158.0,it
Magis immobiliare,"Via Fontana, 11, 20122 Milano MI, Italia",+39 02 8907 1724,https://www.magisimmobiliare.it/,4.6,10.0,it
D'Ambrosio & Partners Property Solutions Srl,"Piazzetta Guastalla, 10, 20122 Milano MI, Italia",+39 388 886 0972,http://www.dambrosioandrea.com/,5.0,32.0,it
SoloAffitti Milano 1,"V.le Beatrice d'Este, 48, 20122 Milano MI, Italia",+39 02 3674 6033,https://www.deste48.it/,5.0,75.0,it
"Gabetti Agenzia Immobiliare ""Quadronno - Ticinese""","Corso Italia, 46, 20122 Milano MI, Italia",+39 02 9176 6131,https://www.gabetti.it/agenzia/milano-quadronno-ticinese,5.0,11.0,it
Maison Milano Real Estate,"C.so di Porta Vittoria, 31b, 20122 Milano MI, Italia",+39 345 229 3294,,5.0,1.0,it
Fondocasa Exclusive Porta Romana - Agenzia Immobiliare,"Viale Monte Nero, 7, 20135 Milano MI, Italia",+39 02 6129 1273,http://www.fondocasa.it/immobili.php?IDAGE=736,4.7,42.0,it
Gabetti Agency Milano Centro,"Corso di Porta Romana, 9, 20122 Milano MI, Italia",+39 02 8413 1054,https://www.gabetti.it/agenzia/milano-centro,,,it
Affittare Casa Milano,"Corso di Porta Romana, 124, 20122 Milano MI, Italia",+39 02 3930 8719,https://affittarecasamilano.net/,5.0,27.0,it
Sergio Elia,"Via Alfonso Lamarmora, 33, 20122 Milano MI, Italia",+39 02 5412 1284,http://www.eliacase.com/,5.0,32.0,it
Bocconi Immobili,"V.le Bligny, 13, 20136 Milano MI, Italia",+39 02 5830 6236,http://www.bocconimmobili.it/,3.8,116.0,it
Silvio Manuel Foti Real Estate,"Piazza Luigi Vittorio Bertarelli, 4, 20122 Milano MI, Italia",+39 346 181 0295,https://www.silviomanuelfotirealestate.com/,4.9,163.0,it
RE/MAX Alliance,"Via Durini, 19, 20122 Milano MI, Italia",+39 02 4941 9992,https://www.remax.it/alliance,5.0,47.0,it
Immobili In,"Via Uberto Visconti di Modrone, 15, 20122 Milano MI, Italia",+39 334 111 8434,http://www.immobili-in.com/,5.0,1.0,it
SG Immobili,"C.so di Porta Vittoria, 29, 20122 Milano MI, Italia",+39 320 401 3797,https://www.sgimmobili.com/,5.0,6.0,it
Agenzia immobiliare Iconacasa Milano Porta Vittoria,"Piazzale Ferdinando Martini, 20137 Milano MI, Italia",+39 02 4946 2906,https://www.iconacasa.com/index.php/agenzie/companyproperties/86-iconacasa-milano-porta-vittoria,4.9,203.0,it
SOGIM Residenziale Milano - Agenzia Immobiliare,"Via Emilio Morosini, 24, 20135 Milano MI, Italia",+39 02 0070 4171,https://www.sogim.net/milano/?utm_campaign=view_site&utm_medium=gbp&utm_source=google,4.9,22.0,it
Affiliato Toscano Bocconi - Agenzia Immobiliare,"V.le Bligny, 60, 20136 Milano MI, Italia",+39 328 319 7997,https://www.toscano.it/comune-milano/bocconi?utm_source=google&utm_medium=places&utm_campaign=Google+My+Business#agenzia,4.9,247.0,it
We Are Town,"Via Durini, 27, 20122 Milano MI, Italia",+39 02 3659 1467,http://www.wearetown.it/,4.7,40.0,it
Castelli Immobiliare,"Corso di Porta Romana, 97, 20122 Milano MI, Italia",+39 02 5409 0130,https://www.immobilicastelli.it/,4.5,19.0,it
Agenzia Immobiliare Tempocasa Milano - Solari,"Piazza del Rosario, 1, 20144 Milano MI, Italia",+39 02 8941 0307,https://www.tempocasamilanosolari.it/,4.8,471.0,it
Agenzia Immobiliare Tempocasa Milano - Papiniano,"Via Cesare da Sesto, 20, 20123 Milano MI, Italia",+39 02 3655 7530,https://tempocasa.it/it/agenzie-immobiliari/milano/milano/308-milano-papiniano,4.8,323.0,it
Immobili De Matteis Milano,"Via del Bollo, 8, 20123 Milano MI, Italia",+39 02 3650 7049,http://www.immobilidematteis.com/,5.0,29.0,it
Agenzia Immobiliare Tempocasa Milano - Vercelli,"Via Polibio, 1, 20144 Milano MI, Italia",+39 379 101 1516,https://tempocasa.it/it/agenzie-immobiliari/milano/milano/949-milano-vercelli,4.9,143.0,it
Agenzia Immobiliare Tempocasa Milano - San Gottardo,"Corso S. Gottardo, 49, 20136 Milano MI, Italia",+39 02 8722 0863,https://tempocasa.it/it/agenzie-immobiliari/milano/milano/1026-milano-san-gottardo,4.8,468.0,it
Vesta Immobili Vercelli,"Via Andrea Verga, 16, 20144 Milano MI, Italia",+39 02 5811 8683,https://www.vestaimmobili.it/,4.7,87.0,it
DiRe Immobiliare,"Via Victor Hugo, 2, 20123 Milano MI, Italia",+39 02 8058 2072,http://www.direimmobiliare.com/,4.7,43.0,it
C.A. Case,"Via Aurelio Saffi, 6, 20123 Milano MI, Italia",+39 327 025 3537,,4.7,17.0,it
Affiliato Toscano Navigli - Agenzia Immobiliare,"Ripa di Porta Ticinese, 71, 20143 Milano MI, Italia",+39 02 8942 3101,https://www.toscano.it/comune-milano/navigli?utm_source=google&utm_medium=places&utm_campaign=Google+My+Business#agenzia,5.0,50.0,it
Agenzia Immobiliare Kyos,"Via Vincenzo Monti, 8, 20123 Milano MI, Italia",+39 02 463333,http://www.kyos.it/,4.5,60.0,it
IMI Immobiliare Milano - Agenzia Navigli,"Via Conchetta, 2, 20136 Milano MI, Italia",+39 02 8942 2113,https://imi.it/,4.5,55.0,it
Pizzuto Real Estate,"Galleria Unione, 3, 20123 Milano MI, Italia",+39 02 8235 9972,https://www.pizzutorealestate.it/,4.9,45.0,it
Consulente Immobiliare Antonio D'Errico,"Viale S. Michele del Carso, 14, 20123 Milano MI, Italia",+39 334 531 1542,http://www.casediclasse.it/,4.9,37.0,it
milanolocare,"Via Dante, 7, 20123 Milano MI, Italia",+39 328 431 5733,http://www.milanolocare.it/,4.9,28.0,it
IMMOBILIARE CASAEAFFARI,"Via Francesco Borromini, 13, 20136 Milano MI, Italia",+39 02 8951 8051,http://www.casaeaffari.it/,4.5,71.0,it
Tempocasa Milano - Navigli/Romolo,"Via Eugenio Villoresi, 5, 20143 Milano MI, Italia",+39 02 7423 7670,https://tempocasa.it/it/agenzie-immobiliari/milano/milano/779-milano-navigliromolo,4.7,284.0,it
Adigrat Real Estate,"Piazza Armando Diaz, 7, 20123 Milano MI, Italia",+39 02 805 1010,http://www.adigrat.it/,4.8,38.0,it
A 360 Immobiliare,"Via Lanzone, 7, 20123 Milano MI, Italia",+39 02 3966 3678,https://www.a360immobiliare.it/,4.7,15.0,it
Immobili di Pregio Milano Zampetti,"Via G. Leopardi, 10, 20123 Milano MI, Italia",+39 02 8739 2236,http://www.zampetticlass.com/,3.9,43.0,it
Affiliato Toscano Solari - Agenzia Immobiliare,"Via Andrea Solari, 15, 20144 Milano MI, Italia",+39 02 8707 2450,https://www.toscano.it/comune-milano/solari#agenzia?utm_source=google&utm_medium=places&utm_campaign=Google%20My%20Business,5.0,279.0,it
Dama Re Oltre il Real Estate - Agenzia immobiliare,"Via Giuseppe Revere, 16, 20123 Milano MI, Italia",+39 02 4776 8728,http://www.dama-re.com/,4.2,66.0,it
Casanova Milano,"Via Santa Marta, 8/A, 20123 Milano MI, Italia",+39 02 869 0448,http://www.casanovamilano.com/,4.3,25.0,it
Camilla Frova | Agente Immobiliare | Luxury Immobili di Prestigio Dharma House,"Via Giovanni Battista Bazzoni, 6, 20123 Milano MI, Italia",+39 02 3206 22929,https://luxury.immobili-diprestigio.com/,5.0,17.0,it
Toscano Magenta Cadorna Sempione City Life - Agenzia Immobiliare,"Corso Magenta, 85, 20123 Milano MI, Italia",+39 02 498 2484,https://www.toscano.it/comune-milano/magenta?utm_source=google&utm_medium=places&utm_campaign=GoogleMyBusiness,4.0,31.0,it
Liberty Network - Real estate & House Management,"Via San Vittore, 45, 20123 Milano MI, Italia",+39 02 8721 3479,https://www.libertynetwork.it/,4.6,29.0,it
John Taylor Milan Saffi : Agenzia Immobiliare di Lusso,"Via Aurelio Saffi, 26, 20123 Milano MI, Italia",+39 02 4819 9464,http://www.john-taylor.it/,4.2,45.0,it
Agenzia Immobiliare Milano - Zucchi Palmieri,"Largo Settimio Severo, 1, 20144 Milano MI, Italia",+39 02 4070 2336,,5.0,5.0,it
Michela Gallus - Immobili di Prestigio,"Via Gian Battista Bazzoni, 6, 20123 Milano MI, Italia",+39 393 382 5831,http://www.immobili-diprestigio.com/,5.0,16.0,en
Vincenzo Monti Prestige Srl International real estate,"Via Vincenzo Monti, 26, 20123 Milano MI, Italia",+39 02 463972,http://www.vincenzomontiprestige.it/,4.6,16.0,it
Skyline Real Estate Milano,"Via Fabio Filzi, 33, 20124 Milano MI, Italia",+39 02 3663 4360,http://www.skylineremilano.com/,4.8,202.0,it
Agenzia Immobiliare Tempocasa Milano - Venini/Nolo,"Via Giulio e Corrado Venini, 26, 20127 Milano MI, Italia",+39 342 050 1327,https://tempocasa.it/it/agenzie-immobiliari/milano/milano/19-milano-venininolo,4.8,251.0,it
VILLA Real Estate Milano,"Galleria Buenos Aires, 10, 20124 Milano MI, Italia",+39 02 2940 0387,http://www.villasrl.com/,4.7,54.0,it
Pronto House,"Vle Andrea Doria, 48, 20124 Milano MI, Italia",+39 02 3944 4415,http://www.prontohouse.it/,4.8,94.0,it
BP Immobiliare,"Viale Sondrio, 2, 20124 Milano MI, Italia",+39 02 3652 5450,http://www.bp-immobiliare.it/,4.9,81.0,it
DN Immobiliare,"Via Mauro Macchi, 63, 20124 Milano MI, Italia",,http://www.getmihome.it/,5.0,11.0,it
Agenzia immobiliare Iconacasa Milano Stazione Centrale,"Vle Andrea Doria, 30, 20124 Milano MI, Italia",+39 02 8969 6720,https://www.iconacasa.com/index.php/agenzie/companyproperties/72-iconacasa-milano-stazione-centrale,4.6,27.0,it
Agenzia Immobiliare Tempocasa Milano - Garibaldi/Isola,"Via Pietro Borsieri, 22, 20159 Milano MI, Italia",+39 02 668 8642,https://tempocasa.it/it/agenzie-immobiliari/milano/milano/283-milano-garibaldiisola,4.8,263.0,it
Della Scala Immobiliare,"Via Luigi Porro Lambertenghi, 24, 20159 Milano MI, Italia",+39 02 4979 0546,http://www.immobiliaredellascala.it/,4.9,43.0,it
Studio immobiliare Loreto,"Viale Brianza, 8, 20127 Milano MI, Italia",+39 02 3966 6144,http://www.studioimmobiliareloreto.it/,4.8,70.0,it
Immobiliare Pasteur Milano Pasteur Milano re srl,"Vle Andrea Doria, 31, 20124 Milano MI, Italia",+39 02 4963 0479,http://www.immobiliarepasteur.it/,4.7,38.0,it
Agenzia Immobiliare Tempocasa Milano - Stazione Centrale,"Via Melchiorre Gioia, 125, 20125 Milano MI, Italia",+39 342 164 9966,https://tempocasa.it/it/agenzie-immobiliari/milano/milano/295-milano-stazione-centrale,4.0,4.0,it
Prima Classe servizi immobiliari,"P.zza Cincinnato, 4, 20124 Milano MI, Italia",+39 02 6707 7583,http://www.gruppoprimaclasse.it/,4.2,56.0,it
Novezeronove srl,"Via Vittor Pisani, 13, 20124 Milano MI, Italia",,,5.0,55.0,it
Glo Value Real Estate 卓世地产 (Ceo Yolanda Ding Immobiliare),"Via Luigi Settembrini, 50, 20124 Milano MI, Italia",+39 345 932 3824,https://glovaluerealestate.com/,5.0,98.0,it
Vogliocasa Milano Centrale,"Via Copernico, 30/A, 20125 Milano MI, Italia",+39 02 8354 9729,https://www.vogliocasamilano.it/index.php/vogliocasamilano/Agenzia/Centrale,4.4,37.0,it
Sabatini Mediazione Immobili,"Via Fabio Filzi, 11, 20124 Milano MI, Italia",+39 02 6269 4293,https://www.sabatinimediazioneimmobili.com/,4.2,10.0,it
Reale Milano - Agenzia immobiliare,"Piazza Città di Lombardia, 1, 20124 Milano MI, Italia",+39 351 924 8584,http://www.realemilano.it/,4.6,11.0,it
Nonsolocasa di Raffaello Cirrito,"Via Felice Casati, 21, 20124 Milano MI, Italia",+39 02 2952 9745,http://www.immobiliarenonsolocasa.it/,4.0,118.0,it
Agenzia Immobiliare Prime,"P.za XXV Aprile, 12, 20124 Milano MI, Italia",+39 02 659 5448,https://www.iad-italia.it/consulente-immobiliare/rosario.delle-stelle,4.4,21.0,it
Studio Altea Immobiliare,"Via Vittor Pisani, 6, 20124 Milano MI, Italia",+39 02 8089 8406,https://www.immobiliarealtea.it/,5.0,11.0,it
FRIMM - Polo Immobiliare Milano,"Via Soperga, 20124 Milano MI, Italia",+39 351 952 0070,http://www.poloimmobiliaremilano.it/,4.6,11.0,it
Agenzia immobiliare Iconacasa Milano Repubblica,"Via Felice Casati, 8, 20124 Milano MI, Italia",+39 02 4969 4354,https://www.iconacasa.com/index.php/agenzie/companyproperties/54-iconacasa-milano-repubblica,4.3,56.0,it
Centro Servizi Immobiliari - Agenzia immobiliare Milano,"Via Ugo Bassi, 18, 20159 Milano MI, Italia",+39 02 6990 0408,https://centroservizimmobiliari.com/,4.3,38.0,it
Studio Immobiliare - Tailor Made Milano,"Piazza IV Novembre, 4, 20124 Milano MI, Italia",+39 393 486 8039,https://immobiliaretailormade.it/,5.0,4.0,it
Immobiliare Classe A Milano,"Via Aldo Manuzio, 17, 20124 Milano MI, Italia",+39 02 8364 4548,https://www.immobiliareclassea.com/,5.0,8.0,it
Cirav - Milano Repubblica,"Piazza della Repubblica, 26, 20124 Milano MI, Italia",+39 349 343 4417,https://cirav.it/,4.6,72.0,it
HozyHome Immobiliare Milano,"Via Luigi Settembrini, 27, 20124 Milano MI, Italia",+39 02 8295 2091,http://wwe.hozyhome.net/,5.0,1.0,it
Studio Europeo Immobiliare (S.N.C.),"V. Roberto Lepetit, 3, 20124 Milano MI, Italia",+39 02 6707 2195,https://www.studioeuropeo.com/,3.5,14.0,it
Agenzia Immobiliare Tempocasa Milano - Farini,"Via Carlo Farini, 53, 20159 Milano MI, Italia",+39 02 6680 1918,https://tempocasa.it/it/agenzie-immobiliari/milano/milano/292-milano-farini,4.8,261.0,it
Affitto Perfetto,"Via Luigi Galvani, 20124 Milano MI, Italia",+39 320 240 9465,https://www.youtube.com/channel/UCCMiEZ--xXIdMhbJ9627swQ,4.4,56.0,it
APM Immobiliare - Milano,"Via Luigi Galvani, 21, 20124 Milano MI, Italia",+39 02 9475 2287,http://www.apmimmobiliare.it/,4.3,18.0,it
Bankasa Milano Repubblica,"Via Luigi Settembrini, 30, 20124 Milano MI, Italia",+39 02 4863 4182,https://www.bankasa.it/le-nostre-sedi/milano-repubblica?CodAgenzia=MIC17,4.8,61.0,it
Agenzia Immobiliare Tempocasa Milano - Istria,"Via Veglia, 44, 20159 Milano MI, Italia",+39 02 6931 1003,http://www.tempocasamilanoistria.it/,4.8,322.0,it
VM Casa Agenzia Immobiliare,"Viale Monza, 23, 20125 Milano MI, Italia",+39 02 8219 6113,https://vmcasa.it/,4.8,37.0,it
TVGCASA,"Via Giulio e Corrado Venini, 21, 20127 Milano MI, Italia",+39 02 2851 0215,http://tvgcasa.it/,4.8,209.0,it
Tempocasa Milano - Varanini/NoLo,"Via Luigi Varanini, 11, 20127 Milano MI, Italia",+39 02 8492 3458,https://tempocasa.it/it/agenzie-immobiliari/milano/milano/832-milano-varanininolo,4.8,191.0,it
Agenzia Immobiliare Tempocasa Milano - Loreto,"Viale Monza, 50, 20127 Milano MI, Italia",+39 338 121 5676,https://tempocasa.it/it/agenzie-immobiliari/milano/milano/668-milano-loreto,5.0,8.0,it
CASA ITALIA Milano Loreto,"Via Privata dei Cybo, 5, 20127 Milano MI, Italia",+39 02 282 8926,http://www.casaitalia-immobiliare.it/,4.9,11.0,it
Agenzia Grimaldi Maggiolina,"Via Melchiorre Gioia, 131, 20125 Milano MI, Italia",+39 02 6748 1302,https://www.grimaldifranchising.it/agenzia/milano-maggiolina,4.8,46.0,it
Studio Tarsitano,"Via Casoretto, 7, 20131 Milano MI, Italia",+39 02 3966 6002,http://www.studiotarsitano.it/,4.7,174.0,it
"Studio Allegretti, Agenzia Immobiliare Milano","Viale Evaristo Stefini, 20, 20125 Milano MI, Italia",+39 02 655 1694,http://www.allegrettimmobili.it/,3.9,7.0,it
Expo Immobiliare,"Via Melchiorre Gioia, 141, 20125 Milano MI, Italia",+39 02 670 4974,https://www.expoimmobiliaremilano.it/,3.7,25.0,it
Affiliato Toscano Cagliero - Agenzia Immobiliare,"Via Giovanni Cagliero, 9, 20125 Milano MI, Italia",+39 02 3705 2954,https://www.toscano.it/comune-milano/cagliero#agenzia?utm_source=google&utm_medium=places&utm_campaign=Google%20My%20Business,4.3,104.0,it
Agenzia immobiliare Iconacasa Milano Istria,"Via Gioacchino Murat, 38, 20159 Milano MI, Italia",+39 02 9144 4200,https://www.iconacasa.com/index.php/agenzie/companyproperties/131-iconacasa-milano-istria,4.9,88.0,it
Fondocasa - Milano Loreto NoLo,"Via Giulio e Corrado Venini, Via Natale Battaglia, 35, 20127 Milano MI, Italia",+39 02 2611 6580,http://www.fondocasa.it/immobili.php?IDAGE=281,4.8,62.0,it
ProntoCasa,"Viale Monza, 68, 20127 Milano MI, Italia",+39 02 4548 4690,,4.3,96.0,it
Gestione Affitti Brevi Milano - The Rent Milano,"Via Gianfranco Zuretti, 61, 20125 Milano MI, Italia",+39 02 8239 7689,https://therentmilano.com/,5.0,142.0,it
Agenzia Immobiliare Studio Casa Milano,"Viale Lombardia, 64, 20131 Milano MI, Italia",+39 02 2614 5754,https://www.studiocasa.it/agenzia_scheda.aspx?id=164,4.2,17.0,it
Immobiliare Pianetacasa,"Via Airolo, 36, 20159 Milano MI, Italia",+39 02 608 1686,http://www.pianetacasaimmobiliare.it/,4.0,48.0,it
Agenzia Immobiliare Iconacasa Milano Casoretto,"Via Giovanni Ricordi, 32, 20131 Milano MI, Italia",+39 366 832 1259,https://www.iconacasa.com/,5.0,1.0,it
Abitare 24,"Via Vallazze, 84, 20131 Milano MI, Italia",+39 02 4946 1262,https://abitare24.com/,4.7,60.0,it
Agenzia Gabetti Loreto-Rovereto,"Viale Monza, 93, 20125 Milano MI, Italia",+39 02 2611 0227,https://www.gabetti.it/agenzia/milano-nolo-loreto,3.6,14.0,it
Casa Extra Milano,"Viale Ca' Granda, 2, 20162 Milano MI, Italia",+39 02 8736 9764,http://www.casaextramilano.it/,5.0,5.0,it
hi casa Immobiliare,"Via Copernico, 38, 20125 Milano MI, Italia",+39 351 967 7099,http://www.hi-casa.com/,4.2,6.0,it
Immobili e dimore,"Via Taormina, 2, 20125 Milano MI, Italia",+39 02 6680 0481,http://www.immobiliedimore.com/,3.4,13.0,it
Joincasa srl,"Via Copernico, 38, 20125 Milano MI, Italia",+39 02 3031 6788,http://www.joincasa.it/,4.9,27.0,it
Volpi Case s.r.l.,"Via Giovanni Cagliero, 9B, 20125 Milano MI, Italia",+39 02 6707 1616,http://volpicase.it/,3.6,22.0,it
Extracasa.it,"Corso Buenos Aires, 92, 20131 Milano MI, Italia",,http://www.extracasa.it/,4.0,84.0,it
HOME EXPERIENCE SRL,"sede legale Viale Rodi 85 Milano, sede operativa, Viale Fulvio Testi, 59, 20126 Cinisello Balsamo MI, Italia",+39 351 789 0804,http://www.home-experience.it/,4.9,36.0,it
Fondocasa Milano Testi,"Viale Fulvio Testi, 82, 20126 Milano MI, Italia",+39 02 9867 0158,https://www.fondocasa.it/immobili.php?IDAGE=876,4.9,33.0,it
Fondocasa Gorla Precotto,"Viale Monza, 233, 20126 Milano MI, Italia",+39 02 9176 2711,http://www.fondocasa.it/minisiti/sito_agenzia.php?IDAGE=810,4.4,44.0,it
Affiliato Tecnorete Suzzani Immobili S.A.S.,"Viale Giovanni Suzzani, 19, 20162 Milano MI, Italia",+39 02 8702 1386,https://milano14.tecnorete.it/,4.9,108.0,it
Servizi Casa 2000,"Viale Monza, 222, 20128 Milano MI, Italia",+39 02 255 2700,http://www.servizicasa2000.it/,4.4,45.0,it
Affiliato Tecnocasa Immobiliare Bicocca - Sarca S.A.S.,"Viale Sarca, 189, 20126 Milano MI, Italia",+39 02 8706 3170,https://milano64.tecnocasa.it/,4.9,131.0,it
Red Bricks,"Viale Monza, 241, 20126 Milano MI, Italia",+39 02 2571 4288,https://magazine.redbricksagency.it/,4.3,6.0,it
MCM IMMOBILI MILANO,"Via Privata Stefanardo da Vimercate, 19, 20128 Milano MI, Italia",+39 02 3983 3201,http://www.mcmimmobilimilano.com/,3.8,13.0,en
Totem Immobiliare srl,"Via Giacomo Leopardi, 36, 20099 Sesto San Giovanni MI, Italia",+39 02 2247 0100,https://www.totemsrl.org/,4.6,64.0,it
Agenzia Immobiliare Iconacasa Milano Turro,"Via Policarpo Petrocchi, 21, 20127 Milano MI, Italia",,https://www.iconacasa.com/,5.0,11.0,it
Agenzia immobiliare - 4 Real Estate,"Via Salvatore Pianell, 32, 20125 Milano MI, Italia",,https://www.4realestate.it/,,,it
Gastone Immobiliare Milano,"Via Bernardo Rucellai, 37, 20126 Milano MI, Italia",+39 02 3626 9661,https://gastonedipaola.it/,3.0,6.0,it
SQM Real Estate,"Viale Monza, 270, 20126 Milano MI, Italia",+39 02 7601 8484,https://www.sqmre.it/,,,it
ProgettoCasa,"Via Aristotele, Via Privata Pirano, 15, 20128 Milano MI, Italia",+39 02 3675 0120,http://www.progettocasa-milano.it/,3.5,21.0,en
Milano,"Via Monte S. Gabriele, 20127 Milano MI, Italia",,,5.0,1.0,it
Agenzia immobiliare Radovix Immobiliare s.a.s.,"Viale Lombardia, 32, 20131 Milano MI, Italia",+39 02 7063 8434,https://radovix.com/,4.4,126.0,it
CFC Immobiliare No.Lo,"Viale Monza, 18, 20127 Milano MI, Italia",+39 392 070 0977,https://www.cfcimmobiliare.it/,5.0,12.0,it
Agenzia immobiliare Best House Milano,"Via Vallazze, 91, 20131 Milano MI, Italia",+39 02 8457 9455,http://www.besthouseimmobiliare.it/,4.7,161.0,it
Agenzia Immobiliare - Toscano NoLo,"Via Giulio e Corrado Venini, 34, 20127 Milano MI, Italia",+39 340 852 2664,https://www.toscano.it/comune-milano/nolo,5.0,7.0,it
Agenzia immobiliare Best House Immobiliare Milano,"Via Ronchi, 39, 20134 Milano MI, Italia",+39 02 8457 9455,http://www.besthouseimmobiliare.it/,4.9,403.0,it
Studio Loreto S.A.S.,"Viale Brianza, 19, 20127 Milano MI, Italia",+39 02 9476 5171,,5.0,2.0,it
GenesiCase - Agenzia Immobiliare a Milano,"Via Renato Fucini, 20, 20133 Milano MI, Italia",+39 345 453 0259,http://www.genesicase.it/,4.8,38.0,it
RE/MAX Associati Real Estate,"Viale Gran Sasso, 31, 20131 Milano MI, Italia",+39 02 6698 2222,https://www.associatire.it/,4.6,75.0,it
ONE REAL ESTATE MILANO,"Via Francesco Denti, 1, 20133 Milano MI, Italia",+39 02 749 2572,https://linktr.ee/one_real_estate,5.0,93.0,it
Agenzia Immobiliare Tempocasa Milano - Città Studi/Pacini,"Via Giovanni Pacini, 66, 20131 Milano MI, Italia",+39 02 7060 5121,https://tempocasa.it/it/agenzie-immobiliari/milano/milano/40-milano-citta-studipacini,4.9,1191.0,it
Studio Venini di Scatone Silvana,"Via Giulio e Corrado Venini, 24, 20127 Milano MI, Italia",+39 02 2682 8988,http://www.studiovenini.it/,4.4,14.0,it
Mondani Immobiliare,"Via Enrico Nöe, 2, 20133 Milano MI, Italia",+39 02 2024 0283,http://www.immobiliaremondani.it/,4.9,115.0,it
Agenzia Immobiliare Tempocasa Milano - Udine,"Via Ronchi, 39, 20132 Milano MI, Italia",+39 02 2159 7591,https://tempocasa.it/it/agenzie-immobiliari/milano/milano/280-milano-udine,4.8,235.0,it
CheCasa Immobiliare,"Via Padova, 51, 20127 Milano MI, Italia",+39 02 9109 2979,http://www.checasa.net/,4.0,57.0,it
Immobiliare Virga,"Via Antonio Grossich, 15, 20131 Milano MI, Italia",+39 02 7060 3515,http://www.immobiliarevirga.it/,4.8,105.0,it
Less Is More Immobiliare,"Via dei Transiti, 20, 20127 Milano MI, Italia",+39 02 9166 1960,http://www.lessismoreimmobiliare.com/web/,5.0,1.0,it
Agenzia Immobiliare Tempocasa Milano - Città Studi/Porpora,"Piazza Piero Gobetti, Via Nicola Antonio Porpora, 2, 20131 Milano MI, Italia",+39 02 2668 1277,https://tempocasa.it/it/agenzie-immobiliari/milano/milano/278-milano-citta-studiporpora,4.8,327.0,it
Agenzia immobiliare Iconacasa Milano Udine,"Via Ronchi, 33, 20134 Milano MI, Italia",+39 392 899 8576,https://www.iconacasa.com/,5.0,96.0,it
Gaiezza Real Estate,"Via Filippino Lippi, 17, 20131 Milano MI, Italia",+39 02 4946 0659,https://gaiezzarealestate.it/,4.8,88.0,it
Immobiliare ReStart Milano,"Via Francesco Redi, 25, 20129 Milano MI, Italia",+39 02 5964 2075,https://www.immobiliare.it/agenzie-immobiliari/382043/restart-milano/,5.0,50.0,it
Facile Immobiliare - Milano (Città Studi),"Via Giovanni Bottesini, 7, 20131 Milano MI, Italia",+39 800 202 222,http://facileimmobiliare.it/,4.2,97.0,it
Agenzia immobiliare Iconacasa Milano Città Studi,"Via Filippino Lippi, 10, 20131 Milano MI, Italia",+39 02 4978 8864,https://www.iconacasa.com/index.php/agenzie/companyproperties/119-iconacasa-milano-citt%C3%A0-studi,5.0,20.0,it
Pindaro Immobiliare Srl,"Via Socrate, 26, 20128 Milano MI, Italia",+39 02 3658 7010,,5.0,2.0,it
Romano Immobiliare,"Via Luigi Caroli, 8, 20128 Milano MI, Italia",+39 320 442 5288,,5.0,8.0,it
CFC Immobiliare,"Via Padre Placido Riccardi, 19, 20127 Milano MI, Italia",+39 02 8423 2660,http://www.cfcimmobiliare.it/,4.9,64.0,it
Agenzia Immobiliare Tempocasa Milano - Cimiano,"Via Padre Placido Riccardi, 25, 20144 Milano MI, Italia",+39 02 8397 1978,https://tempocasa.it/it/agenzie-immobiliari/milano/milano/600-milano-cimiano,3.9,86.0,it
BS Group SAS Immobiliare FondoCasa,"Via Privata Mondovì, 6, 20132 Milano MI, Italia",+39 02 8408 5684,https://www.fondocasa.it/agenzie_immobiliari.php?pr=MI,4.3,52.0,it
FeelingHoMI,"Via Luigi Caroli, 8, 20128 Milano MI, Italia",+39 02 2594 0949,,4.7,3.0,it
DIGIEFFE S.A.S. STUDIO IMMOBILIARE,"Via Padova, 225, 20127 Milano MI, Italia",+39 02 2720 3265,https://www.immobiliare.it/agenzie-immobiliari/189608/digieffe/,4.0,9.0,it
CFC Immobiliare,"Via Carnia, 7, 20132 Milano MI, Italia",+39 02 2897 0540,http://www.cfcimmobiliare.it/,4.3,55.0,it
Case Milano RE,"Via Vincenzo Russo, 22, 20127 Milano MI, Italia",+39 328 385 7887,https://casemilanore.webnode.it/,5.0,4.0,it
District Immobiliare S.r.l,"Via Niccolò Copernico, 36, 20099 Sesto San Giovanni MI, Italia",+39 02 2416 7462,https://www.districtimmobiliare.com/,5.0,1.0,en
trilocalevialiscate2,"Via Liscate, 2, 20128 Milano MI, Italia",+39 331 119 2222,,3.0,2.0,it
Sarpi Agenzia 21,"Via Cipriano Facchinetti, 2, 20138 Milano MI, Italia",+39 329 531 7425,https://www.sarpi.it/,5.0,25.0,it
Affiliato Tecnocasa Studio Crescenzago S.R.L.,"Via Ponte Nuovo, 10, 20128 Milano MI, Italia",+39 02 3595 2350,https://milano16.tecnocasa.it/,2.5,17.0,it
Studio Borrelli Srl - Strategie Immobiliari Integrate,"Viale Ercole Marelli, 344, 20099 Sesto San Giovanni MI, Italia",+39 02 201444,https://www.studioborrelli.it/,4.7,15.0,it
Affiliato Tecnocasa Studio Turro S.A.S.,"Viale Monza, 149, 20125 Milano MI, Italia",+39 02 8410 2720,https://milano66.tecnocasa.it/,4.6,82.0,it
Atlantis Investimenti Immobiliari,"Via Derna, 26, 20132 Milano MI, Italia",+39 351 883 7952,https://www.atlantis-immobiliare.com/,5.0,1.0,it
Domie Immobiliare,"Via Monfalcone, 17-19, 20099 Sesto San Giovanni MI, Italia",+39 351 465 0213,https://domie.it/,,,it
Affiliato Tecnocasa Studio Milano Est S.N.C.,"Via Padova, 143, 20131 Milano MI, Italia",+39 02 284 7511,https://milano15.tecnocasa.it/,4.8,41.0,it
CasaOggi Sesto s.n.c.,"Via Felice Cavallotti, 126, 20099 Sesto San Giovanni MI, Italia",+39 02 3674 8328,http://www.casaoggisesto.it/,4.8,69.0,it
Studio Habitat Immobili,"Via Padova, 292, 20132 Milano MI, Italia",,,,,it
Gestione Affitti Mapelli,"Via Francesco Brambilla, 7, 20128 Milano MI, Italia",+39 351 937 7330,,,,it
Viale Monza 258 | Uffici in locazione,"Viale Monza, 258, 20128 Milano MI, Italia",+39 335 746 8892,http://www.vialemonza258.it/,4.1,85.0,it
Affiliato Tecnocasa Studio Milano Est S.N.C.,"Via Padova, 279, 20131 Milano MI, Italia",+39 02 2720 0922,https://milano41.tecnocasa.it/,4.4,13.0,it
Agenzia Immobiliare Tempoagency - Milano/Porta Venezia,"Viale Piave, 7, 20129 Milano MI, Italia",+39 342 748 1266,https://tempocasa.it/it/agenzie-immobiliari/milano/milano/1406-tempoagency-milanoporta-venezia,5.0,13.0,it
D'Anna immobiliare - Agenzia di Milano,"Via Carlo Pisacane, 38, 20129 Milano MI, Italia",+39 348 822 4252,,5.0,16.0,it
Agenzia Immobiliare Tempocasa - Milano/Argonne,"Via Macedonio Melloni, 32, 20129 Milano MI, Italia",+39 342 855 5947,https://tempocasa.it/it/agenzie-immobiliari/milano/milano/1217-tempoaffitti-milanoargonne,5.0,88.0,it
Immobilsistem Real Estate,"Via Degli Scipioni, 7, 20129 Milano MI, Italia",+39 02 2952 9151,https://www.immobilsistem.it/,4.7,50.0,it
Mq servizi Selected Real Estate,"Viale Piave, 26, 20129 Milano MI, Italia",+39 02 3655 2323,https://www.mqservizi.net/,4.8,53.0,it
Agenzia Immobiliare WE CASA real estate agency - Milano,"Via Plinio, 51, 20129 Milano MI, Italia",+39 02 0997 2671,,5.0,24.0,it
Studio Immobiliare Mille,"Piazzale Dateo, 5, 20129 Milano MI, Italia",+39 02 3668 5286,http://www.immobiliaremille.com/,4.2,46.0,it
Royal Immobili & Investimenti Milano,"Via Plinio, 20, 20129 Milano MI, Italia",+39 02 9929 3389,http://www.royal-immobili.it/,5.0,51.0,it
Agenzia immobiliare Iconacasa Milano Plinio,"Via Lazzaro Spallanzani, 21, 20129 Milano MI, Italia",+39 351 997 3436,https://www.iconacasa.com/index.php/agenzie/companyproperties/116-iconacasa-milano-plinio,4.7,42.0,it
Capitani Immobiliare,"Via Ciro Menotti, 6, 20129 Milano MI, Italia",+39 02 2701 2118,https://www.capitaniimmobiliare.it/,4.8,197.0,it
Agenzia Immobiliare Tempoagency Milano - Plebisciti,"Piazzale Susa, 1, 20133 Milano MI, Italia",+39 373 783 0680,https://tempocasa.it/it/agenzie-immobiliari/milano/milano/635-tempoagency-milanoplebisciti,4.8,418.0,it
Agenzia Immobiliare Fonte Immobiliare Città Studi 2,"Via Giovanni Briosi, 10, 20133 Milano MI, Italia",+39 02 747773,https://www.fonteimmobiliarecittastudi2.it/,4.8,145.0,it
Grimaldi Immobiliare Milano Città Studi,"Via Giovanni Pascoli, 3, 20129 Milano MI, Italia",+39 02 6408 1589,https://www.grimaldifranchising.it/agenzia/milano-citta-studi,4.9,160.0,it
Agenzia Immobiliare Milano - Corsica,"Viale Corsica, 45, 20133 Milano MI, Italia",+39 346 320 7144,https://tempocasa.it/it/agenzie-immobiliari/milano/milano/279-milano-corsica,4.8,366.0,it
Vogliocasa Milano Porta Venezia,"Via Rosolino Pilo, 20, 20129 Milano MI, Italia",+39 346 084 8654,http://www.vogliocasamilano.it/,5.0,26.0,it
Agenzia Immobiliare Tempocasa Milano Città Studi/Gorini,"Via Gaspare Aselli, 23, 20133 Milano MI, Italia",+39 02 7000 1696,https://tempocasa.it/it/agenzie-immobiliari/milano/milano/286-milano-citta-studigorini,4.8,455.0,it
Milano Casa,"Viale Premuda, 24, 20129 Milano MI, Italia",+39 02 4537 7600,http://www.milanocasa.net/,4.7,21.0,it
Italy Home Real Estate,"Piazza del Tricolore, 2, 20129 Milano MI, Italia",+39 347 001 1833,http://italyhome.it/,4.7,19.0,it
A.L.A. Immobiliare s.a.s Powered&Boosted by Rinascimento,"Via Castel Morrone, 2, 20129 Milano MI, Italia",+39 02 2111 5370,http://www.alaimmobiliare.it/,4.6,26.0,it
Rivolta Immobiliare Milano,"Via Giovanni Pascoli, 15, 20129 Milano MI, Italia",+39 02 2952 3407,https://www.studiorivolta.com/,4.3,39.0,it
Agenzia Immobliare Tempocasa Milano - Plinio/Buenos Aires,"Via Plinio, 18, 20129 Milano MI, Italia",+39 02 2040 0084,https://tempocasa.it/it/agenzie-immobiliari/milano/milano/291-milano-pliniobuenos-aires,4.2,102.0,it
Doctor house e Sparacio Immobiliare real estate,"Viale Piave, 7, 20129 Milano MI, Italia",+39 02 3954 2754,,5.0,1.0,it
FN Immobiliare,"Via Plinio, 5, 20129 Milano MI, Italia",+39 331 274 7213,http://www.studioplinio.com/,5.0,42.0,it
Regina Real Estate,"Viale Regina Giovanna, 24A, 20129 Milano MI, Italia",+39 02 2953 6079,,5.0,5.0,it
REZEN,"Via Paracelso, 6, 20129 Milano MI, Italia",+39 351 651 1387,https://www.rezen.it/,5.0,91.0,it
Immobiliare Nuova Stella Di Volpe Anna & C.,"Corso Plebisciti, 3, 20129 Milano MI, Italia",+39 02 7012 6955,http://www.immobiliarenuovastella.it/,4.8,12.0,it
Medaglia-Mediazioni (Agente Immobiliare),"Via Mario Giuriati, 4, 20129 Milano MI, Italia",+39 02 9143 7773,http://www.medaglia-mediazioni.it/,5.0,2.0,it
Evol Group,"Viale Regina Giovanna, 7, 20129 Milano MI, Italia",+39 02 5964 7813,https://evolgroup.it/,5.0,47.0,it
Gabetti Franchising Milano Indipendenza,"C.so Indipendenza, 7, 20129 Milano MI, Italia",+39 02 7611 8313,https://www.gabetti.it/agenzia/milano-indipendenza,4.0,33.0,it
Rossi & Procida - Agenzia Immobiliare Milano,"Via Giulio Ceradini, 18, 20129 Milano MI, Italia",+39 02 7611 1082,https://www.rossieprocida.it/,4.7,18.0,it
Gangi Immobiliare Milano,"Via Bernardino Ramazzini, 2, 20129 Milano MI, Italia",+39 02 5412 3635,http://www.gangionline.it/,3.5,17.0,it
Fast House Real Estate Srl,"Via Giovanni Pascoli, 9, 20129 Milano MI, Italia",+39 02 4959 6882,http://www.fasthouserealestate.com/,4.3,24.0,it
Agenzia Immobiliare Tempocasa Milano - Indipendenza,"Via Macedonio Melloni, 32, 20129 Milano MI, Italia",+39 333 960 6463,https://tempocasa.it/it/agenzie-immobiliari/milano/milano/858-milano-indipendenza,,,it
Milano Centro Casa,"Via Lazzaro Spallanzani, 15, 20129 Milano MI, Italia",+39 02 6622 0762,https://www.milanocasa.com/,4.5,2.0,it
Agenzia immobiliare Tempocasa Milano - Bocconi/Meda,"Via Giuseppe Meda, 37, 20141 Milano MI, Italia",+39 02 3668 7025,https://tempocasa.it/it/agenzie-immobiliari/milano/milano/309-milano-bocconimeda,4.8,1044.0,it
Agenzia immobiliare Tempocasa Milano - Fiera/Monte Rosa,"Via Guglielmo Silva, 29, 20149 Milano MI, Italia",+39 02 8905 0956,https://tempocasa.it/it/agenzie-immobiliari/milano/milano/569-milano-fieramonte-rosa,4.6,187.0,it
Agenzia Immobiliare Tempocasa Tempoaffitti - Milano/Umbria,"P.za Imperatore Tito, 8, 20137 Milano MI, Italia",+39 342 628 8220,https://tempocasa.it/it/agenzie-immobiliari/milano/milano/1071-tempoaffitti-milanoumbria,4.9,227.0,it
Liberty house immobiliare,"Via Cesare Cesariano, 8, 20154 Milano MI, Italia",+39 02 3360 0323,http://www.libertyhouse.it/,4.6,11.0,it
Agenzia Immobiliare Villa Geom. Roberto,"Via Abbondio Sangiorgio, 4, 20145 Milano MI, Italia",+39 02 312626,http://www.robertovilla.it/,3.7,3.0,it
SoloAffitti Milano 12,"Viale Abruzzi, 23, 20131 Milano MI, Italia",+39 02 0996 3280,https://www.soloaffitti.it/agenzia/milano-12,4.7,75.0,it
La Maison Immobiliare srl,"Viale Campania, 43, 20133 Milano MI, Italia",+39 02 730873,,3.4,8.0,it
Goldcasa,"Via Volvinio, 25, 20141 Milano MI, Italia",+39 02 8489 3026,http://www.goldcasa.eu/immobili-status/vendita-milano/,4.1,36.0,it
SARPI IMMOBILIARE,"Via Passione, 9, 20122 Milano MI, Italia",+39 02 7600 0069,http://www.sarpi.it/,4.6,29.0,it
Gabetti Città Studi,"Piazza S. Materno, 2, 20131 Milano MI, Italia",+39 02 8725 0635,http://www.gabetti.it/,5.0,104.0,it
Casando Agency - Milano Città Studi,"Via Giovanni Bottesini, 7, 20131 Milano MI, Italia",+39 06 8402 6064,https://casandoagency.it/,5.0,1.0,it
Agenzia Immobiliare Tempocasa Milano - Abruzzi/Piola,"Viale Abruzzi, 14, 20131 Milano MI, Italia",+39 02 2040 0084,https://tempocasa.it/it/agenzie-immobiliari/milano/milano/1226-milano-abruzzipiola,5.0,1.0,it
Immobiliare Tre G. Di Polizzi Giovanni,"Viale Abruzzi, 16, 20131 Milano MI, Italia",+39 02 2953 0404,http://www.immobiliaretreg.it/,4.8,35.0,it
Agenzia Immobiliare Marnini,"Via Garofalo, 20, 20131 Milano MI, Italia",+39 02 846 5585,http://www.marnini.it/,4.9,23.0,it
Green House Property,"Via Giovanni Pacini, 35, 20131 Milano MI, Italia",+39 02 5006 0085,http://ghre.it/,4.9,51.0,it
GM Homestyle,"Via Teodosio, 20, 20131 Milano MI, Italia",+39 02 3670 6388,http://www.gmhomestyle.it/,4.8,55.0,it
Immobiliare Piola,"Via Giovanni Pacini, 11, 20131 Milano MI, Italia",+39 02 2668 4312,http://www.immobiliarepiola.it/,4.1,18.0,it
Agape Casa | L'IMMOBILIARE.COM - MILANO ABRUZZI,"Viale Abruzzi, 23, 20131 Milano MI, Italia",+39 02 0996 3280,https://milanoabruzzi.limmobiliare.com/,4.9,7.0,it
Annalisa Ing. Fazio - Consulente Immobiliare,"Via Garofalo, 31, 20124 Milano MI, Italia",+39 340 513 9825,https://annalisafazio.serviziostime.it/,4.9,354.0,it
Agenzia Immobiliare Umbria S.r.l.,"Viale Abruzzi, 4, 20131 Milano MI, Italia",+39 02 2952 0250,http://www.immobiliareumbria.it/,3.8,26.0,it
Affiliato Tecnorete M.P Case S.R.L.,"via Desiderio, Via Vallazze, 28, 20131 Milano MI, Italia",+39 02 9167 8662,https://milano47.tecnorete.it/,4.9,31.0,fr
Affiliato Toscano Abruzzi Piola - Agenzia Immobiliare,"Viale Abruzzi, 16, 20131 Milano MI, Italia",+39 379 249 1730,https://www.toscano.it/comune-milano/abruzzi-piola?utm_source=google&utm_medium=places&utm_campaign=GoogleMyBusiness#agenzia,4.6,16.0,it
Mymmo.it,"Via Gaspare Spontini, 3, 20131 Milano MI, Italia",+39 02 3946 7133,http://www.mymmo.it/,5.0,68.0,it
Agenzia Immobiliare Tempoagency - Milano/Politecnico,"Via Giovanni Antonio Amadeo, 32, 20133 Milano MI, Italia",+39 327 158 9677,https://tempocasa.it/it/agenzie-immobiliari/milano/milano/1355-tempoagency-milanopolitecnico,4.9,88.0,it
Agenzia Immobiliare IBIM - Investimenti Beni Immobili Milano,"Via Gaspare Spontini, 5, 20131 Milano MI, Italia",+39 02 204 9398,https://www.ibim.it/,4.5,15.0,it
Obiettivo Casa MM Udine Milano,"Via Pordenone, 13, 20132 Milano MI, Italia",+39 02 215 4802,https://obiettivocasammudinemilano.it/,4.8,91.0,it
Gabetti Lambrate,"Via Pordenone, 13, 20132 Milano MI, Italia",+39 02 2641 6476,http://www.gabetti.it/,4.8,58.0,it
Gruppo Immobiliare Feltre,"Via Feltre, 30, 20132 Milano MI, Italia",+39 02 2641 6415,http://www.gruppoimmobiliarefeltre.it/,4.5,4.0,it
Consulenza MB Immobiliare,"Via Palmanova, 4, 20132 Milano MI, Italia",+39 0141 439499,https://marioconsulentimm.wixsite.com/website,5.0,1.0,it
CFC Immobiliare Pacini,"Via Giovanni Pacini, 13, 20131 Milano MI, Italia",+39 02 4538 7984,https://www.cfcimmobiliare.it/,4.9,46.0,it
Gabetti Argonne,"Via Privata Ettore Paladini, 15, 20133 Milano MI, Italia",+39 340 490 5260,https://www.gabetti.it/agenzia/milano-argonne,5.0,69.0,it
Vivocasa,"Via Lomellina, 48, 20133 Milano MI, Italia",+39 348 001 0923,http://www.vivocasa.net/,4.9,73.0,it
SognoCasa ( servizi immobiliari - studio tecnico),"Via Lomellina, 21, 20133 Milano MI, Italia",+39 02 738 6650,http://www.immobiliaresognocasa.it/,3.8,74.0,it
Agenzia Immobiliare DG Consulenze,"Via Gaetano Strambio, 6, 20133 Milano MI, Italia",+39 334 256 5197,https://www.dgconsulenze.com/,,,it
MINARDI IMMOBILIARE,"Via Sighele, 2, 20133 Milano MI, Italia",+39 375 950 1577,https://immobiliareminardi.com/,5.0,44.0,it
Vogliocasa Milano Città Studi,"Via Beato Angelico, 25, 20133 Milano MI, Italia",+39 02 3598 1665,http://www.vogliocasamilano.it/,4.1,43.0,it
Affiliato Toscano Città Studi - Agenzia Immobiliare,"Via Gaspare Aselli, 5, 20133 Milano MI, Italia",+39 02 7611 5230,https://www.toscano.it/comune-milano/citta-studi?utm_source=google&utm_medium=places&utm_campaign=Google+My+Business#agenzia,4.1,56.0,it
Domus Aurea sas,"Piazza Andrea Fusina, 1, 20133 Milano MI, Italia",+39 02 749 1061,http://www.domusaureaimmobiliare.net/,4.4,44.0,it
Agenzia immobiliare Iconacasa Milano Città Studi Argonne,"Via Ajaccio, 4, 20133 Milano MI, Italia",+39 342 674 2759,https://www.iconacasa.com/index.php/agenzie/companyproperties/159-iconacasa-milano-citt%C3%A0-studi-argonne,4.7,12.0,it
Realcasa immobiliare - Porta Venezia,"Via Giuseppe Balzaretti, 22, 20133 Milano MI, Italia",+39 02 8457 8212,https://www.realcasaimmobiliaregroup.com/,4.8,19.0,it
Immobiliare Susa,"Via Gaspare Aselli, 7, 20133 Milano MI, Italia",+39 02 8494 5566,http://www.immobiliaresusa.it/,5.0,1.0,it
SeveriCase,"Via Lomellina, 31, 20133 Milano MI, Italia",+39 02 4507 4537,http://www.severicase.it/,4.2,11.0,it
Keller Immobiliare,"Via Enrico Noe 30, Via Enrico Nöe, 33, 20133 Milano MI, Italia",+39 02 3675 4442,http://www.kellerimmobiliare.it/,4.3,35.0,it
MOTIVOCASA,"Via Luisa Battistotti Sassi, 20127 Milano MI, Italia",+39 377 949 7989,,5.0,12.0,it
Agenzia immobiliare Iconacasa Milano Città Studi Corsica,"Viale Corsica, 42, 20137 Milano MI, Italia",+39 02 4963 5432,https://www.iconacasa.com/index.php/agenzie/companyproperties/145-iconacasa-milano-citt%C3%A0-studi-corsica,4.9,64.0,it
Vogliocasa Milano Città Studi Lambrate,"Via Carlo Valvassori Peroni, 76, 20133 Milano MI, Italia",+39 02 3658 6466,https://www.vogliocasamilano.it/,3.5,42.0,it
LIVING IMMOBILIARE,"Piazza Francesco Guardi, 4, 20133 Milano MI, Italia",,https://livingimmobiliare.it/,5.0,1.0,it
Agenzia immobiliare Tempocasa Milano - Mecenate,"Via Mecenate, 12, 20138 Milano MI, Italia",+39 02 5540 0490,https://tempocasa.it/it/agenzie-immobiliari/milano/milano/34-milano-mecenate,4.8,230.0,it
CFC Immobiliare Corsica,"Viale Corsica, 59, 20137 Milano MI, Italia",+39 02 7010 1596,https://www.cfcimmobiliare.it/,4.8,169.0,it
Giovenzana,"Via Francesco Ingegnoli, 23, 20131 Milano MI, Italia",+39 02 3674 7475,http://www.giovenzanaimmobiliare.it/,4.5,23.0,it
Team AgentiInnovativi® - Gli Specialisti in Marketing Immobiliare a Milano,"Viale Enrico Forlanini, 23, 20138 Milano MI, Italia",+39 800 940 225,https://www.agentiinnovativi.it/,5.0,30.0,it
Agenzia immobiliare Iconacasa Milano Mecenate,"Piazza Artigianato, Viale Enrico Forlanini, 50/7, 20138 Milano MI, Italia",+39 02 4937 8615,http://www.iconacasa.com/,5.0,98.0,it
Toscano affiliato - Viale Corsica - Agenzia Immobiliare,"Viale Corsica, 14, 20137 Milano MI, Italia",+39 02 7000 6373,https://www.toscano.it/comune-milano/campania?utm_source=google&utm_medium=places&utm_campaign=GoogleMyBusiness#agenzia,4.9,23.0,it
Agenzia Immobiliare DG Consulenze,"Viale Corsica, 76, 20137 Milano MI, Italia",+39 334 256 5197,https://www.dgconsulenze.com/,,,it
Affiliato Tecnocasa Studio Lambrate Rubattino S.R.L.,"Via Muzio Scevola, 6, 20134 Milano MI, Italia",+39 02 4954 2151,https://milano85.tecnocasa.it/,4.9,68.0,it
GRIMALDI IMMOBILIARE MILANO Porta Romana,"C.so Lodi, 24, 20135 Milano MI, Italia",+39 02 2506 2525,http://grimaldire.it/,4.6,232.0,it
Agenzia Immobiliare Tempocasa Milano - Monte Nero,"Via Friuli, 15, 20135 Milano MI, Italia",+39 342 304 3275,https://tempocasa.it/it/agenzie-immobiliari/milano/milano/675-milano-monte-nero,5.0,22.0,it
NuovaCASA,"20137, Viale Umbria, 53, 20135 Milano MI, Italia",+39 02 546 4388,http://www.nuovacasamilano.it/,4.9,63.0,it
Gruppo Immobiliare Manzo - Porta Romana,"V. Adige, 6, 20135 Milano MI, Italia",+39 02 6413 3820,https://www.gruppoimmobiliaremanzo.it/,5.0,34.0,it
Immobiliare GNG,"Viale Umbria, 22, 20135 Milano MI, Italia",+39 02 8739 6061,http://www.immobiliare-gng.it/,4.8,140.0,it
Porta Romana House,"V. Andrea Palladio, 2, 20135 Milano MI, Italia",+39 351 898 5076,https://www.portaromanahouse.it/,4.8,24.0,it
Agenzia Immobiliare Tempocasa Milano Umbria,"P.za Imperatore Tito, 8, 20137 Milano MI, Italia",+39 02 3826 7843,https://tempocasa.it/it/agenzie-immobiliari/milano/milano/282-milano-umbria,4.8,355.0,it
immobiliare margherita s.a.s.,"Via Lazzaro Papi, 20135 Milano MI, Italia",+39 02 5411 8944,,5.0,1.0,it
GABETTI MILANO PORTA ROMANA,"Viale Monte Nero, 10, 20135 Milano MI, Italia",+39 02 551 1395,,3.7,11.0,it
Capitani Immobiliare,"Via Comelico, 22, 20135 Milano MI, Italia",+39 334 380 9464,https://capitaniimmobiliare.it/,4.7,35.0,it
STUDIO IMMOBILIARE MILANO,"Viale Monte Nero, 31, 20135 Milano MI, Italia",+39 02 3663 2131,https://www.studioimmobiliaremilano.it/it/,4.1,9.0,it
Agenzia immobiliare Iconacasa Milano Montenero,"Via Spartaco, 25, 20135 Milano MI, Italia",+39 02 3669 9730,http://www.iconacasa.com/,4.9,33.0,it
JOKER IMMOBILIARE,"Via Lodovico Muratori, 30, 20135 Milano MI, Italia",+39 02 3966 6476,http://www.jokerimmobiliare.com/,5.0,4.0,it
Immobiliare SAM S.R.L.,"Viale Monte Nero, 44, 20135 Milano MI, Italia",+39 02 551 1833,http://www.immobiliaresam.it/,4.4,7.0,it
Agenzia Immobiliare Fondocasa Milano Porta Romana Centro,"Via Piacenza, 17, 20135 Milano MI, Italia",+39 02 8907 0850,https://fondocasa.it/sito_affiliato.php?id=901,5.0,1.0,it
SOLUZIONE IMMOBILIARE,"Via S. Gerolamo Emiliani, 3, 20135 Milano MI, Italia",+39 02 5407 8122,http://www.soluzioneimmobiliaremilano.com/,4.7,7.0,it
AGENZIA IMMOBILIARE MONTE NERO - IMMOBILIARE 80 MILANO,"Viale Monte Nero, 45, 20135 Milano MI, Italia",+39 02 8726 0567,http://www.immobiliare80milano.it/,5.0,2.0,it
Verde Casa Immobiliare,"Via Lazzaro Papi, 7, 20135 Milano MI, Italia",+39 02 546 9630,http://www.verdecasa.info/,4.2,25.0,it
Immobiliare Super,"Viale Monte Nero, 12, 20135 Milano MI, Italia",+39 06 4568 6951,https://www.immobiliaresuper.it/,5.0,1.0,it
Era Fides,"Via Perugino, 32, 20135 Milano MI, Italia",+39 02 4244 7894,http://www.eraitaly.it/fides,4.8,41.0,it
Affiliato Tecnocasa Stima Immobiliare S.R.L.,"Viale Monte Nero, 20, 20135 Milano MI, Italia",+39 02 5519 4781,https://milano32.tecnocasa.it/,4.8,65.0,it
Agenzia Immobiliare Casa & Dintorni,"Viale Monte Nero, 68, 20135 Milano MI, Italia",+39 02 5412 2814,http://www.agenziacasadintorni.it/,4.7,3.0,it
Immobiliare Bertelli,"C.so Lodi, 11, 20135 Milano MI, Italia",,http://www.immobiliarebertelli.it/,5.0,3.0,it
Drago Immobiliare di Alessandro Draghi,"Via Giulio Romano, 5, 20135 Milano MI, Italia",+39 02 5831 5614,http://www.dragoimmobiliare.com/,4.3,21.0,it
Immobiliallasta.it,"V.le Sabotino, 4, 20135 Milano MI, Italia",,https://www.immobiliallasta.it/,4.8,138.0,it
Castelli Immobiliare,"V.le Sabotino, 8, 20135 Milano MI, Italia",+39 02 5830 8073,https://www.immobilicastelli.it/,4.2,26.0,it
Agenzia Immobiliare Kyos,"Via Cadore, 41, 20135 Milano MI, Italia",+39 02 463333,http://www.kyos.it/,5.0,12.0,it
immobiliare Anfossi,"Via Augusto Anfossi, 8, 20135 Milano MI, Italia",+39 324 624 3168,,,,it
Vendere al Sicuro,"Via Bergamo, 7, 20135 Milano MI, Italia",+39 02 2222 1390,https://www.venderealsicuro.com/,5.0,29.0,it
Filieracasa,"Ripa di Porta Ticinese, 91, 20143 Milano MI, Italia",+39 02 8941 0331,http://www.filieracasa.it/,4.9,340.0,it
Troviamocasa Gentilino,"Via Gentilino, 11, 20136 Milano MI, Italia",+39 02 3670 6057,,4.7,61.0,it
Solution Living Bocconi/Navigli,"Via Magolfa, 20143 Milano MI, Italia",+39 342 724 4952,https://www.solution-living.it/,5.0,29.0,it
ABITECA - La boutique per vendere casa.,"Corso S. Gottardo, 6, 20136 Milano MI, Italia",+39 02 4953 3030,https://abiteca.com/,5.0,44.0,it
Iconacasa Milano Bocconi,"Piazzale di Porta Lodovica 6, Via Pietro Teulié, 2, 20136 Milano MI, Italia",+39 02 9924 7185,https://www.iconacasa.com/index.php/agenzie/companyproperties/111-iconacasa-milano-bocconi,4.8,48.0,it
Gabetti Franchising Milano Navigli Bocconi,"V.le Col di Lana, 18, 20136 Milano MI, Italia",+39 02 8724 6350,https://www.gabetti.it/agenzie-immobiliari/milano-navigli-bocconi/701,4.0,1.0,it
Marnini Ovest srl,"Alzaia Naviglio Pavese, 52, 20143 Milano MI, Italia",+39 334 230 2374,http://www.marniniovest.it/,4.5,80.0,it
Lineacasa Milano Navigli,"Via Evangelista Torricelli, 10, 20136 Milano MI, Italia",+39 02 8942 3519,https://www.lineacasa.it/agenzia-milano-navigli/,4.3,15.0,it
Agenzia Immobiliare Magnaghi,"Via Giuseppe Meda, 15, 20136 Milano MI, Italia",+39 02 8940 3849,,3.6,9.0,it
Costantino Case,"Corso S. Gottardo, 51, 20136 Milano MI, Italia",+39 02 4537 3354,http://www.costantinocase.it/,4.7,7.0,it
Vendocasa Milano Tibaldi,"Viale Tibaldi, 2, 20136 Milano MI, Italia",+39 02 5251 9560,https://gruppovendocasa.it/elenco-annunci/?ag=57,4.5,26.0,it
Professionecasa Milano Srl - Bocconi,"Via Salasco, 40, 20136 Milano MI, Italia",+39 02 584 8061,https://www.professionecasa.it/agenzia/milano-bocconi,3.3,7.0,it
STUDIO CASA Milano Ticinese,"V.le Col di Lana, 2, 20136 Milano MI, Italia",+39 02 4244 9029,http://www.studiocasa.it/,4.2,14.0,it
Lineacasa Bocconi,"V.le Bligny, 18, 20136 Milano MI, Italia",+39 02 5832 4609,https://www.lineacasa.it/agenzia-milano-bocconi/index.html,4.1,9.0,it
Armando Pucciarelli,"Via Rutilia, 4, 20141 Milano MI, Italia",,https://www.immobiliare.it/agenzie-immobiliari/159609/armando-pucciarelli-real-estate-services/,4.9,76.0,it
VendoCasa Porta Romana,"Via Giuseppe Ripamonti, 22, 20136 Milano MI, Italia",+39 393 962 1157,http://www.vendocasagroup.com/,5.0,65.0,it
Firsthome Srl,"Via Salasco, 9, 20136 Milano MI, Italia",+39 02 5843 0552,http://www.firsthome.it/,4.1,37.0,it
menozzi Immobiliare,"Via Col Moschin, n° 10, 20122 Milano MI, Italia",+39 02 5831 6241,http://www.casemenozzi.it/,4.4,21.0,it
AQA immobiliare,"Via Giuseppe Lagrange, 2, 20136 Milano MI, Italia",+39 02 3651 3966,http://www.aqaimmobiliare.it/,4.2,24.0,it
Menozzi Immobiliare,"Via Giuseppe Meda, 37, 20141 Milano MI, Italia",+39 02 8951 1965,,5.0,34.0,it
Milano Living - Milano Porta Genova,"Via Vigevano, 41, 20144 Milano MI, Italia",+39 02 4548 7122,https://milanolivingsrl.it/,5.0,31.0,it
Holding Properties Solutions Srl,"Via Privata Giovanni Bertacchi, 2, 20136 Milano MI, Italia",+39 02 3655 3574,,4.5,23.0,it
Punto Casa Consulenze Immobiliari S.r.l.,"Corso S. Gottardo, 5, 20136 Milano MI, Italia",+39 02 7631 6067,http://www.puntocasa.it/,3.0,2.0,it
Studio Carlo Torre S.R.L.,"Via Carlo Torre, 43/A, 20143 Milano MI, Italia",+39 02 7862 1044,,4.9,59.0,it
Grimaldi Bocconi,"Via Giuseppe Meda, 11a, 20136 Milano MI, Italia",+39 338 858 0549,https://www.grimaldifranchising.it/agenzia/milano-bocconi,4.5,101.0,it
Immobiliare Navigli,"Via Molino delle Armi, 17, 20123 Milano MI, Italia",+39 02 5810 4997,,3.0,2.0,it
L'Arte di Abitare - Milano Bocconi,"Viale Toscana, 13, 20136 Milano MI, Italia",+39 339 635 8895,http://www.artediabitare.it/,5.0,1.0,it
Affiliato Toscano Restocco - Agenzia Immobiliare,"Piazzale Luigi Negrelli, 4, 20143 Milano MI, Italia",+39 02 3595 5154,https://www.toscano.it/comune-milano/restocco#immobili,5.0,20.0,it
CMC,"Corso S. Gottardo, 28, 20136 Milano MI, Italia",+39 02 3981 4115,http://www.cercamicasa.eu/,3.0,8.0,it
Miplan Immobiliare,"Via Fedro, 2, 20141 Milano MI, Italia",+39 351 679 0780,http://miplan.it/,5.0,22.0,it
Darsena Case,"Via Ascanio Sforza, 57, 20136 Milano MI, Italia",+39 02 8941 0142,https://www.darsenacase.com/,5.0,4.0,it
Immobiliare Interdonato,"Via Giuseppe Meda, 20141 Milano MI, Italia",+39 02 846 7505,http://www.immobiliareinterdonato.it/,4.2,6.0,it
LT Immobiliare Porta Ticinese Milano,"Ripa di Porta Ticinese, 15, 20143 Milano MI, Italia",+39 339 808 7073,,,,it
Alessandro Ciofalo Servizi Immobiliari,"Via Privata Ebro, 8, 20141 Milano MI, Italia",+39 338 582 8310,https://www.immobiliare.it/agenzie-immobiliari/382481/ciofalo/,5.0,27.0,it
Immobili Italiani,"Via Gentilino, 6, 20136 Milano MI, Italia",,,5.0,1.0,it
Fratelli Immobiliare S.A.S,"ang. P.zza Imperatore Tito, Via Filippino degli Organi, 9, 20137 Milano MI, Italia",+39 02 9194 7004,https://www.fratellimmobiliare.it/,4.7,13.0,it
StudioRomanoImmobiliare,"Via Cardinale Mezzofanti, n. 29, 20133 Milano MI, Italia",+39 392 011 9023,,4.0,4.0,it
Pronto Inquilino Milano,"Via Giancarlo Sismondi, 48, 20133 Milano MI, Italia",+39 02 4971 9191,,4.6,348.0,it
GABRIELE ALFANO REAL ESTATE,"Viale Enrico Forlanini, 50/9, 20138 Milano MI, Italia",+39 348 174 8954,,5.0,16.0,it
Immobiliare Liuzzi,"Via Zante, 30, 20138 Milano MI, Italia",+39 334 315 2243,https://www.facebook.com/immobiliareliuzzi/?ref=pages_you_manage,4.2,5.0,it
Mecenate 84,"Via Mecenate, 84, 20138 Milano MI, Italia",+39 348 262 1673,http://www.mecenate84.it/,4.5,10.0,en
Affiliato Tecnocasa Progetto Milano Bcs S.R.L.,"Via Bruno Cassinari, 5, 20138 Milano MI, Italia",+39 02 8404 7950,https://milano87.tecnocasa.it/,4.9,79.0,it
C.S.I. CENTRO SERVIZI IMMOBILIARI,"Via Mecenate, 25, 20138 Milano MI, Italia",+39 02 4312 6447,https://www.trovacasa.it/agenzie-immobiliari/immobiliare-c-s-i-milano-tc-55575,4.0,8.0,it
Forlaninimmobiliare dal 1999,"20138 Milano V.le Forlanini 50/7, Piazza Artigianato, 20138 Milano MI, Italia",+39 02 738 8418,,5.0,4.0,it
Affiliato Tecnocasa Immobiliare Margot S.R.L. Unipersonale,"Via Mecenate, 4, 20138 Milano MI, Italia",+39 02 738 8283,https://milano4.tecnocasa.it/,5.0,1.0,it
MILAN APARTMENT FOURTH FLOOR FABRIQUE - LINATE - M4 REPETTI - PALAITALIA - ARENA SANTA GIULIA - RAI - GUCCI - MECENATE,"Via Mecenate, 5, 20138 Milano MI, Italia",+39 338 749 9095,,5.0,11.0,it
Affiliato Tecnocasa Immobiliare Margot S.R.L. Unipersonale,"Viale Ungheria, 28, 20138 Milano MI, Italia",+39 02 5540 0071,https://milano53.tecnocasa.it/,4.3,3.0,it
Affiliato Tecnocasa Studio Beato Angelico S.R.L.,"Via Tito Livio, 32, 20138 Milano MI, Italia",+39 02 3790 1432,https://milano7.tecnocasaimpresa.it/,4.7,16.0,it
Affiliato Toscano Corso Lodi - Agenzia Immobiliare,"via scrivia, C.so Lodi, 1, 20139 Milano MI, Italia",+39 366 168 4040,https://www.toscano.it/comune-milano/corso-lodi?utm_source=google&utm_medium=places&utm_campaign=Google+My+Business#agenzia,2.5,34.0,it
Affiliato Tecnocasa Immobiliare Tecnosviluppo 1 S.A.S.,"C.so Lodi, 59, 20139 Milano MI, Italia",+39 02 552 0678,https://milano54.tecnocasa.it/,4.6,35.0,it
Affiliato Tecnocasa Stima Immobiliare S.R.L.,"Viale Lucania, 9, 20135 Milano MI, Italia",+39 02 8722 4281,https://milano73.tecnocasa.it/,4.6,50.0,it
VENDEAFFITTAMICASA,"Via Giuseppe Ripamonti, 195, 20141 Milano MI, Italia",+39 02 5521 8129,http://www.vendeaffittamicasa.it/,5.0,4.0,it
Aj House,"Via Simone D'Orsenigo, 25, 20135 Milano MI, Italia",+39 02 2180 3521,https://www.ajhouse.it/,4.4,38.0,it
CASATUA RealEstate Milano,"Via Noto, 10, 20141 Milano MI, Italia",+39 389 219 1531,http://www.casatuarealestatemilano.it/,5.0,21.0,it
Fast House S.r.l.affiliato PRIMACASA,"C.so Lodi, 34/a, 20135 Milano MI, Italia",+39 02 5410 8008,http://www.primacasa.it/agenzia.php?id=279,3.3,27.0,it
Imperiale,"C.so Lodi, 84, 20139 Milano MI, Italia",+39 351 626 7465,,3.0,2.0,it
Vigentino Immobiliare,"Via Paolo Solaroli, 20141 Milano MI, Italia",+39 02 3984 5823,http://www.vigentinoimmobiliare.it/,5.0,8.0,it
Gabetti Porta Vittoria,"P.za Imperatore Tito, 8, 20137 Milano MI, Italia",+39 02 4953 3210,https://www.gabetti.it/agenzia/milano-porta-vittoria,5.0,79.0,it
ComeCasa Affitti Brevi,"C.so Lodi, 3, 20135 Milano MI, Italia",+39 349 783 7981,https://www.come-casa.com/,4.8,132.0,it
Smart Agency Real Estate,"Largo Giambellino, 118, 20140 Milano MI, Italia",+39 351 684 4768,http://www.smartreagency.it/,5.0,40.0,it
Sarpi Ag. 14,"P.zza I. Tito, 6, 20137 Milano MI, Italia",+39 02 5411 8493,https://www.facebook.com/pg/sarpiag14/,4.4,29.0,it
Home sas - Agenzia Immobiliare di Antonio Piacente,"Via Pietro Borsieri, 27, 20159 Milano MI, Italia",+39 02 2305 4413,,3.8,6.0,it
Servizi Immobiliari,"Via Privata Piero Martinetti, 12, 20147 Milano MI, Italia",+39 02 403 5114,https://servizimmobiliarimilano.it/,3.7,3.0,it
Milano House s.r.l.,"Via Pietro Valdo, 20132 Milano MI, Italia",+39 340 382 1488,,,,it
Progresso Case Immobiliare S.R.L.,"Viale Gorizia, 34, 20136 Milano MI, Italia",+39 02 5810 7138,https://www.casa.it/agenzie/progresso-case-555679/,3.7,3.0,it
Chiummocase,"Via Augusto Anfossi, 8, 20135 Milano MI, Italia",+39 02 5519 6027,http://www.chiummocase.com/,4.3,13.0,it
Immobiliare Principe Eugenio S.a.s. Di Lai Roberto E C.,"Via Principe Eugenio, 23, 20155 Milano MI, Italia",+39 347 814 5688,,3.8,4.0,it
Chiusano & C. Immobiliare Milano,"Piazza Carlo Erba, 6, 20129 Milano MI, Italia",+39 02 4944 7675,https://www.chiusano.com/,4.0,8.0,it
BARNES International Realty Milano,"V. Giosuè Carducci, 12, 20123 Milano MI, Italia",+39 02 3653 3371,https://www.barnes-international.com/,5.0,3.0,it
Studio house & co. di Scipionato Gabriele - agente Engel & Völkers,"Via Valtellina, 50, 20159 Milano MI, Italia",+39 346 520 4292,https://www.engelvoelkers.com/it-it/milano/,,,it
Sarpi - Agenzia 18,"Via Cenisio, 42, 20154 Milano MI, Italia",+39 02 3705 2776,http://www.sarpiagenzia18.it/,3.5,53.0,it
Agenzia Immobiliare Tempocasa Milano Cermenate,"Via Lodovico Montegani, 17, 20141 Milano MI, Italia",+39 02 3652 0280,https://tempocasa.it/it/agenzie-immobiliari/milano/milano/310-milano-cermenate,4.7,367.0,it
Affiliato Toscano Cermenate - Agenzia Immobiliare,"Via Medeghino, 27, 20141 Milano MI, Italia",+39 02 4538 7970,https://www.toscano.it/comune-milano/cermenate?utm_source=google&utm_medium=places&utm_campaign=Google+My+Businessia#agenz,4.8,40.0,it
Agenzia Immobiliare Gabetti Milano,"Via Medeghino, 32, 20141 Milano MI, Italia",+39 02 8950 1508,http://www.facebook.com/gabetti/,4.4,28.0,it
Marnini,"Via Medeghino, 10, 20141 Milano MI, Italia",+39 02 846 5585,http://www.marnini.it/,4.0,84.0,it
Media Immobiliare,"Viale Giovanni da Cermenate, 43, 20141 Milano MI, Italia",+39 02 8951 6168,http://www.mediaimmobiliare.net/,4.8,65.0,it
Affiliato Toscano Ripamonti - Agenzia Immobiliare,"Via Giuseppe Ripamonti, 150, 20141 Milano MI, Italia",+39 02 3705 3107,https://www.toscano.it/comune-milano/ripamonti?utm_source=google&utm_medium=places&utm_campaign=Google+My+Business#agenzia,4.2,77.0,it
Affiliato Tecnorete Marte Case S.R.L.,"Via Volvinio, 9, 20141 Milano MI, Italia",+39 02 8347 9402,https://milano17.tecnorete.it/,4.7,58.0,it
Affiliato Toscano Torretta - Agenzia Immobiliare,"Viale Famagosta, 34, 20142 Milano MI, Italia",+39 02 6666 6526,https://www.toscano.it/comune-milano/torretta?utm_source=google&utm_medium=places&utm_campaign=GoogleMyBusiness#agenzia,4.6,102.0,it
Affiliato Tecnorete Tecnosviluppo Case Buccinasco S.R.L.,"Via Giuseppe Ripamonti, 109, 20123 Milano MI, Italia",+39 346 825 0809,https://milano53.tecnorete.it/,5.0,29.0,it
Besana Immobiliare,"Via Privata Orvieto, 2, 20141 Milano MI, Italia",+39 391 475 9331,,4.2,18.0,it
Gruppo Immobiliare Manzo,"Via Giuseppe Ripamonti, 211, 20141 Milano MI, Italia",+39 351 631 3768,http://www.gruppoimmobiliaremanzo.it/,5.0,2.0,it
OBIETTIVOCASA milano Ripamonti,"Via Giuseppe Ripamonti, 190, 20141 Milano MI, Italia",+39 02 531017,https://www.obiettivocasa.com/Annunci?input.agenzia=2,5.0,3.0,it
Affiliato Tecnorete Tecnosviluppo Tibaldi S.A.S.,"Viale Tibaldi, 24, 20136 Milano MI, Italia",+39 02 9286 9307,https://milano5.tecnorete.it/,4.9,41.0,it
Agenzia Immobiliare Le Terrazze,"Via Nicola Romeo, 5, 20142 Milano MI, Italia",+39 339 792 8388,https://agenziaimmobiliareleterrazze.it/,5.0,5.0,it
Immobiliare Po S.R.L.,"Viale Giovanni da Cermenate, 80, 20141 Milano MI, Italia",+39 02 8950 4971,http://www.immobiliarepo.it/,3.3,7.0,it
Immobiliare dei Portici,"Via Giuseppe Ripamonti, 227, 20141 Milano MI, Italia",+39 02 3668 3772,http://immobiliaredeiportici.it/,4.0,6.0,it
A.Z.P. Case Di Alessandro Zuin D.I.,"Via Francesco Brioschi, 94, 20141 Milano MI, Italia",+39 02 8912 1328,,4.5,21.0,it
Affiliato Tecnocasa Studio Montegani 2000 S.A.S.,"Piazza Abbiategrasso, 39, 20141 Milano MI, Italia",+39 02 8480 0441,https://milano51.tecnocasa.it/,4.7,35.0,it
Affiliato Tecnocasa Stima Immobiliare S.R.L.,"Piazza Enrico Chiaradia, 12, 20141 Milano MI, Italia",+39 02 3824 3773,https://milano82.tecnocasa.it/,4.9,74.0,it
Affiliato Tecnocasa Mercurio Case S.R.L.,"Via Lorenzo Valla, 25, 20141 Milano MI, Italia",+39 02 3670 5290,https://milano62.tecnocasa.it/,4.7,95.0,it
Affiliato Tecnorete Studio Missaglia 2006 S.R.L.,"Via Corradino D'Ascanio, 4, 20142 Milano MI, Italia",+39 02 8930 9392,https://milano2.tecnorete.it/,4.8,93.0,it
Affiliato Tecnocasa Mercurio Case S.R.L.,"Via Val di Sole, 22, 20123 Milano MI, Italia",+39 02 8342 8900,https://milano60.tecnocasa.it/,5.0,81.0,it
Affiliato Tecnorete Immobiliare Progetto Famagosta S.R.L.,"Viale Famagosta, 19, 20142 Milano MI, Italia",+39 02 8494 2198,https://milano23.tecnorete.it/,4.8,85.0,it
Domoscasa,"Viale Famagosta, 31, 20142 Milano MI, Italia",+39 02 3823 5837,http://www.domoscasa.it/,4.4,19.0,it
Officina delle Case,"Via Imperia, 13, 20142 Milano MI, Italia",+39 328 887 3771,http://www.officinadellecase.it/,4.6,7.0,it
Affiliato Toscano Barona - Agenzia Immobiliare,"Via Santa Rita da Cascia, 74, 20142 Milano MI, Italia",+39 02 8915 0021,https://www.toscano.it/comune-milano/barona?utm_source=google&utm_medium=places&utm_campaign=Google+My+Business#agenzia,4.7,32.0,it
Agenzia Immobiliare Tempocasa Milano San Gimignano,"Viale S. Gimignano, 10, 20146 Milano MI, Italia",+39 02 3829 6662,https://tempocasa.it/it/agenzie-immobiliari/milano/milano/894-milano-san-gimignano,4.8,307.0,it
Facile Immobiliare - Milano Show Room,"Viale Cassala, 46, 20143 Milano MI, Italia",+39 800 202 222,http://www.facileimmobiliare.it/,4.4,44.0,it
Agenzia immobiliare Iconacasa Milano Solari,"Via Andrea Solari, 43, 20144 Milano MI, Italia",+39 02 8355 9417,http://www.iconacasa.com/,4.7,38.0,it
Affiliato Tecnocasa Immobiliare Milano Santa Rita S.R.L.,"Via Santa Rita da Cascia, 23, 20143 Milano MI, Italia",+39 02 813 2440,https://milano58.tecnocasa.it/,4.6,136.0,it
Affiliato Tecnocasa Immobiliare Milano Santa Rita S.R.L.,"Via Lodovico Il Moro, 137, 20142 Milano MI, Italia",+39 02 3670 8380,https://milano83.tecnocasa.it/,4.7,51.0,it
PROFESSIONECASA IMMOBILIARE RIPA DI PORTA TICINESE,"Ripa di Porta Ticinese, 99, 20143 Milano MI, Italia",+39 02 837 6736,https://www.professionecasa.it/agenzia/milano-ripa-ticinese,4.9,64.0,it
agenzia immobiliare Leonardo Ronconi,"Via Privata Renzo e Lucia, 3, 20142 Milano MI, Italia",+39 349 721 8229,http://www.immobilipubblicati.it/,,,it
Agenzia Immobiliare Tempocasa Milano - Primaticcio,"Viale Legioni Romane, 55, 20147 Milano MI, Italia",+39 02 4538 8290,https://tempocasa.it/it/agenzie-immobiliari/milano/milano/671-milano-primaticcio,4.7,595.0,it
Affiliato Toscano Frattini Agenzia Immobiliare,"Piazza Pietro Frattini, 19, 20146 Milano MI, Italia",+39 02 4771 9455,https://www.toscano.it/comune-milano/frattini?utm_source=google&utm_medium=places&utm_campaign=Google+My+Business#agenzia,4.5,215.0,it
MG MILANO IMMOBILIARE,"Corso Cristoforo Colombo, 4, 20144 Milano MI, Italia",+39 02 8915 1820,https://www.mgmilanoimmobiliare.it/,5.0,4.0,it
Penta Case di Gabriele Salatino,"Via Filippo Argelati, 29, 20143 Milano MI, Italia",+39 02 3653 1884,https://www.pentacase.it/,4.9,36.0,it
Caseliving Milano,"Via Elia Lombardini, 2, 20143 Milano MI, Italia",+39 02 8940 0768,http://www.caseliving.it/,4.8,39.0,it
Mega Universo Immobiliare Mercaldo Gabriele,"Via Guglielmo Guintellino, 1, 20143 Milano MI, Italia",+39 02 8912 8464,http://www.megauniversoimmobiliare.com/,5.0,12.0,it
MS REAL ESTATE,"Via Andrea Solari, 23, 20144 Milano MI, Italia",+39 02 3655 1696,http://www.msrealestate.eu/,5.0,24.0,it
VIMA IMMOBILIARE,"Via Eugenio Villoresi, 2, 20143 Milano MI, Italia",+39 333 232 3520,https://www.idealista.it/pro/vima-immobiliare/vendita-case/,5.0,1.0,it
Agenzia Immobiliare Tempocasa Milano - Piazza Napoli,"Via Giambellino, 15, 20146 Milano MI, Italia",+39 02 4229 0973,https://tempocasa.it/it/agenzie-immobiliari/milano/milano/302-milano-piazza-napoli,4.7,142.0,it
Agenzia Immobiliare Tempocasa Milano-Washington,"Via Giacomo Boni, 25, 20144 Milano MI, Italia",+39 02 4802 9483,https://tempocasa.it/it/agenzie-immobiliari/milano/milano/304-milano-washington,4.9,307.0,it
Immobiliare La Gatta Di Gatta Annetta,"Via Pompeo Neri, 2, 20146 Milano MI, Italia",+39 02 3653 1126,,4.9,87.0,it
Albani Real Estate Milano,,+39 345 926 3584,http://www.albanirealestate.it/,5.0,78.0,it
Aria di Casa,"Via Tagiura, 21, 20146 Milano MI, Italia",+39 02 3954 8022,http://www.ariadicasa-milano.it/,5.0,38.0,it
Agenzia Immobiliare Tempoagency - Milano/Washington,"Via Giacomo Boni, 39, 20144 Milano MI, Italia",+39 329 439 6469,https://tempocasa.it/it/agenzie-immobiliari/milano/milano/1460-tempoagency-milanowashington,4.8,19.0,it
RA Real Estate,"Via Giacomo Watt, 13A, 20143 Milano MI, Italia",+39 02 4549 9957,http://agretti.com/,5.0,1.0,it
MilanoCasa Di S. Castrovinci,"Via Ambrogio Binda, 1, 20143 Milano MI, Italia",+39 02 8905 8371,http://www.immobiliaremilanocasa.com/,3.9,7.0,it
Sagor & Partner,"Via Elba, 10, 20144 Milano MI, Italia",+39 331 185 0885,https://www.sagor.net/,4.9,98.0,it
Gruppo Galileus | Immobiliare | Mediazione Immobiliare | Consulenza Immobiliare,"Viale S. Michele del Carso, 12, 20144 Milano MI, Italia",+39 02 8239 8298,http://www.gruppogalileus.com/,5.0,24.0,it
Properties & Life - Milano Washington,"Via Giorgio Washington, 60, 20146 Milano MI, Italia",+39 02 8969 3977,http://www.milanowashington.propertieslife.it/,5.0,69.0,it
Melania Immobiliare,"Via Vincenzo Foppa, 42, 20144 Milano MI, Italia",+39 02 423 3369,,4.7,23.0,it
Rossi Immobiliare,"Viale Coni Zugna, 37, 20144 Milano MI, Italia",+39 337 345 464,http://www.rossiimmobiliare.it/,4.8,9.0,it
Il Rinascimento Immobiliare | Milano,"Viale S. Michele del Carso, 14, 20144 Milano MI, Italia",+39 02 2111 5370,https://ilrinascimentoimmobiliare.it/,5.0,10.0,it
Gabetti Franchising Milano Foppa,"Via Vincenzo Foppa, 25, 20144 Milano MI, Italia",+39 02 9147 6365,https://www.gabetti.it/agenzie-immobiliari/milano-foppa/2746,4.8,19.0,it
Majno Immobiliare,"Via Giorgio Washington, 102, 20146 Milano MI, Italia",+39 02 469 4516,http://www.majnoimmobiliare.it/,5.0,45.0,it
KEI-WB e KEI Immobiliare Agenzia,"Viale Coni Zugna, 5, 20144 Milano MI, Italia",+39 02 4851 5365,,5.0,1.0,it
Santa Tecla Immobiliare,"Largo 5º Alpini, 12, 20145 Milano MI, Italia",+39 02 349 4202,http://www.santateclaimmobiliare.com/,4.4,122.0,it
iLOP Immobiliare Coni Zugna,"Viale Coni Zugna, 11, 20144 Milano MI, Italia",+39 02 3824 3276,https://www.ilopimmobiliare.it/,4.3,46.0,it
Veramente Casa Srl,"Via Paolo Giovio, 5, 20144 Milano MI, Italia",+39 338 227 0751,http://veramentecasa.info/,4.6,11.0,it
Agenzia immobiliare Tempocasa Milano-Fiera/Buonarroti,"Via Tiziano, 5, 20145 Milano MI, Italia",+39 02 8396 9496,https://tempocasa.it/it/agenzie-immobiliari/milano/milano/637-milano-fierabuonarroti,4.8,164.0,it
RR Studio Immobiliare,"Via Andrea Mantegna, 2, 20154 Milano MI, Italia",+39 02 3672 8836,http://www.rrimmobili.it/,,,it
Casa Elite Milano,"Casa Elite Milano, Via Raffaello Sanzio, 27, 20149 Milano MI, Italia",+39 02 6601 1992,https://www.casaelitemilano.it/,4.6,57.0,it
Dott. Paolo Caputo - Consulente Immobiliare Re/Max di Milano,"Piazza Michelangelo Buonarroti, 25, 20149 Milano MI, Italia",+39 339 318 8328,http://www.remax.it/pcaputo,5.0,35.0,it
Studio Milanomedia S.A.S. Di Salaro Barbara Monica & C.,"Via Michelangelo Buonarroti, 8, 20145 Milano MI, Italia",+39 02 466460,http://www.studiomilanomedia.it/,4.8,22.0,it
Agenzia Immobiliare Vendocasa Milano Canonica,"Piazza Ercole Luigi Morselli, 1, 20154 Milano MI, Italia",+39 02 9115 7955,https://gruppovendocasa.it/elenco-annunci/?ag=59,4.8,38.0,it
M. M. Immobiliare,"Viale Cassiodoro, 28, 20145 Milano MI, Italia",+39 02 4331 9654,http://www.abitareimmobili.it/,4.7,9.0,it
Affiliato Toscano Monte Rosa -Agenzia Immobiliare,"P.za de Angeli Ernesto, 14, 20149 Milano MI, Italia",+39 02 4979 1635,https://www.toscano.it/comune-milano/monte-rosa#agenzia,4.8,75.0,it
Agenzia immobiliare Tempocasa Milano - Firenze,"Via Piero della Francesca, 51, 20154 Milano MI, Italia",+39 02 3653 3754,https://tempocasa.it/it/agenzie-immobiliari/milano/milano/296-milano-firenze,4.8,101.0,it
MVP - Most Valuable Properties,"Via Mario Pagano, 41, 20145 Milano MI, Italia",+39 02 646 4504,http://www.mvpre.it/,5.0,32.0,it
Agenzia Toscano Corso Sempione,"Corso Sempione, 94, 20154 Milano MI, Italia",+39 02 9780 9035,https://www.toscano.it/comune-milano/sempione-firenze?utm_source=google&utm_medium=places&utm_campaign=Google+My+Business#agenzia,5.0,110.0,it
Athena Milano Real Estate,"Via Monte Rosa, 71, 20149 Milano MI, Italia",+39 338 566 1585,http://www.athenarealestate.it/,4.7,38.0,it
Esthia Immobiliare Di Martini Stefano,"Via Mosè Bianchi, 19, 20149 Milano MI, Italia",+39 02 8088 9548,http://www.esthia.it/,4.9,14.0,it
Qosmo Immobiliare,"Via Correggio, 12, 20149 Milano MI, Italia",+39 02 8347 9499,http://qosmoimmobiliare.it/,4.8,66.0,it
Sition Group Real Estate,"Via Giotto, 9, 20145 Milano MI, Italia",+39 02 5964 6573,http://www.sitiongrouprealestate.com/,4.7,36.0,it
LA CASA AGENCY - essevi srl,"Corso Sempione, 23, 20145 Milano MI, Italia",+39 02 4547 8235,,4.1,15.0,it
Bankasa Milano City Life,"Viale Severino Boezio, 2, 20145 Milano MI, Italia",+39 02 5964 5486,https://www.bankasacitylife.it/valutazione-gratis-page,5.0,27.0,it
Agenzia Immobiliare Tempocasa Milano - Ippodromo/Qt8,"Via Carlo Dolci, 38, 20148 Milano MI, Italia",+39 347 354 0154,https://tempocasa.it/it/agenzie-immobiliari/milano/milano/687-milano-ippodromoqt8,4.9,266.0,it
Immobiliare Pavè,"Via Monte Rosa, 20, 20149 Milano MI, Italia",+39 02 6666 8050,https://www.immobiliarepave.it/,4.8,22.0,it
Gabetti Milano Pagano,"Via Piero Capponi, 2, 20145 Milano MI, Italia",+39 02 466404,https://www.gabetti.it/agenzia/milano-pagano,4.1,13.0,it
Immobili Milanesi | Agenzia Immobiliare Milano,"Via Guido D'Arezzo, 7, 20145 Milano MI, Italia",+39 347 213 7714,https://www.immobilimilanesi.com/,4.1,10.0,it
Astantis Prestige,"Piazza Sei Febbraio, 22, 20145 Milano MI, Italia",+39 02 349 2221,http://www.astantisprestige.it/,4.6,32.0,it
Agenzia Immobiliare - Case in Città,"Via Rembrandt, 7, 20147 Milano MI, Italia",+39 02 4871 3111,https://www.studio-triade.it/,4.1,29.0,it
Agenzia Immobiliare Tempocasa Milano - Sempione,"Piazza Antonio Gramsci, 12, 20154 Milano MI, Italia",+39 392 016 9965,https://tempocasa.it/it/agenzie-immobiliari/milano/milano/634-milano-sempione,4.8,231.0,it
Agenzia Immobiliare Kyos,"Piazza Sei Febbraio, 2, 20145 Milano MI, Italia",+39 02 463333,http://www.kyos.it/,4.4,50.0,it
GABETTI FIERA-SEMPIONE,"Via Domodossola, 17, 20145 Milano MI, Italia",+39 02 3459 2740,http://www.gabetti.it/,4.8,23.0,it
Imperial Real Estate,"Via Tiziano, 5, 20145 Milano MI, Italia",+39 02 8342 9136,http://www.imperialrealestate.it/,5.0,1.0,it
Chiocciola Casa Srl,"Via Mario Pagano, 38, 20145 Milano MI, Italia",+39 02 4800 9915,https://www.chiocciolacasaimmobiliare.com/,4.6,5.0,it
SC Agenzia Immobliare Milano,"Via Michelangelo Buonarroti, 9, 20149 Milano MI, Italia",+39 349 008 9727,,2.7,6.0,it
Brick Milano,"Via Mario Pagano, 20145 Milano MI, Italia",+39 333 396 5596,http://www.brickmilano.it/,2.0,4.0,it
Middlemen srl,"Via Michelangelo Buonarroti, 7, 20149 Milano MI, Italia",+39 02 498 6829,https://www.middlemen.it/,4.9,48.0,it
Immobiliare Besozzo- Milano Portello,"Via Michelino da Besozzo, 8, 20155 Milano MI, Italia",+39 02 8706 7620,,4.9,42.0,it
Agenzia Immobiliare Tempoaffitti - Milano/Garibaldi,"Via Giulio Cesare Procaccini, 44, 20154 Milano MI, Italia",+39 375 625 0418,https://tempocasa.it/it/agenzie-immobiliari/milano/milano/1147-tempoaffitti-milanogaribaldi,4.7,56.0,it
Affiliato Tecnorete Sviluppo Immobiliare Gambara S.R.L.,"Via Antonio Tolomeo Trivulzio, 14, 20147 Milano MI, Italia",+39 02 8278 5419,https://milano26.tecnorete.it/,5.0,126.0,it
IMMOBILI ROYAL,"Via Privata dei Martinitt, 3, 20146 Milano MI, Italia",+39 02 4851 7523,https://www.immobiliroyal.it/,,,en
Gruppocasa - Agenzia immobiliare Milano Washington,"Via Giorgio Washington, 88, 20146 Milano MI, Italia",+39 02 423 8303,http://www.gruppocasa.it/,4.9,16.0,it
MASTERHOME Washington,"Via Giorgio Washington, 76, 20146 Milano MI, Italia",+39 02 4801 1908,http://www.master-home.it/,4.7,103.0,it
Gabetti Milano Gambara,"Piazzale Veronica Gambara, 5, 20146 Milano MI, Italia",+39 02 3676 5540,https://www.gabetti.it/agenzia/milano-gambara,5.0,9.0,it
Professionecasa Milano Piazza Napoli - Lorenteggio,"Via Leone Tolstoi, 40, 20146 Milano MI, Italia",+39 02 3823 2330,https://www.professionecasa.it/agenzia/milano-piazza-napoli-lorenteggio,4.8,33.0,it
RiM,"Piazzale Veronica Gambara, 5, 20146 Milano MI, Italia",+39 02 9737 8570,https://www.rim-srl.com/,4.5,16.0,it
Claudia Castelnuovo | Studio Immobiliare,"Piazzale Giovanni delle Bande Nere, 7, 20146 Milano MI, Italia",+39 333 484 9212,http://www.claudiacastelnuovo.it/,5.0,53.0,it
L'IMMOBILIARE.COM - MILANO LORENTEGGIO,"Via Lorenteggio, 22, 20146 Milano MI, Italia",+39 02 422 2790,https://milanolorenteggio.limmobiliare.com/,3.3,4.0,it
Prospettocasa - Dott. Fabrizio Stella - www.prospettocasa.net,"Via Vincenzo Monti, 2, Largo Giovanni Battista Scalabrini, 6, 20146 Milano MI, Italia",+39 02 4777 0424,http://www.prospettocasa.net/,4.9,61.0,it
Studio Casale Di Paola Casale,"Via Pisanello, 21, 20146 Milano MI, Italia",+39 02 404 5962,https://www.studiocasale.it/,4.3,49.0,it
Case in citta - Lorenteggio..,"Via Lorenteggio, 137, 20146 Milano MI, Italia",+39 02 4771 1963,https://www.caseincitta.com/a-5350010-case-in-citta-lorenteggio/,4.3,32.0,it
DALCHIMM IMMOBILIARE SRL - AGENZIA IMMOBILIARE,"Via degli Zuccaro, 2, 20146 Milano MI, Italia",+39 02 4977 4653,http://www.dalchimm.it/,4.1,23.0,it
Affiliato Toscano Inganni - Agenzia Immobiliare,"Via Angelo Inganni, 40, 20147 Milano MI, Italia",+39 02 8001 6549,https://www.toscano.it/comune-milano/inganni?utm_source=google&utm_medium=places&utm_campaign=GoogleMyBusiness#agenzia,4.8,86.0,it
Master Real Estate - Milano,"Via Giorgio Washington, 57, 20146 Milano MI, Italia",+39 02 4800 8635,http://www.immobiliaremasterealestate.com/,4.1,41.0,it
Immobiliare Pentagono Milano Gambara,"Via Rubens, 22, 20148 Milano MI, Italia",+39 02 4820 6367,http://www.immobiliarepentagono.it/,4.1,19.0,it
Case in Città - Piazza De Angeli 14,"P.za de Angeli Ernesto, 14, 20146 Milano MI, Italia",+39 02 2317 2461,https://www.studio-triade.it/,4.7,27.0,it
ADHOUSE,"Via Volterra, 9, 20146 Milano MI, Italia",+39 02 8960 1406,http://www.adhouse.it/,5.0,50.0,it
Affiliato Toscano Gambara - Agenzia Immobiliare,"Via delle Forze Armate, 11, 20146 Milano MI, Italia",+39 02 4009 5063,https://www.toscano.it/comune-milano/gambara#agenzia?utm_source=google&utm_medium=places&utm_campaign=Google%20My%20Business,5.0,7.0,it
Studio Immobiliare Vercelli,"Via Lorenteggio, 55, 20146 Milano MI, Italia",+39 02 4895 1743,http://www.studioimmobiliarevercelli.it/,4.3,4.0,it
Gabetti Franchising Milano - Lorenteggio,"Via Lorenteggio, 143, 20146 Milano MI, Italia",+39 02 4771 0798,https://www.gabetti.it/agenzie-immobiliari/milano-lorenteggio/2066,4.0,23.0,it
Sottotetto Immobiliare Milano,"Via Leone Tolstoi, 40, 20146 Milano MI, Italia",+39 347 680 6143,http://www.sottotettomilano.com/,5.0,18.0,it
Affiliato Toscano Tolstoj,"Via Giambellino, 32, 20146 Milano MI, Italia",+39 02 5004 2087,https://www.toscano.it/comune-milano/tolstoj,4.9,99.0,it
GECO RE - Agenzia Immobiliare,"Via Marchesi de Taddei, 10, 20146 Milano MI, Italia",+39 02 3655 2528,http://www.geco-re.com/,4.3,11.0,it
Immobiliare Eurocasa Sas,"Via Giorgio Washington, 102, 20146 Milano MI, Italia",+39 02 423 3694,http://www.eurocasa-mi.it/,4.0,8.0,it
Affiliato Tecnocasa Immobiliare Mi.Ca S.A.S.,"Via Rembrandt, 22, 20123 Milano MI, Italia",+39 02 3656 7673,https://milano96.tecnocasa.it/,5.0,33.0,it
Affiliato Tecnorete Amma Inganni S.R.L.,"Via Giambellino, 155, 20146 Milano MI, Italia",+39 02 3656 6027,https://milano35.tecnorete.it/,4.9,53.0,it
Agenzia immobiliare Tempocasa Milano San Siro,"Via Domokos, 4, 20147 Milano MI, Italia",+39 02 4547 7380,https://tempocasa.it/it/agenzie-immobiliari/milano/milano/305-milano-san-siro,4.7,141.0,it
La Maison - Real Estate & Property Finder - Milano,"Via Bisceglie, 76, 20152 Milano MI, Italia",+39 334 808 2603,https://www.lamaisonrealestate.it/,5.0,13.0,it
CasaUfficio Srl : Consulenti Immobiliari,"Piazzale Giuseppe Perrucchetti, 4, 20147 Milano MI, Italia",+39 335 540 4919,,5.0,30.0,it
Agenzia QT8 Immobiliare Snc di Sandra Innocenti,"Via Collecchio, 2, 20148 Milano MI, Italia",+39 02 3300 1023,http://www.qt8immobiliare.it/,4.7,96.0,it
Vivo Real Estate Srl,"Via Lorenteggio, 178, 20147 Milano MI, Italia",+39 351 584 4252,http://www.vivorealestate.it/,5.0,20.0,it
Affiliato Tecnorete Adr Case S.R.L.,"Via Mario Morgantini, 21, 20148 Milano MI, Italia",+39 02 3669 2920,https://milano22.tecnorete.it/,4.9,119.0,it
Affiliato Tecnorete Amma Inganni S.R.L.,"Via Angelo Inganni, 77, 20147 Milano MI, Italia",+39 02 4951 9140,https://milano21.tecnorete.it/,4.9,72.0,it
HOMELIVING Reale Estate,"Via Rembrandt, 9, 20147 Milano MI, Italia",+39 02 4875 2429,https://www.homelivingre.it/,3.5,15.0,it
Studio Ciesse | Agenzia Immobiliare Milano Gambara,"Via Pasquale Fornari, 50, 20146 Milano MI, Italia",+39 02 4871 3534,http://www.studiociesse.net/,4.9,31.0,it
MASTERHOME Rembrandt,"Via Rembrandt, 34, 20148 Milano MI, Italia",+39 02 4871 3461,http://www.master-home.it/,4.9,131.0,it
Affiliato Tecnorete Adr Case S.R.L.,"Via delle Forze Armate, 32, 20123 Milano MI, Italia",+39 02 8352 4948,https://milano20.tecnorete.it/,4.7,126.0,it
Agenzia Sarpi Immobiliare Corsico,"Via Ugo Foscolo, 18, 20094 Corsico MI, Italia",+39 02 4510 3265,http://www.sarpiimmobiliare.it/,4.8,60.0,it
Gruppo Immobiliare LE CHIAVI,"Via Novara, 99, 20153 Milano MI, Italia",+39 02 403 9538,https://www.gruppoimmobiliarelechiavi.it/,4.8,16.0,it
Affiliato Tecnorete Sviluppo Immobiliare Zavattari S.R.L.,"Piazzale Fratelli Zavattari ANGOLO, Viale Murillo, 20149 Milano MI, Italia",+39 02 4962 8648,https://milano32.tecnorete.it/,4.9,176.0,it
Habitat Immobiliare,"Via Tommaso Gulli, n.36, 20147 Milano MI, Italia",+39 02 3663 2961,http://www.gruppohabitat.com/,4.1,13.0,it
Case in Città Via Rembrandt 74,"Via Rembrandt, 74, 20148 Milano MI, Italia",,https://www.caseincitta.com/case-in-citta-rembrandt-74,4.8,37.0,it
Affiliato Toscano San Siro - Agenzia Immobiliare,"Via Alfonso Capecelatro, 20, 20148 Milano MI, Italia",+39 02 4775 6679,https://www.toscano.it/comune-milano/san-siro?utm_medium=places&utm_campaign=Google+My+Business#agenziautm_source=google,4.6,18.0,it
Immobiliare Italcenter Agenzia Italo-Cinese,"Viale Paolo Onorato Vigliani, 24, 20148 Milano MI, Italia",+39 02 3943 2303,http://italmilano.it/,4.7,18.0,it
Piramide Immobiliare,"Via delle Forze Armate, 333, 20152 Case.piramide@libero MI, Italia",+39 02 459 8961,,4.0,1.0,it
Elle Emme Immobiliare,"Via Carlo Ravizza, 40, 20149 Milano MI, Italia",+39 334 124 1634,http://www.elleemmeimmobiliare.it/,4.7,6.0,en
Agenzia immobiliare Tempocasa Milano - Gallarate/Musocco,"Via Gallarate, 131, 20151 Milano MI, Italia",+39 353 479 2510,https://tempocasa.it/it/agenzie-immobiliari/milano/milano/662-milano-gallaratemusocco,4.8,355.0,it
Affiliato Tecnorete Immobiliare Milano Ovest S.R.L.,"Via Francesco Albani, 63, 20148 Milano MI, Italia",+39 02 8492 7164,https://milano37.tecnorete.it/,4.9,82.0,fr
Agenzia Immobiliare Tempocasa Milano - Bonola,"Via Giacomo Quarenghi, 34A, 20151 Milano MI, Italia",+39 339 631 5121,https://tempocasa.it/it/agenzie-immobiliari/milano/milano/713-milano-bonola,4.8,355.0,it
Gruppo Immobiliare Passaretti (Passacase srl),"Via Francesco Albani, 61, 20148 Milano MI, Italia",+39 02 324555,http://www.gruppopassaretti.com/,4.5,15.0,it
Realcasa Immobiliare - Citylife,"Via Carlo Ravizza, 78, 20149 Milano MI, Italia",+39 02 8457 8212,https://realcasaimmobiliaregroup.com/,5.0,5.0,it
EMME-G-ZETA Immobiliare,"Viale Lodovico Scarampo, 19, 20148 Milano MI, Italia",+39 02 8975 2716,http://www.emmegizeta.it/,4.6,5.0,it
IMMOBILI ROYAL,"Via Privata dei Martinitt, 3, 20146 Milano MI, Italia",+39 02 4851 7523,https://www.immobiliroyal.it/,4.6,45.0,en
Agenzia immobiliare Tempocasa Milano - Espinasse,"Viale Carlo Espinasse, 31, 20156 Milano MI, Italia",+39 349 273 9015,https://tempocasa.it/it/agenzie-immobiliari/milano/milano/1062-milano-espinasse,4.7,145.0,it
Panorama Immobiliare Di Sacca' Francesco,"Viale Certosa, 139, 20151 Milano MI, Italia",+39 02 3340 0340,http://www.panoramaagenziaimmobiliare.it/,5.0,19.0,it
Agenzia Immobiliare Tempocasa Milano - Certosa,"Via Antonio Pacinotti, 8, 20155 Milano MI, Italia",+39 02 4975 3896,https://tempocasa.it/it/agenzie-immobiliari/milano/milano/299-milano-certosa,4.8,29.0,it
Bonola Case Srl,"Via Uruguay, 16, 20151 Milano MI, Italia",+39 02 308 4996,https://www.bonolacase.it/,5.0,75.0,it
Bonola Case Srl,"Via Ugo Betti, 40/A, 20151 Milano MI, Italia",+39 02 308 4996,https://www.bonolacase.it/,4.8,196.0,it
Affiliato Toscano Certosa - Agenzia Immobiliare,"Viale Certosa, 32, 20155 Milano MI, Italia",+39 02 327 0280,https://www.toscano.it/comune-milano/certosa?utm_source=google&utm_medium=places&utm_campaign=Google+My+Business#agenzia,4.8,92.0,it
Sottocasa Immobili e Consulenze,"Via Novegno, 1, 20149 Milano MI, Italia",+39 02 498 0923,https://www.sottocasa.milano.it/,5.0,20.0,it
RR Studio Immobiliare,"Via Andrea Mantegna, 2, 20154 Milano MI, Italia",+39 02 3672 8836,http://www.rrimmobili.it/,4.8,113.0,it
Fassi Case Milano,"Via Rubens, Viale Daniele Ranzoni, 1, 20149 Milano MI, Italia",+39 02 4870 5782,https://www.fassicase.it/,4.5,84.0,it
La Maison Studio Immobiliare Milano,"Via Giovanni Battista Fauchè, 38, 20154 Milano MI, Italia",+39 02 4969 2496,,4.9,12.0,it
White House Milano Immobiliare,"Via Giovanni da Procida, 4, 20149 Milano MI, Italia",+39 02 8708 7524,http://whmilano.com/,3.8,5.0,it
Studio Corradi Immobiliare,"Via Federico Faruffini, 6, 20149 Milano MI, Italia",+39 392 891 7441,http://www.studiocorradiimmobiliare.it/,5.0,5.0,it
L'IMMOBILIARE.COM - MILANO FIERA CITYLIFE,"P.za Arduino, 1, 20149 Milano MI, Italia",+39 02 890 0173,https://milanocitylife.limmobiliare.com/,3.8,4.0,it
Servizi Immobiliari Portello,"Via Marco Ulpio Traiano, 64, 20149 Milano MI, Italia",+39 02 8398 2040,https://www.siportello.com/,5.0,11.0,it
GABETTI AGENCY MILANO LOTTO - CIMI SNC,"via S. Del Piombo Ang, Via Guglielmo Silva, 35, 20149 Milano MI, Italia",+39 02 498 6872,,5.0,1.0,it
MilanHouses.com,"Piazzale Brescia, 16, 20149 Milano MI, Italia",+39 377 283 4928,https://milanhouses.com/,4.1,34.0,it
mh unconventional home service,"Via Rosa Massara de Capitani, 5, 20158 Milano MI, Italia",,,5.0,1.0,ko
House Selection,"Via Domenico Cimarosa, 26, 20144 Milano MI, Italia",+39 02 4800 0006,http://www.houseselection.it/,3.9,16.0,it
Milano Houses,"Via Pastrengo, 18, 20159 Milano MI, Italia",+39 393 812 9063,,,,it
Gold House,"Via Alberto Mario, 16, 20149 Milano MI, Italia",+39 02 4979 3512,http://www.goldhouse.it/,2.6,5.0,it
Agenzia immobiliare WE CASA,"Via Fratelli Cervi, 59, 20832 Desio MB, Italia",+39 0362 308251,https://wecasa-re.it/it/,4.8,501.0,it
Gargano IMMOBILI,"Corso Ventidue Marzo, 20135 Milano MI, Italia",,,,,it
We Home Apartments,"Via Monte Napoleone, 8, 20121 Milano MI, Italia",+39 02 4013 0006,https://wehome.apartments/,2.9,39.0,it
Pianeta Casa Panicale srl,"Via Masolino da Panicale, 12, 20155 Milano MI, Italia",+39 02 3927 3229,http://www.pianetacasami.it/,4.3,24.0,it
Aste Immobiliari Milano e Provincia - AstaGeniale,"Via Barnaba Oriani, 1, 20157 Milano MI, Italia",+39 393 569 0310,,4.9,46.0,it
TADI SAS,"Via Pietro da Cemmo, 8, 20155 Milano MI, Italia",+39 02 3675 6644,http://www.immobiliaretadi.it/,4.8,85.0,it
Grimaldi Franchising Milano Bonola,"Via Giacomo Quarenghi, 34/c, 20151 Milano MI, Italia",+39 02 4966 0497,https://www.casecaseria.it/,4.9,18.0,it
RE/MAX Desire,"Via Varesina, 71, 20156 Milano MI, Italia",+39 02 5407 9291,https://www.remax.it/desire,5.0,47.0,it
Studio Certosa Immobiliare - Studio Certosa S.A.S. di Giorgio Postiglioni & C.,"Viale Monte Ceneri, 74, 20155 Milano MI, Italia",+39 02 392 7152,https://immobiliarecertosa.it/,4.6,29.0,it
Affiliato Tecnocasa Immobiliare Espinasse S.A.S.,"Via Casella, 37, 20156 Milano MI, Italia",+39 02 3300 1700,https://milano7.tecnocasa.it/,4.8,71.0,it
Affiliato Tecnorete Sviluppo Immobiliare Prealpi S.R.L.,"Via Grigna, 35, 20155 Milano MI, Italia",+39 02 8407 1435,https://milano10.tecnorete.it/,4.9,155.0,it
Affiliato Tecnocasa Dedalo Immobiliare S.N.C.,"Via Giacomo Quarenghi, 34, 20151 Milano MI, Italia",+39 02 3658 6545,https://milano55.tecnocasa.it/,4.8,103.0,it
Affiliato Tecnorete Adr Case S.R.L.,"Via Fratelli Zoia, 86, 20138 Milano MI, Italia",+39 02 4941 7430,https://milano24.tecnorete.it/,4.5,64.0,it
Affiliato Tecnorete Studio Varesina S.A.S.,"Via Varesina, 96, 20156 Milano MI, Italia",+39 02 3349 7790,https://milano3.tecnorete.it/,4.8,88.0,it
Tetris Italia Real Estate,"Via Domenichino, 19, 20149 Milano MI, Italia",+39 335 589 7121,https://tetrisitalia.com/,4.1,17.0,it
Affiliato Tecnocasa Immobiliare Prealpi S.R.L.,"Piazza Prealpi, 5, 20155 Milano MI, Italia",+39 02 8707 5676,https://milano33.tecnocasa.it/,4.5,51.0,it
Vogliocasa Milano Accursio,"Via Tavazzano, 12, 20156 Milano MI, Italia",+39 02 3952 0433,http://www.vogliocasamilano.it/,3.5,11.0,it
Gabetti Franchising Milano Portello Certosa,"P.le Francesco Accursio, 4, 20155 Milano MI, Italia",+39 02 392 5383,http://www.gabettiportello.it/,5.0,1.0,it
Raffaella Chielli,"Via Monte Rosa, 67, 20149 Milano MI, Italia",+39 02 4399 5204,http://www.raffaellachielli.it/,5.0,1.0,it
SPAZIOURBANO IMMOBILIARE - Dove Trovi Casa,"Via delle Forze Armate, 316, 20152 Milano MI, Italia",+39 02 453 0630,https://www.spaziourbanoimmobiliare.it/,4.7,39.0,it
Agenzia Immobiliare Tempocasa Milano Baggio,"Via Bartolomeo Cabella, 21, 20152 Milano MI, Italia",+39 02 9286 4767,http://www.tempocasamilanobaggio.it/,4.6,147.0,it
Affiliato Tecnorete Sviluppo Immobiliare Baggio S.R.L.,"Via Giuseppe Gianella, 21, 20152 Milano MI, Italia",+39 02 4960 6410,https://milano34.tecnorete.it/,4.8,101.0,it
Colicci Immobiliare,"Via Valle Isorno, 7, 20152 Milano MI, Italia",+39 347 796 4144,http://www.colicci-immobiliare.it/,4.3,28.0,it
Abitare,"Via Fratelli Zoia, 220, 20152 Milano MI, Italia",+39 351 435 1694,https://www.abitarerea.com/,,,it
Immobilmedia Sas,"Via M. Monegherio, 1, 20090 Cesano Boscone MI, Italia",+39 02 458 1399,https://immobilmedia.com/,4.8,11.0,it
Agenzia Immobiliare Tempocasa Cesano Boscone,"Via Roma, 59, 20090 Cesano Boscone MI, Italia",+39 02 2809 9565,https://tempocasa.it/it/agenzie-immobiliari/milano/cesano-boscone/735-cesano-boscone,4.9,183.0,it
PFCasa - Servizi Immobiliari,"Via Sant'Adele, 13, 20094 Corsico MI, Italia",+39 02 440 4130,https://pfcasa.com/it/,4.9,62.0,it
Sviluppo Immobiliare Corio S.R.L.,"Via Anna Kuliscioff, 7, 20152 Milano MI, Italia",+39 02 4830 0892,http://www.sviluppoimmobiliarecorio.it/,4.0,4.0,it
Real Immobil di Ronzoni Cristian,"Via Camillo Benso Cavour, 38, 20094 Corsico MI, Italia",+39 02 440 0521,http://www.realimmobil.it/,4.8,20.0,it
Tecnorete Lorenteggio Giambellino,"Via dei Tulipani, 18, 20146 Milano MI, Italia",+39 02 9710 5809,https://milano42.tecnorete.it/,5.0,17.0,it
Agenzia Immobiliare Tempocasa Trezzano Sul Naviglio,"Via Gaetano Negri, 10, 20090 Trezzano sul Naviglio MI, Italia",+39 02 2106 7867,https://tempocasa.it/it/agenzie-immobiliari/milano/trezzano-sul-naviglio/736-trezzano-sul-naviglio,4.9,320.0,it
Immobiliare 18,"Via delle Forze Armate, 376, 20152 Milano MI, Italia",,https://www.diciottoimmobiliare.it/,5.0,1.0,it
Affiliato Tecnocasa Studio San Siro S.N.C.,"via Morgantini Angolo, Via Matteo Civitali, 21, 20148 Milano MI, Italia",+39 02 407 7412,https://milano36.tecnocasa.it/,5.0,51.0,it
Punto Immobiliare San Siro,"Via Corno di Cavento, 3, 20148 Milano MI, Italia",+39 02 4871 4014,http://www.immobiliaresansiro.it/,2.7,3.0,it
Affiliato Tecnocasa Studio Baggio 1 S.A.S.,"Via Bartolomeo Cabella, 19, 20152 Milano MI, Italia",+39 02 4892 0912,https://milano78.tecnocasa.it/,4.7,75.0,it
Affiliato Tecnocasa Studio Baggio 2 S.A.S.,"Via Valle Isorno, 8, 20152 Milano MI, Italia",+39 02 4891 3550,https://milano40.tecnocasa.it/,4.6,75.0,it
Studio Immobiliare Dott. Gabriele Periti,,+39 347 058 2584,,,,it
Pinerolo 72,"Via Pinerolo, 72, 20151 Milano MI, Italia",+39 02 204 9398,,3.7,7.0,it
Eliseo Damanti consulente immobiliare,"Via Cenisio, 9, 20154 Milano MI, Italia",,,4.9,36.0,it
Gabetti Sempione - Arco della Pace - Paolo Sarpi,"Via Piero della Francesca, 5, 20154 Milano MI, Italia",+39 02 3459 2740,https://www.gabetti.it/agenzia/milano-arco-della-pace,4.9,68.0,it
Alba Immobili,"Via Cenisio, 40, 20154 Milano MI, Italia",+39 328 260 7116,,4.8,21.0,it
DE ZOTTI HOMES intermediazioni immobiliari,"Via Paolo Lomazzo, 11, 20154 Milano MI, Italia",+39 02 2219 8520,http://www.dezottihomes.it/,5.0,24.0,it
ICON PROPERTIES,"Corso Sempione, 44, 20154 Milano MI, Italia",+39 02 8421 8301,http://www.iconproperties.it/,5.0,54.0,it
Agenzia immobiliare Iconacasa Milano Cenisio,"Via Cenisio, 37, 20154 Milano MI, Italia",+39 02 4770 1194,http://www.iconacasa.com/,5.0,81.0,it
Bramante Immobiliare,"Via Bramante, 29, 20154 Milano MI, Italia",+39 351 695 8565,https://www.immobiliare.it/agenzie-immobiliari/413046/zy-milano/,4.6,11.0,it
Giorgetti Immobiliare,"Piazza Sempione, 8, 20154 Milano MI, Italia",+39 02 7423 6850,https://www.giorgettiimmobiliare.it/,5.0,1.0,it
MILANO IMMOBILIARE di Michele Cecchini,"Piazza Antonio Gramsci, 12, 20154 Milano MI, Italia",+39 02 3453 7644,http://www.milanorestyle.it/,5.0,30.0,it
M3M - Mediazione Immobiliare di Andrea Pescari,"Via Cenisio, 50, 20154 Milano MI, Italia",+39 02 331 8911,http://www.m3mmediazione.com/,4.9,69.0,it
IMMOBILIARE SAN SIRO,"Via Paolo Sarpi, 50, 20154 Milano MI, Italia",+39 02 3943 9072,http://www.immobiliaresansiro.it/,4.0,1.0,it
Epoca Immobiliare,"Corso Sempione, 50, 20154 Milano MI, Italia",+39 02 3453 7137,http://www.epocaimmobiliare.com/,4.1,42.0,it
Urban Agency Milano Sempione,"Via Ezio Biondi, 1, 20154 Milano MI, Italia",+39 02 8903 7061,https://www.urban-agency.it/it/vendite,4.4,13.0,it
MILANO RESTYLE IMMOBILIARE di Michele Cecchini,"Piazza Antonio Gramsci, 12, 20154 Milano MI, Italia",+39 375 726 6705,http://www.milanorestyle.it/,5.0,37.0,it
L'immobiliare.com,"Via Piero della Francesca, 33, 20154 Milano MI, Italia",+39 02 4960 7250,https://milanosempione.limmobiliare.com/,4.7,9.0,en
Immobilre milano sempione,"Via Piero della Francesca, 32, 20154 Milano MI, Italia",+39 02 8723 4111,http://immobilre.it/,5.0,2.0,it
Abe Immobiliare,"Via Lodovico Castelvetro, 20, 20154 Milano MI, Italia",+39 02 8707 3816,https://www.abeimmobiliare.it/,4.3,48.0,it
Ing. Nicolò Colnaghi Consulente Immobiliare Re/Max,"Via Cenisio, 14, 20154 Milano MI, Italia",+39 338 134 9025,https://www.remax.it/trova/agenti-agenzie/agente/nicolo-colnaghi,5.0,14.0,it
Bimo Immobili,"Corso Sempione, 70, 20154 Milano MI, Italia",+39 02 7600 2502,https://www.bimoimmobili.it/,4.2,6.0,it
REload Agency Milano,"Via Principe Eugenio, 14, 20155 Milano MI, Italia",+39 02 9924 4541,,4.6,44.0,it
Housemotive Real Estate,"Via Pietro Maroncelli, 7, 20154 Milano MI, Italia",+39 340 928 3722,https://www.housemotive.it/,5.0,13.0,it
Coldwell Banker Milano Morabito Immobiliare,"Corso Sempione, 44, 20154 Milano MI, Italia",+39 349 279 5950,https://www.morabitoimmobiliare.it/,4.2,10.0,it
Immobiliare Benedetti,"Via Cenisio, 16, 20154 Milano MI, Italia",+39 02 312700,http://www.immobiliarebenedetti.it/,4.4,32.0,it
Affiliato Toscano Arena - Agenzia Immobiliare,"Via Cesare Cesariano, 9, 20154 Milano MI, Italia",+39 02 4967 9282,https://www.toscano.it/comune-milano/arena?utm_medium=places&utm_campaign=Google+My+Business#agenziautm_source=google,5.0,10.0,it
Team Di Carlo,"Via Cenisio, 14, 20154 Milano MI, Italia",+39 349 290 0862,https://teamdicarlo.it/,5.0,37.0,it
Agenzia Immobiliare Tempocasa Milano - Bovisa,"Via degli Imbriani, 40, 20158 Milano MI, Italia",+39 02 8426 6000,https://tempocasa.it/it/agenzie-immobiliari/milano/milano/571-milano-bovisa,4.9,416.0,it
Contattocasa Milano,"Via Mac Mahon, 20, 20155 Milano MI, Italia",+39 324 090 4219,https://www.contattocasa.com/milano/,4.6,40.0,it
Suggerimenti Immobiliari Maurizio Mancini,"Via Francesco Caracciolo, 77, 20155 Milano MI, Italia",+39 334 925 7038,https://www.suggerimenti-immobiliari.com/,4.9,133.0,it
Professionecasa - Cenisio,"Via Mac Mahon, 1, 20155 Milano MI, Italia",+39 02 349 2999,http://milanocenisio.professionecasa.it/,4.9,63.0,en
Beltrame Immobiliare,"Via Losanna, 29, 20155 Milano MI, Italia",+39 335 752 9266,http://www.beltrameimmobiliare.it/,5.0,2.0,it
Hive Club House,"Via Aosta, 2, 20155 Milano MI, Italia",+39 345 279 8201,http://www.hiveclubhouse.com/,4.8,23.0,it
GEI living,"Via Giuseppe Govone, 53, 20155 Milano MI, Italia",+39 02 3826 9877,,5.0,5.0,it
Emme&P Immobiliare,"Piazza Giovanni Bausan, 8, 20158 Milano MI, Italia",+39 02 3322 0216,,5.0,27.0,it
Agenzia Immobiliare Vendocasa Milano Bullona,"Via Losanna, 10, 20154 Milano MI, Italia",+39 392 440 9969,https://gruppovendocasa.it/,5.0,1.0,it
Andrea Sini real estate agency & advisory,"via Carlo Vittadini 3 via Luigi Sacco 3, Via Privata Simone Schiaffino, 25, 20146 Milano MI, Italia",+39 335 529 8933,http://www.andreasini.it/,4.9,29.0,it
Affiliato Toscano Bovisa - Agenzia Immobiliare,"Via Luigi Mercantini, 2, 20158 Milano MI, Italia",+39 02 8001 6529,https://www.toscano.it/comune-milano/bovisa?utm_source=google&utm_medium=places&utm_campaign=Google+My+Business#agenzia,4.8,125.0,it
ImmobilDesign Servizi Immobiliari,"Via Varesina, 60, 20156 Milano MI, Italia",+39 02 4942 2727,http://www.immobildesign.it/,3.6,9.0,it
Case Milano,"Via Giuseppe Sercognani, 2, 20156 Milano MI, Italia",+39 328 037 8584,http://cmstudioimmobiliare.it/,,,it
HABITAT IMMOBILIARE,"Viale Certosa, 117, 20151 Milano MI, Italia",+39 02 9737 4545,http://www.gruppohabitat.com/,5.0,1.0,it
Gabetti,"Via Vilfredo Pareto, 11, 20156 Milano MI, Italia",,https://www.gabetti.it/,4.2,5.0,it
Like Home,"Via Giuseppe Candiani, 117, 20158 Milano MI, Italia",+39 02 3931 7769,http://www.likehome-re.com/,4.4,34.0,it
RE/MAX Italia - Franchising,"Via Vittorio Locchi, 3, 20156 Milano MI, Italia",+39 02 3030 1900,https://www.remax.it/,3.7,61.0,it
Immobiliare Simo,"Piazza Giovanni Bausan, 8, 20158 Milano MI, Italia",+39 02 2305 5279,,4.3,17.0,it
Affiliato Tecnorete Studio P.R. S.R.L.,"Via Mac Mahon, 12, 20156 Milano MI, Italia",+39 02 3679 5755,https://milano16.tecnorete.it/,5.0,55.0,it
easycasamilano,"Via Michele Pericle Negrotto, 31/8, 20157 Milano MI, Italia",+39 346 373 2380,,,,de
Svolta Immobiliare,"Via Giorgio Stephenson, 43/a, 20157 Milano MI, Italia",+39 347 575 9399,http://www.svoltaimmobiliare.it/,5.0,1.0,it
Tecno Edil S.r.l.,"Viale Certosa, 238, 20156 Milano MI, Italia",+39 02 3340 4129,,,,en
Affiliato Tecnocasa Studio Bovisa S.A.S.,"Via degli Imbriani, 55, 20158 Milano MI, Italia",+39 02 3931 3318,https://milano5.tecnocasa.it/,4.7,107.0,it
UniCredit RE Services S.p.A.,"Via Livio Cambi, 5, 20151 Milano MI, Italia",+39 800 896 968,https://www.unicreditres.it/,3.3,72.0,it
Affiliato Tecnocasa Dedalo Immobiliare S.N.C.,"Via Gallarate, 131, 20151 Milano MI, Italia",+39 02 3349 0049,https://milano46.tecnocasa.it/,4.8,20.0,it
Mediazioni Immobiliari,"Via Varesina, 5, 20156 Milano MI, Italia",,,,,it
Agenzia Tecnorete Dergano Dnp Immobiliare S.a.s.,"via Magellano, Via Carlo Imbonati, 1, 20123 Milano MI, Italia",+39 02 3651 8240,https://milano13.tecnorete.it/,4.8,90.0,it
Agenzia Immobiliare Tempocasa Milano - Dergano/Maciachini,"Piazza Dergano, 2, 20158 Milano MI, Italia",+39 02 2217 9780,https://tempocasa.it/it/agenzie-immobiliari/milano/milano/300-milano-derganomaciachini,4.8,354.0,it
Affiliato Tecnocasa Studio Quarto S.A.S.,"Via Carlo Amoretti, 8, 20157 Milano MI, Italia",+39 02 357 5774,https://milano10.tecnocasa.it/,4.9,23.0,it
La Bussola Immobiliare,"Via Benigno Crespi, 19, 20159 Milano MI, Italia",+39 02 3952 5559,http://www.labussolaimmobiliare.it/,4.7,69.0,it
Agenzia Immobiliare Metroquadrato S.A.S.,"Via Brusuglio, 67, 20161 Milano MI, Italia",+39 02 6620 1920,http://www.metroquadrato.it/,4.7,42.0,it
Agenzia Immobiliare Tempocasa Tempoaffitti - Milano/Maciachini,"Via Giuseppe Tartini, 12, 20158 Milano MI, Italia",+39 02 4954 2970,https://tempocasa.it/it/agenzie-immobiliari/milano/milano/1201-tempoaffitti-milanomaciachini,4.1,41.0,it
Studio Divina,"Viale Affori, 14, 20161 Milano MI, Italia",+39 02 3668 3136,http://www.studiodivinaimmobiliare.it/,4.7,69.0,it
Affiliato Tecnorete Studio Quattro S.R.L.,"Via Alessandro Astesani, 4, 20161 Milano MI, Italia",+39 02 8287 4193,https://milano15.tecnorete.it/,4.9,46.0,it
Ricerche Immobiliari,"Via Giuseppe Candiani, 6, 20158 Milano MI, Italia",+39 02 3932 3106,http://www.ricerche-immobiliari.com/,5.0,4.0,it
INTEMACASE,"Via Carlo Imbonati, 74, 20159 Milano MI, Italia",+39 02 6901 6457,http://www.intemacase.com/,4.8,32.0,it
Affiliato Toscano Livigno - Agenzia Immobiliare,"Via Livigno, 26, 20158 Milano MI, Italia",+39 329 488 5469,https://www.toscano.it/comune-milano/maciachini?utm_source=google&utm_medium=places&utm_campaign=Google+My+Business#agenzia,4.1,80.0,it
Affiliato Tecnocasa Immobiliare Dergano S.A.S.,"Piazza Dergano, 2, 20158 Milano MI, Italia",+39 02 668 2460,https://milano25.tecnocasa.it/,4.4,36.0,it
Agenzia Immobiliare Iconacasa Milano Dergano,"Piazzale Costantino Nigra, 6, 20158 Milano MI, Italia",+39 391 762 9769,https://www.iconacasa.com/index.php/agenzie/companyproperties/227-iconacasa-milano-dergano,5.0,9.0,it
Axiomacasa di V.F.,"Piazza Dergano, 2, 20158 Milano MI, Italia",+39 02 6682 3875,http://www.axiomacasa.it/,3.3,7.0,it
Genius Casa,"Via Giuseppe Tartini, 2, 20158 Milano MI, Italia",+39 02 3931 4212,http://www.geniuscasa.it/,3.7,20.0,it
Affiliato Tecnorete Dnp Immobiliare S.A.S.,"Via Monte S. Genesio, 20, 20158 Milano MI, Italia",+39 02 9144 7718,https://milano36.tecnorete.it/,4.6,20.0,it
Professionecasa Milano Maciachini,"Piazzale Carlo Maciachini, 22, 20159 Milano MI, Italia",+39 02 6083 0069,http://milanomaciachini.professionecasa.it/,4.5,43.0,it
Saint Germain Real Estate,"Via Pastrengo, 3, 20159 Milano MI, Italia",+39 02 8739 5288,https://www.sgmilano.com/,4.6,44.0,it
Immo-mi,"Via Giovanni Durando, 38A, 20158 Milano MI, Italia",+39 02 2399 9288,http://www.immo-neo.com/it,2.5,6.0,it
FRIMM Dergano,"Via Filippo Baldinucci, 3 E, 20158 Milano MI, Italia",+39 02 6680 6790,https://www.frimm.com/sito/39082/,,,it
Agenzia immobiliare Gabetti Affori,"Via Pellegrino Rossi, 44, 20161 Milano MI, Italia",+39 02 3651 9790,https://www.gabetti.it/agenzia/milano-affori,4.0,9.0,it
Gestione Immobiliare Point Milano,"Via Giuseppe Cesare Abba, 25, 20158 Milano MI, Italia",,http://www.gestioneimmobiliaresrl.com/,,,en
STUDIO ERRE IMMOBILIARE,,+39 391 114 2062,http://www.studioerreimmobiliaremilano.it/,4.1,155.0,it
Le Case di Patty,"Via Lepontina, 8, 20159 Milano MI, Italia",+39 02 8713 3320,https://lecasedipatty.com/,4.6,57.0,it
M.s. House,"Via Carlo Farini, 71, 20159 Milano MI, Italia",+39 02 3675 3910,http://www.mshouse.it/,4.9,35.0,it
Skyline Arena Martina Stroppa e C,"Via Pastrengo, 5a, 20159 Milano MI, Italia",+39 02 3655 5774,https://www.skylinearena.it/,5.0,35.0,it
RE/MAX Class 4,"Via Cenisio, 14, 20154 Milano MI, Italia",+39 02 4792 7084,https://www.remax.it/class4,3.8,50.0,it
Flavia Estella Del Bue Consulente Immobiliare RE/MAX CLASS 4,"RE/MAX CLASS, Via Cenisio, 14, 20154 Milano MI, Italia",+39 333 799 9119,https://www.remax.it/trova/agenti-agenzie/agente/flavia-estella-del-bue,5.0,11.0,it
Immobiliare Istria S.A.S.,"via Taormina, Via Gioacchino Murat, 40, 20159 Milano MI, Italia",+39 02 0203 0910,,4.9,32.0,fr
Domoria Studio Isola Milano,"Piazzale Lagosta, 9, 20159 Milano MI, Italia",+39 02 6990 1881,http://www.studioisola.it/,4.9,67.0,it
La Piramide,"Via Traù, 2, 20159 Milano MI, Italia",+39 02 6896 7600,http://www.lapiramideimmobili.it/,4.5,59.0,it
Affiliato Toscano Isola - Agenzia immobiliare,"Via Luigi Porro Lambertenghi, 13, 20159 Milano MI, Italia",+39 02 8348 2531,https://www.toscano.it/comune-milano/isola#agenzia,5.0,17.0,it
Chance Immobiliare di Dorosh Olha,"Via Jacopo dal Verme, 5, 20159 Milano MI, Italia",+39 02 8721 5921,https://www.chanceimmobiliare.com/,4.3,6.0,it
Agenzia immobiliare Bankasa Milano Isola,"Via Lario, 11, 20159 Milano MI, Italia",+39 02 603081,https://www.bankasa.it/le-nostre-sedi/milano-isola.aspx?CodAgenzia=MIC12,4.7,103.0,it
Gabetti Franchising Milano Isola,"Via Alserio, Via Gian Antonio Boltraffio, 3, 20159 Milano MI, Italia",+39 02 3931 2935,https://www.gabetti.it/agenzia/milano-isola,4.5,8.0,it
Affiliato Tecnorete Studio Fidia S.R.L.,"Via Cola Montano, 24, 20159 Milano MI, Italia",+39 02 8396 6184,https://milano6.tecnorete.it/,4.8,36.0,it
MM Real Estate,"Via Carlo Farini, 61, 20159 Milano MI, Italia",+39 02 8353 5411,https://www.mmrealestate.it/,4.9,14.0,it
Micasa Real Estate,"Piazzale Lagosta, 4, 20124 Milano MI, Italia",+39 02 9415 9129,https://www.micasarealestate.it/,4.9,18.0,it
Case Uniche® - servizi e mediazioni immobiliari - Milano,"Via Vincenzo Civerchio, 3, 20159 Milano MI, Italia",+39 02 3206 22516,https://www.caseuniche.it/,5.0,5.0,it
Affiliato Tecnocasa Farini Immobili S.A.S.,"Via Carlo Farini, 53, 20159 Milano MI, Italia",+39 02 688 9908,https://milano9.tecnocasa.it/,4.8,77.0,it
Vogliocasa Milano Isola,"Via Volturno, 42, 20124 Milano MI, Italia",+39 02 8129 0649,http://www.vogliocasamilano.it/,3.9,15.0,it
studio zara s.a.s.,"V.le Zara, 21, 20159 Milano MI, Italia",+39 02 6901 5701,http://www.studiozaraimmobiliare.it/,3.7,6.0,it
SoloAffitti Milano 4B,"V.le Zara, 147, 20159 Milano MI, Italia",+39 02 8907 7343,https://www.soloaffitti.it/agenzia/milano-4b,4.1,33.0,it
Agenzia Dimore Italiane Srl,"V.le Zara, 99, 20159 Milano MI, Italia",+39 338 585 2819,https://www.dimoreitaliane.eu/,5.0,1.0,it
Agenzia Immobiliare GroupAreaCasa,"Via Francesco Arese, 5, 20159 Milano MI, Italia",+39 02 8707 4013,http://www.groupareacasa.it/,3.9,14.0,it
Immobiliare Quanta srls,"Via Angelo della Pergola, 5, 20159 Milano MI, Italia",+39 351 900 8061,,3.0,1.0,it
Maktub Real Estate,"Via Pietro Borsieri, 30, 20159 Milano MI, Italia",+39 335 543 9869,,3.5,12.0,it
Affiliato Tecnocasa Studio Maciachini S.A.S.,"Piazzale Carlo Maciachini, 20, 20159 Milano MI, Italia",+39 02 8928 8100,https://milano52.tecnocasa.it/,4.8,134.0,it
Pianeta Casa Farini,"Via Carlo Farini, 48, 20159 Milano MI, Italia",+39 02 6931 1963,http://www.pianetacasami.it/,4.1,18.0,it
SoloAffitti Milano 6,"P.za Arduino, 1, 20149 Milano MI, Italia",+39 02 498 5688,https://www.soloaffitti.it/agenzia/milano-6,4.7,3.0,it
Immobiliare Sempione,"Via S. Giovanni Bosco, 14, 20005 Pogliano Milanese MI, Italia",+39 02 9343 5032,https://sempioneimmobiliare.it/,4.2,26.0,it
MILANO FIERA IMMOBILI,"Via Giuseppe Mazzini, 20123 Milano MI, Italia",+39 02 4341 6442,https://www.milanofiera.net/,,,it
Sarpi Group,"Via Passione, 9, 20122 Milano MI, Italia",+39 340 996 7998,https://www.grupposg.it/,,,it
AGENCY IMMOBILIARE,"Piano Primo, Via Roma, 25, 22077 Olgiate Comasco CO, Italia",+39 031 942190,http://www.agencyimmobiliare.com/,4.9,103.0,it
Duo Andar Re srl Servizi Immobiliari,"Via Carlo Bellerio, 4, 20161 Milano MI, Italia",+39 02 6885 7505,http://www.duoandar.com/,4.7,51.0,it
Affiliato Tecnocasa Immobiliare Comasina S.A.S.,"Via Alessandro Litta Modignani, 5, 20161 Milano MI, Italia",+39 02 6622 6023,https://milano43.tecnocasa.it/,4.9,154.0,it
Immobiliare Coserco,"Via Alessandro Astesani, 8, 20161 Milano MI, Italia",+39 02 648 0819,,,,it
Affittiamilano,"Via Privata Don Bartolomeo Grazioli, 4, 20161 Milano MI, Italia",+39 391 709 4576,,4.5,2.0,it
Banca Immobiliare Cormano,"Via Cesare Battisti, 8, 20032 Cormano MI, Italia",+39 02 6630 6754,http://www.banca-immobiliare.com/,4.8,40.0,it
Fondocasa,"Via Carlotta Marchionni, 3, 20161 Milano MI, Italia",,https://www.fondocasa.it/agenzie_immobiliari.php?pr=MI,5.0,1.0,it
trattocasa servizi immobiliari,"Via Antonio Gramsci, 21, 20032 Cormano MI, Italia",+39 02 8404 7301,http://www.trattocasa.it/,5.0,26.0,it
Affiliato Tecnocasa Studio Affori S.A.S.,"Via Alessandro Astesani, 23, 20161 Milano MI, Italia",+39 02 646 1690,https://milano3.tecnocasa.it/,4.0,6.0,it
RE/MAX House Broker,"Via Graziano, 29, 20162 Milano MI, Italia",+39 800 210 665,https://www.remax.it/trova/agenti-agenzie/agenzia/housebroker,5.0,10.0,it
Michelangelo Case srl,"Via Caduti della Libertà, 12, 20032 Cormano MI, Italia",+39 02 615 0542,http://www.michelangelocase.it/,4.6,17.0,it
Immobiliare Guarnera,"Via Pellegrino Rossi, 28, 20161 Milano MI, Italia",+39 02 645 3560,,5.0,1.0,en
GB Servizi Immobiliari,"20162 Milano MI, Italia",+39 388 128 1363,http://www.gbserviziimmobiliari.com/,3.0,2.0,it
RE/MAX Plan 3,"Via Salvatore Pianell, 63, 20162 Milano MI, Italia",+39 02 3658 4020,https://www.remax.it/plan3,4.9,27.0,it
Affiliato Tecnocasa Immobiliare Ga.Em. S.A.S.,"Via Cino da Pistoia, 18, 20162 Milano MI, Italia",+39 02 642 6017,https://milano8.tecnocasa.it/,4.7,35.0,it
Affiliato Tecnorete Studio Prealpi S.A.S.,"Viale Giovanni Suzzani, 283, 20128 Milano MI, Italia",+39 327 176 7589,https://milano19.tecnorete.it/,,,fr
Immobiliare Punto Verde,"Viale Giovanni Suzzani, 10, 20162 Milano MI, Italia",,,,,it
Your Home Management,"Via Lanfranco della Pila, 1, 20162 Milano MI, Italia",+39 334 727 6166,https://www.yourhomemanagement.it/,,,it
